dataset,task,n_train,n_features,mechanism,rate,actual_rate,seed,model,seconds,error,acc,logloss,auc,rmse,r2,coverage80,width80
openml:31,classification,700,20,none,0.0,0.0,0,tabicl_impute,1.7174317836761475,,0.78,0.4517080783843994,0.8355555555555556,,,,
openml:31,classification,700,20,none,0.0,0.0,0,tabicl_indicator,0.3773057460784912,,0.78,0.4517080783843994,0.8355555555555556,,,,
openml:31,classification,700,20,none,0.0,0.0,0,tabicl_aware_zero,0.7300097942352295,,0.78,0.4517080783843994,0.8355555555555556,,,,
openml:31,classification,700,20,none,0.0,0.0,0,tabicl_aware,0.35188889503479004,,0.7766666666666666,0.4486393630504608,0.8404232804232804,,,,
openml:31,classification,700,20,none,0.0,0.0,0,xgboost,0.8715002536773682,,0.7633333333333333,0.534471869468689,0.7864021164021162,,,,
openml:31,classification,700,20,none,0.0,0.0,0,catboost,0.38414525985717773,,0.7666666666666667,0.5321151045006128,0.7991534391534391,,,,
openml:31,classification,700,20,mcar,0.1,0.0967,0,tabicl_impute,0.29566454887390137,,0.7766666666666666,0.49084416031837463,0.7944973544973546,,,,
openml:31,classification,700,20,mcar,0.1,0.0967,0,tabicl_indicator,0.39296460151672363,,0.7866666666666666,0.49291524291038513,0.7929100529100528,,,,
openml:31,classification,700,20,mcar,0.1,0.0967,0,tabicl_aware_zero,0.30309200286865234,,0.77,0.49075937271118164,0.795079365079365,,,,
openml:31,classification,700,20,mcar,0.1,0.0967,0,tabicl_aware,0.38135242462158203,,0.7733333333333333,0.4900321066379547,0.7957671957671957,,,,
openml:31,classification,700,20,mcar,0.1,0.0967,0,xgboost,0.07491779327392578,,0.7333333333333333,0.6406463384628296,0.7326455026455027,,,,
openml:31,classification,700,20,mcar,0.1,0.0967,0,catboost,0.2889554500579834,,0.7466666666666667,0.6098280471293887,0.7395238095238096,,,,
openml:31,classification,700,20,mcar,0.3,0.2943,0,tabicl_impute,0.2864410877227783,,0.7266666666666667,0.5220973491668701,0.7541798941798943,,,,
openml:31,classification,700,20,mcar,0.3,0.2943,0,tabicl_indicator,0.3921840190887451,,0.7233333333333334,0.5175665020942688,0.7604232804232804,,,,
openml:31,classification,700,20,mcar,0.3,0.2943,0,tabicl_aware_zero,0.2947525978088379,,0.72,0.5190801024436951,0.7579365079365079,,,,
openml:31,classification,700,20,mcar,0.3,0.2943,0,tabicl_aware,0.3559541702270508,,0.72,0.5156740546226501,0.7615873015873017,,,,
openml:31,classification,700,20,mcar,0.3,0.2943,0,xgboost,0.07346224784851074,,0.67,0.6679258346557617,0.7018518518518518,,,,
openml:31,classification,700,20,mcar,0.3,0.2943,0,catboost,0.2883589267730713,,0.7,0.6747108555532243,0.6822751322751324,,,,
openml:31,classification,700,20,mcar,0.5,0.4955,0,tabicl_impute,0.2888190746307373,,0.6966666666666667,0.5607837438583374,0.7062962962962963,,,,
openml:31,classification,700,20,mcar,0.5,0.4955,0,tabicl_indicator,0.37043333053588867,,0.7066666666666667,0.5666470527648926,0.6969312169312168,,,,
openml:31,classification,700,20,mcar,0.5,0.4955,0,tabicl_aware_zero,0.2960832118988037,,0.6966666666666667,0.562594473361969,0.7059788359788362,,,,
openml:31,classification,700,20,mcar,0.5,0.4955,0,tabicl_aware,0.35486483573913574,,0.6866666666666666,0.5607898235321045,0.7113756613756614,,,,
openml:31,classification,700,20,mcar,0.5,0.4955,0,xgboost,0.06560349464416504,,0.6866666666666666,0.630371630191803,0.6696296296296297,,,,
openml:31,classification,700,20,mcar,0.5,0.4955,0,catboost,0.2868616580963135,,0.71,0.636302027040608,0.6515873015873016,,,,
openml:31,classification,700,20,mar,0.1,0.0984,0,tabicl_impute,0.2933316230773926,,0.76,0.46855345368385315,0.8223280423280424,,,,
openml:31,classification,700,20,mar,0.1,0.0984,0,tabicl_indicator,0.394669771194458,,0.75,0.47370070219039917,0.8155555555555556,,,,
openml:31,classification,700,20,mar,0.1,0.0984,0,tabicl_aware_zero,0.29450011253356934,,0.7566666666666667,0.4683256149291992,0.820952380952381,,,,
openml:31,classification,700,20,mar,0.1,0.0984,0,tabicl_aware,0.35681986808776855,,0.76,0.46431177854537964,0.8249206349206349,,,,
openml:31,classification,700,20,mar,0.1,0.0984,0,xgboost,0.07187461853027344,,0.7366666666666667,0.571486234664917,0.7778306878306879,,,,
openml:31,classification,700,20,mar,0.1,0.0984,0,catboost,0.28884124755859375,,0.7433333333333333,0.5516211576049251,0.7869312169312169,,,,
openml:31,classification,700,20,mar,0.3,0.299,0,tabicl_impute,0.2875401973724365,,0.7633333333333333,0.5115421414375305,0.7741269841269842,,,,
openml:31,classification,700,20,mar,0.3,0.299,0,tabicl_indicator,0.3879358768463135,,0.7566666666666667,0.5116552710533142,0.7733862433862434,,,,
openml:31,classification,700,20,mar,0.3,0.299,0,tabicl_aware_zero,0.2987215518951416,,0.7533333333333333,0.5123270750045776,0.7728042328042327,,,,
openml:31,classification,700,20,mar,0.3,0.299,0,tabicl_aware,0.3580496311187744,,0.74,0.5153120756149292,0.7698941798941799,,,,
openml:31,classification,700,20,mar,0.3,0.299,0,xgboost,0.06827569007873535,,0.7466666666666667,0.5918164849281311,0.7566137566137565,,,,
openml:31,classification,700,20,mar,0.3,0.299,0,catboost,0.2898898124694824,,0.7533333333333333,0.5713608234361276,0.7586772486772486,,,,
openml:31,classification,700,20,mar,0.5,0.4965,0,tabicl_impute,0.2993052005767822,,0.72,0.5353713035583496,0.7505291005291005,,,,
openml:31,classification,700,20,mar,0.5,0.4965,0,tabicl_indicator,0.41845107078552246,,0.7166666666666667,0.534689724445343,0.7517989417989418,,,,
openml:31,classification,700,20,mar,0.5,0.4965,0,tabicl_aware_zero,0.29524850845336914,,0.7233333333333334,0.5352941155433655,0.7512169312169312,,,,
openml:31,classification,700,20,mar,0.5,0.4965,0,tabicl_aware,0.35552501678466797,,0.7133333333333334,0.5363247394561768,0.746772486772487,,,,
openml:31,classification,700,20,mar,0.5,0.4965,0,xgboost,0.06861495971679688,,0.7166666666666667,0.5995028614997864,0.7241269841269842,,,,
openml:31,classification,700,20,mar,0.5,0.4965,0,catboost,0.28716516494750977,,0.6966666666666667,0.6553293871952861,0.6567724867724868,,,,
openml:31,classification,700,20,mnar,0.1,0.10135,0,tabicl_impute,0.29542088508605957,,0.7433333333333333,0.4895344078540802,0.7975661375661376,,,,
openml:31,classification,700,20,mnar,0.1,0.10135,0,tabicl_indicator,0.3968973159790039,,0.74,0.5022043585777283,0.7839153439153439,,,,
openml:31,classification,700,20,mnar,0.1,0.10135,0,tabicl_aware_zero,0.36255693435668945,,0.7633333333333333,0.4870210886001587,0.7995767195767195,,,,
openml:31,classification,700,20,mnar,0.1,0.10135,0,tabicl_aware,0.3587210178375244,,0.76,0.4853740930557251,0.800899470899471,,,,
openml:31,classification,700,20,mnar,0.1,0.10135,0,xgboost,0.06919336318969727,,0.7433333333333333,0.6282885670661926,0.7505291005291005,,,,
openml:31,classification,700,20,mnar,0.1,0.10135,0,catboost,0.30141139030456543,,0.7566666666666667,0.5621634242617475,0.7756613756613756,,,,
openml:31,classification,700,20,mnar,0.3,0.2954,0,tabicl_impute,0.2888500690460205,,0.76,0.4979124069213867,0.7868783068783068,,,,
openml:31,classification,700,20,mnar,0.3,0.2954,0,tabicl_indicator,0.3849918842315674,,0.76,0.5016101598739624,0.7831746031746033,,,,
openml:31,classification,700,20,mnar,0.3,0.2954,0,tabicl_aware_zero,0.29349613189697266,,0.7666666666666667,0.4972875416278839,0.7885185185185186,,,,
openml:31,classification,700,20,mnar,0.3,0.2954,0,tabicl_aware,0.35311079025268555,,0.7566666666666667,0.5014421343803406,0.7823809523809524,,,,
openml:31,classification,700,20,mnar,0.3,0.2954,0,xgboost,0.0692141056060791,,0.72,0.6514708399772644,0.7186243386243386,,,,
openml:31,classification,700,20,mnar,0.3,0.2954,0,catboost,0.29306721687316895,,0.74,0.5903726138912394,0.7456084656084657,,,,
openml:31,classification,700,20,mnar,0.5,0.4995,0,tabicl_impute,0.2870194911956787,,0.7333333333333333,0.5119593143463135,0.7687830687830687,,,,
openml:31,classification,700,20,mnar,0.5,0.4995,0,tabicl_indicator,0.36601877212524414,,0.72,0.5189202427864075,0.7592592592592593,,,,
openml:31,classification,700,20,mnar,0.5,0.4995,0,tabicl_aware_zero,0.2931859493255615,,0.7366666666666667,0.5148070454597473,0.7628571428571428,,,,
openml:31,classification,700,20,mnar,0.5,0.4995,0,tabicl_aware,0.3551304340362549,,0.73,0.5098198652267456,0.7692063492063491,,,,
openml:31,classification,700,20,mnar,0.5,0.4995,0,xgboost,0.06978940963745117,,0.7466666666666667,0.5586805939674377,0.7722751322751322,,,,
openml:31,classification,700,20,mnar,0.5,0.4995,0,catboost,0.2767205238342285,,0.74,0.5799916954885321,0.7377248677248677,,,,
openml:31,classification,700,20,block,0.1,0.1,0,tabicl_impute,0.2886464595794678,,0.79,0.46019673347473145,0.8304761904761904,,,,
openml:31,classification,700,20,block,0.1,0.1,0,tabicl_indicator,0.3362748622894287,,0.78,0.46316641569137573,0.8279365079365081,,,,
openml:31,classification,700,20,block,0.1,0.1,0,tabicl_aware_zero,0.2925868034362793,,0.7933333333333333,0.45960164070129395,0.8316402116402117,,,,
openml:31,classification,700,20,block,0.1,0.1,0,tabicl_aware,0.3563053607940674,,0.79,0.4592585265636444,0.8342328042328042,,,,
openml:31,classification,700,20,block,0.1,0.1,0,xgboost,0.06284189224243164,,0.75,0.5685528516769409,0.7744973544973546,,,,
openml:31,classification,700,20,block,0.1,0.1,0,catboost,0.2871084213256836,,0.7633333333333333,0.5599571274009975,0.7862962962962964,,,,
openml:31,classification,700,20,block,0.3,0.27515,0,tabicl_impute,0.2948288917541504,,0.76,0.4800621569156647,0.8100529100529099,,,,
openml:31,classification,700,20,block,0.3,0.27515,0,tabicl_indicator,0.33205676078796387,,0.76,0.4823744595050812,0.8087830687830688,,,,
openml:31,classification,700,20,block,0.3,0.27515,0,tabicl_aware_zero,0.2940666675567627,,0.7566666666666667,0.47845762968063354,0.8135449735449733,,,,
openml:31,classification,700,20,block,0.3,0.27515,0,tabicl_aware,0.3547189235687256,,0.75,0.4798245131969452,0.8117989417989419,,,,
openml:31,classification,700,20,block,0.3,0.27515,0,xgboost,0.062143564224243164,,0.7166666666666667,0.5971758365631104,0.7222222222222223,,,,
openml:31,classification,700,20,block,0.3,0.27515,0,catboost,0.2714850902557373,,0.7266666666666667,0.6042538520095286,0.7272486772486773,,,,
openml:31,classification,700,20,block,0.5,0.48935,0,tabicl_impute,0.28456950187683105,,0.7066666666666667,0.545240044593811,0.7198412698412698,,,,
openml:31,classification,700,20,block,0.5,0.48935,0,tabicl_indicator,0.3773305416107178,,0.7033333333333334,0.5461202263832092,0.7168783068783069,,,,
openml:31,classification,700,20,block,0.5,0.48935,0,tabicl_aware_zero,0.2944951057434082,,0.6966666666666667,0.5457376837730408,0.717037037037037,,,,
openml:31,classification,700,20,block,0.5,0.48935,0,tabicl_aware,0.40381932258605957,,0.6833333333333333,0.5456419587135315,0.7187301587301587,,,,
openml:31,classification,700,20,block,0.5,0.48935,0,xgboost,0.05950522422790527,,0.6966666666666667,0.6313148736953735,0.6753439153439154,,,,
openml:31,classification,700,20,block,0.5,0.48935,0,catboost,0.25590038299560547,,0.71,0.6245778916710344,0.6873544973544974,,,,
openml:31,classification,700,20,none,0.0,0.0,1,tabicl_impute,0.29576992988586426,,0.7766666666666666,0.4645870327949524,0.8243386243386245,,,,
openml:31,classification,700,20,none,0.0,0.0,1,tabicl_indicator,0.2941627502441406,,0.7766666666666666,0.4645870327949524,0.8243386243386245,,,,
openml:31,classification,700,20,none,0.0,0.0,1,tabicl_aware_zero,0.29923272132873535,,0.7766666666666666,0.4645870327949524,0.8243386243386245,,,,
openml:31,classification,700,20,none,0.0,0.0,1,tabicl_aware,0.3578629493713379,,0.7733333333333333,0.46406087279319763,0.8239153439153438,,,,
openml:31,classification,700,20,none,0.0,0.0,1,xgboost,0.06302499771118164,,0.7733333333333333,0.5411013960838318,0.8013227513227514,,,,
openml:31,classification,700,20,none,0.0,0.0,1,catboost,0.2797212600708008,,0.79,0.5156855488475127,0.80994708994709,,,,
openml:31,classification,700,20,mcar,0.1,0.10205,1,tabicl_impute,0.2886984348297119,,0.7366666666666667,0.48959481716156006,0.7984126984126985,,,,
openml:31,classification,700,20,mcar,0.1,0.10205,1,tabicl_indicator,0.39671802520751953,,0.7366666666666667,0.4939362108707428,0.7930158730158732,,,,
openml:31,classification,700,20,mcar,0.1,0.10205,1,tabicl_aware_zero,0.29585886001586914,,0.7433333333333333,0.4894212484359741,0.7993121693121693,,,,
openml:31,classification,700,20,mcar,0.1,0.10205,1,tabicl_aware,0.35890650749206543,,0.73,0.48633259534835815,0.804074074074074,,,,
openml:31,classification,700,20,mcar,0.1,0.10205,1,xgboost,0.07134437561035156,,0.73,0.5963293313980103,0.7641798941798942,,,,
openml:31,classification,700,20,mcar,0.1,0.10205,1,catboost,0.2680227756500244,,0.7266666666666667,0.5635453822824168,0.7738624338624339,,,,
openml:31,classification,700,20,mcar,0.3,0.30195,1,tabicl_impute,0.28926849365234375,,0.72,0.5282092094421387,0.7515343915343916,,,,
openml:31,classification,700,20,mcar,0.3,0.30195,1,tabicl_indicator,0.38702917098999023,,0.7133333333333334,0.531583845615387,0.7477248677248677,,,,
openml:31,classification,700,20,mcar,0.3,0.30195,1,tabicl_aware_zero,0.2960474491119385,,0.72,0.530509352684021,0.75005291005291,,,,
openml:31,classification,700,20,mcar,0.3,0.30195,1,tabicl_aware,0.35717082023620605,,0.71,0.5374452471733093,0.743068783068783,,,,
openml:31,classification,700,20,mcar,0.3,0.30195,1,xgboost,0.06951498985290527,,0.7433333333333333,0.6223540902137756,0.7285185185185186,,,,
openml:31,classification,700,20,mcar,0.3,0.30195,1,catboost,0.2871825695037842,,0.7533333333333333,0.6342907273294692,0.7201587301587302,,,,
openml:31,classification,700,20,mcar,0.5,0.5039,1,tabicl_impute,0.2869899272918701,,0.7233333333333334,0.5611171722412109,0.6861904761904762,,,,
openml:31,classification,700,20,mcar,0.5,0.5039,1,tabicl_indicator,0.36713719367980957,,0.7166666666666667,0.5664865970611572,0.6831216931216932,,,,
openml:31,classification,700,20,mcar,0.5,0.5039,1,tabicl_aware_zero,0.2907686233520508,,0.7266666666666667,0.5618895292282104,0.6858201058201059,,,,
openml:31,classification,700,20,mcar,0.5,0.5039,1,tabicl_aware,0.35406970977783203,,0.7233333333333334,0.5603775382041931,0.6866666666666666,,,,
openml:31,classification,700,20,mcar,0.5,0.5039,1,xgboost,0.06801772117614746,,0.7133333333333334,0.6110267639160156,0.6876190476190476,,,,
openml:31,classification,700,20,mcar,0.5,0.5039,1,catboost,0.2862987518310547,,0.71,0.6492870615671821,0.6513227513227514,,,,
openml:31,classification,700,20,mar,0.1,0.1008,1,tabicl_impute,0.28490519523620605,,0.7633333333333333,0.4877208471298218,0.7988359788359789,,,,
openml:31,classification,700,20,mar,0.1,0.1008,1,tabicl_indicator,0.384845495223999,,0.7533333333333333,0.49067285656929016,0.7944444444444444,,,,
openml:31,classification,700,20,mar,0.1,0.1008,1,tabicl_aware_zero,0.295013427734375,,0.7666666666666667,0.48790985345840454,0.7987301587301587,,,,
openml:31,classification,700,20,mar,0.1,0.1008,1,tabicl_aware,0.3560206890106201,,0.76,0.48878398537635803,0.7971428571428572,,,,
openml:31,classification,700,20,mar,0.1,0.1008,1,xgboost,0.06467795372009277,,0.7533333333333333,0.5739593505859375,0.7757142857142857,,,,
openml:31,classification,700,20,mar,0.1,0.1008,1,catboost,0.29059815406799316,,0.7833333333333333,0.520835097700489,0.7921693121693122,,,,
openml:31,classification,700,20,mar,0.3,0.29945,1,tabicl_impute,0.28708791732788086,,0.72,0.5291862487792969,0.7514285714285713,,,,
openml:31,classification,700,20,mar,0.3,0.29945,1,tabicl_indicator,0.3871793746948242,,0.7233333333333334,0.5347886085510254,0.74,,,,
openml:31,classification,700,20,mar,0.3,0.29945,1,tabicl_aware_zero,0.2952561378479004,,0.7266666666666667,0.5254348516464233,0.7567724867724869,,,,
openml:31,classification,700,20,mar,0.3,0.29945,1,tabicl_aware,0.35791516304016113,,0.7233333333333334,0.5253835916519165,0.7551851851851853,,,,
openml:31,classification,700,20,mar,0.3,0.29945,1,xgboost,0.0701596736907959,,0.7066666666666667,0.6592472791671753,0.691957671957672,,,,
openml:31,classification,700,20,mar,0.3,0.29945,1,catboost,0.292726993560791,,0.6866666666666666,0.6797727248734066,0.6740740740740739,,,,
openml:31,classification,700,20,mar,0.5,0.49935,1,tabicl_impute,0.2905540466308594,,0.7033333333333334,0.5674664378166199,0.684973544973545,,,,
openml:31,classification,700,20,mar,0.5,0.49935,1,tabicl_indicator,0.3740372657775879,,0.7033333333333334,0.5700133442878723,0.6821693121693122,,,,
openml:31,classification,700,20,mar,0.5,0.49935,1,tabicl_aware_zero,0.33526015281677246,,0.7033333333333334,0.5679351687431335,0.6859788359788359,,,,
openml:31,classification,700,20,mar,0.5,0.49935,1,tabicl_aware,0.3588883876800537,,0.7,0.5750664472579956,0.675925925925926,,,,
openml:31,classification,700,20,mar,0.5,0.49935,1,xgboost,0.07944059371948242,,0.68,0.682147204875946,0.6569312169312169,,,,
openml:31,classification,700,20,mar,0.5,0.49935,1,catboost,0.24679350852966309,,0.7133333333333334,0.658209478785412,0.658994708994709,,,,
openml:31,classification,700,20,mnar,0.1,0.1016,1,tabicl_impute,0.2880234718322754,,0.75,0.4946577847003937,0.7951322751322751,,,,
openml:31,classification,700,20,mnar,0.1,0.1016,1,tabicl_indicator,0.38872337341308594,,0.7433333333333333,0.49339646100997925,0.7967195767195767,,,,
openml:31,classification,700,20,mnar,0.1,0.1016,1,tabicl_aware_zero,0.2930033206939697,,0.7533333333333333,0.4933774769306183,0.7969312169312168,,,,
openml:31,classification,700,20,mnar,0.1,0.1016,1,tabicl_aware,0.3518030643463135,,0.75,0.49111878871917725,0.8026984126984127,,,,
openml:31,classification,700,20,mnar,0.1,0.1016,1,xgboost,0.06911897659301758,,0.7266666666666667,0.6418344974517822,0.7542328042328041,,,,
openml:31,classification,700,20,mnar,0.1,0.1016,1,catboost,0.30573225021362305,,0.7366666666666667,0.5905129881505754,0.7555026455026456,,,,
openml:31,classification,700,20,mnar,0.3,0.3011,1,tabicl_impute,0.29076290130615234,,0.7266666666666667,0.522439181804657,0.7582539682539683,,,,
openml:31,classification,700,20,mnar,0.3,0.3011,1,tabicl_indicator,0.39800429344177246,,0.7266666666666667,0.5223435759544373,0.7600529100529101,,,,
openml:31,classification,700,20,mnar,0.3,0.3011,1,tabicl_aware_zero,0.29815149307250977,,0.7333333333333333,0.5174726843833923,0.7644444444444446,,,,
openml:31,classification,700,20,mnar,0.3,0.3011,1,tabicl_aware,0.36078739166259766,,0.72,0.5272570848464966,0.7542328042328043,,,,
openml:31,classification,700,20,mnar,0.3,0.3011,1,xgboost,0.07003521919250488,,0.7466666666666667,0.6161816120147705,0.7457142857142857,,,,
openml:31,classification,700,20,mnar,0.3,0.3011,1,catboost,0.28884220123291016,,0.7133333333333334,0.6126058594705338,0.7478306878306877,,,,
openml:31,classification,700,20,mnar,0.5,0.49915,1,tabicl_impute,0.288344144821167,,0.7433333333333333,0.5269643068313599,0.7526984126984128,,,,
openml:31,classification,700,20,mnar,0.5,0.49915,1,tabicl_indicator,0.3718419075012207,,0.74,0.5232105255126953,0.7568253968253967,,,,
openml:31,classification,700,20,mnar,0.5,0.49915,1,tabicl_aware_zero,0.29685401916503906,,0.75,0.5251531004905701,0.7548677248677249,,,,
openml:31,classification,700,20,mnar,0.5,0.49915,1,tabicl_aware,0.3567659854888916,,0.7466666666666667,0.5227388739585876,0.7563492063492064,,,,
openml:31,classification,700,20,mnar,0.5,0.49915,1,xgboost,0.06558370590209961,,0.7133333333333334,0.6347322463989258,0.7150793650793651,,,,
openml:31,classification,700,20,mnar,0.5,0.49915,1,catboost,0.2859954833984375,,0.7166666666666667,0.6208588616625369,0.7063492063492064,,,,
openml:31,classification,700,20,block,0.1,0.1,1,tabicl_impute,0.28708696365356445,,0.7233333333333334,0.5135675668716431,0.7701058201058202,,,,
openml:31,classification,700,20,block,0.1,0.1,1,tabicl_indicator,0.32015514373779297,,0.7333333333333333,0.5210870504379272,0.7646031746031747,,,,
openml:31,classification,700,20,block,0.1,0.1,1,tabicl_aware_zero,0.2917978763580322,,0.7266666666666667,0.5135061144828796,0.770952380952381,,,,
openml:31,classification,700,20,block,0.1,0.1,1,tabicl_aware,0.3558950424194336,,0.7233333333333334,0.5125412940979004,0.7721693121693122,,,,
openml:31,classification,700,20,block,0.1,0.1,1,xgboost,0.05791425704956055,,0.7366666666666667,0.6239116191864014,0.7504761904761904,,,,
openml:31,classification,700,20,block,0.1,0.1,1,catboost,0.289400577545166,,0.7166666666666667,0.5927864294449093,0.7540740740740741,,,,
openml:31,classification,700,20,block,0.3,0.3,1,tabicl_impute,0.2908787727355957,,0.7366666666666667,0.4963408410549164,0.7857142857142858,,,,
openml:31,classification,700,20,block,0.3,0.3,1,tabicl_indicator,0.34965062141418457,,0.74,0.4987025856971741,0.7834920634920636,,,,
openml:31,classification,700,20,block,0.3,0.3,1,tabicl_aware_zero,0.2907438278198242,,0.74,0.49530836939811707,0.7858730158730158,,,,
openml:31,classification,700,20,block,0.3,0.3,1,tabicl_aware,0.35382509231567383,,0.7333333333333333,0.5008410811424255,0.7806878306878308,,,,
openml:31,classification,700,20,block,0.3,0.3,1,xgboost,0.06034660339355469,,0.7133333333333334,0.6130032539367676,0.7436507936507937,,,,
openml:31,classification,700,20,block,0.3,0.3,1,catboost,0.27672648429870605,,0.7233333333333334,0.6042178743458817,0.7405291005291005,,,,
openml:31,classification,700,20,block,0.5,0.449,1,tabicl_impute,0.2846944332122803,,0.72,0.505211591720581,0.7837037037037038,,,,
openml:31,classification,700,20,block,0.5,0.449,1,tabicl_indicator,0.3772134780883789,,0.7266666666666667,0.5045140385627747,0.7835449735449737,,,,
openml:31,classification,700,20,block,0.5,0.449,1,tabicl_aware_zero,0.3293190002441406,,0.7233333333333334,0.5071848630905151,0.7802116402116402,,,,
openml:31,classification,700,20,block,0.5,0.449,1,tabicl_aware,0.3544013500213623,,0.7133333333333334,0.5077958703041077,0.7795767195767196,,,,
openml:31,classification,700,20,block,0.5,0.449,1,xgboost,0.056802988052368164,,0.7166666666666667,0.5600671172142029,0.7617989417989419,,,,
openml:31,classification,700,20,block,0.5,0.449,1,catboost,0.28022241592407227,,0.7233333333333334,0.5860847014256363,0.7426984126984127,,,,
openml:31,classification,700,20,none,0.0,0.0,2,tabicl_impute,0.2884817123413086,,0.7866666666666666,0.4631144106388092,0.822857142857143,,,,
openml:31,classification,700,20,none,0.0,0.0,2,tabicl_indicator,0.28807568550109863,,0.7866666666666666,0.4631144106388092,0.822857142857143,,,,
openml:31,classification,700,20,none,0.0,0.0,2,tabicl_aware_zero,0.2895681858062744,,0.7866666666666666,0.4631144106388092,0.822857142857143,,,,
openml:31,classification,700,20,none,0.0,0.0,2,tabicl_aware,0.35431456565856934,,0.7866666666666666,0.4650874733924866,0.8208994708994709,,,,
openml:31,classification,700,20,none,0.0,0.0,2,xgboost,0.05967378616333008,,0.8,0.47705504298210144,0.8154497354497354,,,,
openml:31,classification,700,20,none,0.0,0.0,2,catboost,0.2688896656036377,,0.7766666666666666,0.4908016371688312,0.8126984126984127,,,,
openml:31,classification,700,20,mcar,0.1,0.0979,2,tabicl_impute,0.2912900447845459,,0.77,0.48702627420425415,0.7992063492063493,,,,
openml:31,classification,700,20,mcar,0.1,0.0979,2,tabicl_indicator,0.3889784812927246,,0.7766666666666666,0.4907223880290985,0.798148148148148,,,,
openml:31,classification,700,20,mcar,0.1,0.0979,2,tabicl_aware_zero,0.2956540584564209,,0.7666666666666667,0.4874194264411926,0.7997354497354499,,,,
openml:31,classification,700,20,mcar,0.1,0.0979,2,tabicl_aware,0.3573744297027588,,0.78,0.4878329932689667,0.7984656084656085,,,,
openml:31,classification,700,20,mcar,0.1,0.0979,2,xgboost,0.06574392318725586,,0.79,0.4752556383609772,0.8260317460317459,,,,
openml:31,classification,700,20,mcar,0.1,0.0979,2,catboost,0.2932257652282715,,0.76,0.525627123111698,0.7848148148148147,,,,
openml:31,classification,700,20,mcar,0.3,0.29795,2,tabicl_impute,0.2870912551879883,,0.7266666666666667,0.5265791416168213,0.7539682539682541,,,,
openml:31,classification,700,20,mcar,0.3,0.29795,2,tabicl_indicator,0.38786745071411133,,0.7233333333333334,0.5357672572135925,0.740899470899471,,,,
openml:31,classification,700,20,mcar,0.3,0.29795,2,tabicl_aware_zero,0.29133129119873047,,0.73,0.5272689461708069,0.7544973544973543,,,,
openml:31,classification,700,20,mcar,0.3,0.29795,2,tabicl_aware,0.3532114028930664,,0.7366666666666667,0.523679792881012,0.760899470899471,,,,
openml:31,classification,700,20,mcar,0.3,0.29795,2,xgboost,0.0671849250793457,,0.73,0.6628665924072266,0.7060846560846561,,,,
openml:31,classification,700,20,mcar,0.3,0.29795,2,catboost,0.28740525245666504,,0.71,0.6412742458194144,0.7123280423280423,,,,
openml:31,classification,700,20,mcar,0.5,0.5008,2,tabicl_impute,0.28792333602905273,,0.7066666666666667,0.5596795678138733,0.695925925925926,,,,
openml:31,classification,700,20,mcar,0.5,0.5008,2,tabicl_indicator,0.3707432746887207,,0.7033333333333334,0.5650806427001953,0.6855555555555556,,,,
openml:31,classification,700,20,mcar,0.5,0.5008,2,tabicl_aware_zero,0.29288339614868164,,0.71,0.5606610178947449,0.6962962962962962,,,,
openml:31,classification,700,20,mcar,0.5,0.5008,2,tabicl_aware,0.35572290420532227,,0.72,0.5566257834434509,0.7042857142857143,,,,
openml:31,classification,700,20,mcar,0.5,0.5008,2,xgboost,0.0680396556854248,,0.6633333333333333,0.6773182153701782,0.6655026455026456,,,,
openml:31,classification,700,20,mcar,0.5,0.5008,2,catboost,0.28449082374572754,,0.6933333333333334,0.6439127101063985,0.688888888888889,,,,
openml:31,classification,700,20,mar,0.1,0.0994,2,tabicl_impute,0.28733277320861816,,0.7833333333333333,0.47100770473480225,0.8125396825396826,,,,
openml:31,classification,700,20,mar,0.1,0.0994,2,tabicl_indicator,0.38661718368530273,,0.7833333333333333,0.4766054153442383,0.8057142857142857,,,,
openml:31,classification,700,20,mar,0.1,0.0994,2,tabicl_aware_zero,0.29372191429138184,,0.7866666666666666,0.4714755713939667,0.8117989417989419,,,,
openml:31,classification,700,20,mar,0.1,0.0994,2,tabicl_aware,0.3539750576019287,,0.78,0.4696204662322998,0.8125925925925926,,,,
openml:31,classification,700,20,mar,0.1,0.0994,2,xgboost,0.06992673873901367,,0.7733333333333333,0.5386372804641724,0.7915343915343916,,,,
openml:31,classification,700,20,mar,0.1,0.0994,2,catboost,0.2877695560455322,,0.7933333333333333,0.5452155242994322,0.7733862433862434,,,,
openml:31,classification,700,20,mar,0.3,0.2952,2,tabicl_impute,0.3293306827545166,,0.7466666666666667,0.5052911639213562,0.7788888888888889,,,,
openml:31,classification,700,20,mar,0.3,0.2952,2,tabicl_indicator,0.39083003997802734,,0.7333333333333333,0.5066061615943909,0.7761375661375661,,,,
openml:31,classification,700,20,mar,0.3,0.2952,2,tabicl_aware_zero,0.29058003425598145,,0.7333333333333333,0.5073832869529724,0.7772486772486773,,,,
openml:31,classification,700,20,mar,0.3,0.2952,2,tabicl_aware,0.35428380966186523,,0.7533333333333333,0.5014671683311462,0.7844444444444444,,,,
openml:31,classification,700,20,mar,0.3,0.2952,2,xgboost,0.06820797920227051,,0.77,0.52423095703125,0.7943386243386242,,,,
openml:31,classification,700,20,mar,0.3,0.2952,2,catboost,0.2876310348510742,,0.78,0.5865891970182774,0.7526984126984129,,,,
openml:31,classification,700,20,mar,0.5,0.5016,2,tabicl_impute,0.28838634490966797,,0.7333333333333333,0.5311139225959778,0.7403703703703702,,,,
openml:31,classification,700,20,mar,0.5,0.5016,2,tabicl_indicator,0.36928391456604004,,0.7366666666666667,0.5386717319488525,0.7286772486772487,,,,
openml:31,classification,700,20,mar,0.5,0.5016,2,tabicl_aware_zero,0.2911663055419922,,0.7366666666666667,0.5293992161750793,0.7424867724867724,,,,
openml:31,classification,700,20,mar,0.5,0.5016,2,tabicl_aware,0.35376501083374023,,0.7333333333333333,0.5240192413330078,0.7497354497354496,,,,
openml:31,classification,700,20,mar,0.5,0.5016,2,xgboost,0.06771683692932129,,0.6966666666666667,0.7120911478996277,0.655026455026455,,,,
openml:31,classification,700,20,mar,0.5,0.5016,2,catboost,0.23222899436950684,,0.6933333333333334,0.7084785791070711,0.6762962962962964,,,,
openml:31,classification,700,20,mnar,0.1,0.0975,2,tabicl_impute,0.28593015670776367,,0.78,0.46299439668655396,0.8273015873015872,,,,
openml:31,classification,700,20,mnar,0.1,0.0975,2,tabicl_indicator,0.38570332527160645,,0.78,0.4661487936973572,0.8219047619047619,,,,
openml:31,classification,700,20,mnar,0.1,0.0975,2,tabicl_aware_zero,0.294177770614624,,0.7833333333333333,0.4626366198062897,0.8265608465608466,,,,
openml:31,classification,700,20,mnar,0.1,0.0975,2,tabicl_aware,0.3613436222076416,,0.7833333333333333,0.46583038568496704,0.8208994708994709,,,,
openml:31,classification,700,20,mnar,0.1,0.0975,2,xgboost,0.06852960586547852,,0.78,0.5229220986366272,0.7945502645502646,,,,
openml:31,classification,700,20,mnar,0.1,0.0975,2,catboost,0.2862050533294678,,0.7533333333333333,0.5357643059571057,0.7785185185185184,,,,
openml:31,classification,700,20,mnar,0.3,0.29575,2,tabicl_impute,0.2864985466003418,,0.7533333333333333,0.5160534977912903,0.765978835978836,,,,
openml:31,classification,700,20,mnar,0.3,0.29575,2,tabicl_indicator,0.3918893337249756,,0.7566666666666667,0.5114472508430481,0.7721693121693122,,,,
openml:31,classification,700,20,mnar,0.3,0.29575,2,tabicl_aware_zero,0.29331374168395996,,0.7533333333333333,0.516863226890564,0.7644973544973545,,,,
openml:31,classification,700,20,mnar,0.3,0.29575,2,tabicl_aware,0.3561210632324219,,0.75,0.520856499671936,0.7614814814814814,,,,
openml:31,classification,700,20,mnar,0.3,0.29575,2,xgboost,0.07013773918151855,,0.73,0.5895435214042664,0.7538624338624339,,,,
openml:31,classification,700,20,mnar,0.3,0.29575,2,catboost,0.2875065803527832,,0.73,0.6190774950395553,0.7395238095238096,,,,
openml:31,classification,700,20,mnar,0.5,0.5021,2,tabicl_impute,0.29404616355895996,,0.7166666666666667,0.5149061679840088,0.7582010582010581,,,,
openml:31,classification,700,20,mnar,0.5,0.5021,2,tabicl_indicator,0.36990809440612793,,0.7233333333333334,0.522508978843689,0.7564550264550264,,,,
openml:31,classification,700,20,mnar,0.5,0.5021,2,tabicl_aware_zero,0.29405856132507324,,0.6966666666666667,0.5192335247993469,0.7555026455026456,,,,
openml:31,classification,700,20,mnar,0.5,0.5021,2,tabicl_aware,0.36055636405944824,,0.7166666666666667,0.5190986394882202,0.7521164021164021,,,,
openml:31,classification,700,20,mnar,0.5,0.5021,2,xgboost,0.06703996658325195,,0.7266666666666667,0.6507577300071716,0.6965079365079365,,,,
openml:31,classification,700,20,mnar,0.5,0.5021,2,catboost,0.2799501419067383,,0.6966666666666667,0.6764655556697342,0.6777777777777777,,,,
openml:31,classification,700,20,block,0.1,0.1,2,tabicl_impute,0.2884836196899414,,0.79,0.4765767455101013,0.8101587301587302,,,,
openml:31,classification,700,20,block,0.1,0.1,2,tabicl_indicator,0.33681368827819824,,0.7766666666666666,0.47683897614479065,0.8114814814814815,,,,
openml:31,classification,700,20,block,0.1,0.1,2,tabicl_aware_zero,0.2911543846130371,,0.7833333333333333,0.4781864285469055,0.8085185185185184,,,,
openml:31,classification,700,20,block,0.1,0.1,2,tabicl_aware,0.40041327476501465,,0.7633333333333333,0.4786832630634308,0.8066666666666668,,,,
openml:31,classification,700,20,block,0.1,0.1,2,xgboost,0.06632590293884277,,0.7566666666666667,0.5492232441902161,0.7771957671957671,,,,
openml:31,classification,700,20,block,0.1,0.1,2,catboost,0.2833595275878906,,0.77,0.5164358669942565,0.7956084656084657,,,,
openml:31,classification,700,20,block,0.3,0.2246,2,tabicl_impute,0.2882046699523926,,0.7833333333333333,0.4662363827228546,0.8235449735449737,,,,
openml:31,classification,700,20,block,0.3,0.2246,2,tabicl_indicator,0.32526707649230957,,0.7766666666666666,0.4732348620891571,0.8153968253968256,,,,
openml:31,classification,700,20,block,0.3,0.2246,2,tabicl_aware_zero,0.2937431335449219,,0.7666666666666667,0.4640585780143738,0.8251322751322752,,,,
openml:31,classification,700,20,block,0.3,0.2246,2,tabicl_aware,0.3575325012207031,,0.7733333333333333,0.4690912961959839,0.8162433862433863,,,,
openml:31,classification,700,20,block,0.3,0.2246,2,xgboost,0.06205463409423828,,0.78,0.511258065700531,0.8086243386243386,,,,
openml:31,classification,700,20,block,0.3,0.2246,2,catboost,0.28064560890197754,,0.75,0.5702694457654279,0.7766137566137566,,,,
openml:31,classification,700,20,block,0.5,0.4663,2,tabicl_impute,0.28974246978759766,,0.7133333333333334,0.5662596821784973,0.6847619047619048,,,,
openml:31,classification,700,20,block,0.5,0.4663,2,tabicl_indicator,0.36698031425476074,,0.72,0.5640757083892822,0.6862433862433863,,,,
openml:31,classification,700,20,block,0.5,0.4663,2,tabicl_aware_zero,0.2938721179962158,,0.7166666666666667,0.5645313262939453,0.6857671957671958,,,,
openml:31,classification,700,20,block,0.5,0.4663,2,tabicl_aware,0.3564012050628662,,0.7066666666666667,0.5640180706977844,0.6875132275132275,,,,
openml:31,classification,700,20,block,0.5,0.4663,2,xgboost,0.06550121307373047,,0.6733333333333333,0.6801963448524475,0.6359259259259259,,,,
openml:31,classification,700,20,block,0.5,0.4663,2,catboost,0.27280545234680176,,0.6766666666666666,0.6566130952956853,0.6473544973544973,,,,
openml:1590,classification,2100,14,none,0.0,0.0,0,tabicl_impute,0.36470937728881836,,0.8611111111111112,0.3040684759616852,0.9066037334392465,,,,
openml:1590,classification,2100,14,none,0.0,0.0,0,tabicl_indicator,0.3972477912902832,,0.8622222222222222,0.3020521104335785,0.9076853244063662,,,,
openml:1590,classification,2100,14,none,0.0,0.0,0,tabicl_aware_zero,0.3410501480102539,,0.8611111111111112,0.30398330092430115,0.9065824562398934,,,,
openml:1590,classification,2100,14,none,0.0,0.0,0,tabicl_aware,0.3911304473876953,,0.86,0.3048567771911621,0.9073236120173621,,,,
openml:1590,classification,2100,14,none,0.0,0.0,0,xgboost,0.06557488441467285,,0.8433333333333334,0.3360162377357483,0.8914933756986013,,,,
openml:1590,classification,2100,14,none,0.0,0.0,0,catboost,0.3780784606933594,,0.8433333333333334,0.3397449075232371,0.8893656557632841,,,,
openml:1590,classification,2100,14,mcar,0.1,0.09876190476190476,0,tabicl_impute,0.29547691345214844,,0.8555555555555555,0.31293219327926636,0.899646089250759,,,,
openml:1590,classification,2100,14,mcar,0.1,0.09876190476190476,0,tabicl_indicator,0.3851125240325928,,0.8566666666666667,0.3102191090583801,0.9014014581973957,,,,
openml:1590,classification,2100,14,mcar,0.1,0.09876190476190476,0,tabicl_aware_zero,0.3107938766479492,,0.8555555555555555,0.31135278940200806,0.9015042979942693,,,,
openml:1590,classification,2100,14,mcar,0.1,0.09876190476190476,0,tabicl_aware,0.36588287353515625,,0.8588888888888889,0.31139761209487915,0.9017879939856449,,,,
openml:1590,classification,2100,14,mcar,0.1,0.09876190476190476,0,xgboost,0.07965612411499023,,0.8433333333333334,0.34699198603630066,0.8854151890833784,,,,
openml:1590,classification,2100,14,mcar,0.1,0.09876190476190476,0,catboost,0.3802628517150879,,0.8477777777777777,0.3516013076186919,0.8776135493205481,,,,
openml:1590,classification,2100,14,mcar,0.3,0.2973571428571429,0,tabicl_impute,0.3017852306365967,,0.8477777777777777,0.3379979133605957,0.8792093392720361,,,,
openml:1590,classification,2100,14,mcar,0.3,0.2973571428571429,0,tabicl_indicator,0.38898205757141113,,0.8455555555555555,0.3380284905433655,0.8781135635053477,,,,
openml:1590,classification,2100,14,mcar,0.3,0.2973571428571429,0,tabicl_aware_zero,0.30133628845214844,,0.84,0.34099337458610535,0.8786171238900395,,,,
openml:1590,classification,2100,14,mcar,0.3,0.2973571428571429,0,tabicl_aware,0.3595619201660156,,0.8388888888888889,0.34153056144714355,0.878138386904593,,,,
openml:1590,classification,2100,14,mcar,0.3,0.2973571428571429,0,xgboost,0.0823369026184082,,0.8233333333333334,0.3814200758934021,0.8559604527788023,,,,
openml:1590,classification,2100,14,mcar,0.3,0.2973571428571429,0,catboost,0.37496352195739746,,0.8244444444444444,0.37996622918879075,0.8496553093704786,,,,
openml:1590,classification,2100,14,mcar,0.5,0.4973095238095238,0,tabicl_impute,0.2959301471710205,,0.8166666666666667,0.38893160223960876,0.8398748900678032,,,,
openml:1590,classification,2100,14,mcar,0.5,0.4973095238095238,0,tabicl_indicator,0.3699941635131836,,0.8144444444444444,0.3910216689109802,0.8371194927515674,,,,
openml:1590,classification,2100,14,mcar,0.5,0.4973095238095238,0,tabicl_aware_zero,0.30222272872924805,,0.82,0.3864330053329468,0.8418643082073249,,,,
openml:1590,classification,2100,14,mcar,0.5,0.4973095238095238,0,tabicl_aware,0.35938572883605957,,0.82,0.3855840265750885,0.8410025816335216,,,,
openml:1590,classification,2100,14,mcar,0.5,0.4973095238095238,0,xgboost,0.08466005325317383,,0.8155555555555556,0.39880573749542236,0.8345981446282164,,,,
openml:1590,classification,2100,14,mcar,0.5,0.4973095238095238,0,catboost,0.36943840980529785,,0.8055555555555556,0.4151841759546719,0.8265908252716389,,,,
openml:1590,classification,2100,14,mar,0.1,0.09688095238095239,0,tabicl_impute,0.3331117630004883,,0.8433333333333334,0.3229130506515503,0.8946424012028711,,,,
openml:1590,classification,2100,14,mar,0.1,0.09688095238095239,0,tabicl_indicator,0.3828086853027344,,0.8533333333333334,0.32559528946876526,0.8925004964679849,,,,
openml:1590,classification,2100,14,mar,0.1,0.09688095238095239,0,tabicl_aware_zero,0.29851317405700684,,0.8488888888888889,0.32219237089157104,0.8953977417799087,,,,
openml:1590,classification,2100,14,mar,0.1,0.09688095238095239,0,tabicl_aware,0.35798048973083496,,0.8477777777777777,0.3241623342037201,0.8950360293909047,,,,
openml:1590,classification,2100,14,mar,0.1,0.09688095238095239,0,xgboost,0.07966446876525879,,0.8355555555555556,0.36719897389411926,0.8743581378195127,,,,
openml:1590,classification,2100,14,mar,0.1,0.09688095238095239,0,catboost,0.3715176582336426,,0.8466666666666667,0.3691551572400489,0.8672657380351214,,,,
openml:1590,classification,2100,14,mar,0.3,0.29769047619047617,0,tabicl_impute,0.29900646209716797,,0.8388888888888889,0.34445205330848694,0.878283781100173,,,,
openml:1590,classification,2100,14,mar,0.3,0.29769047619047617,0,tabicl_indicator,0.3886549472808838,,0.8366666666666667,0.347030371427536,0.8782447729013589,,,,
openml:1590,classification,2100,14,mar,0.3,0.29769047619047617,0,tabicl_aware_zero,0.30055880546569824,,0.8333333333333334,0.34832048416137695,0.8760425827683054,,,,
openml:1590,classification,2100,14,mar,0.3,0.29769047619047617,0,tabicl_aware,0.35933804512023926,,0.83,0.34950074553489685,0.8756808703793015,,,,
openml:1590,classification,2100,14,mar,0.3,0.29769047619047617,0,xgboost,0.08133816719055176,,0.8333333333333334,0.39036688208580017,0.8585988254985957,,,,
openml:1590,classification,2100,14,mar,0.3,0.29769047619047617,0,catboost,0.37303709983825684,,0.8288888888888889,0.3838459287869667,0.8593506198757411,,,,
openml:1590,classification,2100,14,mar,0.5,0.49654761904761907,0,tabicl_impute,0.29436182975769043,,0.8288888888888889,0.39529675245285034,0.8348109166217481,,,,
openml:1590,classification,2100,14,mar,0.5,0.49654761904761907,0,tabicl_indicator,0.37572622299194336,,0.8244444444444444,0.3998732566833496,0.8301015631649126,,,,
openml:1590,classification,2100,14,mar,0.5,0.49654761904761907,0,tabicl_aware_zero,0.3060481548309326,,0.8277777777777777,0.3920283317565918,0.8367010411642882,,,,
openml:1590,classification,2100,14,mar,0.5,0.49654761904761907,0,tabicl_aware,0.3606095314025879,,0.8233333333333334,0.3926906883716583,0.8358854151890833,,,,
openml:1590,classification,2100,14,mar,0.5,0.49654761904761907,0,xgboost,0.07774138450622559,,0.8133333333333334,0.4220031201839447,0.8183920111208829,,,,
openml:1590,classification,2100,14,mar,0.5,0.49654761904761907,0,catboost,0.30954456329345703,,0.8211111111111111,0.4195306347727544,0.815817469999149,,,,
openml:1590,classification,2100,14,mnar,0.1,0.09935714285714285,0,tabicl_impute,0.2938835620880127,,0.8444444444444444,0.34081265330314636,0.8817803341938779,,,,
openml:1590,classification,2100,14,mnar,0.1,0.09935714285714285,0,tabicl_indicator,0.38277244567871094,,0.8522222222222222,0.33870914578437805,0.8840038015262844,,,,
openml:1590,classification,2100,14,mnar,0.1,0.09935714285714285,0,tabicl_aware_zero,0.30364561080932617,,0.8444444444444444,0.3387678265571594,0.8838193991318902,,,,
openml:1590,classification,2100,14,mnar,0.1,0.09935714285714285,0,tabicl_aware,0.36145806312561035,,0.8411111111111111,0.3417225778102875,0.881528554001532,,,,
openml:1590,classification,2100,14,mnar,0.1,0.09935714285714285,0,xgboost,0.07751870155334473,,0.8333333333333334,0.3812711238861084,0.8716417487020909,,,,
openml:1590,classification,2100,14,mnar,0.1,0.09935714285714285,0,catboost,0.37535834312438965,,0.8422222222222222,0.3758515402592808,0.8679466084144232,,,,
openml:1590,classification,2100,14,mnar,0.3,0.30004761904761906,0,tabicl_impute,0.2927877902984619,,0.8555555555555555,0.3150807023048401,0.8976283015120997,,,,
openml:1590,classification,2100,14,mnar,0.3,0.30004761904761906,0,tabicl_indicator,0.38622450828552246,,0.8544444444444445,0.31890854239463806,0.8939189764248632,,,,
openml:1590,classification,2100,14,mnar,0.3,0.30004761904761906,0,tabicl_aware_zero,0.3050053119659424,,0.8555555555555555,0.31556016206741333,0.8971389259269767,,,,
openml:1590,classification,2100,14,mnar,0.3,0.30004761904761906,0,tabicl_aware,0.36382508277893066,,0.8588888888888889,0.31858310103416443,0.8955041277766744,,,,
openml:1590,classification,2100,14,mnar,0.3,0.30004761904761906,0,xgboost,0.08137369155883789,,0.8511111111111112,0.3604625165462494,0.8733793866492667,,,,
openml:1590,classification,2100,14,mnar,0.3,0.30004761904761906,0,catboost,0.3739306926727295,,0.8455555555555555,0.3469894232775601,0.8777695821158047,,,,
openml:1590,classification,2100,14,mnar,0.5,0.5016190476190476,0,tabicl_impute,0.2858004570007324,,0.84,0.37454184889793396,0.8405238446480752,,,,
openml:1590,classification,2100,14,mnar,0.5,0.5016190476190476,0,tabicl_indicator,0.3620450496673584,,0.8433333333333334,0.3705897033214569,0.8442615393344493,,,,
openml:1590,classification,2100,14,mnar,0.5,0.5016190476190476,0,tabicl_aware_zero,0.2973189353942871,,0.8411111111111111,0.3759119212627411,0.8384918721098471,,,,
openml:1590,classification,2100,14,mnar,0.5,0.5016190476190476,0,tabicl_aware,0.3565659523010254,,0.8377777777777777,0.3748733401298523,0.8391833810888253,,,,
openml:1590,classification,2100,14,mnar,0.5,0.5016190476190476,0,xgboost,0.07935714721679688,,0.8233333333333334,0.42525526881217957,0.8154486652103606,,,,
openml:1590,classification,2100,14,mnar,0.5,0.5016190476190476,0,catboost,0.36969900131225586,,0.8222222222222222,0.4123287661380277,0.8212715254333456,,,,
openml:1590,classification,2100,14,block,0.1,0.07142857142857142,0,tabicl_impute,0.29120635986328125,,0.8622222222222222,0.31224724650382996,0.901302164600414,,,,
openml:1590,classification,2100,14,block,0.1,0.07142857142857142,0,tabicl_indicator,0.37026095390319824,,0.8644444444444445,0.3096492290496826,0.9027454679565377,,,,
openml:1590,classification,2100,14,block,0.1,0.07142857142857142,0,tabicl_aware_zero,0.29331541061401367,,0.8622222222222222,0.31262025237083435,0.9019972197792845,,,,
openml:1590,classification,2100,14,block,0.1,0.07142857142857142,0,tabicl_aware,0.352586030960083,,0.8644444444444445,0.31379640102386475,0.9025717041618202,,,,
openml:1590,classification,2100,14,block,0.1,0.07142857142857142,0,xgboost,0.06703519821166992,,0.8388888888888889,0.3441155254840851,0.8879329910068371,,,,
openml:1590,classification,2100,14,block,0.1,0.07142857142857142,0,catboost,0.3081984519958496,,0.8466666666666667,0.3382834028784741,0.8875570938182643,,,,
openml:1590,classification,2100,14,block,0.3,0.18114285714285713,0,tabicl_impute,0.29779505729675293,,0.8688888888888889,0.3037753105163574,0.9075682998099237,,,,
openml:1590,classification,2100,14,block,0.3,0.18114285714285713,0,tabicl_indicator,0.3305394649505615,,0.8733333333333333,0.30309754610061646,0.9083484637862067,,,,
openml:1590,classification,2100,14,block,0.3,0.18114285714285713,0,tabicl_aware_zero,0.30011844635009766,,0.8611111111111112,0.3030563294887543,0.9082881783880393,,,,
openml:1590,classification,2100,14,block,0.3,0.18114285714285713,0,tabicl_aware,0.35944700241088867,,0.8666666666666667,0.30620089173316956,0.9063980538454992,,,,
openml:1590,classification,2100,14,block,0.3,0.18114285714285713,0,xgboost,0.07375431060791016,,0.84,0.3490707278251648,0.8841421033220801,,,,
openml:1590,classification,2100,14,block,0.3,0.18114285714285713,0,catboost,0.36609578132629395,,0.8422222222222222,0.351854808229152,0.8810391784164089,,,,
openml:1590,classification,2100,14,block,0.5,0.5,0,tabicl_impute,0.29561662673950195,,0.8355555555555556,0.3892345726490021,0.8360201707849868,,,,
openml:1590,classification,2100,14,block,0.5,0.5,0,tabicl_indicator,0.3884859085083008,,0.8355555555555556,0.3886173367500305,0.8407295242418226,,,,
openml:1590,classification,2100,14,block,0.5,0.5,0,tabicl_aware_zero,0.31176209449768066,,0.8366666666666667,0.3839285373687744,0.8427189423813441,,,,
openml:1590,classification,2100,14,block,0.5,0.5,0,tabicl_aware,0.37085413932800293,,0.8377777777777777,0.3829072117805481,0.8433359811625862,,,,
openml:1590,classification,2100,14,block,0.5,0.5,0,xgboost,0.0753324031829834,,0.8211111111111111,0.41088154911994934,0.8268603364634458,,,,
openml:1590,classification,2100,14,block,0.5,0.5,0,catboost,0.39561891555786133,,0.8333333333333334,0.3903206699223781,0.8409990354336294,,,,
openml:1590,classification,2100,14,none,0.0,0.0,1,tabicl_impute,0.2917191982269287,,0.8733333333333333,0.2941219210624695,0.9123734006638485,,,,
openml:1590,classification,2100,14,none,0.0,0.0,1,tabicl_indicator,0.3114755153656006,,0.8733333333333333,0.29509270191192627,0.9113946494936026,,,,
openml:1590,classification,2100,14,none,0.0,0.0,1,tabicl_aware_zero,0.293811559677124,,0.8744444444444445,0.29390624165534973,0.9125719878578117,,,,
openml:1590,classification,2100,14,none,0.0,0.0,1,tabicl_aware,0.35537195205688477,,0.8722222222222222,0.29626211524009705,0.9115329512893983,,,,
openml:1590,classification,2100,14,none,0.0,0.0,1,xgboost,0.09708356857299805,,0.86,0.31314316391944885,0.9034511617350847,,,,
openml:1590,classification,2100,14,none,0.0,0.0,1,catboost,0.37351441383361816,,0.8611111111111112,0.31220459532277467,0.9028128457544895,,,,
openml:1590,classification,2100,14,mcar,0.1,0.10245238095238095,1,tabicl_impute,0.2987959384918213,,0.8711111111111111,0.30489516258239746,0.9062491134500269,,,,
openml:1590,classification,2100,14,mcar,0.1,0.10245238095238095,1,tabicl_indicator,0.3878943920135498,,0.87,0.3037165701389313,0.9066711112371981,,,,
openml:1590,classification,2100,14,mcar,0.1,0.10245238095238095,1,tabicl_aware_zero,0.3042454719543457,,0.87,0.30704277753829956,0.9055256886720191,,,,
openml:1590,classification,2100,14,mcar,0.1,0.10245238095238095,1,tabicl_aware,0.3627147674560547,,0.8644444444444445,0.3103204369544983,0.9041781327129848,,,,
openml:1590,classification,2100,14,mcar,0.1,0.10245238095238095,1,xgboost,0.07886886596679688,,0.8533333333333334,0.3352273106575012,0.8922522624755312,,,,
openml:1590,classification,2100,14,mcar,0.1,0.10245238095238095,1,catboost,0.372469425201416,,0.8533333333333334,0.31954323949204555,0.9010113762092542,,,,
openml:1590,classification,2100,14,mcar,0.3,0.30054761904761906,1,tabicl_impute,0.29857540130615234,,0.8366666666666667,0.34634944796562195,0.8782483191012511,,,,
openml:1590,classification,2100,14,mcar,0.3,0.30054761904761906,1,tabicl_indicator,0.3872358798980713,,0.8377777777777777,0.34934577345848083,0.8758475417742347,,,,
openml:1590,classification,2100,14,mcar,0.3,0.30054761904761906,1,tabicl_aware_zero,0.303241491317749,,0.8388888888888889,0.3518224358558655,0.8740673494283526,,,,
openml:1590,classification,2100,14,mcar,0.3,0.30054761904761906,1,tabicl_aware,0.3686816692352295,,0.8366666666666667,0.35202255845069885,0.8744255156174644,,,,
openml:1590,classification,2100,14,mcar,0.3,0.30054761904761906,1,xgboost,0.08689260482788086,,0.8366666666666667,0.38765135407447815,0.8589392606882464,,,,
openml:1590,classification,2100,14,mcar,0.3,0.30054761904761906,1,catboost,0.37026000022888184,,0.8411111111111111,0.3670215214620818,0.8634145649521971,,,,
openml:1590,classification,2100,14,mcar,0.5,0.5018333333333334,1,tabicl_impute,0.2933356761932373,,0.8433333333333334,0.3562260568141937,0.8682764050043972,,,,
openml:1590,classification,2100,14,mcar,0.5,0.5018333333333334,1,tabicl_indicator,0.3736391067504883,,0.8433333333333334,0.36033156514167786,0.8650670941019603,,,,
openml:1590,classification,2100,14,mcar,0.5,0.5018333333333334,1,tabicl_aware_zero,0.34255027770996094,,0.8422222222222222,0.3605404198169708,0.864733751312094,,,,
openml:1590,classification,2100,14,mcar,0.5,0.5018333333333334,1,tabicl_aware,0.366788387298584,,0.8422222222222222,0.3595762848854065,0.8651557490992652,,,,
openml:1590,classification,2100,14,mcar,0.5,0.5018333333333334,1,xgboost,0.08543062210083008,,0.8211111111111111,0.38359588384628296,0.8456055490935913,,,,
openml:1590,classification,2100,14,mcar,0.5,0.5018333333333334,1,catboost,0.36867737770080566,,0.8277777777777777,0.38128577741452313,0.8439033731453375,,,,
openml:1590,classification,2100,14,mar,0.1,0.1000952380952381,1,tabicl_impute,0.2909517288208008,,0.8644444444444445,0.3035315275192261,0.9077562484042101,,,,
openml:1590,classification,2100,14,mar,0.1,0.1000952380952381,1,tabicl_indicator,0.38117003440856934,,0.8666666666666667,0.30193591117858887,0.9083094555873925,,,,
openml:1590,classification,2100,14,mar,0.1,0.1000952380952381,1,tabicl_aware_zero,0.3013460636138916,,0.8666666666666667,0.3062739968299866,0.906486708842804,,,,
openml:1590,classification,2100,14,mar,0.1,0.1000952380952381,1,tabicl_aware,0.36249303817749023,,0.8633333333333333,0.31096816062927246,0.9039972765184828,,,,
openml:1590,classification,2100,14,mar,0.1,0.1000952380952381,1,xgboost,0.08011674880981445,,0.8588888888888889,0.3124118447303772,0.9057349144656586,,,,
openml:1590,classification,2100,14,mar,0.1,0.1000952380952381,1,catboost,0.3717379570007324,,0.8588888888888889,0.3202144738910285,0.8988269170756618,,,,
openml:1590,classification,2100,14,mar,0.3,0.30088095238095236,1,tabicl_impute,0.2947256565093994,,0.8433333333333334,0.34843337535858154,0.8729644812618798,,,,
openml:1590,classification,2100,14,mar,0.3,0.30088095238095236,1,tabicl_indicator,0.3899965286254883,,0.8488888888888889,0.3430129587650299,0.8764752191551533,,,,
openml:1590,classification,2100,14,mar,0.3,0.30088095238095236,1,tabicl_aware_zero,0.31050872802734375,,0.8466666666666667,0.35299044847488403,0.8694785667678515,,,,
openml:1590,classification,2100,14,mar,0.3,0.30088095238095236,1,tabicl_aware,0.37267518043518066,,0.8444444444444444,0.35388636589050293,0.8671841754376011,,,,
openml:1590,classification,2100,14,mar,0.3,0.30088095238095236,1,xgboost,0.08377981185913086,,0.8444444444444444,0.37523746490478516,0.8607336378336974,,,,
openml:1590,classification,2100,14,mar,0.3,0.30088095238095236,1,catboost,0.37009096145629883,,0.8288888888888889,0.3720538946681721,0.854924962410281,,,,
openml:1590,classification,2100,14,mar,0.5,0.5011666666666666,1,tabicl_impute,0.30396556854248047,,0.8355555555555556,0.3633609712123871,0.8609854180260433,,,,
openml:1590,classification,2100,14,mar,0.5,0.5011666666666666,1,tabicl_indicator,0.3758418560028076,,0.8344444444444444,0.36632630228996277,0.8593541660756334,,,,
openml:1590,classification,2100,14,mar,0.5,0.5011666666666666,1,tabicl_aware_zero,0.30987977981567383,,0.8355555555555556,0.3648436963558197,0.8595633918692728,,,,
openml:1590,classification,2100,14,mar,0.5,0.5011666666666666,1,tabicl_aware,0.36673474311828613,,0.8433333333333334,0.3647025525569916,0.8602513546483588,,,,
openml:1590,classification,2100,14,mar,0.5,0.5011666666666666,1,xgboost,0.0788261890411377,,0.8333333333333334,0.3820606768131256,0.848538256404437,,,,
openml:1590,classification,2100,14,mar,0.5,0.5011666666666666,1,catboost,0.3208630084991455,,0.8333333333333334,0.3735801591963369,0.8548256688132997,,,,
openml:1590,classification,2100,14,mnar,0.1,0.10142857142857142,1,tabicl_impute,0.2998213768005371,,0.8666666666666667,0.2974490821361542,0.9103591591250816,,,,
openml:1590,classification,2100,14,mnar,0.1,0.10142857142857142,1,tabicl_indicator,0.38859033584594727,,0.8633333333333333,0.29927918314933777,0.9093839541547278,,,,
openml:1590,classification,2100,14,mnar,0.1,0.10142857142857142,1,tabicl_aware_zero,0.3075120449066162,,0.87,0.3029419183731079,0.9071463020227525,,,,
openml:1590,classification,2100,14,mnar,0.1,0.10142857142857142,1,tabicl_aware,0.3702094554901123,,0.8633333333333333,0.3094722628593445,0.9032454821413373,,,,
openml:1590,classification,2100,14,mnar,0.1,0.10142857142857142,1,xgboost,0.08281302452087402,,0.8577777777777778,0.33490005135536194,0.8926707140628103,,,,
openml:1590,classification,2100,14,mnar,0.1,0.10142857142857142,1,catboost,0.3666493892669678,,0.8566666666666667,0.3283048849161621,0.8905713637266306,,,,
openml:1590,classification,2100,14,mnar,0.3,0.3011904761904762,1,tabicl_impute,0.28873276710510254,,0.8611111111111112,0.32311102747917175,0.8884294589917445,,,,
openml:1590,classification,2100,14,mnar,0.3,0.3011904761904762,1,tabicl_indicator,0.3842494487762451,,0.8588888888888889,0.3256136178970337,0.8851137620925417,,,,
openml:1590,classification,2100,14,mnar,0.3,0.3011904761904762,1,tabicl_aware_zero,0.34220194816589355,,0.8577777777777778,0.3272467255592346,0.8861669834605238,,,,
openml:1590,classification,2100,14,mnar,0.3,0.3011904761904762,1,tabicl_aware,0.3675527572631836,,0.8577777777777778,0.33037009835243225,0.8836491815370647,,,,
openml:1590,classification,2100,14,mnar,0.3,0.3011904761904762,1,xgboost,0.0894174575805664,,0.8333333333333334,0.3536151349544525,0.8764858577548299,,,,
openml:1590,classification,2100,14,mnar,0.3,0.3011904761904762,1,catboost,0.37169480323791504,,0.8466666666666667,0.3635709471076977,0.8662231552668161,,,,
openml:1590,classification,2100,14,mnar,0.5,0.5012857142857143,1,tabicl_impute,0.287952184677124,,0.8188888888888889,0.3938722610473633,0.8378535561292518,,,,
openml:1590,classification,2100,14,mnar,0.5,0.5012857142857143,1,tabicl_indicator,0.367429256439209,,0.8133333333333334,0.41381746530532837,0.8203707906607279,,,,
openml:1590,classification,2100,14,mnar,0.5,0.5012857142857143,1,tabicl_aware_zero,0.2988739013671875,,0.8255555555555556,0.39158663153648376,0.8397401344718999,,,,
openml:1590,classification,2100,14,mnar,0.5,0.5012857142857143,1,tabicl_aware,0.35979509353637695,,0.8211111111111111,0.39389461278915405,0.8389138698970184,,,,
openml:1590,classification,2100,14,mnar,0.5,0.5012857142857143,1,xgboost,0.07872629165649414,,0.8122222222222222,0.4254687428474426,0.8245198445345967,,,,
openml:1590,classification,2100,14,mnar,0.5,0.5012857142857143,1,catboost,0.3660588264465332,,0.8122222222222222,0.4196055661432835,0.8173139663536554,,,,
openml:1590,classification,2100,14,block,0.1,0.07142857142857142,1,tabicl_impute,0.29288697242736816,,0.8655555555555555,0.2982299029827118,0.9102350421288548,,,,
openml:1590,classification,2100,14,block,0.1,0.07142857142857142,1,tabicl_indicator,0.32985401153564453,,0.8655555555555555,0.29937824606895447,0.9091605435615195,,,,
openml:1590,classification,2100,14,block,0.1,0.07142857142857142,1,tabicl_aware_zero,0.3012866973876953,,0.8677777777777778,0.29812154173851013,0.910277596527561,,,,
openml:1590,classification,2100,14,block,0.1,0.07142857142857142,1,tabicl_aware,0.3624734878540039,,0.8666666666666667,0.2994198501110077,0.9094194161536497,,,,
openml:1590,classification,2100,14,block,0.1,0.07142857142857142,1,xgboost,0.07579469680786133,,0.8622222222222222,0.31430381536483765,0.9049547504893756,,,,
openml:1590,classification,2100,14,block,0.1,0.07142857142857142,1,catboost,0.3738408088684082,,0.87,0.30547935572378027,0.9079973899968793,,,,
openml:1590,classification,2100,14,block,0.3,0.2857142857142857,1,tabicl_impute,0.2936241626739502,,0.8644444444444445,0.3292742371559143,0.8899295015461431,,,,
openml:1590,classification,2100,14,block,0.3,0.2857142857142857,1,tabicl_indicator,0.35891056060791016,,0.8588888888888889,0.32856857776641846,0.8911635791086272,,,,
openml:1590,classification,2100,14,block,0.3,0.2857142857142857,1,tabicl_aware_zero,0.2987940311431885,,0.8633333333333333,0.33213722705841064,0.8891351527702913,,,,
openml:1590,classification,2100,14,block,0.3,0.2857142857142857,1,tabicl_aware,0.36135339736938477,,0.86,0.33132222294807434,0.8897805611506708,,,,
openml:1590,classification,2100,14,block,0.3,0.2857142857142857,1,xgboost,0.07370591163635254,,0.8533333333333334,0.34300920367240906,0.8836669125365259,,,,
openml:1590,classification,2100,14,block,0.3,0.2857142857142857,1,catboost,0.3748180866241455,,0.8466666666666667,0.33719665999127824,0.8828300093619678,,,,
openml:1590,classification,2100,14,block,0.5,0.4756190476190476,1,tabicl_impute,0.2997779846191406,,0.8411111111111111,0.35933831334114075,0.8721985020851655,,,,
openml:1590,classification,2100,14,block,0.5,0.4756190476190476,1,tabicl_indicator,0.3734767436981201,,0.8288888888888889,0.37495437264442444,0.8593364350761724,,,,
openml:1590,classification,2100,14,block,0.5,0.4756190476190476,1,tabicl_aware_zero,0.30487513542175293,,0.8411111111111111,0.3586270809173584,0.8719573604924962,,,,
openml:1590,classification,2100,14,block,0.5,0.4756190476190476,1,tabicl_aware,0.3644294738769531,,0.8411111111111111,0.35469621419906616,0.875507106584584,,,,
openml:1590,classification,2100,14,block,0.5,0.4756190476190476,1,xgboost,0.07551884651184082,,0.8422222222222222,0.36746397614479065,0.8661876932678941,,,,
openml:1590,classification,2100,14,block,0.5,0.4756190476190476,1,catboost,0.38200926780700684,,0.8422222222222222,0.36702939401981405,0.8694218275695764,,,,
openml:1590,classification,2100,14,none,0.0,0.0,2,tabicl_impute,0.3340590000152588,,0.8722222222222222,0.28855180740356445,0.9164373457403048,,,,
openml:1590,classification,2100,14,none,0.0,0.0,2,tabicl_indicator,0.3164253234863281,,0.8666666666666667,0.2903169095516205,0.9150649663820251,,,,
openml:1590,classification,2100,14,none,0.0,0.0,2,tabicl_aware_zero,0.29413676261901855,,0.87,0.28888145089149475,0.9159869783539959,,,,
openml:1590,classification,2100,14,none,0.0,0.0,2,tabicl_aware,0.3523428440093994,,0.8677777777777778,0.28762322664260864,0.9168877131266134,,,,
openml:1590,classification,2100,14,none,0.0,0.0,2,xgboost,0.06610655784606934,,0.8544444444444445,0.33078110218048096,0.89611052795824,,,,
openml:1590,classification,2100,14,none,0.0,0.0,2,catboost,0.3737967014312744,,0.8477777777777777,0.3265286929967714,0.8960821583591023,,,,
openml:1590,classification,2100,14,mcar,0.1,0.09842857142857143,2,tabicl_impute,0.29428577423095703,,0.8622222222222222,0.2929839789867401,0.9122031830690233,,,,
openml:1590,classification,2100,14,mcar,0.1,0.09842857142857143,2,tabicl_indicator,0.3859069347381592,,0.87,0.2945152521133423,0.9117244460835768,,,,
openml:1590,classification,2100,14,mcar,0.1,0.09842857142857143,2,tabicl_aware_zero,0.3040432929992676,,0.8666666666666667,0.2935149371623993,0.9120506964736589,,,,
openml:1590,classification,2100,14,mcar,0.1,0.09842857142857143,2,tabicl_aware,0.3643057346343994,,0.86,0.29349184036254883,0.9133627904337711,,,,
openml:1590,classification,2100,14,mcar,0.1,0.09842857142857143,2,xgboost,0.08086442947387695,,0.8477777777777777,0.3320492208003998,0.8922664472751001,,,,
openml:1590,classification,2100,14,mcar,0.1,0.09842857142857143,2,catboost,0.37124061584472656,,0.8477777777777777,0.3299281560447582,0.8891316065703991,,,,
openml:1590,classification,2100,14,mcar,0.3,0.3006190476190476,2,tabicl_impute,0.3000609874725342,,0.8533333333333334,0.3252837359905243,0.8906245567250135,,,,
openml:1590,classification,2100,14,mcar,0.3,0.3006190476190476,2,tabicl_indicator,0.3874211311340332,,0.8577777777777778,0.32709234952926636,0.8890181281738488,,,,
openml:1590,classification,2100,14,mcar,0.3,0.3006190476190476,2,tabicl_aware_zero,0.30277204513549805,,0.8577777777777778,0.3240717649459839,0.8919011886862038,,,,
openml:1590,classification,2100,14,mcar,0.3,0.3006190476190476,2,tabicl_aware,0.3631775379180908,,0.86,0.3245156407356262,0.8910004539135862,,,,
openml:1590,classification,2100,14,mcar,0.3,0.3006190476190476,2,xgboost,0.08522725105285645,,0.8322222222222222,0.37694796919822693,0.8592016794802689,,,,
openml:1590,classification,2100,14,mcar,0.3,0.3006190476190476,2,catboost,0.3708827495574951,,0.8433333333333334,0.35654441046196517,0.8682373968055832,,,,
openml:1590,classification,2100,14,mcar,0.5,0.4996904761904762,2,tabicl_impute,0.2941298484802246,,0.8333333333333334,0.36097845435142517,0.8669217566455786,,,,
openml:1590,classification,2100,14,mcar,0.5,0.4996904761904762,2,tabicl_indicator,0.37124133110046387,,0.8311111111111111,0.36370524764060974,0.864896876507135,,,,
openml:1590,classification,2100,14,mcar,0.5,0.4996904761904762,2,tabicl_aware_zero,0.30304384231567383,,0.8266666666666667,0.36308348178863525,0.8650919175012056,,,,
openml:1590,classification,2100,14,mcar,0.5,0.4996904761904762,2,tabicl_aware,0.3652794361114502,,0.8277777777777777,0.364410400390625,0.8638720247382905,,,,
openml:1590,classification,2100,14,mcar,0.5,0.4996904761904762,2,xgboost,0.08031868934631348,,0.8133333333333334,0.3972480297088623,0.8438466339470623,,,,
openml:1590,classification,2100,14,mcar,0.5,0.4996904761904762,2,catboost,0.36974167823791504,,0.8288888888888889,0.3884617624046242,0.8389670628954012,,,,
openml:1590,classification,2100,14,mar,0.1,0.09928571428571428,2,tabicl_impute,0.2932100296020508,,0.8655555555555555,0.2964160740375519,0.9131429260404551,,,,
openml:1590,classification,2100,14,mar,0.1,0.09928571428571428,2,tabicl_indicator,0.3861114978790283,,0.8633333333333333,0.2988499701023102,0.9113769184941417,,,,
openml:1590,classification,2100,14,mar,0.1,0.09928571428571428,2,tabicl_aware_zero,0.30013036727905273,,0.8655555555555555,0.29767125844955444,0.9126393656557632,,,,
openml:1590,classification,2100,14,mar,0.1,0.09928571428571428,2,tabicl_aware,0.40733981132507324,,0.8677777777777778,0.30031150579452515,0.911238616698346,,,,
openml:1590,classification,2100,14,mar,0.1,0.09928571428571428,2,xgboost,0.07803821563720703,,0.85,0.3441874086856842,0.8904507929302958,,,,
openml:1590,classification,2100,14,mar,0.1,0.09928571428571428,2,catboost,0.37175869941711426,,0.8522222222222222,0.34449166173100804,0.8839257851286562,,,,
openml:1590,classification,2100,14,mar,0.3,0.29704761904761906,2,tabicl_impute,0.29404783248901367,,0.8455555555555555,0.3419870138168335,0.8795284972623336,,,,
openml:1590,classification,2100,14,mar,0.3,0.29704761904761906,2,tabicl_indicator,0.3861865997314453,,0.8466666666666667,0.343562513589859,0.8791845158727907,,,,
openml:1590,classification,2100,14,mar,0.3,0.29704761904761906,2,tabicl_aware_zero,0.3024594783782959,,0.8477777777777777,0.344769150018692,0.8782837811001731,,,,
openml:1590,classification,2100,14,mar,0.3,0.29704761904761906,2,tabicl_aware,0.3663909435272217,,0.8444444444444444,0.34364041686058044,0.8794398422650288,,,,
openml:1590,classification,2100,14,mar,0.3,0.29704761904761906,2,xgboost,0.08056807518005371,,0.83,0.37544405460357666,0.8611024426224857,,,,
openml:1590,classification,2100,14,mar,0.3,0.29704761904761906,2,catboost,0.369276762008667,,0.8288888888888889,0.379030093913588,0.8502723481517206,,,,
openml:1590,classification,2100,14,mar,0.5,0.4995952380952381,2,tabicl_impute,0.29361677169799805,,0.8333333333333334,0.37017038464546204,0.8534497432551278,,,,
openml:1590,classification,2100,14,mar,0.5,0.4995952380952381,2,tabicl_indicator,0.3688187599182129,,0.83,0.36965176463127136,0.8536873386479049,,,,
openml:1590,classification,2100,14,mar,0.5,0.4995952380952381,2,tabicl_aware_zero,0.3020768165588379,,0.8322222222222222,0.3722393214702606,0.8505454055434197,,,,
openml:1590,classification,2100,14,mar,0.5,0.4995952380952381,2,tabicl_aware,0.3615126609802246,,0.8344444444444444,0.3721460700035095,0.8509248489318846,,,,
openml:1590,classification,2100,14,mar,0.5,0.4995952380952381,2,xgboost,0.08284139633178711,,0.8233333333333334,0.3851826786994934,0.844421118329598,,,,
openml:1590,classification,2100,14,mar,0.5,0.4995952380952381,2,catboost,0.37149953842163086,,0.8322222222222222,0.38434970066198326,0.846527561065562,,,,
openml:1590,classification,2100,14,mnar,0.1,0.09928571428571428,2,tabicl_impute,0.29588794708251953,,0.8511111111111112,0.30666401982307434,0.9082527163891174,,,,
openml:1590,classification,2100,14,mnar,0.1,0.09928571428571428,2,tabicl_indicator,0.3879528045654297,,0.8622222222222222,0.30590206384658813,0.9081073221935374,,,,
openml:1590,classification,2100,14,mnar,0.1,0.09928571428571428,2,tabicl_aware_zero,0.3063468933105469,,0.8522222222222222,0.3068716824054718,0.9082491701892252,,,,
openml:1590,classification,2100,14,mnar,0.1,0.09928571428571428,2,tabicl_aware,0.3679990768432617,,0.8533333333333334,0.3094852566719055,0.9070931090243695,,,,
openml:1590,classification,2100,14,mnar,0.1,0.09928571428571428,2,xgboost,0.08147835731506348,,0.8411111111111111,0.3497355878353119,0.8858549178700106,,,,
openml:1590,classification,2100,14,mnar,0.1,0.09928571428571428,2,catboost,0.3711569309234619,,0.8488888888888889,0.3496117281605048,0.8829399415586257,,,,
openml:1590,classification,2100,14,mnar,0.3,0.29995238095238097,2,tabicl_impute,0.2861442565917969,,0.8577777777777778,0.3082856237888336,0.9026532667593408,,,,
openml:1590,classification,2100,14,mnar,0.3,0.29995238095238097,2,tabicl_indicator,0.38237476348876953,,0.8544444444444445,0.3066026270389557,0.9048731878918552,,,,
openml:1590,classification,2100,14,mnar,0.3,0.29995238095238097,2,tabicl_aware_zero,0.29694533348083496,,0.8566666666666667,0.3110070824623108,0.9013447189991205,,,,
openml:1590,classification,2100,14,mnar,0.3,0.29995238095238097,2,tabicl_aware,0.35904574394226074,,0.8577777777777778,0.31117886304855347,0.9009830066101167,,,,
openml:1590,classification,2100,14,mnar,0.3,0.29995238095238097,2,xgboost,0.0818934440612793,,0.84,0.338000625371933,0.8915004680983858,,,,
openml:1590,classification,2100,14,mnar,0.3,0.29995238095238097,2,catboost,0.3699514865875244,,0.8366666666666667,0.35929716014645563,0.8729893046611252,,,,
openml:1590,classification,2100,14,mnar,0.5,0.49961904761904763,2,tabicl_impute,0.2857086658477783,,0.8633333333333333,0.31153011322021484,0.8982240630939884,,,,
openml:1590,classification,2100,14,mnar,0.5,0.49961904761904763,2,tabicl_indicator,0.3629910945892334,,0.8644444444444445,0.31040292978286743,0.8999971630400863,,,,
openml:1590,classification,2100,14,mnar,0.5,0.49961904761904763,2,tabicl_aware_zero,0.33977794647216797,,0.8622222222222222,0.31314337253570557,0.8968800533348463,,,,
openml:1590,classification,2100,14,mnar,0.5,0.49961904761904763,2,tabicl_aware,0.36539292335510254,,0.8666666666666667,0.3117907643318176,0.8976460325115606,,,,
openml:1590,classification,2100,14,mnar,0.5,0.49961904761904763,2,xgboost,0.08983302116394043,,0.84,0.3537246286869049,0.8738439388351442,,,,
openml:1590,classification,2100,14,mnar,0.5,0.49961904761904763,2,catboost,0.36987876892089844,,0.8555555555555555,0.34221974916457437,0.8783476126982327,,,,
openml:1590,classification,2100,14,block,0.1,0.07142857142857142,2,tabicl_impute,0.29450345039367676,,0.8666666666666667,0.2997792363166809,0.9083378251865302,,,,
openml:1590,classification,2100,14,block,0.1,0.07142857142857142,2,tabicl_indicator,0.333479642868042,,0.8644444444444445,0.29995423555374146,0.9076179466084143,,,,
openml:1590,classification,2100,14,block,0.1,0.07142857142857142,2,tabicl_aware_zero,0.30196547508239746,,0.8677777777777778,0.30221283435821533,0.9064689778433431,,,,
openml:1590,classification,2100,14,block,0.1,0.07142857142857142,2,tabicl_aware,0.36577677726745605,,0.8722222222222222,0.29693081974983215,0.9104832761213084,,,,
openml:1590,classification,2100,14,block,0.1,0.07142857142857142,2,xgboost,0.07055544853210449,,0.8677777777777778,0.3298393189907074,0.8920891372804902,,,,
openml:1590,classification,2100,14,block,0.1,0.07142857142857142,2,catboost,0.3534247875213623,,0.8633333333333333,0.3194531177774732,0.8957417231694516,,,,
openml:1590,classification,2100,14,block,0.3,0.21428571428571427,2,tabicl_impute,0.29952120780944824,,0.86,0.30757805705070496,0.9068235978325626,,,,
openml:1590,classification,2100,14,block,0.3,0.21428571428571427,2,tabicl_indicator,0.3405187129974365,,0.8566666666666667,0.3107680678367615,0.9042490567108288,,,,
openml:1590,classification,2100,14,block,0.3,0.21428571428571427,2,tabicl_aware_zero,0.30281615257263184,,0.86,0.307818204164505,0.9069973616272802,,,,
openml:1590,classification,2100,14,block,0.3,0.21428571428571427,2,tabicl_aware,0.3639194965362549,,0.8566666666666667,0.3060567080974579,0.9079051887996822,,,,
openml:1590,classification,2100,14,block,0.3,0.21428571428571427,2,xgboost,0.0741269588470459,,0.8577777777777778,0.35137325525283813,0.8856421458764787,,,,
openml:1590,classification,2100,14,block,0.3,0.21428571428571427,2,catboost,0.3724813461303711,,0.86,0.33017559325599666,0.8925962438650742,,,,
openml:1590,classification,2100,14,block,0.5,0.47635714285714287,2,tabicl_impute,0.29619574546813965,,0.8377777777777777,0.35464856028556824,0.8708899543249453,,,,
openml:1590,classification,2100,14,block,0.5,0.47635714285714287,2,tabicl_indicator,0.377474308013916,,0.8388888888888889,0.3568006753921509,0.8692480637748589,,,,
openml:1590,classification,2100,14,block,0.5,0.47635714285714287,2,tabicl_aware_zero,0.29849720001220703,,0.84,0.35473525524139404,0.871226843314704,,,,
openml:1590,classification,2100,14,block,0.5,0.47635714285714287,2,tabicl_aware,0.35895299911499023,,0.8411111111111111,0.3499112129211426,0.8751985871939629,,,,
openml:1590,classification,2100,14,block,0.5,0.47635714285714287,2,xgboost,0.07094979286193848,,0.8255555555555556,0.37477627396583557,0.8538504638429459,,,,
openml:1590,classification,2100,14,block,0.5,0.47635714285714287,2,catboost,0.35169434547424316,,0.8255555555555556,0.3771923282017179,0.8544604102244036,,,,
openml:531,regression,354,13,none,0.0,0.0,0,tabicl_impute,0.2856636047363281,,,,,3.407368170995847,0.8683432699981459,0.8421052631578947,0.5755900535027526
openml:531,regression,354,13,none,0.0,0.0,0,tabicl_indicator,0.3106231689453125,,,,,3.407368170995847,0.8683432699981459,0.8421052631578947,0.5755900535027526
openml:531,regression,354,13,none,0.0,0.0,0,tabicl_aware_zero,0.7358615398406982,,,,,3.407368170995847,0.8683432699981459,0.8421052631578947,0.5755900535027526
openml:531,regression,354,13,none,0.0,0.0,0,tabicl_aware,0.33269643783569336,,,,,3.299690188310724,0.8765328934798386,0.8289473684210527,0.5707800902370705
openml:531,regression,354,13,none,0.0,0.0,0,xgboost,0.07454204559326172,,,,,3.489663258351712,0.8619068992067158,,
openml:531,regression,354,13,none,0.0,0.0,0,catboost,0.20960354804992676,,,,,3.24099931317918,0.8808859976284427,,
openml:531,regression,354,13,mcar,0.1,0.09531772575250837,0,tabicl_impute,0.24130630493164062,,,,,3.740845002679485,0.8413118972093749,0.8355263157894737,0.8435237849746171
openml:531,regression,354,13,mcar,0.1,0.09531772575250837,0,tabicl_indicator,0.29673337936401367,,,,,3.7077353480952273,0.844108514875482,0.8486842105263158,0.8373400325047775
openml:531,regression,354,13,mcar,0.1,0.09531772575250837,0,tabicl_aware_zero,0.24394965171813965,,,,,3.6344167739551705,0.8502129056671857,0.8355263157894737,0.8371810984737662
openml:531,regression,354,13,mcar,0.1,0.09531772575250837,0,tabicl_aware,0.3051767349243164,,,,,3.5144973133534974,0.8599344370841104,0.8486842105263158,0.8131975469729823
openml:531,regression,354,13,mcar,0.1,0.09531772575250837,0,xgboost,0.09780240058898926,,,,,4.442926595325613,0.7761571556401926,,
openml:531,regression,354,13,mcar,0.1,0.09531772575250837,0,catboost,0.20648527145385742,,,,,4.278617839556721,0.7924073681379828,,
openml:531,regression,354,13,mcar,0.3,0.29051383399209485,0,tabicl_impute,0.23952388763427734,,,,,4.80925564067505,0.7377227232055512,0.8157894736842105,1.0189699446998828
openml:531,regression,354,13,mcar,0.3,0.29051383399209485,0,tabicl_indicator,0.291395902633667,,,,,4.8821119151094114,0.7297159603796337,0.8355263157894737,1.0556661367981044
openml:531,regression,354,13,mcar,0.3,0.29051383399209485,0,tabicl_aware_zero,0.24266386032104492,,,,,4.80857723231338,0.7377967132618898,0.8092105263157895,1.0067751853108429
openml:531,regression,354,13,mcar,0.3,0.29051383399209485,0,tabicl_aware,0.2946326732635498,,,,,4.656880218020312,0.7540793067475196,0.8026315789473685,0.9664198545088696
openml:531,regression,354,13,mcar,0.3,0.29051383399209485,0,xgboost,0.09762859344482422,,,,,4.906457634105269,0.7270135781550943,,
openml:531,regression,354,13,mcar,0.3,0.29051383399209485,0,catboost,0.20058298110961914,,,,,5.111245525486646,0.7037499540071883,,
openml:531,regression,354,13,mcar,0.5,0.4905746427485558,0,tabicl_impute,0.2410736083984375,,,,,6.021304903096855,0.5888633637921188,0.8223684210526315,1.3876918188817329
openml:531,regression,354,13,mcar,0.5,0.4905746427485558,0,tabicl_indicator,0.2827129364013672,,,,,5.936692306700916,0.6003369295578174,0.8223684210526315,1.4117632664872073
openml:531,regression,354,13,mcar,0.5,0.4905746427485558,0,tabicl_aware_zero,0.24405598640441895,,,,,5.825070520454694,0.6152245855670072,0.8355263157894737,1.3484287152385632
openml:531,regression,354,13,mcar,0.5,0.4905746427485558,0,tabicl_aware,0.3073134422302246,,,,,5.541425063740931,0.6517846842158856,0.8289473684210527,1.2947592826259477
openml:531,regression,354,13,mcar,0.5,0.4905746427485558,0,xgboost,0.08305501937866211,,,,,5.6240853319803,0.6413186938598364,,
openml:531,regression,354,13,mcar,0.5,0.4905746427485558,0,catboost,0.17552518844604492,,,,,6.144574443502144,0.571857283642716,,
openml:531,regression,354,13,mar,0.1,0.10063849194283978,0,tabicl_impute,0.24154305458068848,,,,,4.020740236483258,0.8166769932099976,0.7960526315789473,0.7358851285292294
openml:531,regression,354,13,mar,0.1,0.10063849194283978,0,tabicl_indicator,0.28899478912353516,,,,,4.013320291460791,0.8173529839182899,0.7697368421052632,0.7178756685992288
openml:531,regression,354,13,mar,0.1,0.10063849194283978,0,tabicl_aware_zero,0.24555420875549316,,,,,3.946186856222763,0.8234123890098503,0.8026315789473685,0.7244694505580195
openml:531,regression,354,13,mar,0.1,0.10063849194283978,0,tabicl_aware,0.3068363666534424,,,,,3.8489319931957775,0.8320092322443007,0.7894736842105263,0.7093528438806546
openml:531,regression,354,13,mar,0.1,0.10063849194283978,0,xgboost,0.09855461120605469,,,,,4.096683806485662,0.809686397565238,,
openml:531,regression,354,13,mar,0.1,0.10063849194283978,0,catboost,0.20701098442077637,,,,,4.045947139378885,0.8143712037254818,,
openml:531,regression,354,13,mar,0.3,0.2842809364548495,0,tabicl_impute,0.2402973175048828,,,,,4.752588036287795,0.7438671508200494,0.8092105263157895,0.895507653638535
openml:531,regression,354,13,mar,0.3,0.2842809364548495,0,tabicl_indicator,0.29036426544189453,,,,,4.755769147455325,0.7435241546475839,0.8157894736842105,0.8963349230421254
openml:531,regression,354,13,mar,0.3,0.2842809364548495,0,tabicl_aware_zero,0.24573421478271484,,,,,4.791209284833247,0.7396873801226675,0.7960526315789473,0.9068548325657084
openml:531,regression,354,13,mar,0.3,0.2842809364548495,0,tabicl_aware,0.3501560688018799,,,,,4.784024416323379,0.7404675212018496,0.8026315789473685,0.9015082511403688
openml:531,regression,354,13,mar,0.3,0.2842809364548495,0,xgboost,0.10129833221435547,,,,,4.165792088910952,0.8032113159833547,,
openml:531,regression,354,13,mar,0.3,0.2842809364548495,0,catboost,0.19667840003967285,,,,,4.180608870232732,0.801808960699355,,
openml:531,regression,354,13,mar,0.5,0.49619945272119187,0,tabicl_impute,0.24102377891540527,,,,,5.3852147464383435,0.6711400454609978,0.75,1.1968274840413464
openml:531,regression,354,13,mar,0.5,0.49619945272119187,0,tabicl_indicator,0.2835967540740967,,,,,5.575091126410229,0.6475407761042743,0.7763157894736842,1.2190948018954357
openml:531,regression,354,13,mar,0.5,0.49619945272119187,0,tabicl_aware_zero,0.25490760803222656,,,,,5.4558138669649106,0.6624609448808099,0.75,1.2352993704093662
openml:531,regression,354,13,mar,0.5,0.49619945272119187,0,tabicl_aware,0.31374549865722656,,,,,5.234096974247876,0.6893377601425952,0.7631578947368421,1.1620855204151708
openml:531,regression,354,13,mar,0.5,0.49619945272119187,0,xgboost,0.07929229736328125,,,,,5.992976667383411,0.5927227858364942,,
openml:531,regression,354,13,mar,0.5,0.49619945272119187,0,catboost,0.16907072067260742,,,,,5.110079297965439,0.7038851287075476,,
openml:531,regression,354,13,mnar,0.1,0.09592581331711766,0,tabicl_impute,0.24201226234436035,,,,,4.004678284884856,0.8181387359396955,0.8157894736842105,0.7894501115246594
openml:531,regression,354,13,mnar,0.1,0.09592581331711766,0,tabicl_indicator,0.295224666595459,,,,,3.913581651578096,0.8263184292594077,0.8486842105263158,0.7442284542702876
openml:531,regression,354,13,mnar,0.1,0.09592581331711766,0,tabicl_aware_zero,0.24794673919677734,,,,,3.953165411348175,0.8227872711103936,0.8223684210526315,0.7968155613650091
openml:531,regression,354,13,mnar,0.1,0.09592581331711766,0,tabicl_aware,0.30323028564453125,,,,,3.833402650019432,0.8333620872353082,0.8486842105263158,0.7781961095773281
openml:531,regression,354,13,mnar,0.1,0.09592581331711766,0,xgboost,0.09461331367492676,,,,,3.986364659639465,0.8197982568432571,,
openml:531,regression,354,13,mnar,0.1,0.09592581331711766,0,catboost,0.20489764213562012,,,,,3.4506685317346504,0.8649758579667584,,
openml:531,regression,354,13,mnar,0.3,0.2900577683186379,0,tabicl_impute,0.2390151023864746,,,,,3.965846369578962,0.8216485221308357,0.8092105263157895,0.832998137577071
openml:531,regression,354,13,mnar,0.3,0.2900577683186379,0,tabicl_indicator,0.2912330627441406,,,,,3.8655705451312694,0.8305536780078627,0.8552631578947368,0.8449482502691739
openml:531,regression,354,13,mnar,0.3,0.2900577683186379,0,tabicl_aware_zero,0.2423703670501709,,,,,3.9445998897122365,0.8235543905347535,0.8355263157894737,0.8557657167965035
openml:531,regression,354,13,mnar,0.3,0.2900577683186379,0,tabicl_aware,0.304685115814209,,,,,3.998690016811544,0.8186822101954452,0.7763157894736842,0.8441470805754685
openml:531,regression,354,13,mnar,0.3,0.2900577683186379,0,xgboost,0.09435129165649414,,,,,4.13195086618839,0.8063955938868557,,
openml:531,regression,354,13,mnar,0.3,0.2900577683186379,0,catboost,0.19365930557250977,,,,,4.733161011401494,0.7459568456445542,,
openml:531,regression,354,13,mnar,0.5,0.4954393432654302,0,tabicl_impute,0.23848867416381836,,,,,4.792326654678411,0.7395659496564935,0.8486842105263158,0.979931481361248
openml:531,regression,354,13,mnar,0.5,0.4954393432654302,0,tabicl_indicator,0.2749044895172119,,,,,4.83122401655668,0.7353211184601505,0.8223684210526315,0.9864063420738314
openml:531,regression,354,13,mnar,0.5,0.4954393432654302,0,tabicl_aware_zero,0.244903564453125,,,,,4.602150370904509,0.7598256914005028,0.8157894736842105,0.9481944372517471
openml:531,regression,354,13,mnar,0.5,0.4954393432654302,0,tabicl_aware,0.3061482906341553,,,,,4.645947423659376,0.7552326301212416,0.8355263157894737,0.9310097586206979
openml:531,regression,354,13,mnar,0.5,0.4954393432654302,0,xgboost,0.08049631118774414,,,,,4.612815567861878,0.7587112235259984,,
openml:531,regression,354,13,mnar,0.5,0.4954393432654302,0,catboost,0.1694962978363037,,,,,4.502746096557012,0.7700889438312513,,
openml:531,regression,354,13,block,0.1,0.07692307692307693,0,tabicl_impute,0.25008320808410645,,,,,3.5619612859012966,0.8561256649241593,0.8355263157894737,0.636678709482504
openml:531,regression,354,13,block,0.1,0.07692307692307693,0,tabicl_indicator,0.31092262268066406,,,,,3.558208064199214,0.8564287045923702,0.8486842105263158,0.6359008467281706
openml:531,regression,354,13,block,0.1,0.07692307692307693,0,tabicl_aware_zero,0.2522265911102295,,,,,3.552463978518891,0.8568918704072237,0.8421052631578947,0.6350606290249293
openml:531,regression,354,13,block,0.1,0.07692307692307693,0,tabicl_aware,0.31595420837402344,,,,,3.4125334654992203,0.8679438055453161,0.8421052631578947,0.6269118832221573
openml:531,regression,354,13,block,0.1,0.07692307692307693,0,xgboost,0.08311247825622559,,,,,3.5956565967678187,0.8533907556967152,,
openml:531,regression,354,13,block,0.1,0.07692307692307693,0,catboost,0.2045133113861084,,,,,3.353747997612736,0.8724543085707623,,
openml:531,regression,354,13,block,0.3,0.3076923076923077,0,tabicl_impute,0.24916887283325195,,,,,3.8019224849869864,0.8360877333947426,0.8355263157894737,0.8666091814784268
openml:531,regression,354,13,block,0.3,0.3076923076923077,0,tabicl_indicator,0.2723965644836426,,,,,3.7808830781785505,0.8378968574601405,0.8421052631578947,0.893055093351682
openml:531,regression,354,13,block,0.3,0.3076923076923077,0,tabicl_aware_zero,0.24350500106811523,,,,,3.7718702603156617,0.8386687748695218,0.8157894736842105,0.8481246458953455
openml:531,regression,354,13,block,0.3,0.3076923076923077,0,tabicl_aware,0.30704832077026367,,,,,3.6083569056309326,0.8523532422342834,0.8026315789473685,0.8332342028518862
openml:531,regression,354,13,block,0.3,0.3076923076923077,0,xgboost,0.07387065887451172,,,,,4.0996534047887545,0.8094103890608436,,
openml:531,regression,354,13,block,0.3,0.3076923076923077,0,catboost,0.21740102767944336,,,,,3.9381294764943187,0.8241327709421962,,
openml:531,regression,354,13,block,0.5,0.46153846153846156,0,tabicl_impute,0.24913430213928223,,,,,4.815165615217264,0.7370777150983026,0.8486842105263158,1.0146422675129694
openml:531,regression,354,13,block,0.5,0.46153846153846156,0,tabicl_indicator,0.29971861839294434,,,,,4.872278569715348,0.7308036534727995,0.8421052631578947,1.014223453491314
openml:531,regression,354,13,block,0.5,0.46153846153846156,0,tabicl_aware_zero,0.249068021774292,,,,,4.830691706344535,0.7353794405372528,0.8223684210526315,0.9904086361071597
openml:531,regression,354,13,block,0.5,0.46153846153846156,0,tabicl_aware,0.31007981300354004,,,,,4.808804265581461,0.7377719532251809,0.8289473684210527,0.9912711451968591
openml:531,regression,354,13,block,0.5,0.46153846153846156,0,xgboost,0.08025836944580078,,,,,5.076235288810288,0.7077944721718774,,
openml:531,regression,354,13,block,0.5,0.46153846153846156,0,catboost,0.1978466510772705,,,,,4.74566150209773,0.7446131949149442,,
openml:531,regression,354,13,none,0.0,0.0,1,tabicl_impute,0.24733471870422363,,,,,2.7680781422985046,0.9054523503525576,0.8223684210526315,0.6498065489826644
openml:531,regression,354,13,none,0.0,0.0,1,tabicl_indicator,0.24845123291015625,,,,,2.7680781422985046,0.9054523503525576,0.8223684210526315,0.6498065489826644
openml:531,regression,354,13,none,0.0,0.0,1,tabicl_aware_zero,0.2458031177520752,,,,,2.7680781422985046,0.9054523503525576,0.8223684210526315,0.6498065489826644
openml:531,regression,354,13,none,0.0,0.0,1,tabicl_aware,0.30596423149108887,,,,,2.8900653893594717,0.8969354329424173,0.8223684210526315,0.6445766049513508
openml:531,regression,354,13,none,0.0,0.0,1,xgboost,0.0734100341796875,,,,,2.893635924146873,0.8966806131423519,,
openml:531,regression,354,13,none,0.0,0.0,1,catboost,0.20887398719787598,,,,,2.9217150626739516,0.8946657119380619,,
openml:531,regression,354,13,mcar,0.1,0.09622985709942232,1,tabicl_impute,0.29227280616760254,,,,,3.8702565912203912,0.8151695320366543,0.8289473684210527,0.8557514658819572
openml:531,regression,354,13,mcar,0.1,0.09622985709942232,1,tabicl_indicator,0.3118410110473633,,,,,3.808570213968838,0.8210144468105648,0.8223684210526315,0.8596046014705803
openml:531,regression,354,13,mcar,0.1,0.09622985709942232,1,tabicl_aware_zero,0.24944233894348145,,,,,3.7066487135170596,0.8304659631706668,0.8157894736842105,0.8423733350485227
openml:531,regression,354,13,mcar,0.1,0.09622985709942232,1,tabicl_aware,0.30850768089294434,,,,,3.6252327664851793,0.837831746848922,0.7894736842105263,0.8053406149976724
openml:531,regression,354,13,mcar,0.1,0.09622985709942232,1,xgboost,0.1106867790222168,,,,,3.8804420420702304,0.814195405995596,,
openml:531,regression,354,13,mcar,0.1,0.09622985709942232,1,catboost,0.20668601989746094,,,,,4.42568246303083,0.7583123012807443,,
openml:531,regression,354,13,mcar,0.3,0.3055640012161751,1,tabicl_impute,0.24724888801574707,,,,,4.450556827510502,0.7555878751281246,0.8223684210526315,1.0544662978041264
openml:531,regression,354,13,mcar,0.3,0.3055640012161751,1,tabicl_indicator,0.3063657283782959,,,,,4.52574538758865,0.747259825988599,0.8157894736842105,1.0486250451036676
openml:531,regression,354,13,mcar,0.3,0.3055640012161751,1,tabicl_aware_zero,0.2498466968536377,,,,,4.495498618630281,0.7506267976718939,0.8157894736842105,1.0215213105254746
openml:531,regression,354,13,mcar,0.3,0.3055640012161751,1,tabicl_aware,0.3115983009338379,,,,,4.421941482010393,0.7587207205325354,0.8355263157894737,1.0073995029123157
openml:531,regression,354,13,mcar,0.3,0.3055640012161751,1,xgboost,0.0966341495513916,,,,,5.2517608185558,0.6596671091514659,,
openml:531,regression,354,13,mcar,0.3,0.3055640012161751,1,catboost,0.19847822189331055,,,,,5.413927964527304,0.6383245828228411,,
openml:531,regression,354,13,mcar,0.5,0.5024323502584372,1,tabicl_impute,0.25015807151794434,,,,,5.989690363819119,0.5573068626569573,0.7631578947368421,1.19902286824287
openml:531,regression,354,13,mcar,0.5,0.5024323502584372,1,tabicl_indicator,0.2895650863647461,,,,,5.938865301866467,0.5647878655634988,0.7763157894736842,1.2048914526540366
openml:531,regression,354,13,mcar,0.5,0.5024323502584372,1,tabicl_aware_zero,0.24694156646728516,,,,,5.873745988955976,0.5742796915554247,0.7236842105263158,1.0573091135283292
openml:531,regression,354,13,mcar,0.5,0.5024323502584372,1,tabicl_aware,0.3063821792602539,,,,,5.71735476576929,0.5966478949198566,0.7302631578947368,1.0855779417280904
openml:531,regression,354,13,mcar,0.5,0.5024323502584372,1,xgboost,0.09088373184204102,,,,,6.123754140610414,0.5372679962847231,,
openml:531,regression,354,13,mcar,0.5,0.5024323502584372,1,catboost,0.1725292205810547,,,,,5.895025716511267,0.5711894584061932,,
openml:531,regression,354,13,mar,0.1,0.09562176953481301,1,tabicl_impute,0.2514057159423828,,,,,3.2172502040761946,0.8722785855722779,0.8618421052631579,0.83739038281378
openml:531,regression,354,13,mar,0.1,0.09562176953481301,1,tabicl_indicator,0.30745553970336914,,,,,3.2133779883176405,0.8725858462565745,0.8421052631578947,0.8229578623808305
openml:531,regression,354,13,mar,0.1,0.09562176953481301,1,tabicl_aware_zero,0.2517964839935303,,,,,3.2496246847633654,0.8696951875968607,0.8552631578947368,0.8309227254411687
openml:531,regression,354,13,mar,0.1,0.09562176953481301,1,tabicl_aware,0.31887030601501465,,,,,3.3314924526448793,0.8630469487197646,0.8618421052631579,0.797796745031725
openml:531,regression,354,13,mar,0.1,0.09562176953481301,1,xgboost,0.1253647804260254,,,,,4.26616393737478,0.7754210093252031,,
openml:531,regression,354,13,mar,0.1,0.09562176953481301,1,catboost,0.19399189949035645,,,,,3.856703340640196,0.8164617809430794,,
openml:531,regression,354,13,mar,0.3,0.30617208878078445,1,tabicl_impute,0.2889828681945801,,,,,4.788471138486619,0.7170642709581148,0.7894736842105263,0.919040001857879
openml:531,regression,354,13,mar,0.3,0.30617208878078445,1,tabicl_indicator,0.303272008895874,,,,,4.914197343296065,0.7020116874911821,0.8223684210526315,0.910991978359922
openml:531,regression,354,13,mar,0.3,0.30617208878078445,1,tabicl_aware_zero,0.2520732879638672,,,,,4.850562337409319,0.7096791505668817,0.7894736842105263,0.8909359054804072
openml:531,regression,354,13,mar,0.3,0.30617208878078445,1,tabicl_aware,0.3119790554046631,,,,,4.755470610206883,0.7209506281825974,0.7960526315789473,0.9079379245304813
openml:531,regression,354,13,mar,0.3,0.30617208878078445,1,xgboost,0.0941615104675293,,,,,5.042514118559201,0.6862467082294406,,
openml:531,regression,354,13,mar,0.3,0.30617208878078445,1,catboost,0.19767498970031738,,,,,5.244468755586939,0.6606115565539629,,
openml:531,regression,354,13,mar,0.5,0.4887503800547279,1,tabicl_impute,0.24728155136108398,,,,,4.472535584474867,0.7531678907485853,0.7697368421052632,1.103955974694381
openml:531,regression,354,13,mar,0.5,0.4887503800547279,1,tabicl_indicator,0.28253173828125,,,,,4.623568630142819,0.7362158708713124,0.7697368421052632,1.106274402945701
openml:531,regression,354,13,mar,0.5,0.4887503800547279,1,tabicl_aware_zero,0.24357867240905762,,,,,4.798882049776437,0.7158326373880325,0.743421052631579,1.0610910595448761
openml:531,regression,354,13,mar,0.5,0.4887503800547279,1,tabicl_aware,0.30785393714904785,,,,,4.557709602963186,0.7436771365617388,0.7631578947368421,1.065479388166429
openml:531,regression,354,13,mar,0.5,0.4887503800547279,1,xgboost,0.08624100685119629,,,,,5.4644645923186514,0.6315409078577994,,
openml:531,regression,354,13,mar,0.5,0.4887503800547279,1,catboost,0.17105555534362793,,,,,5.594098090957073,0.6138516353894048,,
openml:531,regression,354,13,mnar,0.1,0.09622985709942232,1,tabicl_impute,0.24610662460327148,,,,,4.309163459559036,0.7708710408793595,0.8552631578947368,0.9390658827313794
openml:531,regression,354,13,mnar,0.1,0.09622985709942232,1,tabicl_indicator,0.2934873104095459,,,,,3.6209679980752787,0.8382130758715644,0.8223684210526315,0.8837397732679421
openml:531,regression,354,13,mnar,0.1,0.09622985709942232,1,tabicl_aware_zero,0.2456495761871338,,,,,3.970092421254188,0.8055108943782593,0.8552631578947368,0.9382050397809463
openml:531,regression,354,13,mnar,0.1,0.09622985709942232,1,tabicl_aware,0.30924034118652344,,,,,3.9037352738206414,0.8119580426799659,0.8486842105263158,0.8981437437162569
openml:531,regression,354,13,mnar,0.1,0.09622985709942232,1,xgboost,0.09924888610839844,,,,,3.5237346309189728,0.846785300213226,,
openml:531,regression,354,13,mnar,0.1,0.09622985709942232,1,catboost,0.20713472366333008,,,,,3.6332264369356366,0.8371157934992226,,
openml:531,regression,354,13,mnar,0.3,0.3066281544542414,1,tabicl_impute,0.2506871223449707,,,,,3.8160135989423147,0.8203141523849724,0.8157894736842105,0.8989192015549439
openml:531,regression,354,13,mnar,0.3,0.3066281544542414,1,tabicl_indicator,0.30095767974853516,,,,,3.6537892827372493,0.8352668358212679,0.8157894736842105,0.8982514815061401
openml:531,regression,354,13,mnar,0.3,0.3066281544542414,1,tabicl_aware_zero,0.25171899795532227,,,,,4.033649844236673,0.7992338757107107,0.8223684210526315,0.907271475724036
openml:531,regression,354,13,mnar,0.3,0.3066281544542414,1,tabicl_aware,0.31211376190185547,,,,,4.068226528066859,0.7957771653136726,0.8092105263157895,0.8840988462657876
openml:531,regression,354,13,mnar,0.3,0.3066281544542414,1,xgboost,0.09591436386108398,,,,,3.80366678656851,0.8214750278928769,,
openml:531,regression,354,13,mnar,0.3,0.3066281544542414,1,catboost,0.19323396682739258,,,,,4.262853293164279,0.775769431307549,,
openml:531,regression,354,13,mnar,0.5,0.5025843721495895,1,tabicl_impute,0.28727054595947266,,,,,4.632963835512612,0.7351427499751388,0.756578947368421,0.9530334462717064
openml:531,regression,354,13,mnar,0.5,0.5025843721495895,1,tabicl_indicator,0.2855522632598877,,,,,4.6216866566091825,0.7364305681128257,0.7697368421052632,0.9469599799670944
openml:531,regression,354,13,mnar,0.5,0.5025843721495895,1,tabicl_aware_zero,0.2447798252105713,,,,,4.771350402379933,0.7190838751505788,0.7697368421052632,0.9400531083596203
openml:531,regression,354,13,mnar,0.5,0.5025843721495895,1,tabicl_aware,0.3058919906616211,,,,,4.758413935264647,0.7206050946901403,0.7697368421052632,0.9356678519071004
openml:531,regression,354,13,mnar,0.5,0.5025843721495895,1,xgboost,0.10234689712524414,,,,,5.409710535940033,0.6388878508000588,,
openml:531,regression,354,13,mnar,0.5,0.5025843721495895,1,catboost,0.1760404109954834,,,,,4.964899079981636,0.6958310381446429,,
openml:531,regression,354,13,block,0.1,0.07692307692307693,1,tabicl_impute,0.24901819229125977,,,,,3.4262206570996865,0.8551479307635641,0.8486842105263158,0.7032041308198208
openml:531,regression,354,13,block,0.1,0.07692307692307693,1,tabicl_indicator,0.26409149169921875,,,,,3.4557825408513723,0.85263754178147,0.8289473684210527,0.7043965561520968
openml:531,regression,354,13,block,0.1,0.07692307692307693,1,tabicl_aware_zero,0.24960851669311523,,,,,3.4446837007491897,0.8535825815301519,0.8421052631578947,0.7114277446685462
openml:531,regression,354,13,block,0.1,0.07692307692307693,1,tabicl_aware,0.310091495513916,,,,,3.5255654982562015,0.8466260438025027,0.8092105263157895,0.6999601851630788
openml:531,regression,354,13,block,0.1,0.07692307692307693,1,xgboost,0.08741927146911621,,,,,3.7442080654046417,0.8270127900617288,,
openml:531,regression,354,13,block,0.1,0.07692307692307693,1,catboost,0.22609829902648926,,,,,3.5091722307087014,0.8480490522645748,,
openml:531,regression,354,13,block,0.3,0.3076923076923077,1,tabicl_impute,0.24573826789855957,,,,,4.3703289447910585,0.7643202339758776,0.7763157894736842,0.9546899810016992
openml:531,regression,354,13,block,0.3,0.3076923076923077,1,tabicl_indicator,0.2854337692260742,,,,,4.325643488439713,0.769115121200892,0.7631578947368421,0.9499704937457563
openml:531,regression,354,13,block,0.3,0.3076923076923077,1,tabicl_aware_zero,0.2482445240020752,,,,,4.458546027536873,0.7547095985263301,0.75,0.9055614428781229
openml:531,regression,354,13,block,0.3,0.3076923076923077,1,tabicl_aware,0.30990028381347656,,,,,4.32150626567721,0.7695565655186276,0.7894736842105263,0.9300872038901348
openml:531,regression,354,13,block,0.3,0.3076923076923077,1,xgboost,0.08474922180175781,,,,,4.248761504238745,0.777249466818179,,
openml:531,regression,354,13,block,0.3,0.3076923076923077,1,catboost,0.1768202781677246,,,,,4.532252928758277,0.7465324763872044,,
openml:531,regression,354,13,block,0.5,0.38355123137731834,1,tabicl_impute,0.24570584297180176,,,,,4.776277299315327,0.7185034275790343,0.7302631578947368,0.841248603371837
openml:531,regression,354,13,block,0.5,0.38355123137731834,1,tabicl_indicator,0.2838301658630371,,,,,4.750652121337337,0.7215158362114327,0.7368421052631579,0.8432437123166446
openml:531,regression,354,13,block,0.5,0.38355123137731834,1,tabicl_aware_zero,0.24842286109924316,,,,,4.791652294750783,0.7166882170097698,0.743421052631579,0.82718760351816
openml:531,regression,354,13,block,0.5,0.38355123137731834,1,tabicl_aware,0.35443997383117676,,,,,4.848495894560694,0.7099264636038494,0.7171052631578947,0.8441864444623379
openml:531,regression,354,13,block,0.5,0.38355123137731834,1,xgboost,0.08128690719604492,,,,,5.624473735023736,0.6096467214345752,,
openml:531,regression,354,13,block,0.5,0.38355123137731834,1,catboost,0.19973444938659668,,,,,4.839010221555016,0.7110603621130316,,
openml:531,regression,354,13,none,0.0,0.0,2,tabicl_impute,0.24920272827148438,,,,,2.85614227553047,0.8725107794143011,0.75,0.6574282416187254
openml:531,regression,354,13,none,0.0,0.0,2,tabicl_indicator,0.2462167739868164,,,,,2.85614227553047,0.8725107794143011,0.75,0.6574282416187254
openml:531,regression,354,13,none,0.0,0.0,2,tabicl_aware_zero,0.24591469764709473,,,,,2.85614227553047,0.8725107794143011,0.75,0.6574282416187254
openml:531,regression,354,13,none,0.0,0.0,2,tabicl_aware,0.30557966232299805,,,,,2.872798705954484,0.8710194620512761,0.756578947368421,0.652099428389241
openml:531,regression,354,13,none,0.0,0.0,2,xgboost,0.07873201370239258,,,,,3.6279249269501377,0.7943018555175491,,
openml:531,regression,354,13,none,0.0,0.0,2,catboost,0.20511960983276367,,,,,2.8126887840158967,0.8763605245905307,,
openml:531,regression,354,13,mcar,0.1,0.09805411979325022,2,tabicl_impute,0.24429631233215332,,,,,3.3446522910983028,0.8251700869172996,0.8223684210526315,0.9130118179619807
openml:531,regression,354,13,mcar,0.1,0.09805411979325022,2,tabicl_indicator,0.2959134578704834,,,,,3.3148729381539663,0.8282694490066627,0.8157894736842105,0.9006333984711691
openml:531,regression,354,13,mcar,0.1,0.09805411979325022,2,tabicl_aware_zero,0.24639368057250977,,,,,3.300426408108327,0.8297630233241855,0.8289473684210527,0.9170003952911319
openml:531,regression,354,13,mcar,0.1,0.09805411979325022,2,tabicl_aware,0.3124525547027588,,,,,3.3725401192224504,0.8222424563515096,0.8223684210526315,0.89338487003756
openml:531,regression,354,13,mcar,0.1,0.09805411979325022,2,xgboost,0.1082770824432373,,,,,3.617993140379295,0.7954265500610547,,
openml:531,regression,354,13,mcar,0.1,0.09805411979325022,2,catboost,0.20277833938598633,,,,,3.7895706466622743,0.7755633351109606,,
openml:531,regression,354,13,mcar,0.3,0.29629066585588326,2,tabicl_impute,0.2444462776184082,,,,,4.955797602918513,0.6161682345923558,0.8223684210526315,1.1640963673023512
openml:531,regression,354,13,mcar,0.3,0.29629066585588326,2,tabicl_indicator,0.3011484146118164,,,,,4.944506964581097,0.6179151860700411,0.8355263157894737,1.1648500897915126
openml:531,regression,354,13,mcar,0.3,0.29629066585588326,2,tabicl_aware_zero,0.24691390991210938,,,,,4.886113184553949,0.6268866082838331,0.8552631578947368,1.120269824767446
openml:531,regression,354,13,mcar,0.3,0.29629066585588326,2,tabicl_aware,0.307814359664917,,,,,4.9382318381202,0.6188843864834057,0.8157894736842105,1.1107979819018334
openml:531,regression,354,13,mcar,0.3,0.29629066585588326,2,xgboost,0.09456992149353027,,,,,4.863441466688117,0.6303410907880311,,
openml:531,regression,354,13,mcar,0.3,0.29629066585588326,2,catboost,0.19544315338134766,,,,,4.887528450964481,0.6266704318235619,,
openml:531,regression,354,13,mcar,0.5,0.49863180297962906,2,tabicl_impute,0.24541735649108887,,,,,5.701780373796332,0.4919168871837163,0.8289473684210527,1.4936900793952335
openml:531,regression,354,13,mcar,0.5,0.49863180297962906,2,tabicl_indicator,0.33381175994873047,,,,,5.751049440554212,0.4830982609838753,0.8223684210526315,1.4934376860846428
openml:531,regression,354,13,mcar,0.5,0.49863180297962906,2,tabicl_aware_zero,0.2494492530822754,,,,,5.779778919420798,0.47792097629327646,0.8157894736842105,1.3830104265372825
openml:531,regression,354,13,mcar,0.5,0.49863180297962906,2,tabicl_aware,0.3089170455932617,,,,,5.770630740094986,0.4795723518342673,0.7894736842105263,1.3891352265112917
openml:531,regression,354,13,mcar,0.5,0.49863180297962906,2,xgboost,0.08813023567199707,,,,,6.383574590771447,0.36314338267905544,,
openml:531,regression,354,13,mcar,0.5,0.49863180297962906,2,catboost,0.1705796718597412,,,,,6.482504520820344,0.3432509585436294,,
openml:531,regression,354,13,mar,0.1,0.10048647005168744,2,tabicl_impute,0.24957489967346191,,,,,3.087948965680935,0.850976753860213,0.7960526315789473,0.8088134393334315
openml:531,regression,354,13,mar,0.1,0.10048647005168744,2,tabicl_indicator,0.2973511219024658,,,,,2.937291595084037,0.8651633617575101,0.8157894736842105,0.7918265468977784
openml:531,regression,354,13,mar,0.1,0.10048647005168744,2,tabicl_aware_zero,0.24974632263183594,,,,,3.1208479637720017,0.8477844522371074,0.8092105263157895,0.8005124176802216
openml:531,regression,354,13,mar,0.1,0.10048647005168744,2,tabicl_aware,0.3142588138580322,,,,,3.080891701871138,0.851657137240206,0.7763157894736842,0.760621040947238
openml:531,regression,354,13,mar,0.1,0.10048647005168744,2,xgboost,0.10215950012207031,,,,,3.168972910986037,0.8430537857132983,,
openml:531,regression,354,13,mar,0.1,0.10048647005168744,2,catboost,0.20471954345703125,,,,,3.7789883277691794,0.7768150569655862,,
openml:531,regression,354,13,mar,0.3,0.2956825782912739,2,tabicl_impute,0.24634456634521484,,,,,3.7334540655083557,0.7821611098469902,0.8421052631578947,1.1293241516322607
openml:531,regression,354,13,mar,0.3,0.2956825782912739,2,tabicl_indicator,0.3046114444732666,,,,,3.665348004039166,0.7900362985017413,0.8092105263157895,1.1484423786042535
openml:531,regression,354,13,mar,0.3,0.2956825782912739,2,tabicl_aware_zero,0.2470254898071289,,,,,3.662603426752091,0.7903506183731626,0.8355263157894737,1.1170504688081255
openml:531,regression,354,13,mar,0.3,0.2956825782912739,2,tabicl_aware,0.3107321262359619,,,,,3.682145437534448,0.7881074597250668,0.8421052631578947,1.0917849088740739
openml:531,regression,354,13,mar,0.3,0.2956825782912739,2,xgboost,0.17406702041625977,,,,,4.374327511245266,0.7009551117767137,,
openml:531,regression,354,13,mar,0.3,0.2956825782912739,2,catboost,0.18914031982421875,,,,,3.916339876408194,0.7602964089743052,,
openml:531,regression,354,13,mar,0.5,0.49665551839464883,2,tabicl_impute,0.25377440452575684,,,,,5.054472931845305,0.6007310467598125,0.8486842105263158,1.4488161701935642
openml:531,regression,354,13,mar,0.5,0.49665551839464883,2,tabicl_indicator,0.29296875,,,,,5.086324420293865,0.5956830899877226,0.8223684210526315,1.417883265709564
openml:531,regression,354,13,mar,0.5,0.49665551839464883,2,tabicl_aware_zero,0.24712014198303223,,,,,5.066771247982056,0.5987857164826826,0.8289473684210527,1.546957705478731
openml:531,regression,354,13,mar,0.5,0.49665551839464883,2,tabicl_aware,0.30628085136413574,,,,,4.871003678165555,0.6291906247271603,0.8486842105263158,1.4742129937246684
openml:531,regression,354,13,mar,0.5,0.49665551839464883,2,xgboost,0.07871222496032715,,,,,5.660517739284824,0.49924406824954903,,
openml:531,regression,354,13,mar,0.5,0.49665551839464883,2,catboost,0.15694761276245117,,,,,5.473951895645435,0.531709072384424,,
openml:531,regression,354,13,mnar,0.1,0.0985101854667072,2,tabicl_impute,0.29294443130493164,,,,,3.4926021779753467,0.8093608767796334,0.8355263157894737,0.9130057972429515
openml:531,regression,354,13,mnar,0.1,0.0985101854667072,2,tabicl_indicator,0.3005256652832031,,,,,3.675838919533859,0.7888326672316922,0.7828947368421053,0.8495790125472401
openml:531,regression,354,13,mnar,0.1,0.0985101854667072,2,tabicl_aware_zero,0.25078797340393066,,,,,3.4129817043259902,0.8179537608535513,0.8289473684210527,0.9043529509985497
openml:531,regression,354,13,mnar,0.1,0.0985101854667072,2,tabicl_aware,0.312255859375,,,,,3.4445888888125107,0.8145663342862834,0.8223684210526315,0.8777429227775204
openml:531,regression,354,13,mnar,0.1,0.0985101854667072,2,xgboost,0.10205435752868652,,,,,3.4863959262613413,0.8100377950827617,,
openml:531,regression,354,13,mnar,0.1,0.0985101854667072,2,catboost,0.18074464797973633,,,,,3.785419991226275,0.7760547095642025,,
openml:531,regression,354,13,mnar,0.3,0.2953785345089693,2,tabicl_impute,0.24686837196350098,,,,,3.6478380661566536,0.7920375654355104,0.7105263157894737,0.8883820101907657
openml:531,regression,354,13,mnar,0.3,0.2953785345089693,2,tabicl_indicator,0.2987537384033203,,,,,3.5456521598539967,0.8035255660447977,0.7236842105263158,0.8738935969300745
openml:531,regression,354,13,mnar,0.3,0.2953785345089693,2,tabicl_aware_zero,0.24936509132385254,,,,,3.6168855058933476,0.7955517896146136,0.7631578947368421,0.8834674343527066
openml:531,regression,354,13,mnar,0.3,0.2953785345089693,2,tabicl_aware,0.3105490207672119,,,,,3.516860871425868,0.8067034216021387,0.7631578947368421,0.8762293378580095
openml:531,regression,354,13,mnar,0.3,0.2953785345089693,2,xgboost,0.09191751480102539,,,,,3.4583877289960423,0.8130776836821043,,
openml:531,regression,354,13,mnar,0.3,0.2953785345089693,2,catboost,0.19305801391601562,,,,,3.5587716304154546,0.8020689034768851,,
openml:531,regression,354,13,mnar,0.5,0.5019762845849802,2,tabicl_impute,0.24706554412841797,,,,,5.813285008243044,0.4718503184301386,0.7894736842105263,1.409387017771001
openml:531,regression,354,13,mnar,0.5,0.5019762845849802,2,tabicl_indicator,0.2858140468597412,,,,,5.8259513706311665,0.4695462775076791,0.8092105263157895,1.4102565049765459
openml:531,regression,354,13,mnar,0.5,0.5019762845849802,2,tabicl_aware_zero,0.2475757598876953,,,,,5.749908547401518,0.48330332656902497,0.7894736842105263,1.5508926328363346
openml:531,regression,354,13,mnar,0.5,0.5019762845849802,2,tabicl_aware,0.30652666091918945,,,,,5.526637530796199,0.5226512882387342,0.7894736842105263,1.4762853132923057
openml:531,regression,354,13,mnar,0.5,0.5019762845849802,2,xgboost,0.10155105590820312,,,,,5.257301844347428,0.5680438955602924,,
openml:531,regression,354,13,mnar,0.5,0.5019762845849802,2,catboost,0.17311358451843262,,,,,6.016076678216678,0.43435947479030723,,
openml:531,regression,354,13,block,0.1,0.07692307692307693,2,tabicl_impute,0.2481687068939209,,,,,3.5435669429331447,0.8037565934128328,0.7368421052631579,0.7413097336887544
openml:531,regression,354,13,block,0.1,0.07692307692307693,2,tabicl_indicator,0.2560842037200928,,,,,3.559417003847101,0.8019971084493529,0.7368421052631579,0.7360134681086754
openml:531,regression,354,13,block,0.1,0.07692307692307693,2,tabicl_aware_zero,0.2447800636291504,,,,,3.540795872156924,0.8040633982510965,0.7302631578947368,0.7385886071318707
openml:531,regression,354,13,block,0.1,0.07692307692307693,2,tabicl_aware,0.3086965084075928,,,,,3.572572078009395,0.8005308255776873,0.7236842105263158,0.746645759858858
openml:531,regression,354,13,block,0.1,0.07692307692307693,2,xgboost,0.08854007720947266,,,,,5.240683455301705,0.5707704154682767,,
openml:531,regression,354,13,block,0.1,0.07692307692307693,2,catboost,0.20655608177185059,,,,,3.7044320063532497,0.7855346939056433,,
openml:531,regression,354,13,block,0.3,0.233201581027668,2,tabicl_impute,0.2962150573730469,,,,,3.0335455529087842,0.8561814742141304,0.75,0.7365672550372034
openml:531,regression,354,13,block,0.3,0.233201581027668,2,tabicl_indicator,0.2670471668243408,,,,,3.0566089433609367,0.8539863189045188,0.743421052631579,0.7338623426939429
openml:531,regression,354,13,block,0.3,0.233201581027668,2,tabicl_aware_zero,0.24519801139831543,,,,,3.1011853503258884,0.8496964499322501,0.7631578947368421,0.74273741904271
openml:531,regression,354,13,block,0.3,0.233201581027668,2,tabicl_aware,0.30800604820251465,,,,,3.078553494154638,0.8518822180535381,0.756578947368421,0.7478228402346078
openml:531,regression,354,13,block,0.3,0.233201581027668,2,xgboost,0.08053827285766602,,,,,3.838395053778731,0.7697428457359013,,
openml:531,regression,354,13,block,0.3,0.233201581027668,2,catboost,0.19135165214538574,,,,,3.243072810314429,0.8356282460985573,,
openml:531,regression,354,13,block,0.5,0.40650653694131955,2,tabicl_impute,0.25289273262023926,,,,,4.779119283492625,0.6430482367068313,0.7697368421052632,1.1844911059306948
openml:531,regression,354,13,block,0.5,0.40650653694131955,2,tabicl_indicator,0.29782986640930176,,,,,4.776583458777797,0.643426937009784,0.7828947368421053,1.170374844639304
openml:531,regression,354,13,block,0.5,0.40650653694131955,2,tabicl_aware_zero,0.24688315391540527,,,,,4.781441744732741,0.6427012237876211,0.7894736842105263,1.1336064923611737
openml:531,regression,354,13,block,0.5,0.40650653694131955,2,tabicl_aware,0.3090171813964844,,,,,4.741370731432937,0.6486648353496058,0.7828947368421053,1.1320418207465337
openml:531,regression,354,13,block,0.5,0.40650653694131955,2,xgboost,0.0807654857635498,,,,,3.9699843068173957,0.7536847102628892,,
openml:531,regression,354,13,block,0.5,0.40650653694131955,2,catboost,0.23010754585266113,,,,,4.415871367590006,0.6952479616092224,,
