dataset,task,n_train,n_features,mechanism,rate,actual_rate,seed,split,held_out_source,model,seconds,error,rmse,r2,coverage80,width80
diabetes,regression,309,10,none,0.0,0.0,0,random,,tabicl_aware,1.6978094577789307,,56.02447269441887,0.49005306132001114,0.7593984962406015,1.6967912194311086
diabetes,regression,309,10,none,0.0,0.0,0,random,,tabicl_aware_n32,0.38312554359436035,,56.04159780372132,0.4897412607320152,0.7669172932330827,1.6982870678874236
diabetes,regression,309,10,none,0.0,0.0,0,random,,tabicl_aware_med,0.2705881595611572,,56.480894171936704,0.48171032060257857,0.7593984962406015,1.6967912194311086
diabetes,regression,309,10,none,0.0,0.0,0,random,,tabicl_aware_ypow,0.5790650844573975,,56.05497297975818,0.4894976697156791,0.7593984962406015,1.6967912194311086
diabetes,regression,309,10,none,0.0,0.0,0,random,,tabicl_aware_n32_ypow,0.6206469535827637,,56.053043979635746,0.4895328045863674,0.7669172932330827,1.6982870678874236
diabetes,regression,309,10,block,0.3,0.3,0,random,,tabicl_aware,0.2738332748413086,,58.90588817238773,0.4362496157468143,0.7819548872180451,1.774810481635586
diabetes,regression,309,10,block,0.3,0.3,0,random,,tabicl_aware_n32,0.31216883659362793,,58.93761229255313,0.4356422299187823,0.7894736842105263,1.7751432597800088
diabetes,regression,309,10,block,0.3,0.3,0,random,,tabicl_aware_med,0.2724907398223877,,59.43619899055371,0.4260533969813678,0.7819548872180451,1.774810481635586
diabetes,regression,309,10,block,0.3,0.3,0,random,,tabicl_aware_ypow,0.5416462421417236,,58.95585345977142,0.4352928388548024,0.7819548872180451,1.774810481635586
diabetes,regression,309,10,block,0.3,0.3,0,random,,tabicl_aware_n32_ypow,0.6304523944854736,,58.96930236852594,0.4350351693993717,0.7894736842105263,1.7751432597800088
diabetes,regression,309,10,block,0.5,0.5,0,random,,tabicl_aware,0.2760486602783203,,65.47833625179676,0.30343009762822326,0.7218045112781954,1.888029152710676
diabetes,regression,309,10,block,0.5,0.5,0,random,,tabicl_aware_n32,0.31436705589294434,,65.37465745328943,0.3056342573018396,0.7293233082706767,1.8892367620027395
diabetes,regression,309,10,block,0.5,0.5,0,random,,tabicl_aware_med,0.3116452693939209,,66.35997873785541,0.28454568036134564,0.7218045112781954,1.888029152710676
diabetes,regression,309,10,block,0.5,0.5,0,random,,tabicl_aware_ypow,0.5459773540496826,,65.51972358485791,0.30254924807325123,0.7218045112781954,1.888029152710676
diabetes,regression,309,10,block,0.5,0.5,0,random,,tabicl_aware_n32_ypow,0.659172773361206,,65.39286854830407,0.3052473513582291,0.7293233082706767,1.8892367620027395
diabetes,regression,309,10,block_shift,0.3,0.3,0,random,,tabicl_aware,0.2942674160003662,,59.11401766152312,0.43225883088874584,0.7744360902255639,1.8279371217651212
diabetes,regression,309,10,block_shift,0.3,0.3,0,random,,tabicl_aware_n32,0.31784939765930176,,59.037626375673405,0.4337252328172161,0.7744360902255639,1.8317062086504323
diabetes,regression,309,10,block_shift,0.3,0.3,0,random,,tabicl_aware_med,0.2750544548034668,,59.39039599676059,0.42693765081559,0.7744360902255639,1.8279371217651212
diabetes,regression,309,10,block_shift,0.3,0.3,0,random,,tabicl_aware_ypow,0.5472126007080078,,59.10846613018651,0.4323654616006549,0.7744360902255639,1.8279371217651212
diabetes,regression,309,10,block_shift,0.3,0.3,0,random,,tabicl_aware_n32_ypow,0.6787095069885254,,59.033934336744935,0.4337960569082112,0.7744360902255639,1.8317062086504323
diabetes,regression,309,10,block_shift,0.5,0.5,0,random,,tabicl_aware,0.27703166007995605,,64.62419006173991,0.32148467685940296,0.7443609022556391,1.893524173700959
diabetes,regression,309,10,block_shift,0.5,0.5,0,random,,tabicl_aware_n32,0.3167572021484375,,64.72720945661491,0.31931966858654015,0.7518796992481203,1.900290986793159
diabetes,regression,309,10,block_shift,0.5,0.5,0,random,,tabicl_aware_med,0.2754197120666504,,65.38225479066031,0.30547286028529974,0.7443609022556391,1.893524173700959
diabetes,regression,309,10,block_shift,0.5,0.5,0,random,,tabicl_aware_ypow,0.5436751842498779,,64.74213091794473,0.3190058000901951,0.7443609022556391,1.893524173700959
diabetes,regression,309,10,block_shift,0.5,0.5,0,random,,tabicl_aware_n32_ypow,0.6293256282806396,,64.8592840655767,0.3165390046415295,0.7518796992481203,1.900290986793159
diabetes,regression,309,10,none,0.0,0.0,1,random,,tabicl_aware,0.27453088760375977,,57.174812720374646,0.44074138480453273,0.7518796992481203,1.6745028789597132
diabetes,regression,309,10,none,0.0,0.0,1,random,,tabicl_aware_n32,0.31488656997680664,,57.25212007403547,0.4392279899766103,0.7518796992481203,1.6752347466420692
diabetes,regression,309,10,none,0.0,0.0,1,random,,tabicl_aware_med,0.2748439311981201,,57.675776917601674,0.4308980309045013,0.7518796992481203,1.6745028789597132
diabetes,regression,309,10,none,0.0,0.0,1,random,,tabicl_aware_ypow,0.585284948348999,,57.16269631976513,0.44097839418339824,0.7518796992481203,1.6745028789597132
diabetes,regression,309,10,none,0.0,0.0,1,random,,tabicl_aware_n32_ypow,0.6244833469390869,,57.23962183571178,0.439472798281205,0.7518796992481203,1.6752347466420692
diabetes,regression,309,10,block,0.3,0.266289592760181,1,random,,tabicl_aware,0.2762138843536377,,59.672052372900396,0.39082070751416176,0.7518796992481203,1.7850997214020763
diabetes,regression,309,10,block,0.3,0.266289592760181,1,random,,tabicl_aware_n32,0.31650567054748535,,59.77785933331745,0.3886584707220688,0.7518796992481203,1.7849169041680872
diabetes,regression,309,10,block,0.3,0.266289592760181,1,random,,tabicl_aware_med,0.2758660316467285,,60.43727022072524,0.3750966367360735,0.7518796992481203,1.7850997214020763
diabetes,regression,309,10,block,0.3,0.266289592760181,1,random,,tabicl_aware_ypow,0.5451443195343018,,59.554598880538656,0.3932164628393362,0.7518796992481203,1.7850997214020763
diabetes,regression,309,10,block,0.3,0.266289592760181,1,random,,tabicl_aware_n32_ypow,0.6291916370391846,,59.66032940882086,0.3910600384972207,0.7518796992481203,1.7849169041680872
diabetes,regression,309,10,block,0.5,0.40226244343891404,1,random,,tabicl_aware,0.27762889862060547,,61.364083430465215,0.3557837358571099,0.7368421052631579,1.7635141153705693
diabetes,regression,309,10,block,0.5,0.40226244343891404,1,random,,tabicl_aware_n32,0.31641674041748047,,61.39574097621577,0.3551188659398744,0.7368421052631579,1.7642880948830255
diabetes,regression,309,10,block,0.5,0.40226244343891404,1,random,,tabicl_aware_med,0.277263879776001,,62.63504913172567,0.32882151515844804,0.7368421052631579,1.7635141153705693
diabetes,regression,309,10,block,0.5,0.40226244343891404,1,random,,tabicl_aware_ypow,0.5917716026306152,,61.209542106167085,0.35902448073337534,0.7368421052631579,1.7635141153705693
diabetes,regression,309,10,block,0.5,0.40226244343891404,1,random,,tabicl_aware_n32_ypow,0.6315093040466309,,61.239597723005254,0.3583948519612683,0.7368421052631579,1.7642880948830255
diabetes,regression,309,10,block_shift,0.3,0.26380090497737557,1,random,,tabicl_aware,0.2753627300262451,,58.47249213424117,0.41506664135293647,0.7819548872180451,1.782954013888302
diabetes,regression,309,10,block_shift,0.3,0.26380090497737557,1,random,,tabicl_aware_n32,0.3135814666748047,,58.55011631566711,0.41351257345527637,0.7819548872180451,1.7739203277943612
diabetes,regression,309,10,block_shift,0.3,0.26380090497737557,1,random,,tabicl_aware_med,0.27465105056762695,,59.200340851612495,0.40041384506511457,0.7819548872180451,1.782954013888302
diabetes,regression,309,10,block_shift,0.3,0.26380090497737557,1,random,,tabicl_aware_ypow,0.5438497066497803,,58.41700055045939,0.4161763418369131,0.7819548872180451,1.782954013888302
diabetes,regression,309,10,block_shift,0.3,0.26380090497737557,1,random,,tabicl_aware_n32_ypow,0.6252737045288086,,58.49717108211655,0.4145727822516909,0.7819548872180451,1.7739203277943612
diabetes,regression,309,10,block_shift,0.5,0.5,1,random,,tabicl_aware,0.32424306869506836,,62.76235523009716,0.3260903941887896,0.7744360902255639,1.9028875081027672
diabetes,regression,309,10,block_shift,0.5,0.5,1,random,,tabicl_aware_n32,0.31726861000061035,,62.873335177062735,0.3237049968788125,0.7593984962406015,1.9003835506599422
diabetes,regression,309,10,block_shift,0.5,0.5,1,random,,tabicl_aware_med,0.2767786979675293,,63.36825471261323,0.3130159191877252,0.7744360902255639,1.9028875081027672
diabetes,regression,309,10,block_shift,0.5,0.5,1,random,,tabicl_aware_ypow,0.5445723533630371,,62.67683345770855,0.3279257197396227,0.7744360902255639,1.9028875081027672
diabetes,regression,309,10,block_shift,0.5,0.5,1,random,,tabicl_aware_n32_ypow,0.6324343681335449,,62.76382155913705,0.3260589044601113,0.7593984962406015,1.9003835506599422
diabetes,regression,309,10,none,0.0,0.0,2,random,,tabicl_aware,0.27777600288391113,,57.32868008992409,0.45559606200529146,0.7443609022556391,1.7222127771234301
diabetes,regression,309,10,none,0.0,0.0,2,random,,tabicl_aware_n32,0.3135378360748291,,57.29971588827634,0.45614602206432064,0.7518796992481203,1.727873187745283
diabetes,regression,309,10,none,0.0,0.0,2,random,,tabicl_aware_med,0.2741098403930664,,57.854817884326465,0.4455576010181851,0.7443609022556391,1.7222127771234301
diabetes,regression,309,10,none,0.0,0.0,2,random,,tabicl_aware_ypow,0.5454421043395996,,57.36166426217337,0.4549694339736847,0.7443609022556391,1.7222127771234301
diabetes,regression,309,10,none,0.0,0.0,2,random,,tabicl_aware_n32_ypow,0.6810798645019531,,57.31646969032991,0.45582794181488995,0.7518796992481203,1.727873187745283
diabetes,regression,309,10,block,0.3,0.252262443438914,2,random,,tabicl_aware,0.287813663482666,,58.71787918713785,0.4288921964356157,0.7894736842105263,1.8281276359999836
diabetes,regression,309,10,block,0.3,0.252262443438914,2,random,,tabicl_aware_n32,0.32367491722106934,,58.764864935976135,0.42797783561823277,0.7894736842105263,1.8265891543425714
diabetes,regression,309,10,block,0.3,0.252262443438914,2,random,,tabicl_aware_med,0.2757105827331543,,59.45864254429412,0.41439152651316846,0.7894736842105263,1.8281276359999836
diabetes,regression,309,10,block,0.3,0.252262443438914,2,random,,tabicl_aware_ypow,0.6087961196899414,,58.746640111418216,0.42833258456696066,0.7894736842105263,1.8281276359999836
diabetes,regression,309,10,block,0.3,0.252262443438914,2,random,,tabicl_aware_n32_ypow,0.6671347618103027,,58.779970003265326,0.42768372981972336,0.7894736842105263,1.8265891543425714
diabetes,regression,309,10,block,0.5,0.46289592760181,2,random,,tabicl_aware,0.28023600578308105,,65.18824975359553,0.296091817187635,0.7593984962406015,1.9495205944206975
diabetes,regression,309,10,block,0.5,0.46289592760181,2,random,,tabicl_aware_n32,0.31540346145629883,,65.08009231228871,0.2984256656983718,0.7593984962406015,1.9547079130955618
diabetes,regression,309,10,block,0.5,0.46289592760181,2,random,,tabicl_aware_med,0.276104211807251,,66.22048516694579,0.2736229922179564,0.7593984962406015,1.9495205944206975
diabetes,regression,309,10,block,0.5,0.46289592760181,2,random,,tabicl_aware_ypow,0.6268517971038818,,65.13056438190783,0.29733704894181734,0.7593984962406015,1.9495205944206975
diabetes,regression,309,10,block,0.5,0.46289592760181,2,random,,tabicl_aware_n32_ypow,0.6385304927825928,,65.0516935945091,0.29903781801038853,0.7593984962406015,1.9547079130955618
diabetes,regression,309,10,block_shift,0.3,0.2,2,random,,tabicl_aware,0.294158935546875,,58.32184496328391,0.4365701128441002,0.8120300751879699,1.772431614946617
diabetes,regression,309,10,block_shift,0.3,0.2,2,random,,tabicl_aware_n32,0.5837125778198242,,58.238730431971646,0.43817485778470766,0.8270676691729323,1.7774959964862327
diabetes,regression,309,10,block_shift,0.3,0.2,2,random,,tabicl_aware_med,0.2813277244567871,,59.168319596473935,0.42009634914108596,0.8120300751879699,1.772431614946617
diabetes,regression,309,10,block_shift,0.3,0.2,2,random,,tabicl_aware_ypow,0.7648835182189941,,58.371042599084184,0.4356191446495825,0.8120300751879699,1.772431614946617
diabetes,regression,309,10,block_shift,0.3,0.2,2,random,,tabicl_aware_n32_ypow,0.6457593441009521,,58.285953501105666,0.4372633728071408,0.8270676691729323,1.7774959964862327
diabetes,regression,309,10,block_shift,0.5,0.43710407239819005,2,random,,tabicl_aware,0.28174901008605957,,62.94898755436187,0.3436207077936074,0.7518796992481203,2.035699526230196
diabetes,regression,309,10,block_shift,0.5,0.43710407239819005,2,random,,tabicl_aware_n32,0.3817739486694336,,62.839371232163096,0.3459046917542097,0.7593984962406015,2.041343047724842
diabetes,regression,309,10,block_shift,0.5,0.43710407239819005,2,random,,tabicl_aware_med,0.28537821769714355,,63.14859935974336,0.3394513384326965,0.7518796992481203,2.035699526230196
diabetes,regression,309,10,block_shift,0.5,0.43710407239819005,2,random,,tabicl_aware_ypow,0.6629257202148438,,62.92920832390255,0.3440331254717013,0.7518796992481203,2.035699526230196
diabetes,regression,309,10,block_shift,0.5,0.43710407239819005,2,random,,tabicl_aware_n32_ypow,0.7010293006896973,,62.802893208587584,0.3466638711748766,0.7593984962406015,2.041343047724842
diabetes,regression,309,10,none,0.0,0.0,3,random,,tabicl_aware,0.2784106731414795,,50.10829882625388,0.5440049961233523,0.8721804511278195,1.9268120774421038
diabetes,regression,309,10,none,0.0,0.0,3,random,,tabicl_aware_n32,0.3218522071838379,,50.13960665710348,0.5434350037389708,0.8646616541353384,1.9296099048447046
diabetes,regression,309,10,none,0.0,0.0,3,random,,tabicl_aware_med,0.276932954788208,,49.71804847360945,0.5510800418550605,0.8721804511278195,1.9268120774421038
diabetes,regression,309,10,none,0.0,0.0,3,random,,tabicl_aware_ypow,0.6072659492492676,,50.10941502457206,0.5439846806651425,0.8721804511278195,1.9268120774421038
diabetes,regression,309,10,none,0.0,0.0,3,random,,tabicl_aware_n32_ypow,0.6950888633728027,,50.15226755812771,0.5432043974601062,0.8646616541353384,1.9296099048447046
diabetes,regression,309,10,block,0.3,0.3,3,random,,tabicl_aware,0.359877347946167,,55.148029765032796,0.4476672824361986,0.8345864661654135,2.0067181596647874
diabetes,regression,309,10,block,0.3,0.3,3,random,,tabicl_aware_n32,0.3227112293243408,,55.049506131704796,0.44963903797563654,0.8345864661654135,2.0023980394309757
diabetes,regression,309,10,block,0.3,0.3,3,random,,tabicl_aware_med,0.2794928550720215,,55.094220814615774,0.44874459905283526,0.8345864661654135,2.0067181596647874
diabetes,regression,309,10,block,0.3,0.3,3,random,,tabicl_aware_ypow,0.5550837516784668,,55.171114150574766,0.447204784319159,0.8345864661654135,2.0067181596647874
diabetes,regression,309,10,block,0.3,0.3,3,random,,tabicl_aware_n32_ypow,0.6469707489013672,,55.08023623016112,0.4490244142202985,0.8345864661654135,2.0023980394309757
diabetes,regression,309,10,block,0.5,0.4276018099547511,3,random,,tabicl_aware,0.2840921878814697,,60.7939984068729,0.3287841822820192,0.8421052631578947,2.264378199404404
diabetes,regression,309,10,block,0.5,0.4276018099547511,3,random,,tabicl_aware_n32,0.32169008255004883,,60.88279271473425,0.3268220257922776,0.8421052631578947,2.254915225772162
diabetes,regression,309,10,block,0.5,0.4276018099547511,3,random,,tabicl_aware_med,0.27659034729003906,,60.75319560536235,0.32968487299946336,0.8421052631578947,2.264378199404404
diabetes,regression,309,10,block,0.5,0.4276018099547511,3,random,,tabicl_aware_ypow,0.5552701950073242,,60.8640752569872,0.32723587814244204,0.8421052631578947,2.264378199404404
diabetes,regression,309,10,block,0.5,0.4276018099547511,3,random,,tabicl_aware_n32_ypow,0.7451727390289307,,60.963722804937056,0.3250311564355164,0.8421052631578947,2.254915225772162
diabetes,regression,309,10,block_shift,0.3,0.3,3,random,,tabicl_aware,0.28043532371520996,,58.68748825406964,0.374493521306023,0.8270676691729323,2.000512600694062
diabetes,regression,309,10,block_shift,0.3,0.3,3,random,,tabicl_aware_n32,0.32622694969177246,,58.77515079988342,0.37262346535855995,0.8270676691729323,2.0023912535788306
diabetes,regression,309,10,block_shift,0.3,0.3,3,random,,tabicl_aware_med,0.2770235538482666,,59.18848603367468,0.3637684086336035,0.8270676691729323,2.000512600694062
diabetes,regression,309,10,block_shift,0.3,0.3,3,random,,tabicl_aware_ypow,0.64046311378479,,58.71184388653879,0.37397423627344306,0.8270676691729323,2.000512600694062
diabetes,regression,309,10,block_shift,0.3,0.3,3,random,,tabicl_aware_n32_ypow,1.433600902557373,,58.796334754119705,0.3721711411810833,0.8270676691729323,2.0023912535788306
diabetes,regression,309,10,block_shift,0.5,0.4671945701357466,3,random,,tabicl_aware,0.7349483966827393,,60.73904594837083,0.3299970746709483,0.8646616541353384,2.259702336012684
diabetes,regression,309,10,block_shift,0.5,0.4671945701357466,3,random,,tabicl_aware_n32,0.8673262596130371,,60.87275494266521,0.3270439817747124,0.8646616541353384,2.2529796128557513
diabetes,regression,309,10,block_shift,0.5,0.4671945701357466,3,random,,tabicl_aware_med,0.8574116230010986,,59.80219916505317,0.350506099459138,0.8646616541353384,2.259702336012684
diabetes,regression,309,10,block_shift,0.5,0.4671945701357466,3,random,,tabicl_aware_ypow,1.1604759693145752,,60.76227269131075,0.32948455555112577,0.8646616541353384,2.259702336012684
diabetes,regression,309,10,block_shift,0.5,0.4671945701357466,3,random,,tabicl_aware_n32_ypow,1.6252708435058594,,60.8893212392566,0.3266776469177495,0.8646616541353384,2.2529796128557513
diabetes,regression,309,10,none,0.0,0.0,4,random,,tabicl_aware,0.8784492015838623,,59.44683869434334,0.45833693432097544,0.7518796992481203,1.632308454582187
diabetes,regression,309,10,none,0.0,0.0,4,random,,tabicl_aware_n32,0.808276891708374,,59.5574782191273,0.4563188248885034,0.7518796992481203,1.6314020623804582
diabetes,regression,309,10,none,0.0,0.0,4,random,,tabicl_aware_med,0.42348337173461914,,59.33592967300212,0.46035619324355037,0.7518796992481203,1.632308454582187
diabetes,regression,309,10,none,0.0,0.0,4,random,,tabicl_aware_ypow,1.0982460975646973,,59.521992628511846,0.4569665051006644,0.7518796992481203,1.632308454582187
diabetes,regression,309,10,none,0.0,0.0,4,random,,tabicl_aware_n32_ypow,1.9267661571502686,,59.625019362289336,0.4550850026779061,0.7518796992481203,1.6314020623804582
diabetes,regression,309,10,block,0.3,0.2660633484162896,4,random,,tabicl_aware,0.6597709655761719,,63.125250581734605,0.38922967960784804,0.7593984962406015,1.8293773503189683
diabetes,regression,309,10,block,0.3,0.2660633484162896,4,random,,tabicl_aware_n32,0.5929031372070312,,63.17578437090187,0.3882514057050068,0.7518796992481203,1.8259760181822176
diabetes,regression,309,10,block,0.3,0.2660633484162896,4,random,,tabicl_aware_med,0.55434250831604,,63.08646514675378,0.38997998839340275,0.7593984962406015,1.8293773503189683
diabetes,regression,309,10,block,0.3,0.2660633484162896,4,random,,tabicl_aware_ypow,1.0176537036895752,,63.160245929387635,0.3885522947519111,0.7593984962406015,1.8293773503189683
diabetes,regression,309,10,block,0.3,0.2660633484162896,4,random,,tabicl_aware_n32_ypow,1.5186266899108887,,63.196175920883306,0.3878564279334378,0.7518796992481203,1.8259760181822176
diabetes,regression,309,10,block,0.5,0.4819004524886878,4,random,,tabicl_aware,0.6153512001037598,,70.75762232851686,0.2326064290901141,0.7518796992481203,1.9148583714363854
diabetes,regression,309,10,block,0.5,0.4819004524886878,4,random,,tabicl_aware_n32,0.7762036323547363,,70.69353331937208,0.23399593933071594,0.7443609022556391,1.9071835077474224
diabetes,regression,309,10,block,0.5,0.4819004524886878,4,random,,tabicl_aware_med,0.6144359111785889,,71.66802847889733,0.21273198040017105,0.7518796992481203,1.9148583714363854
diabetes,regression,309,10,block,0.5,0.4819004524886878,4,random,,tabicl_aware_ypow,1.132308006286621,,70.75802403256462,0.23259771579623711,0.7518796992481203,1.9148583714363854
diabetes,regression,309,10,block,0.5,0.4819004524886878,4,random,,tabicl_aware_n32_ypow,1.1361141204833984,,70.69453819153391,0.23397416246963765,0.7443609022556391,1.9071835077474224
diabetes,regression,309,10,block_shift,0.3,0.3,4,random,,tabicl_aware,0.6710410118103027,,60.09249406678055,0.4465069739121693,0.7744360902255639,1.775728301933511
diabetes,regression,309,10,block_shift,0.3,0.3,4,random,,tabicl_aware_n32,0.8767640590667725,,60.22666644797795,0.44403257557457565,0.7669172932330827,1.7733654103830263
diabetes,regression,309,10,block_shift,0.3,0.3,4,random,,tabicl_aware_med,0.5066840648651123,,59.995010360368504,0.4483013007274589,0.7744360902255639,1.775728301933511
diabetes,regression,309,10,block_shift,0.3,0.3,4,random,,tabicl_aware_ypow,0.9749023914337158,,60.17403174962164,0.4450039190748891,0.7744360902255639,1.775728301933511
diabetes,regression,309,10,block_shift,0.3,0.3,4,random,,tabicl_aware_n32_ypow,1.277557373046875,,60.29645824015011,0.44274329800198375,0.7669172932330827,1.7733654103830263
diabetes,regression,309,10,block_shift,0.5,0.5,4,random,,tabicl_aware,0.5481276512145996,,69.66391250094473,0.25614648688816133,0.7218045112781954,1.8245947051811666
diabetes,regression,309,10,block_shift,0.5,0.5,4,random,,tabicl_aware_n32,0.592578649520874,,69.8407490479725,0.25236526258453706,0.7218045112781954,1.8209632801511881
diabetes,regression,309,10,block_shift,0.5,0.5,4,random,,tabicl_aware_med,0.677647590637207,,70.62955729527458,0.23538174415160273,0.7218045112781954,1.8245947051811666
diabetes,regression,309,10,block_shift,0.5,0.5,4,random,,tabicl_aware_ypow,0.9678516387939453,,69.68553850371416,0.25568458130570726,0.7218045112781954,1.8245947051811666
diabetes,regression,309,10,block_shift,0.5,0.5,4,random,,tabicl_aware_n32_ypow,1.4468326568603516,,69.87048131681262,0.2517285681362216,0.7218045112781954,1.8209632801511881
openml:531,regression,354,13,none,0.0,0.0,0,random,,tabicl_aware,0.46942663192749023,,3.341019111394841,0.8734206504867875,0.8092105263157895,0.5502218463816333
openml:531,regression,354,13,none,0.0,0.0,0,random,,tabicl_aware_n32,0.7123146057128906,,3.296520334673259,0.8767699973580474,0.8092105263157895,0.5497643397939616
openml:531,regression,354,13,none,0.0,0.0,0,random,,tabicl_aware_med,1.0266461372375488,,3.3976466735200135,0.8690934529394878,0.8092105263157895,0.550221897159279
openml:531,regression,354,13,none,0.0,0.0,0,random,,tabicl_aware_ypow,1.0091931819915771,,3.3081048487693145,0.8759023745939483,0.8092105263157895,0.5502218463816333
openml:531,regression,354,13,none,0.0,0.0,0,random,,tabicl_aware_n32_ypow,1.3452022075653076,,3.2698302924633786,0.8787573652525169,0.8092105263157895,0.5497643397939616
openml:531,regression,354,13,block,0.3,0.3076923076923077,0,random,,tabicl_aware,0.4255826473236084,,3.893798393568227,0.8280699209248814,0.8092105263157895,0.8611383979317281
openml:531,regression,354,13,block,0.3,0.3076923076923077,0,random,,tabicl_aware_n32,0.46976661682128906,,3.8663517396130396,0.830485184156539,0.8092105263157895,0.8628982495760708
openml:531,regression,354,13,block,0.3,0.3076923076923077,0,random,,tabicl_aware_med,0.4862041473388672,,3.886865694862071,0.8286816004338549,0.8092105263157895,0.8611383979317281
openml:531,regression,354,13,block,0.3,0.3076923076923077,0,random,,tabicl_aware_ypow,1.141927719116211,,3.8666416180790772,0.8304597645671299,0.8092105263157895,0.8611383979317281
openml:531,regression,354,13,block,0.3,0.3076923076923077,0,random,,tabicl_aware_n32_ypow,1.5132434368133545,,3.838213436732736,0.8329435752462298,0.8092105263157895,0.8628982495760708
openml:531,regression,354,13,block,0.5,0.46153846153846156,0,random,,tabicl_aware,0.4883229732513428,,4.509906280274665,0.7693571618261026,0.8026315789473685,0.9287405056347877
openml:531,regression,354,13,block,0.5,0.46153846153846156,0,random,,tabicl_aware_n32,0.8245108127593994,,4.52254961840284,0.7680621535551632,0.7828947368421053,0.9287556373732035
openml:531,regression,354,13,block,0.5,0.46153846153846156,0,random,,tabicl_aware_med,0.6083486080169678,,4.65426376049908,0.7543555690774185,0.8026315789473685,0.9287405056347877
openml:531,regression,354,13,block,0.5,0.46153846153846156,0,random,,tabicl_aware_ypow,1.0814869403839111,,4.5053977213950205,0.7698180791815478,0.8026315789473685,0.9287405056347877
openml:531,regression,354,13,block,0.5,0.46153846153846156,0,random,,tabicl_aware_n32_ypow,1.5253312587738037,,4.516837276808815,0.7686476955996832,0.7828947368421053,0.9287556373732035
openml:531,regression,354,13,block_shift,0.3,0.23076923076923078,0,random,,tabicl_aware,0.520552396774292,,4.5477049516293535,0.7654748076689082,0.8157894736842105,0.9403075517678012
openml:531,regression,354,13,block_shift,0.3,0.23076923076923078,0,random,,tabicl_aware_n32,0.5790040493011475,,4.546791896583532,0.7655689707319628,0.8157894736842105,0.9406568004148608
openml:531,regression,354,13,block_shift,0.3,0.23076923076923078,0,random,,tabicl_aware_med,0.5950584411621094,,4.7258879675936365,0.7467369785875613,0.8157894736842105,0.9403075517678012
openml:531,regression,354,13,block_shift,0.3,0.23076923076923078,0,random,,tabicl_aware_ypow,0.684394359588623,,4.52868335410731,0.7674325926632364,0.8157894736842105,0.9403075517678012
openml:531,regression,354,13,block_shift,0.3,0.23076923076923078,0,random,,tabicl_aware_n32_ypow,1.3707382678985596,,4.528926888980594,0.767407578860089,0.8157894736842105,0.9406568004148608
openml:531,regression,354,13,block_shift,0.5,0.46153846153846156,0,random,,tabicl_aware,0.4078083038330078,,3.8224941241610164,0.834309124513147,0.7960526315789473,0.9950306205284952
openml:531,regression,354,13,block_shift,0.5,0.46153846153846156,0,random,,tabicl_aware_n32,0.8518259525299072,,3.84320421087363,0.832508850628035,0.8092105263157895,0.993046230134909
openml:531,regression,354,13,block_shift,0.5,0.46153846153846156,0,random,,tabicl_aware_med,0.32416248321533203,,3.771310061240798,0.8387166932152634,0.7960526315789473,0.9950306205284952
openml:531,regression,354,13,block_shift,0.5,0.46153846153846156,0,random,,tabicl_aware_ypow,0.8852062225341797,,3.7921065363867235,0.8369330306675682,0.7960526315789473,0.9950306205284952
openml:531,regression,354,13,block_shift,0.5,0.46153846153846156,0,random,,tabicl_aware_n32_ypow,1.6910409927368164,,3.8169800085568046,0.8347868124469487,0.8092105263157895,0.993046230134909
openml:531,regression,354,13,none,0.0,0.0,1,random,,tabicl_aware,0.41957902908325195,,2.831501642064638,0.9010700747670033,0.7894736842105263,0.6151013677533701
openml:531,regression,354,13,none,0.0,0.0,1,random,,tabicl_aware_n32,0.9416658878326416,,2.826689568510754,0.901406047414747,0.7894736842105263,0.6158829169616915
openml:531,regression,354,13,none,0.0,0.0,1,random,,tabicl_aware_med,0.5026092529296875,,2.799294372387186,0.9033078566292946,0.7894736842105263,0.6151013677533701
openml:531,regression,354,13,none,0.0,0.0,1,random,,tabicl_aware_ypow,1.0213563442230225,,2.8316603546268015,0.901058983929741,0.7894736842105263,0.6151013677533701
openml:531,regression,354,13,none,0.0,0.0,1,random,,tabicl_aware_n32_ypow,1.4040231704711914,,2.8329470415574463,0.9009690472707884,0.7894736842105263,0.6158829699301231
openml:531,regression,354,13,block,0.3,0.3076923076923077,1,random,,tabicl_aware,0.37233424186706543,,4.26183650693758,0.7758763866012285,0.7368421052631579,0.877478374967998
openml:531,regression,354,13,block,0.3,0.3076923076923077,1,random,,tabicl_aware_n32,0.5000026226043701,,4.230570244185641,0.7791528159338736,0.743421052631579,0.8749301696603784
openml:531,regression,354,13,block,0.3,0.3076923076923077,1,random,,tabicl_aware_med,0.3973546028137207,,4.4239960968873016,0.7584964519985842,0.7368421052631579,0.877478374967998
openml:531,regression,354,13,block,0.3,0.3076923076923077,1,random,,tabicl_aware_ypow,0.8502464294433594,,4.24798495503648,0.7773308839281444,0.7368421052631579,0.877478374967998
openml:531,regression,354,13,block,0.3,0.3076923076923077,1,random,,tabicl_aware_n32_ypow,1.6395974159240723,,4.213145788281311,0.7809682767935657,0.743421052631579,0.8749301696603784
openml:531,regression,354,13,block,0.5,0.4350866524779568,1,random,,tabicl_aware,0.3681919574737549,,5.891115924052631,0.5717580748380371,0.6907894736842105,0.8511387629841285
openml:531,regression,354,13,block,0.5,0.4350866524779568,1,random,,tabicl_aware_n32,0.8403916358947754,,5.872974999646526,0.5743914445204814,0.6907894736842105,0.8452818845963463
openml:531,regression,354,13,block,0.5,0.4350866524779568,1,random,,tabicl_aware_med,0.3704993724822998,,5.967504152155184,0.5605803185342754,0.6907894736842105,0.8511387629841285
openml:531,regression,354,13,block,0.5,0.4350866524779568,1,random,,tabicl_aware_ypow,0.9645524024963379,,5.882994663467972,0.5729379759260187,0.6907894736842105,0.8511387629841285
openml:531,regression,354,13,block,0.5,0.4350866524779568,1,random,,tabicl_aware_n32_ypow,1.4187541007995605,,5.866174819914616,0.5753764782048735,0.6907894736842105,0.8452818845963463
openml:531,regression,354,13,block_shift,0.3,0.28412891456369715,1,random,,tabicl_aware,0.40076112747192383,,4.259019327054335,0.7761725912301937,0.7828947368421053,0.9421089191270463
openml:531,regression,354,13,block_shift,0.3,0.28412891456369715,1,random,,tabicl_aware_n32,0.650925874710083,,4.271133660823251,0.7748974731595847,0.7763157894736842,0.9333299312729498
openml:531,regression,354,13,block_shift,0.3,0.28412891456369715,1,random,,tabicl_aware_med,0.7450418472290039,,4.433914467876452,0.7574123611333652,0.7828947368421053,0.9421089191270463
openml:531,regression,354,13,block_shift,0.3,0.28412891456369715,1,random,,tabicl_aware_ypow,0.9727587699890137,,4.271923276766041,0.7748142348495118,0.7828947368421053,0.9421089191270463
openml:531,regression,354,13,block_shift,0.3,0.28412891456369715,1,random,,tabicl_aware_n32_ypow,1.6812927722930908,,4.283076009851215,0.7736369126547629,0.7763157894736842,0.9333299312729498
openml:531,regression,354,13,block_shift,0.5,0.4350866524779568,1,random,,tabicl_aware,0.43254685401916504,,4.912157975702544,0.7022589635232532,0.6578947368421053,0.8451228203962386
openml:531,regression,354,13,block_shift,0.5,0.4350866524779568,1,random,,tabicl_aware_n32,0.5571467876434326,,4.874791955566486,0.7067714743327513,0.6776315789473685,0.8443386757347686
openml:531,regression,354,13,block_shift,0.5,0.4350866524779568,1,random,,tabicl_aware_med,0.5220105648040771,,4.9938041912695175,0.6922790501980083,0.6578947368421053,0.8451228203962386
openml:531,regression,354,13,block_shift,0.5,0.4350866524779568,1,random,,tabicl_aware_ypow,0.8928132057189941,,4.906861044414562,0.7029007439767401,0.6578947368421053,0.8451228203962386
openml:531,regression,354,13,block_shift,0.5,0.4350866524779568,1,random,,tabicl_aware_n32_ypow,1.417494535446167,,4.865714822758016,0.7078624731702172,0.6776315789473685,0.8443386757347686
openml:531,regression,354,13,none,0.0,0.0,2,random,,tabicl_aware,0.3929464817047119,,2.825438420415212,0.8752370934435925,0.7302631578947368,0.6148612215825144
openml:531,regression,354,13,none,0.0,0.0,2,random,,tabicl_aware_n32,0.699603796005249,,2.826351633726826,0.8751564308754072,0.7368421052631579,0.6113668201023943
openml:531,regression,354,13,none,0.0,0.0,2,random,,tabicl_aware_med,0.561335563659668,,2.810729323851993,0.876532731512663,0.7302631578947368,0.6148612215825144
openml:531,regression,354,13,none,0.0,0.0,2,random,,tabicl_aware_ypow,1.137070655822754,,2.8393514225501826,0.8740053551443816,0.7302631578947368,0.6148612215825144
openml:531,regression,354,13,none,0.0,0.0,2,random,,tabicl_aware_n32_ypow,1.2361884117126465,,2.84005666202862,0.8739427581498599,0.7368421052631579,0.6113668201023943
openml:531,regression,354,13,block,0.3,0.233201581027668,2,random,,tabicl_aware,0.512054443359375,,3.216940909049894,0.8382665100286028,0.8223684210526315,0.8649933647057597
openml:531,regression,354,13,block,0.3,0.233201581027668,2,random,,tabicl_aware_n32,0.7040359973907471,,3.2057675965435712,0.8393880479143334,0.8223684210526315,0.8619418735463031
openml:531,regression,354,13,block,0.3,0.233201581027668,2,random,,tabicl_aware_med,0.7018663883209229,,3.200453507355667,0.8399200882438806,0.8223684210526315,0.8649933647057597
openml:531,regression,354,13,block,0.3,0.233201581027668,2,random,,tabicl_aware_ypow,1.6193833351135254,,3.190693081781482,0.8408949910578021,0.8223684210526315,0.8649933647057597
openml:531,regression,354,13,block,0.3,0.233201581027668,2,random,,tabicl_aware_n32_ypow,1.4619717597961426,,3.188029265721443,0.8411605443699177,0.8223684210526315,0.8619418735463031
openml:531,regression,354,13,block,0.5,0.43402249923989056,2,random,,tabicl_aware,0.5851335525512695,,4.706671182383307,0.6537884850885936,0.7236842105263158,1.1884546466064572
openml:531,regression,354,13,block,0.5,0.43402249923989056,2,random,,tabicl_aware_n32,0.6335930824279785,,4.728953277113047,0.650502690161814,0.7236842105263158,1.1905652364871315
openml:531,regression,354,13,block,0.5,0.43402249923989056,2,random,,tabicl_aware_med,0.3751974105834961,,4.530410583500532,0.6792335650708636,0.7236842105263158,1.1884546466064572
openml:531,regression,354,13,block,0.5,0.43402249923989056,2,random,,tabicl_aware_ypow,1.0317728519439697,,4.692424058016738,0.6558812818599782,0.7236842105263158,1.1884546466064572
openml:531,regression,354,13,block,0.5,0.43402249923989056,2,random,,tabicl_aware_n32_ypow,1.0723628997802734,,4.70947220044365,0.6533762900471496,0.7236842105263158,1.1905652364871315
openml:531,regression,354,13,block_shift,0.3,0.3076923076923077,2,random,,tabicl_aware,0.6117262840270996,,5.310592666454028,0.5592424363519578,0.7763157894736842,1.2527021566446845
openml:531,regression,354,13,block_shift,0.3,0.3076923076923077,2,random,,tabicl_aware_n32,0.8088884353637695,,5.324454372298152,0.5569385031434738,0.7828947368421053,1.2557404141444928
openml:531,regression,354,13,block_shift,0.3,0.3076923076923077,2,random,,tabicl_aware_med,0.6376690864562988,,5.49429054465052,0.5282227067344445,0.7763157894736842,1.2527021566446845
openml:531,regression,354,13,block_shift,0.3,0.3076923076923077,2,random,,tabicl_aware_ypow,1.0271873474121094,,5.316562038799789,0.5582510122715335,0.7763157894736842,1.2527021566446845
openml:531,regression,354,13,block_shift,0.3,0.3076923076923077,2,random,,tabicl_aware_n32_ypow,1.8620097637176514,,5.328208806239846,0.5563134507048741,0.7828947368421053,1.2557404141444928
openml:531,regression,354,13,block_shift,0.5,0.4378230465186987,2,random,,tabicl_aware,0.4138004779815674,,5.8426845233901386,0.46649478958675816,0.7763157894736842,1.3369295121979556
openml:531,regression,354,13,block_shift,0.5,0.4378230465186987,2,random,,tabicl_aware_n32,0.5900671482086182,,5.8504026693697435,0.4650843451973957,0.7697368421052632,1.3317168809624111
openml:531,regression,354,13,block_shift,0.5,0.4378230465186987,2,random,,tabicl_aware_med,0.6578106880187988,,6.084377855692506,0.4214430099558043,0.7763157894736842,1.3369295121979556
openml:531,regression,354,13,block_shift,0.5,0.4378230465186987,2,random,,tabicl_aware_ypow,1.0981392860412598,,5.842895836931158,0.4664561981093638,0.7763157894736842,1.3369295121979556
openml:531,regression,354,13,block_shift,0.5,0.4378230465186987,2,random,,tabicl_aware_n32_ypow,1.822183609008789,,5.85082195892439,0.4650076692499714,0.7697368421052632,1.3317168809624111
openml:531,regression,354,13,none,0.0,0.0,3,random,,tabicl_aware,0.4013066291809082,,2.402636474425122,0.9260871776783409,0.7697368421052632,0.5651890672108629
openml:531,regression,354,13,none,0.0,0.0,3,random,,tabicl_aware_n32,0.5494403839111328,,2.393157159030219,0.9266692555834996,0.7828947368421053,0.567817492941333
openml:531,regression,354,13,none,0.0,0.0,3,random,,tabicl_aware_med,0.5233943462371826,,2.3952754186650753,0.9265393833762822,0.7697368421052632,0.5651890672108629
openml:531,regression,354,13,none,0.0,0.0,3,random,,tabicl_aware_ypow,1.0161449909210205,,2.3989485562388198,0.9263139079750693,0.7697368421052632,0.5651890672108629
openml:531,regression,354,13,none,0.0,0.0,3,random,,tabicl_aware_n32_ypow,1.528202772140503,,2.3900303348081895,0.9268607537088063,0.7828947368421053,0.567817492941333
openml:531,regression,354,13,block,0.3,0.3076923076923077,3,random,,tabicl_aware,0.4136066436767578,,3.819479096980072,0.8132107280077878,0.7763157894736842,0.9149506047362542
openml:531,regression,354,13,block,0.3,0.3076923076923077,3,random,,tabicl_aware_n32,0.7786726951599121,,3.7659262360576453,0.8184119468092956,0.7763157894736842,0.9155913893972358
openml:531,regression,354,13,block,0.3,0.3076923076923077,3,random,,tabicl_aware_med,0.43378472328186035,,3.82167821696259,0.8129955728706226,0.7763157894736842,0.9149506047362542
openml:531,regression,354,13,block,0.3,0.3076923076923077,3,random,,tabicl_aware_ypow,1.04547119140625,,3.7940496834116497,0.8156896678807029,0.7763157894736842,0.9149506047362542
openml:531,regression,354,13,block,0.3,0.3076923076923077,3,random,,tabicl_aware_n32_ypow,1.5964787006378174,,3.7475759269567384,0.820177291249548,0.7763157894736842,0.9155913893972358
openml:531,regression,354,13,block,0.5,0.46153846153846156,3,random,,tabicl_aware,0.4882040023803711,,4.230497591375989,0.7708464664189854,0.7697368421052632,0.9690151108840837
openml:531,regression,354,13,block,0.5,0.46153846153846156,3,random,,tabicl_aware_n32,0.786447286605835,,4.199448612978358,0.774197785449185,0.7697368421052632,0.9662972256581683
openml:531,regression,354,13,block,0.5,0.46153846153846156,3,random,,tabicl_aware_med,0.3681323528289795,,4.288264530667403,0.7645456111632071,0.7697368421052632,0.9690151108840837
openml:531,regression,354,13,block,0.5,0.46153846153846156,3,random,,tabicl_aware_ypow,1.1054589748382568,,4.229959188190611,0.7709047901215,0.7697368421052632,0.9690151108840837
openml:531,regression,354,13,block,0.5,0.46153846153846156,3,random,,tabicl_aware_n32_ypow,1.5240802764892578,,4.199514614325601,0.7741906876757111,0.7697368421052632,0.9662972256581683
openml:531,regression,354,13,block_shift,0.3,0.3076923076923077,3,random,,tabicl_aware,0.5163877010345459,,4.085339826051085,0.7863022104943198,0.7960526315789473,1.0488235562501307
openml:531,regression,354,13,block_shift,0.3,0.3076923076923077,3,random,,tabicl_aware_n32,0.4843013286590576,,4.114558141187474,0.783234550154714,0.7894736842105263,1.047209292568146
openml:531,regression,354,13,block_shift,0.3,0.3076923076923077,3,random,,tabicl_aware_med,0.43802452087402344,,4.153924394431094,0.7790668779871583,0.7960526315789473,1.0488235562501307
openml:531,regression,354,13,block_shift,0.3,0.3076923076923077,3,random,,tabicl_aware_ypow,1.154808521270752,,4.076376481488311,0.7872388991078945,0.7960526315789473,1.0488235562501307
openml:531,regression,354,13,block_shift,0.3,0.3076923076923077,3,random,,tabicl_aware_n32_ypow,1.3979434967041016,,4.106103664976153,0.7841244418271365,0.7894736842105263,1.047209292568146
openml:531,regression,354,13,block_shift,0.5,0.43645484949832775,3,random,,tabicl_aware,0.37366771697998047,,4.659053862780979,0.7220676388916611,0.7763157894736842,1.318449187807631
openml:531,regression,354,13,block_shift,0.5,0.43645484949832775,3,random,,tabicl_aware_n32,0.7185215950012207,"OutOfMemoryError: CUDA out of memory. Tried to allocate 144.00 MiB. GPU 0 has a total capacity of 31.36 GiB of which 140.62 MiB is free. Including non-PyTorch memory, this process has 1022.00 MiB memory in use. Process 101557 has 30.21 GiB memory in use. Of the allocated memory 287.59 MiB is allocated by PyTorch, and 140.41 MiB is reserved by PyTorch but unallocated. If reserved but unallocated memory is large try setting PYTORCH_CUDA_ALLOC_CONF=expandable_segments:True to avoid fragmentation.  See documentation for Memory Management  (https://docs.pytorch.org/docs/stable/notes/cuda.html#optimizing-memory-usage-with-pytorch-cuda-alloc-conf)",,,,
openml:531,regression,354,13,block_shift,0.5,0.43645484949832775,3,random,,tabicl_aware_med,0.6194436550140381,,4.475043154649928,0.7435881395695912,0.7763157894736842,1.318449187807631
openml:531,regression,354,13,block_shift,0.5,0.43645484949832775,3,random,,tabicl_aware_ypow,0.9731552600860596,,4.689947501960753,0.7183695448805908,0.7763157894736842,1.318449187807631
openml:531,regression,354,13,block_shift,0.5,0.43645484949832775,3,random,,tabicl_aware_n32_ypow,1.25852370262146,,4.66511682116069,0.7213438057630637,0.7763157894736842,1.316517229608649
openml:531,regression,354,13,none,0.0,0.0,4,random,,tabicl_aware,0.6842548847198486,,2.0851580695261456,0.938573284382151,0.7697368421052632,0.5841003440912836
openml:531,regression,354,13,none,0.0,0.0,4,random,,tabicl_aware_n32,0.7087428569793701,,2.071268438708138,0.9393889086462099,0.7763157894736842,0.5807562653987465
openml:531,regression,354,13,none,0.0,0.0,4,random,,tabicl_aware_med,0.5011107921600342,,2.082174012815702,0.9387489733577725,0.7697368421052632,0.5841003440912836
openml:531,regression,354,13,none,0.0,0.0,4,random,,tabicl_aware_ypow,1.1782152652740479,,2.0849807686566018,0.9385837301581528,0.7697368421052632,0.5841002874139051
openml:531,regression,354,13,none,0.0,0.0,4,random,,tabicl_aware_n32_ypow,1.1868371963500977,,2.069967959466961,0.9394649960517117,0.7763157894736842,0.5807562653987465
openml:531,regression,354,13,block,0.3,0.2818485861964123,4,random,,tabicl_aware,0.6447341442108154,,3.073144865057219,0.8665724859215489,0.8026315789473685,0.8643023085100743
openml:531,regression,354,13,block,0.3,0.2818485861964123,4,random,,tabicl_aware_n32,0.714569091796875,,3.0601734008365304,0.867696479505535,0.8026315789473685,0.8659455557480109
openml:531,regression,354,13,block,0.3,0.2818485861964123,4,random,,tabicl_aware_med,0.3432438373565674,,3.0606896234804775,0.8676518390065634,0.8026315789473685,0.8643023085100743
openml:531,regression,354,13,block,0.3,0.2818485861964123,4,random,,tabicl_aware_ypow,1.071927547454834,,3.1000061086089326,0.8642298093096974,0.8026315789473685,0.8643023085100743
openml:531,regression,354,13,block,0.3,0.2818485861964123,4,random,,tabicl_aware_n32_ypow,1.3197507858276367,,3.0894125424513605,0.8651561513436121,0.8026315789473685,0.8659455557480109
openml:531,regression,354,13,block,0.5,0.46153846153846156,4,random,,tabicl_aware,0.3414919376373291,,4.513246366146367,0.7122221185901569,0.7894736842105263,1.1569896759846992
openml:531,regression,354,13,block,0.5,0.46153846153846156,4,random,,tabicl_aware_n32,0.6892063617706299,,4.494002477627079,0.7146709806472632,0.7960526315789473,1.1507003006354997
openml:531,regression,354,13,block,0.5,0.46153846153846156,4,random,,tabicl_aware_med,0.4187018871307373,,4.543879635763287,0.7083023259627075,0.7894736842105263,1.1569896759846992
openml:531,regression,354,13,block,0.5,0.46153846153846156,4,random,,tabicl_aware_ypow,0.9263741970062256,,4.504519251055726,0.7133339756944166,0.7894736842105263,1.1569896759846992
openml:531,regression,354,13,block,0.5,0.46153846153846156,4,random,,tabicl_aware_n32_ypow,1.4198062419891357,,4.487228947566576,0.7155304497693649,0.7960526315789473,1.1507003006354997
openml:531,regression,354,13,block_shift,0.3,0.3076923076923077,4,random,,tabicl_aware,0.3940391540527344,,3.642793339568762,0.8125228268573944,0.8223684210526315,0.972455726010863
openml:531,regression,354,13,block_shift,0.3,0.3076923076923077,4,random,,tabicl_aware_n32,0.6880459785461426,,3.6295093564928402,0.8138876600930554,0.8223684210526315,0.9735235278238085
openml:531,regression,354,13,block_shift,0.3,0.3076923076923077,4,random,,tabicl_aware_med,0.5156881809234619,,3.7591652542322977,0.8003532869309762,0.8223684210526315,0.972455726010863
openml:531,regression,354,13,block_shift,0.3,0.3076923076923077,4,random,,tabicl_aware_ypow,1.170090675354004,,3.6489398645080886,0.8118896285478059,0.8223684210526315,0.972455726010863
openml:531,regression,354,13,block_shift,0.3,0.3076923076923077,4,random,,tabicl_aware_n32_ypow,1.629492998123169,,3.642839952930566,0.8125180288925367,0.8223684210526315,0.9735235278238085
openml:531,regression,354,13,block_shift,0.5,0.46153846153846156,4,random,,tabicl_aware,0.45931267738342285,,3.843947728172607,0.7912462550280229,0.7894736842105263,0.963455698352432
openml:531,regression,354,13,block_shift,0.5,0.46153846153846156,4,random,,tabicl_aware_n32,0.7874326705932617,,3.8273855772498075,0.7930412652208556,0.8092105263157895,0.9683455958690813
openml:531,regression,354,13,block_shift,0.5,0.46153846153846156,4,random,,tabicl_aware_med,0.4519968032836914,,3.989505109661672,0.775137321256371,0.7894736842105263,0.9634559250619464
openml:531,regression,354,13,block_shift,0.5,0.46153846153846156,4,random,,tabicl_aware_ypow,1.2131032943725586,,3.8455341634579696,0.7910739099963748,0.7894736842105263,0.9634559250619464
openml:531,regression,354,13,block_shift,0.5,0.46153846153846156,4,random,,tabicl_aware_n32_ypow,1.1974587440490723,,3.8286400479714096,0.7929055766598374,0.8092105263157895,0.9683455958690813
openml:189,regression,2100,8,none,0.0,0.0,0,random,,tabicl_aware,0.6916937828063965,,0.07395836216926659,0.9202367318333178,0.8144444444444444,0.7243353934218296
openml:189,regression,2100,8,none,0.0,0.0,0,random,,tabicl_aware_n32,0.8440942764282227,,0.0735982076924544,0.9210116855020758,0.8144444444444444,0.7241084078073234
openml:189,regression,2100,8,none,0.0,0.0,0,random,,tabicl_aware_med,0.3910822868347168,,0.07406516182631934,0.9200062010279475,0.8144444444444444,0.7243353934218296
openml:189,regression,2100,8,none,0.0,0.0,0,random,,tabicl_aware_ypow,1.3036398887634277,,0.07395285125260245,0.9202486183146803,0.8144444444444444,0.7243353934218296
openml:189,regression,2100,8,none,0.0,0.0,0,random,,tabicl_aware_n32_ypow,1.3983228206634521,,0.0735890136843935,0.921031418967407,0.8155555555555556,0.7241012949465029
openml:189,regression,2100,8,block,0.3,0.186,0,random,,tabicl_aware,0.520653247833252,,0.19156460922902466,0.46487045896336454,0.7766666666666666,1.7885056369559054
openml:189,regression,2100,8,block,0.3,0.186,0,random,,tabicl_aware_n32,0.761237621307373,,0.19143280182322184,0.46560660507230345,0.78,1.7876733753370115
openml:189,regression,2100,8,block,0.3,0.186,0,random,,tabicl_aware_med,0.5797693729400635,,0.19400171539826103,0.451167892578182,0.7766666666666666,1.7885056369559054
openml:189,regression,2100,8,block,0.3,0.186,0,random,,tabicl_aware_ypow,1.1426546573638916,,0.19156370284476465,0.4648755228616237,0.7766666666666666,1.7885056369559054
openml:189,regression,2100,8,block,0.3,0.186,0,random,,tabicl_aware_n32_ypow,1.2270076274871826,,0.19143790750015205,0.4655780992322689,0.78,1.7876733753370115
openml:189,regression,2100,8,block,0.5,0.5,0,random,,tabicl_aware,0.5466866493225098,,0.2255473256216213,0.25817112476931514,0.7844444444444445,2.172380362319051
openml:189,regression,2100,8,block,0.5,0.5,0,random,,tabicl_aware_n32,0.5634276866912842,,0.2254015254890956,0.2591298928646065,0.7844444444444445,2.1726111604269573
openml:189,regression,2100,8,block,0.5,0.5,0,random,,tabicl_aware_med,0.5627665519714355,,0.22634253566166615,0.2529309855873957,0.7844444444444445,2.172380362319051
openml:189,regression,2100,8,block,0.5,0.5,0,random,,tabicl_aware_ypow,1.0175786018371582,,0.225538904789732,0.2582265162453079,0.7844444444444445,2.172380362319051
openml:189,regression,2100,8,block,0.5,0.5,0,random,,tabicl_aware_n32_ypow,1.432997465133667,,0.22539561806606734,0.2591687264596316,0.7844444444444445,2.1726111604269573
openml:189,regression,2100,8,block_shift,0.3,0.189,0,random,,tabicl_aware,0.6774585247039795,,0.1870753212147129,0.48965793176456396,0.7844444444444445,1.789743843767551
openml:189,regression,2100,8,block_shift,0.3,0.189,0,random,,tabicl_aware_n32,0.5111498832702637,,0.1872416853669392,0.48874984430021917,0.7788888888888889,1.7898907670206607
openml:189,regression,2100,8,block_shift,0.3,0.189,0,random,,tabicl_aware_med,0.5561423301696777,,0.18728819277875092,0.48849584237367527,0.7844444444444445,1.789743843767551
openml:189,regression,2100,8,block_shift,0.3,0.189,0,random,,tabicl_aware_ypow,1.0869388580322266,,0.18703219802956778,0.48989318501810086,0.7844444444444445,1.789743843767551
openml:189,regression,2100,8,block_shift,0.3,0.189,0,random,,tabicl_aware_n32_ypow,1.4567561149597168,,0.18720371935119937,0.48895715031303266,0.7788888888888889,1.7898907670206607
openml:189,regression,2100,8,block_shift,0.5,0.5,0,random,,tabicl_aware,0.566662073135376,,0.2289565035996945,0.23557595591973035,0.7988888888888889,2.3004719465376167
openml:189,regression,2100,8,block_shift,0.5,0.5,0,random,,tabicl_aware_n32,0.7696964740753174,,0.22909908361442916,0.23462358700789854,0.7966666666666666,2.3000667979852767
openml:189,regression,2100,8,block_shift,0.5,0.5,0,random,,tabicl_aware_med,0.4502370357513428,,0.22828283389432183,0.24006774106670214,0.7988888888888889,2.3004719465376167
openml:189,regression,2100,8,block_shift,0.5,0.5,0,random,,tabicl_aware_ypow,1.2401809692382812,,0.2289717674976215,0.23547402844147136,0.7988888888888889,2.3004719465376167
openml:189,regression,2100,8,block_shift,0.5,0.5,0,random,,tabicl_aware_n32_ypow,1.3612878322601318,,0.22911066426757626,0.23454620753831235,0.7966666666666666,2.3000667979852767
openml:189,regression,2100,8,none,0.0,0.0,1,random,,tabicl_aware,0.569666862487793,,0.0775989987044308,0.9071193704321668,0.7933333333333333,0.7356003249639423
openml:189,regression,2100,8,none,0.0,0.0,1,random,,tabicl_aware_n32,0.6254703998565674,,0.07733324891583107,0.9077544493041336,0.7888888888888889,0.7336441352118555
openml:189,regression,2100,8,none,0.0,0.0,1,random,,tabicl_aware_med,0.669076681137085,,0.07771603353536978,0.9068389939780434,0.7933333333333333,0.7356003249639423
openml:189,regression,2100,8,none,0.0,0.0,1,random,,tabicl_aware_ypow,1.3041939735412598,,0.07762310434833926,0.9070616558951948,0.7933333333333333,0.7356003249639423
openml:189,regression,2100,8,none,0.0,0.0,1,random,,tabicl_aware_n32_ypow,1.389716625213623,,0.0773386560927068,0.9077415491491977,0.7888888888888889,0.7336441352118555
openml:189,regression,2100,8,block,0.3,0.25,1,random,,tabicl_aware,0.4521653652191162,,0.19070049644947154,0.43905980259911515,0.7955555555555556,1.899550959924201
openml:189,regression,2100,8,block,0.3,0.25,1,random,,tabicl_aware_n32,0.8665127754211426,,0.19071708177293129,0.4389622278224534,0.7966666666666666,1.9012105551192493
openml:189,regression,2100,8,block,0.3,0.25,1,random,,tabicl_aware_med,0.765286922454834,,0.19239124469662047,0.42906913175176675,0.7955555555555556,1.899550959924201
openml:189,regression,2100,8,block,0.3,0.25,1,random,,tabicl_aware_ypow,1.0638058185577393,,0.19072875524767985,0.43889354534639746,0.7955555555555556,1.899550959924201
openml:189,regression,2100,8,block,0.3,0.25,1,random,,tabicl_aware_n32_ypow,1.4056422710418701,,0.1907363938151285,0.4388486005207367,0.7966666666666666,1.9011487548326997
openml:189,regression,2100,8,block,0.5,0.457125,1,random,,tabicl_aware,0.6003196239471436,,0.2121626808171649,0.30569402221404174,0.8388888888888889,2.2718588271138733
openml:189,regression,2100,8,block,0.5,0.457125,1,random,,tabicl_aware_n32,0.8117361068725586,,0.21218659263235304,0.30553750975169514,0.8422222222222222,2.27655120114374
openml:189,regression,2100,8,block,0.5,0.457125,1,random,,tabicl_aware_med,0.6088516712188721,,0.2143998059092579,0.2909747667040993,0.8388888888888889,2.2718588271138733
openml:189,regression,2100,8,block,0.5,0.457125,1,random,,tabicl_aware_ypow,1.12178373336792,,0.21215705764943807,0.30573082555017306,0.8388888888888889,2.2718588271138733
openml:189,regression,2100,8,block,0.5,0.457125,1,random,,tabicl_aware_n32_ypow,1.6502082347869873,,0.21217755156823875,0.3055966892319555,0.8422222222222222,2.27655120114374
openml:189,regression,2100,8,block_shift,0.3,0.25,1,random,,tabicl_aware,0.527824878692627,,0.17549640088987134,0.5249390374900756,0.8155555555555556,1.7192737888054332
openml:189,regression,2100,8,block_shift,0.3,0.25,1,random,,tabicl_aware_n32,0.736544132232666,,0.17526622030999567,0.5261843974612701,0.8211111111111111,1.715656014076345
openml:189,regression,2100,8,block_shift,0.3,0.25,1,random,,tabicl_aware_med,0.5939786434173584,,0.17694322219048858,0.5170737873741909,0.8155555555555556,1.7192737888054332
openml:189,regression,2100,8,block_shift,0.3,0.25,1,random,,tabicl_aware_ypow,0.7982616424560547,,0.17547629976525825,0.5250478569607662,0.8155555555555556,1.7192737888054332
openml:189,regression,2100,8,block_shift,0.3,0.25,1,random,,tabicl_aware_n32_ypow,1.2802085876464844,,0.17524822691245948,0.5262816793544934,0.8211111111111111,1.715656014076345
openml:189,regression,2100,8,block_shift,0.5,0.4573333333333333,1,random,,tabicl_aware,0.6330134868621826,,0.2130101384759554,0.3001363053562962,0.8044444444444444,2.1838809691867755
openml:189,regression,2100,8,block_shift,0.5,0.4573333333333333,1,random,,tabicl_aware_n32,0.6905465126037598,,0.21297934460621432,0.3003386427079683,0.8033333333333333,2.1853803284115845
openml:189,regression,2100,8,block_shift,0.5,0.4573333333333333,1,random,,tabicl_aware_med,0.5896363258361816,,0.21571868703897465,0.28222479425305846,0.8044444444444444,2.1838809691867755
openml:189,regression,2100,8,block_shift,0.5,0.4573333333333333,1,random,,tabicl_aware_ypow,1.2440235614776611,,0.2130282131611112,0.30001752835615325,0.8044444444444444,2.1838809691867755
openml:189,regression,2100,8,block_shift,0.5,0.4573333333333333,1,random,,tabicl_aware_n32_ypow,1.4307918548583984,,0.21300055178036315,0.3001992998152835,0.8033333333333333,2.1853803284115845
openml:189,regression,2100,8,none,0.0,0.0,2,random,,tabicl_aware,0.7685439586639404,,0.07670027594768215,0.9167466923448737,0.8022222222222222,0.7123114709159072
openml:189,regression,2100,8,none,0.0,0.0,2,random,,tabicl_aware_n32,0.6934778690338135,,0.0765716183246699,0.9170257575512907,0.7955555555555556,0.7090599849884868
openml:189,regression,2100,8,none,0.0,0.0,2,random,,tabicl_aware_med,0.6672120094299316,,0.07678238519348567,0.9165683481293814,0.8022222222222222,0.7123114709159072
openml:189,regression,2100,8,none,0.0,0.0,2,random,,tabicl_aware_ypow,1.2617926597595215,,0.0767041644179704,0.9167382507528397,0.8022222222222222,0.7123114709159072
openml:189,regression,2100,8,none,0.0,0.0,2,random,,tabicl_aware_n32_ypow,1.5241725444793701,,0.07658138841864792,0.9170045821371525,0.7955555555555556,0.7090734384851867
openml:189,regression,2100,8,block,0.3,0.188875,2,random,,tabicl_aware,0.41530942916870117,,0.1570394185543989,0.651000341991639,0.7788888888888889,1.3612246839832147
openml:189,regression,2100,8,block,0.3,0.188875,2,random,,tabicl_aware_n32,0.4581437110900879,"OutOfMemoryError: CUDA out of memory. Tried to allocate 142.00 MiB. GPU 0 has a total capacity of 31.36 GiB of which 102.62 MiB is free. Including non-PyTorch memory, this process has 1.58 GiB memory in use. Process 101557 has 29.66 GiB memory in use. Of the allocated memory 921.41 MiB is allocated by PyTorch, and 102.59 MiB is reserved by PyTorch but unallocated. If reserved but unallocated memory is large try setting PYTORCH_CUDA_ALLOC_CONF=expandable_segments:True to avoid fragmentation.  See documentation for Memory Management  (https://docs.pytorch.org/docs/stable/notes/cuda.html#optimizing-memory-usage-with-pytorch-cuda-alloc-conf)",,,,
openml:189,regression,2100,8,block,0.3,0.188875,2,random,,tabicl_aware_med,0.5989909172058105,,0.15773300053772027,0.6479107429682164,0.7788888888888889,1.3612246839832147
openml:189,regression,2100,8,block,0.3,0.188875,2,random,,tabicl_aware_ypow,0.9388785362243652,,0.15701968773437613,0.6510880348386124,0.7788888888888889,1.3612246839832147
openml:189,regression,2100,8,block,0.3,0.188875,2,random,,tabicl_aware_n32_ypow,1.3318779468536377,,0.15665167950023065,0.6527216135202762,0.78,1.3573614002933665
openml:189,regression,2100,8,block,0.5,0.5,2,random,,tabicl_aware,0.8672299385070801,,0.2337466715508185,0.22678812547800287,0.8055555555555556,2.238217885471943
openml:189,regression,2100,8,block,0.5,0.5,2,random,,tabicl_aware_n32,0.6671545505523682,,0.2337346620806943,0.22686757581883465,0.8022222222222222,2.2342089676803183
openml:189,regression,2100,8,block,0.5,0.5,2,random,,tabicl_aware_med,0.4377882480621338,,0.23420106297920304,0.2237790358513183,0.8055555555555556,2.238217885471943
openml:189,regression,2100,8,block,0.5,0.5,2,random,,tabicl_aware_ypow,0.9616172313690186,,0.23374989528280432,0.2267667977301141,0.8055555555555556,2.238217885471943
openml:189,regression,2100,8,block,0.5,0.5,2,random,,tabicl_aware_n32_ypow,1.4741921424865723,,0.23373449304565025,0.22686869406484023,0.8022222222222222,2.2342089676803183
openml:189,regression,2100,8,block_shift,0.3,0.25,2,random,,tabicl_aware,0.6170334815979004,,0.1851199060604853,0.5150311027931587,0.7666666666666667,1.6705997245194557
openml:189,regression,2100,8,block_shift,0.3,0.25,2,random,,tabicl_aware_n32,0.6644980907440186,,0.18499964958549756,0.5156609832673154,0.7655555555555555,1.6688459491121517
openml:189,regression,2100,8,block_shift,0.3,0.25,2,random,,tabicl_aware_med,0.3831753730773926,,0.18524206612337385,0.5143908326066089,0.7666666666666667,1.6705997245194557
openml:189,regression,2100,8,block_shift,0.3,0.25,2,random,,tabicl_aware_ypow,1.1790015697479248,,0.1851047249378093,0.5151106411917705,0.7666666666666667,1.6705997245194557
openml:189,regression,2100,8,block_shift,0.3,0.25,2,random,,tabicl_aware_n32_ypow,1.4012079238891602,,0.18498657332016083,0.5157294495771823,0.7655555555555555,1.6688272263292443
openml:189,regression,2100,8,block_shift,0.5,0.458625,2,random,,tabicl_aware,0.6782333850860596,,0.21875134117997186,0.32281225055911333,0.7944444444444444,2.1035405356328885
openml:189,regression,2100,8,block_shift,0.5,0.458625,2,random,,tabicl_aware_n32,0.7579779624938965,,0.21873350658210397,0.32292266706032113,0.7933333333333333,2.101513317905159
openml:189,regression,2100,8,block_shift,0.5,0.458625,2,random,,tabicl_aware_med,0.5459921360015869,,0.21884301976492143,0.32224451347566596,0.7944444444444444,2.1035405356328885
openml:189,regression,2100,8,block_shift,0.5,0.458625,2,random,,tabicl_aware_ypow,1.055060863494873,,0.21876907112552052,0.32270247305167854,0.7944444444444444,2.1035405356328885
openml:189,regression,2100,8,block_shift,0.5,0.458625,2,random,,tabicl_aware_n32_ypow,1.4235923290252686,,0.21875427485744148,0.3227940868874849,0.7933333333333333,2.101477890363849
openml:189,regression,2100,8,none,0.0,0.0,3,random,,tabicl_aware,0.8010685443878174,,0.07368918118118095,0.9197476275340798,0.8122222222222222,0.7310448433440042
openml:189,regression,2100,8,none,0.0,0.0,3,random,,tabicl_aware_n32,0.5719716548919678,,0.073607224738343,0.9199260401944065,0.8111111111111111,0.7352813984858695
openml:189,regression,2100,8,none,0.0,0.0,3,random,,tabicl_aware_med,0.7464029788970947,,0.07368281521076271,0.9197614928574125,0.8122222222222222,0.7310448433440042
openml:189,regression,2100,8,none,0.0,0.0,3,random,,tabicl_aware_ypow,26.86116909980774,,0.07366038546467979,0.9198103361435658,0.81,0.7309938591769262
openml:189,regression,2100,8,none,0.0,0.0,3,random,,tabicl_aware_n32_ypow,1.3304378986358643,,0.07358372941676031,0.9199771510243135,0.8111111111111111,0.7352813984858695
openml:189,regression,2100,8,block,0.3,0.25,3,random,,tabicl_aware,0.7768869400024414,,0.16838483909023677,0.5809591219620455,0.7955555555555556,1.6271602651530226
openml:189,regression,2100,8,block,0.3,0.25,3,random,,tabicl_aware_n32,0.8278236389160156,,0.16831666270009993,0.5812983794751299,0.8011111111111111,1.6312265102626147
openml:189,regression,2100,8,block,0.3,0.25,3,random,,tabicl_aware_med,0.7188847064971924,,0.16833776306598164,0.5811933950842303,0.7955555555555556,1.6271602651530226
openml:189,regression,2100,8,block,0.3,0.25,3,random,,tabicl_aware_ypow,1.4345297813415527,,0.1683740964285905,0.5810125884236987,0.7955555555555556,1.6271602651530226
openml:189,regression,2100,8,block,0.3,0.25,3,random,,tabicl_aware_n32_ypow,1.4015662670135498,,0.1683123519044611,0.581319826121914,0.8011111111111111,1.6312265102626147
openml:189,regression,2100,8,block,0.5,0.45925,3,random,,tabicl_aware,0.5654580593109131,,0.2330476488683125,0.19732475307759767,0.8177777777777778,2.3543888003772793
openml:189,regression,2100,8,block,0.5,0.45925,3,random,,tabicl_aware_n32,0.598334789276123,,0.23307287242789837,0.19715099099347078,0.8155555555555556,2.3522098860188727
openml:189,regression,2100,8,block,0.5,0.45925,3,random,,tabicl_aware_med,0.5792434215545654,,0.23328740277561152,0.19567235693573748,0.8177777777777778,2.3543888003772793
openml:189,regression,2100,8,block,0.5,0.45925,3,random,,tabicl_aware_ypow,1.3156070709228516,,0.23304144912229108,0.197367459506945,0.8177777777777778,2.3543888003772793
openml:189,regression,2100,8,block,0.5,0.45925,3,random,,tabicl_aware_n32_ypow,1.4881312847137451,,0.23306610275294304,0.19719762832059973,0.8155555555555556,2.3522098860188727
openml:189,regression,2100,8,block_shift,0.3,0.25,3,random,,tabicl_aware,0.511178731918335,,0.1922832880091718,0.45357130415664215,0.8177777777777778,1.883960640455639
openml:189,regression,2100,8,block_shift,0.3,0.25,3,random,,tabicl_aware_n32,0.9354252815246582,,0.19232694232874256,0.4533231631875866,0.8155555555555556,1.8864054744809857
openml:189,regression,2100,8,block_shift,0.3,0.25,3,random,,tabicl_aware_med,0.7653756141662598,,0.1923220885608129,0.45335075587932006,0.8177777777777778,1.8840628379321191
openml:189,regression,2100,8,block_shift,0.3,0.25,3,random,,tabicl_aware_ypow,1.1276233196258545,,0.19224423864637477,0.4537932217861157,0.8177777777777778,1.8840628379321191
openml:189,regression,2100,8,block_shift,0.3,0.25,3,random,,tabicl_aware_n32_ypow,2.152315139770508,,0.1922997841875322,0.4534775427904759,0.8155555555555556,1.886451646659261
openml:189,regression,2100,8,block_shift,0.5,0.4570416666666667,3,random,,tabicl_aware,0.4289867877960205,,0.2165943164394037,0.3066627537962038,0.7877777777777778,2.110302043205347
openml:189,regression,2100,8,block_shift,0.5,0.4570416666666667,3,random,,tabicl_aware_n32,0.5648212432861328,,0.21648136550118496,0.30738569679998007,0.7888888888888889,2.109060779236529
openml:189,regression,2100,8,block_shift,0.5,0.4570416666666667,3,random,,tabicl_aware_med,0.765089750289917,,0.21915710016562492,0.29015829895190437,0.7877777777777778,2.110302043205347
openml:189,regression,2100,8,block_shift,0.5,0.4570416666666667,3,random,,tabicl_aware_ypow,1.3045458793640137,,0.21659051432551024,0.30668709537711303,0.7877777777777778,2.110302043205347
openml:189,regression,2100,8,block_shift,0.5,0.4570416666666667,3,random,,tabicl_aware_n32_ypow,1.2848124504089355,,0.21647606516830228,0.30741961234200643,0.7888888888888889,2.109060779236529
openml:189,regression,2100,8,none,0.0,0.0,4,random,,tabicl_aware,0.5583364963531494,,0.07585007434509175,0.9180918425353297,0.8011111111111111,0.7290789497272488
openml:189,regression,2100,8,none,0.0,0.0,4,random,,tabicl_aware_n32,0.692389726638794,,0.0754800442819236,0.9188890613089211,0.8077777777777778,0.7234504567719087
openml:189,regression,2100,8,none,0.0,0.0,4,random,,tabicl_aware_med,0.6854124069213867,,0.0756786297016126,0.918461699639223,0.8011111111111111,0.7290789497272488
openml:189,regression,2100,8,none,0.0,0.0,4,random,,tabicl_aware_ypow,1.1140635013580322,,0.07587196761725207,0.918044551971729,0.8011111111111111,0.7290789497272488
openml:189,regression,2100,8,none,0.0,0.0,4,random,,tabicl_aware_n32_ypow,1.3998000621795654,,0.07549850880996639,0.9188493724506833,0.8077777777777778,0.7234504567719087
openml:189,regression,2100,8,block,0.3,0.25,4,random,,tabicl_aware,0.5180201530456543,,0.19715182149166338,0.44662858338132005,0.7922222222222223,1.8707833831495009
openml:189,regression,2100,8,block,0.3,0.25,4,random,,tabicl_aware_n32,0.8841633796691895,,0.1971228976006162,0.4467909402934427,0.7911111111111111,1.8676833742831316
openml:189,regression,2100,8,block,0.3,0.25,4,random,,tabicl_aware_med,0.4463977813720703,,0.19660440574173355,0.4496973217165513,0.7922222222222223,1.8707833831495009
openml:189,regression,2100,8,block,0.3,0.25,4,random,,tabicl_aware_ypow,1.0132346153259277,,0.19712313196019024,0.4467896248712544,0.7922222222222223,1.8707833831495009
openml:189,regression,2100,8,block,0.3,0.25,4,random,,tabicl_aware_n32_ypow,1.4755871295928955,,0.19709999940566975,0.4469194565978285,0.7911111111111111,1.867725317960843
openml:189,regression,2100,8,block,0.5,0.5,4,random,,tabicl_aware,0.5994753837585449,,0.22704592006018764,0.2660904495070726,0.7888888888888889,2.1703572739164763
openml:189,regression,2100,8,block,0.5,0.5,4,random,,tabicl_aware_n32,0.740156888961792,,0.22692218215512774,0.26689017922073033,0.7866666666666666,2.172516305048016
openml:189,regression,2100,8,block,0.5,0.5,4,random,,tabicl_aware_med,0.49871063232421875,,0.22729557381908683,0.26447558664860293,0.7888888888888889,2.1703572739164763
openml:189,regression,2100,8,block,0.5,0.5,4,random,,tabicl_aware_ypow,1.0769319534301758,,0.22701851573758358,0.26626760380525993,0.7888888888888889,2.1703572739164763
openml:189,regression,2100,8,block,0.5,0.5,4,random,,tabicl_aware_n32_ypow,1.3303031921386719,,0.22689934446120452,0.2670377337263896,0.7866666666666666,2.172516305048016
openml:189,regression,2100,8,block_shift,0.3,0.25,4,random,,tabicl_aware,0.6842143535614014,,0.20762894856191105,0.386250792567462,0.7688888888888888,1.9218577384559146
openml:189,regression,2100,8,block_shift,0.3,0.25,4,random,,tabicl_aware_n32,0.7007591724395752,,0.20764371922143995,0.3861634656017412,0.7722222222222223,1.9239983278632058
openml:189,regression,2100,8,block_shift,0.3,0.25,4,random,,tabicl_aware_med,0.4134562015533447,,0.2079883596210736,0.3841241221180194,0.7688888888888888,1.9218577384559146
openml:189,regression,2100,8,block_shift,0.3,0.25,4,random,,tabicl_aware_ypow,1.2200186252593994,,0.20761625840418535,0.386325814247086,0.7688888888888888,1.9218577384559146
openml:189,regression,2100,8,block_shift,0.3,0.25,4,random,,tabicl_aware_n32_ypow,1.3347744941711426,,0.2076395381705896,0.38618818540482314,0.7733333333333333,1.9240813156223244
openml:189,regression,2100,8,block_shift,0.5,0.5,4,random,,tabicl_aware,0.5576257705688477,,0.22690669941286995,0.2669902149516925,0.7844444444444445,2.16954696254492
openml:189,regression,2100,8,block_shift,0.5,0.5,4,random,,tabicl_aware_n32,0.5677647590637207,,0.2268937559282273,0.2670738390167009,0.7866666666666666,2.1665621020055665
openml:189,regression,2100,8,block_shift,0.5,0.5,4,random,,tabicl_aware_med,0.4496738910675049,,0.22713381330904978,0.26552212235668915,0.7844444444444445,2.16954696254492
openml:189,regression,2100,8,block_shift,0.5,0.5,4,random,,tabicl_aware_ypow,0.9964053630828857,,0.22689624685332693,0.2670577462495418,0.7844444444444445,2.16954696254492
openml:189,regression,2100,8,block_shift,0.5,0.5,4,random,,tabicl_aware_n32_ypow,1.342108964920044,,0.2268853994789376,0.26712782505512067,0.7866666666666666,2.1665621020055665
openml:42225,regression,2100,9,none,0.0,0.0,0,random,,tabicl_aware,0.5557658672332764,,666.7611662413268,0.9705257069837134,0.8155555555555556,0.2317458020548928
openml:42225,regression,2100,9,none,0.0,0.0,0,random,,tabicl_aware_n32,0.7865643501281738,,660.5098621589802,0.9710757960858246,0.8222222222222222,0.23580019574270356
openml:42225,regression,2100,9,none,0.0,0.0,0,random,,tabicl_aware_med,0.5039820671081543,,696.090090179744,0.9678756977344036,0.8166666666666667,0.23168869149938956
openml:42225,regression,2100,9,none,0.0,0.0,0,random,,tabicl_aware_ypow,1.0573949813842773,,664.4815220812001,0.9707269065769687,0.8155555555555556,0.2317458020548928
openml:42225,regression,2100,9,none,0.0,0.0,0,random,,tabicl_aware_n32_ypow,1.8352556228637695,,659.3234372366367,0.9711796115724569,0.8233333333333334,0.23565441767092365
openml:42225,regression,2100,9,block,0.3,0.27644444444444444,0,random,,tabicl_aware,0.5482239723205566,,779.9329795928047,0.9596710076010467,0.8122222222222222,0.24743152886465508
openml:42225,regression,2100,9,block,0.3,0.27644444444444444,0,random,,tabicl_aware_n32,0.9215373992919922,,776.490742730774,0.9600262063227488,0.8144444444444444,0.24835378418638107
openml:42225,regression,2100,9,block,0.3,0.27644444444444444,0,random,,tabicl_aware_med,0.43626999855041504,,811.594605847249,0.9563302098075889,0.8122222222222222,0.24736604188480313
openml:42225,regression,2100,9,block,0.3,0.27644444444444444,0,random,,tabicl_aware_ypow,1.438227653503418,,787.3174811074629,0.95890371255949,0.8111111111111111,0.24736753486850505
openml:42225,regression,2100,9,block,0.3,0.27644444444444444,0,random,,tabicl_aware_n32_ypow,1.913879156112671,,786.7241700985307,0.9589656283509153,0.8144444444444444,0.24832510318368614
openml:42225,regression,2100,9,block,0.5,0.42188888888888887,0,random,,tabicl_aware,0.6801056861877441,,1258.971821149314,0.8949164294483688,0.8055555555555556,0.47906370700202217
openml:42225,regression,2100,9,block,0.5,0.42188888888888887,0,random,,tabicl_aware_n32,0.5940535068511963,,1263.839866905672,0.8941022084702056,0.8088888888888889,0.47919838984755403
openml:42225,regression,2100,9,block,0.5,0.42188888888888887,0,random,,tabicl_aware_med,0.6082444190979004,,1284.300392987909,0.8906456578023203,0.8055555555555556,0.47906370700202217
openml:42225,regression,2100,9,block,0.5,0.42188888888888887,0,random,,tabicl_aware_ypow,1.1933553218841553,,1257.7079869560653,0.8951273023953447,0.8055555555555556,0.47906370700202217
openml:42225,regression,2100,9,block,0.5,0.42188888888888887,0,random,,tabicl_aware_n32_ypow,1.607024908065796,,1263.6175768553946,0.8941394567891661,0.8088888888888889,0.47919838984755403
openml:42225,regression,2100,9,block_shift,0.3,0.27644444444444444,0,random,,tabicl_aware,0.803821325302124,,1228.2769916246536,0.8999780228996198,0.7922222222222223,0.4385701858261863
openml:42225,regression,2100,9,block_shift,0.3,0.27644444444444444,0,random,,tabicl_aware_n32,0.7898674011230469,,1223.3487853319157,0.900779047510238,0.7966666666666666,0.4409176591053911
openml:42225,regression,2100,9,block_shift,0.3,0.27644444444444444,0,random,,tabicl_aware_med,1.115875244140625,,1254.9848137256,0.8955809487926659,0.7922222222222223,0.4385609450428522
openml:42225,regression,2100,9,block_shift,0.3,0.27644444444444444,0,random,,tabicl_aware_ypow,1.0299911499023438,,1226.9892807321824,0.9001876366502763,0.7922222222222223,0.4385701858261863
openml:42225,regression,2100,9,block_shift,0.3,0.27644444444444444,0,random,,tabicl_aware_n32_ypow,1.5940775871276855,,1223.5240402829188,0.9007506170103955,0.7966666666666666,0.4409176591053911
openml:42225,regression,2100,9,block_shift,0.5,0.42288888888888887,0,random,,tabicl_aware,0.7381670475006104,,1268.6618577022948,0.8932925927568709,0.7888888888888889,0.5295186354557757
openml:42225,regression,2100,9,block_shift,0.5,0.42288888888888887,0,random,,tabicl_aware_n32,1.1849076747894287,,1263.6297010323926,0.8941374253547449,0.7955555555555556,0.5298730540709956
openml:42225,regression,2100,9,block_shift,0.5,0.42288888888888887,0,random,,tabicl_aware_med,0.4764540195465088,,1302.4839091754739,0.88752719271774,0.7911111111111111,0.5294953134787898
openml:42225,regression,2100,9,block_shift,0.5,0.42288888888888887,0,random,,tabicl_aware_ypow,1.354114055633545,,1264.8518511951527,0.8939325512065445,0.7888888888888889,0.5295186354557757
openml:42225,regression,2100,9,block_shift,0.5,0.42288888888888887,0,random,,tabicl_aware_n32_ypow,1.717353343963623,,1259.5339947242394,0.8948225617460566,0.7955555555555556,0.5298680250732628
openml:42225,regression,2100,9,none,0.0,0.0,1,random,,tabicl_aware,0.5101120471954346,,538.9725040194527,0.9808740544899005,0.7944444444444444,0.21291958931513366
openml:42225,regression,2100,9,none,0.0,0.0,1,random,,tabicl_aware_n32,0.826507568359375,,542.9716233503354,0.9805891765031377,0.7933333333333333,0.21374159847740545
openml:42225,regression,2100,9,none,0.0,0.0,1,random,,tabicl_aware_med,0.5415310859680176,,541.4103193807819,0.9807006468711963,0.7944444444444444,0.21291958931513366
openml:42225,regression,2100,9,none,0.0,0.0,1,random,,tabicl_aware_ypow,1.101086139678955,,536.4380157034341,0.981053508954748,0.7944444444444444,0.21291958931513366
openml:42225,regression,2100,9,none,0.0,0.0,1,random,,tabicl_aware_n32_ypow,1.3678700923919678,,540.2419980323035,0.9807838500064779,0.7933333333333333,0.21374159847740545
openml:42225,regression,2100,9,block,0.3,0.3333333333333333,1,random,,tabicl_aware,0.7955141067504883,,1080.7088608222725,0.9231034033683914,0.7933333333333333,0.446368030155359
openml:42225,regression,2100,9,block,0.3,0.3333333333333333,1,random,,tabicl_aware_n32,0.815739631652832,,1079.8494969930043,0.923225648835888,0.7966666666666666,0.4458013767838705
openml:42225,regression,2100,9,block,0.3,0.3333333333333333,1,random,,tabicl_aware_med,0.5741760730743408,,1068.93669835328,0.9247695483879848,0.7933333333333333,0.446368030155359
openml:42225,regression,2100,9,block,0.3,0.3333333333333333,1,random,,tabicl_aware_ypow,1.2116706371307373,,1078.7462462088308,0.9233824449355369,0.7933333333333333,0.446368030155359
openml:42225,regression,2100,9,block,0.3,0.3333333333333333,1,random,,tabicl_aware_n32_ypow,1.763831615447998,,1078.9968586605,0.9233468414860864,0.7966666666666666,0.4458013767838705
openml:42225,regression,2100,9,block,0.5,0.4063333333333333,1,random,,tabicl_aware,0.4336555004119873,,1115.1720947106885,0.9181208206911777,0.7777777777777778,0.45692129534442527
openml:42225,regression,2100,9,block,0.5,0.4063333333333333,1,random,,tabicl_aware_n32,0.8739960193634033,,1114.7548891787994,0.9181820741187046,0.7777777777777778,0.4583320558248765
openml:42225,regression,2100,9,block,0.5,0.4063333333333333,1,random,,tabicl_aware_med,0.5571293830871582,,1127.5704912303072,0.9162900470732257,0.7777777777777778,0.45692129534442527
openml:42225,regression,2100,9,block,0.5,0.4063333333333333,1,random,,tabicl_aware_ypow,1.151719331741333,,1109.777190948114,0.9189111234762405,0.7777777777777778,0.45692129534442527
openml:42225,regression,2100,9,block,0.5,0.4063333333333333,1,random,,tabicl_aware_n32_ypow,1.7750916481018066,,1109.5160573389096,0.9189492798555468,0.7777777777777778,0.45832839110515594
openml:42225,regression,2100,9,block_shift,0.3,0.3333333333333333,1,random,,tabicl_aware,0.6657874584197998,,910.5364927518053,0.945413605858567,0.8088888888888889,0.4194781961895366
openml:42225,regression,2100,9,block_shift,0.3,0.3333333333333333,1,random,,tabicl_aware_n32,1.0724806785583496,,905.6714012928633,0.9459953690801229,0.8088888888888889,0.4213242439345711
openml:42225,regression,2100,9,block_shift,0.3,0.3333333333333333,1,random,,tabicl_aware_med,0.6252143383026123,,916.3847758735902,0.9447101482762627,0.8088888888888889,0.4194887831576181
openml:42225,regression,2100,9,block_shift,0.3,0.3333333333333333,1,random,,tabicl_aware_ypow,1.5272386074066162,,910.0863098511,0.9454675691793265,0.8088888888888889,0.4194781961895366
openml:42225,regression,2100,9,block_shift,0.3,0.3333333333333333,1,random,,tabicl_aware_n32_ypow,1.5445590019226074,,906.681199023569,0.94587487470333,0.8088888888888889,0.4213709456192148
openml:42225,regression,2100,9,block_shift,0.5,0.4065185185185185,1,random,,tabicl_aware,0.7562119960784912,,1008.0769316174683,0.9330921541759395,0.7844444444444445,0.42287479624504565
openml:42225,regression,2100,9,block_shift,0.5,0.4065185185185185,1,random,,tabicl_aware_n32,1.0283432006835938,,1011.5321507677256,0.9326327101515816,0.7888888888888889,0.4231881141199558
openml:42225,regression,2100,9,block_shift,0.5,0.4065185185185185,1,random,,tabicl_aware_med,0.7487423419952393,,1021.0776274230593,0.9313552677584802,0.7844444444444445,0.42287479624504565
openml:42225,regression,2100,9,block_shift,0.5,0.4065185185185185,1,random,,tabicl_aware_ypow,1.1439826488494873,,1009.7037338392241,0.932876032459869,0.7844444444444445,0.42287479624504565
openml:42225,regression,2100,9,block_shift,0.5,0.4065185185185185,1,random,,tabicl_aware_n32_ypow,1.9147672653198242,,1013.5160075078926,0.9323682042555205,0.7911111111111111,0.4231998286941052
openml:42225,regression,2100,9,none,0.0,0.0,2,random,,tabicl_aware,0.551537275314331,,702.9504063205768,0.9692750337020938,0.8155555555555556,0.23963509522437432
openml:42225,regression,2100,9,none,0.0,0.0,2,random,,tabicl_aware_n32,0.9434604644775391,,701.3455514812952,0.9694151654194626,0.8222222222222222,0.23847357155917223
openml:42225,regression,2100,9,none,0.0,0.0,2,random,,tabicl_aware_med,0.5365300178527832,,703.083830909633,0.9692633689956851,0.8155555555555556,0.23963509522437432
openml:42225,regression,2100,9,none,0.0,0.0,2,random,,tabicl_aware_ypow,1.449331521987915,,706.5623932863693,0.9689584728246521,0.8155555555555556,0.23963509522437432
openml:42225,regression,2100,9,none,0.0,0.0,2,random,,tabicl_aware_n32_ypow,1.5459201335906982,,705.3876120562584,0.9690616107428321,0.8222222222222222,0.23847357155917223
openml:42225,regression,2100,9,block,0.3,0.3333333333333333,2,random,,tabicl_aware,0.7616977691650391,,1023.5463595745656,0.9348586014264668,0.7833333333333333,0.32493212845892566
openml:42225,regression,2100,9,block,0.3,0.3333333333333333,2,random,,tabicl_aware_n32,0.8391389846801758,,1013.9883404412403,0.9360695200312432,0.79,0.3237431487716577
openml:42225,regression,2100,9,block,0.3,0.3333333333333333,2,random,,tabicl_aware_med,0.6687250137329102,,1038.1182138420572,0.9329906100365614,0.7833333333333333,0.32493212845892566
openml:42225,regression,2100,9,block,0.3,0.3333333333333333,2,random,,tabicl_aware_ypow,1.4625141620635986,,1025.4629317992285,0.9346144208243526,0.7833333333333333,0.32493212845892566
openml:42225,regression,2100,9,block,0.3,0.3333333333333333,2,random,,tabicl_aware_n32_ypow,1.604135274887085,,1017.9713489468784,0.9355662878982094,0.7888888888888889,0.3238670357004916
openml:42225,regression,2100,9,block,0.5,0.4444444444444444,2,random,,tabicl_aware,0.5403006076812744,,1328.1372835985194,0.8903198642159297,0.7822222222222223,0.516559547246773
openml:42225,regression,2100,9,block,0.5,0.4444444444444444,2,random,,tabicl_aware_n32,0.940521240234375,,1322.363491325961,0.8912714131630606,0.7844444444444445,0.517503705664112
openml:42225,regression,2100,9,block,0.5,0.4444444444444444,2,random,,tabicl_aware_med,0.5136911869049072,,1352.3252737272014,0.8862885043272696,0.7822222222222223,0.516559547246773
openml:42225,regression,2100,9,block,0.5,0.4444444444444444,2,random,,tabicl_aware_ypow,1.3145017623901367,,1331.8002615300315,0.8897140383882165,0.7822222222222223,0.516559547246773
openml:42225,regression,2100,9,block,0.5,0.4444444444444444,2,random,,tabicl_aware_n32_ypow,1.6205065250396729,,1325.3667639587902,0.8907769766450652,0.7855555555555556,0.517506810447095
openml:42225,regression,2100,9,block_shift,0.3,0.3333333333333333,2,random,,tabicl_aware,0.5190403461456299,,1429.035424295875,0.8730221317090734,0.7722222222222223,0.5532829203704148
openml:42225,regression,2100,9,block_shift,0.3,0.3333333333333333,2,random,,tabicl_aware_n32,0.7085955142974854,,1423.2246022875868,0.8740526809098179,0.7711111111111111,0.5538195608017026
openml:42225,regression,2100,9,block_shift,0.3,0.3333333333333333,2,random,,tabicl_aware_med,0.5242342948913574,,1467.1440764285232,0.866159493462948,0.7722222222222223,0.5532829203704148
openml:42225,regression,2100,9,block_shift,0.3,0.3333333333333333,2,random,,tabicl_aware_ypow,0.9335248470306396,,1421.4272708841202,0.874370587353196,0.7722222222222223,0.5532829203704148
openml:42225,regression,2100,9,block_shift,0.3,0.3333333333333333,2,random,,tabicl_aware_n32_ypow,1.4537699222564697,,1418.0922242668523,0.8749594158314806,0.7711111111111111,0.5538195608017026
openml:42225,regression,2100,9,block_shift,0.5,0.4076666666666667,2,random,,tabicl_aware,0.42084240913391113,,1259.0427750333106,0.9014349349288377,0.7777777777777778,0.4790012310130788
openml:42225,regression,2100,9,block_shift,0.5,0.4076666666666667,2,random,,tabicl_aware_n32,0.4353194236755371,,1251.9025861286316,0.9025497145139193,0.78,0.47888894136185806
openml:42225,regression,2100,9,block_shift,0.5,0.4076666666666667,2,random,,tabicl_aware_med,0.33985042572021484,,1285.1788614500808,0.8973002964541529,0.7777777777777778,0.4790012310130788
openml:42225,regression,2100,9,block_shift,0.5,0.4076666666666667,2,random,,tabicl_aware_ypow,0.7176988124847412,,1257.241222665605,0.901716804755925,0.7777777777777778,0.4790012310130788
openml:42225,regression,2100,9,block_shift,0.5,0.4076666666666667,2,random,,tabicl_aware_n32_ypow,0.8652777671813965,,1249.2736599078387,0.902958565204962,0.78,0.47888894136185806
openml:42225,regression,2100,9,none,0.0,0.0,3,random,,tabicl_aware,0.3371586799621582,,545.9023483566956,0.9808113006953217,0.8188888888888889,0.22123135407371727
openml:42225,regression,2100,9,none,0.0,0.0,3,random,,tabicl_aware_n32,0.4211251735687256,,549.1152476051038,0.9805847664743825,0.82,0.22129009904685049
openml:42225,regression,2100,9,none,0.0,0.0,3,random,,tabicl_aware_med,0.33736157417297363,,550.5747016069022,0.9804814246130129,0.8188888888888889,0.22123135407371727
openml:42225,regression,2100,9,none,0.0,0.0,3,random,,tabicl_aware_ypow,0.6616880893707275,,545.5326776165282,0.9808372800629869,0.8188888888888889,0.22123135407371727
openml:42225,regression,2100,9,none,0.0,0.0,3,random,,tabicl_aware_n32_ypow,0.845726728439331,,546.733076724615,0.9807528553498237,0.82,0.22129009904685049
openml:42225,regression,2100,9,block,0.3,0.3333333333333333,3,random,,tabicl_aware,0.3434412479400635,,830.8950343278365,0.9555462974482924,0.8144444444444444,0.34975682154799076
openml:42225,regression,2100,9,block,0.3,0.3333333333333333,3,random,,tabicl_aware_n32,0.43208956718444824,,821.3502318852388,0.956561744007429,0.8155555555555556,0.34963796868117714
openml:42225,regression,2100,9,block,0.3,0.3333333333333333,3,random,,tabicl_aware_med,0.33806943893432617,,835.3409011111518,0.9550693082392312,0.8144444444444444,0.34975682154799076
openml:42225,regression,2100,9,block,0.3,0.3333333333333333,3,random,,tabicl_aware_ypow,0.7179684638977051,,829.3765579326359,0.9557086289455814,0.8144444444444444,0.34975682154799076
openml:42225,regression,2100,9,block,0.3,0.3333333333333333,3,random,,tabicl_aware_n32_ypow,0.8659896850585938,,819.8126310385788,0.9567242281199461,0.8155555555555556,0.34963796868117714
openml:42225,regression,2100,9,block,0.5,0.3715185185185185,3,random,,tabicl_aware,0.3395524024963379,,1199.3445119670132,0.907380268721877,0.81,0.5225245330262999
openml:42225,regression,2100,9,block,0.5,0.3715185185185185,3,random,,tabicl_aware_n32,0.43767309188842773,,1198.7337696370882,0.9074745742148479,0.81,0.521548062405129
openml:42225,regression,2100,9,block,0.5,0.3715185185185185,3,random,,tabicl_aware_med,0.3452117443084717,,1208.886118266736,0.9059006998660022,0.81,0.5225245330262999
openml:42225,regression,2100,9,block,0.5,0.3715185185185185,3,random,,tabicl_aware_ypow,0.683696985244751,,1194.9445477854429,0.9080585992055814,0.81,0.5225245330262999
openml:42225,regression,2100,9,block,0.5,0.3715185185185185,3,random,,tabicl_aware_n32_ypow,0.8669977188110352,,1193.2322449210697,0.9083219063657492,0.81,0.521548062405129
openml:42225,regression,2100,9,block_shift,0.3,0.3333333333333333,3,random,,tabicl_aware,0.4019124507904053,,941.0724671678989,0.9429754656995257,0.7777777777777778,0.41972216198829165
openml:42225,regression,2100,9,block_shift,0.3,0.3333333333333333,3,random,,tabicl_aware_n32,0.43169379234313965,,935.1200435880995,0.9436945616427409,0.7866666666666666,0.42082823396331936
openml:42225,regression,2100,9,block_shift,0.3,0.3333333333333333,3,random,,tabicl_aware_med,0.3444058895111084,,948.2221941766624,0.9421056950075979,0.7777777777777778,0.41972216198829165
openml:42225,regression,2100,9,block_shift,0.3,0.3333333333333333,3,random,,tabicl_aware_ypow,0.6841239929199219,,929.4395222178422,0.9443765548864334,0.7777777777777778,0.41972216198829165
openml:42225,regression,2100,9,block_shift,0.3,0.3333333333333333,3,random,,tabicl_aware_n32_ypow,0.87799072265625,,925.2360254832921,0.9448785439698528,0.7866666666666666,0.42082823396331936
openml:42225,regression,2100,9,block_shift,0.5,0.40625925925925926,3,random,,tabicl_aware,0.3459160327911377,,909.2122870296749,0.946771257729559,0.8088888888888889,0.4489067203967027
openml:42225,regression,2100,9,block_shift,0.5,0.40625925925925926,3,random,,tabicl_aware_n32,0.43483972549438477,,907.5202638844107,0.9469691883150495,0.8077777777777778,0.45029804544717655
openml:42225,regression,2100,9,block_shift,0.5,0.40625925925925926,3,random,,tabicl_aware_med,0.3381640911102295,,900.4045484109646,0.9477975396024824,0.8088888888888889,0.4489067203967027
openml:42225,regression,2100,9,block_shift,0.5,0.40625925925925926,3,random,,tabicl_aware_ypow,0.6772603988647461,,914.9702575941571,0.946094935988811,0.8088888888888889,0.4489067203967027
openml:42225,regression,2100,9,block_shift,0.5,0.40625925925925926,3,random,,tabicl_aware_n32_ypow,0.9125540256500244,,911.9073573653488,0.9464552307246744,0.8077777777777778,0.45029804544717655
openml:42225,regression,2100,9,none,0.0,0.0,4,random,,tabicl_aware,0.33939528465270996,,652.9161305584327,0.9727342330974702,0.7755555555555556,0.23916347153674503
openml:42225,regression,2100,9,none,0.0,0.0,4,random,,tabicl_aware_n32,0.4215831756591797,,629.1785276943384,0.9746807575855858,0.7811111111111111,0.23588234274003414
openml:42225,regression,2100,9,none,0.0,0.0,4,random,,tabicl_aware_med,0.3414187431335449,,648.2730796614815,0.9731206417289681,0.7755555555555556,0.23916347153674503
openml:42225,regression,2100,9,none,0.0,0.0,4,random,,tabicl_aware_ypow,0.7261030673980713,,643.4812686633878,0.9735165390230267,0.7755555555555556,0.23916347153674503
openml:42225,regression,2100,9,none,0.0,0.0,4,random,,tabicl_aware_n32_ypow,0.8592114448547363,,625.6712959023871,0.9749622451053618,0.7811111111111111,0.23588234274003414
openml:42225,regression,2100,9,block,0.3,0.3333333333333333,4,random,,tabicl_aware,0.3390467166900635,,1186.8009120235079,0.909913717845892,0.7777777777777778,0.43258594078240065
openml:42225,regression,2100,9,block,0.3,0.3333333333333333,4,random,,tabicl_aware_n32,0.4323856830596924,,1193.9005131730682,0.908832677745117,0.7811111111111111,0.4355096208008769
openml:42225,regression,2100,9,block,0.3,0.3333333333333333,4,random,,tabicl_aware_med,0.3358156681060791,,1206.2114926376842,0.9069428290396497,0.7777777777777778,0.43258594078240065
openml:42225,regression,2100,9,block,0.3,0.3333333333333333,4,random,,tabicl_aware_ypow,0.7157855033874512,,1181.7733902906875,0.9106753475806816,0.7777777777777778,0.43258594078240065
openml:42225,regression,2100,9,block,0.3,0.3333333333333333,4,random,,tabicl_aware_n32_ypow,0.8596994876861572,,1187.0290347484336,0.9098790823766237,0.7811111111111111,0.4355096208008769
openml:42225,regression,2100,9,block,0.5,0.4444444444444444,4,random,,tabicl_aware,0.33896470069885254,,1170.449020679391,0.9123790562776266,0.7866666666666666,0.4099813536197832
openml:42225,regression,2100,9,block,0.5,0.4444444444444444,4,random,,tabicl_aware_n32,0.43000221252441406,,1171.1946408051926,0.9122673850345739,0.79,0.41155112133370747
openml:42225,regression,2100,9,block,0.5,0.4444444444444444,4,random,,tabicl_aware_med,0.3351283073425293,,1194.1419951104715,0.9087957944574396,0.7866666666666666,0.4099813536197832
openml:42225,regression,2100,9,block,0.5,0.4444444444444444,4,random,,tabicl_aware_ypow,0.6753683090209961,,1169.5683865612307,0.9125108569168504,0.7866666666666666,0.4099813536197832
openml:42225,regression,2100,9,block,0.5,0.4444444444444444,4,random,,tabicl_aware_n32_ypow,0.8679704666137695,,1165.3252046250288,0.9131445247591893,0.79,0.41155112133370747
openml:42225,regression,2100,9,block_shift,0.3,0.3333333333333333,4,random,,tabicl_aware,0.3379533290863037,,1285.658684436424,0.8942806956410304,0.7711111111111111,0.48737048823454376
openml:42225,regression,2100,9,block_shift,0.3,0.3333333333333333,4,random,,tabicl_aware_n32,0.42731332778930664,,1275.7128053065135,0.8959100617153071,0.7744444444444445,0.4855539007268651
openml:42225,regression,2100,9,block_shift,0.3,0.3333333333333333,4,random,,tabicl_aware_med,0.3376014232635498,,1303.8595365145393,0.8912662072717479,0.7711111111111111,0.48737048823454376
openml:42225,regression,2100,9,block_shift,0.3,0.3333333333333333,4,random,,tabicl_aware_ypow,0.7145123481750488,,1276.5854069664597,0.8957676156779372,0.7711111111111111,0.48737048823454376
openml:42225,regression,2100,9,block_shift,0.3,0.3333333333333333,4,random,,tabicl_aware_n32_ypow,0.8578636646270752,,1266.7504160181375,0.8973674705719527,0.7744444444444445,0.4855539007268651
openml:42225,regression,2100,9,block_shift,0.5,0.422,4,random,,tabicl_aware,0.3396008014678955,,1125.0124140964942,0.9190498699586332,0.7844444444444445,0.4686345350700185
openml:42225,regression,2100,9,block_shift,0.5,0.422,4,random,,tabicl_aware_n32,0.43247461318969727,,1128.2559348132572,0.9185824228113443,0.7844444444444445,0.47107636851677265
openml:42225,regression,2100,9,block_shift,0.5,0.422,4,random,,tabicl_aware_med,0.33692264556884766,,1141.1264286454937,0.9167142983486303,0.7844444444444445,0.4686345350700185
openml:42225,regression,2100,9,block_shift,0.5,0.422,4,random,,tabicl_aware_ypow,0.6708295345306396,,1116.0861977384448,0.9203293434638018,0.7844444444444445,0.4686345350700185
openml:42225,regression,2100,9,block_shift,0.5,0.422,4,random,,tabicl_aware_n32_ypow,0.8614761829376221,,1120.2986265042646,0.9197268088129119,0.7844444444444445,0.47107636851677265
openml:44970,regression,635,6,none,0.0,0.0,0,random,,tabicl_aware,0.3383214473724365,,0.8599540751042278,0.6416172202157544,0.7948717948717948,1.2134513663018163
openml:44970,regression,635,6,none,0.0,0.0,0,random,,tabicl_aware_n32,0.31898927688598633,,0.8574725639597162,0.6436825577654488,0.7912087912087912,1.2103886597671594
openml:44970,regression,635,6,none,0.0,0.0,0,random,,tabicl_aware_med,0.29949402809143066,,0.8641843724950362,0.6380826252705484,0.7948717948717948,1.2134513663018163
openml:44970,regression,635,6,none,0.0,0.0,0,random,,tabicl_aware_ypow,0.6040048599243164,,0.8596683965526374,0.6418552916909739,0.7948717948717948,1.2134513663018163
openml:44970,regression,635,6,none,0.0,0.0,0,random,,tabicl_aware_n32_ypow,0.6297886371612549,,0.8571547157792689,0.6439466685131616,0.7912087912087912,1.2103886597671594
openml:44970,regression,635,6,block,0.3,0.25073421439060206,0,random,,tabicl_aware,0.3014066219329834,,1.0549963809076042,0.4606153839143817,0.7765567765567766,1.6281811335875838
openml:44970,regression,635,6,block,0.3,0.25073421439060206,0,random,,tabicl_aware_n32,0.31607842445373535,,1.0550811108450173,0.4605287412285427,0.7765567765567766,1.6238749545900402
openml:44970,regression,635,6,block,0.3,0.25073421439060206,0,random,,tabicl_aware_med,0.2991034984588623,,1.0534411986365997,0.4622044379329501,0.7765567765567766,1.6281811335875838
openml:44970,regression,635,6,block,0.3,0.25073421439060206,0,random,,tabicl_aware_ypow,0.5945188999176025,,1.0555007669201484,0.4600995089879124,0.7765567765567766,1.6281811335875838
openml:44970,regression,635,6,block,0.3,0.25073421439060206,0,random,,tabicl_aware_n32_ypow,0.6776225566864014,,1.0555799413160931,0.4600185087654367,0.7765567765567766,1.6238749545900402
openml:44970,regression,635,6,block,0.5,0.5,0,random,,tabicl_aware,0.30373477935791016,,1.0167942264259735,0.49897112093575546,0.7948717948717948,1.6446100072847072
openml:44970,regression,635,6,block,0.5,0.5,0,random,,tabicl_aware_n32,0.31812357902526855,,1.0164107161555485,0.49934900168839247,0.7948717948717948,1.6439325040020718
openml:44970,regression,635,6,block,0.5,0.5,0,random,,tabicl_aware_med,0.3012254238128662,,1.0208546937028216,0.49496151225464824,0.7948717948717948,1.6446100072847072
openml:44970,regression,635,6,block,0.5,0.5,0,random,,tabicl_aware_ypow,0.5980093479156494,,1.017155966082575,0.498614560582207,0.7948717948717948,1.6446100072847072
openml:44970,regression,635,6,block,0.5,0.5,0,random,,tabicl_aware_n32_ypow,0.6372485160827637,,1.0167542141217805,0.4990105525630253,0.7948717948717948,1.6439325040020718
openml:44970,regression,635,6,block_shift,0.3,0.25073421439060206,0,random,,tabicl_aware,0.29673147201538086,,1.0171828211337837,0.49858808497797635,0.7765567765567766,1.5610663173449266
openml:44970,regression,635,6,block_shift,0.3,0.25073421439060206,0,random,,tabicl_aware_n32,0.3114926815032959,,1.0159708891785215,0.4997821969874596,0.7765567765567766,1.5560501042848858
openml:44970,regression,635,6,block_shift,0.3,0.25073421439060206,0,random,,tabicl_aware_med,0.2953009605407715,,1.0188432191994954,0.4969497897620605,0.7765567765567766,1.5610663173449266
openml:44970,regression,635,6,block_shift,0.3,0.25073421439060206,0,random,,tabicl_aware_ypow,0.6322085857391357,,1.0176835097596537,0.4980943428009046,0.7765567765567766,1.5610663173449266
openml:44970,regression,635,6,block_shift,0.3,0.25073421439060206,0,random,,tabicl_aware_n32_ypow,0.6277046203613281,,1.0165001120584656,0.49926093076285527,0.7765567765567766,1.5560501042848858
openml:44970,regression,635,6,block_shift,0.5,0.5,0,random,,tabicl_aware,0.2991049289703369,,1.021488625825153,0.49433407814641506,0.8021978021978022,1.7191230863454605
openml:44970,regression,635,6,block_shift,0.5,0.5,0,random,,tabicl_aware_n32,0.3164341449737549,,1.0214194445645455,0.49440256921018433,0.8021978021978022,1.7178167099766162
openml:44970,regression,635,6,block_shift,0.5,0.5,0,random,,tabicl_aware_med,0.29743266105651855,,1.026903452611422,0.48895888254950703,0.8021978021978022,1.7191230863454605
openml:44970,regression,635,6,block_shift,0.5,0.5,0,random,,tabicl_aware_ypow,0.5925931930541992,,1.0216836608950766,0.4941409638991354,0.8021978021978022,1.7191230863454605
openml:44970,regression,635,6,block_shift,0.5,0.5,0,random,,tabicl_aware_n32_ypow,0.6311514377593994,,1.0216262882023166,0.4941977753786355,0.8021978021978022,1.7178167099766162
openml:44970,regression,635,6,none,0.0,0.0,1,random,,tabicl_aware,0.29956650733947754,,0.8389785321362229,0.6698867844905372,0.7985347985347986,1.1999405638582554
openml:44970,regression,635,6,none,0.0,0.0,1,random,,tabicl_aware_n32,0.31425952911376953,,0.8388736720195222,0.6699692980370624,0.8021978021978022,1.202582277865622
openml:44970,regression,635,6,none,0.0,0.0,1,random,,tabicl_aware_med,0.3387625217437744,,0.8411578890390929,0.6681695321410035,0.7985347985347986,1.1999405638582554
openml:44970,regression,635,6,none,0.0,0.0,1,random,,tabicl_aware_ypow,0.5986125469207764,,0.8386278145320802,0.6701627207931191,0.7985347985347986,1.1999405638582554
openml:44970,regression,635,6,none,0.0,0.0,1,random,,tabicl_aware_n32_ypow,0.6279256343841553,,0.8385308786464343,0.6702389673004792,0.8021978021978022,1.202582277865622
openml:44970,regression,635,6,block,0.3,0.3333333333333333,1,random,,tabicl_aware,0.301898717880249,,1.0903205121742705,0.44246828184898324,0.7326007326007326,1.5453075864008232
openml:44970,regression,635,6,block,0.3,0.3333333333333333,1,random,,tabicl_aware_n32,0.3173713684082031,,1.0895072010824935,0.4432997393953473,0.7362637362637363,1.5442756860005291
openml:44970,regression,635,6,block,0.3,0.3333333333333333,1,random,,tabicl_aware_med,0.299471378326416,,1.1000918150267127,0.43243045815328685,0.7326007326007326,1.5453075864008232
openml:44970,regression,635,6,block,0.3,0.3333333333333333,1,random,,tabicl_aware_ypow,0.5954794883728027,,1.0894141243521118,0.44339485327195427,0.7326007326007326,1.5453075864008232
openml:44970,regression,635,6,block,0.3,0.3333333333333333,1,random,,tabicl_aware_n32_ypow,0.6749711036682129,,1.0886587000627805,0.44416651072575275,0.7362637362637363,1.5442756860005291
openml:44970,regression,635,6,block,0.5,0.4430983847283407,1,random,,tabicl_aware,0.3012070655822754,,1.1476113686158644,0.3823379788597554,0.8058608058608059,1.8945008858311587
openml:44970,regression,635,6,block,0.5,0.4430983847283407,1,random,,tabicl_aware_n32,0.3181934356689453,,1.1479034391168546,0.3820235452158097,0.8058608058608059,1.8924292478123406
openml:44970,regression,635,6,block,0.5,0.4430983847283407,1,random,,tabicl_aware_med,0.2977919578552246,,1.153949149947765,0.37549695879175815,0.8058608058608059,1.8945008858311587
openml:44970,regression,635,6,block,0.5,0.4430983847283407,1,random,,tabicl_aware_ypow,0.5984790325164795,,1.1472750466566133,0.3826999530739459,0.8058608058608059,1.8945008858311587
openml:44970,regression,635,6,block,0.5,0.4430983847283407,1,random,,tabicl_aware_n32_ypow,0.6344163417816162,,1.1475332160319682,0.38242210183131864,0.8058608058608059,1.8924292478123406
openml:44970,regression,635,6,block_shift,0.3,0.3333333333333333,1,random,,tabicl_aware,0.29999756813049316,,1.064328470422329,0.46873332623663233,0.7838827838827839,1.6549398198153573
openml:44970,regression,635,6,block_shift,0.3,0.3333333333333333,1,random,,tabicl_aware_n32,0.31310510635375977,,1.063160281692853,0.46989890465920914,0.7838827838827839,1.6570682776663435
openml:44970,regression,635,6,block_shift,0.3,0.3333333333333333,1,random,,tabicl_aware_med,0.2986948490142822,,1.074292063008992,0.45873998061975774,0.7838827838827839,1.6549398198153573
openml:44970,regression,635,6,block_shift,0.3,0.3333333333333333,1,random,,tabicl_aware_ypow,0.6339762210845947,,1.0638073610363645,0.4692534293506516,0.7838827838827839,1.6549398198153573
openml:44970,regression,635,6,block_shift,0.3,0.3333333333333333,1,random,,tabicl_aware_n32_ypow,0.6283988952636719,,1.062597939066343,0.4704595343404714,0.7838827838827839,1.6570682776663435
openml:44970,regression,635,6,block_shift,0.5,0.4430983847283407,1,random,,tabicl_aware,0.29850101470947266,,1.1251605309244912,0.4062683600055744,0.8021978021978022,1.7633628357671416
openml:44970,regression,635,6,block_shift,0.5,0.4430983847283407,1,random,,tabicl_aware_n32,0.3174934387207031,,1.125075876861247,0.4063576981997953,0.8058608058608059,1.7629234617201177
openml:44970,regression,635,6,block_shift,0.5,0.4430983847283407,1,random,,tabicl_aware_med,0.2999110221862793,,1.1292527361283706,0.401941706174313,0.8021978021978022,1.7633628357671416
openml:44970,regression,635,6,block_shift,0.5,0.4430983847283407,1,random,,tabicl_aware_ypow,0.595144510269165,,1.125146105198847,0.4062835844195193,0.8021978021978022,1.7633628357671416
openml:44970,regression,635,6,block_shift,0.5,0.4430983847283407,1,random,,tabicl_aware_n32_ypow,0.6412792205810547,,1.1250414222151965,0.406394057386974,0.8058608058608059,1.7629234617201177
openml:44970,regression,635,6,none,0.0,0.0,2,random,,tabicl_aware,0.29808497428894043,,0.8469352573772261,0.6832782594952908,0.8168498168498168,1.222059504261125
openml:44970,regression,635,6,none,0.0,0.0,2,random,,tabicl_aware_n32,0.31374335289001465,,0.8470860447816319,0.6831654718881797,0.8168498168498168,1.2234944555647183
openml:44970,regression,635,6,none,0.0,0.0,2,random,,tabicl_aware_med,0.2949361801147461,,0.846096606549762,0.6839051962937281,0.8168498168498168,1.222059504261125
openml:44970,regression,635,6,none,0.0,0.0,2,random,,tabicl_aware_ypow,0.6382839679718018,,0.8468813634993684,0.6833185667550323,0.8168498168498168,1.222059504261125
openml:44970,regression,635,6,none,0.0,0.0,2,random,,tabicl_aware_n32_ypow,0.6325082778930664,,0.8470674647715329,0.6831793706513757,0.8168498168498168,1.2234944555647183
openml:44970,regression,635,6,block,0.3,0.2512848751835536,2,random,,tabicl_aware,0.30031347274780273,,0.9377534316924772,0.6117112799378361,0.7875457875457875,1.338006579701836
openml:44970,regression,635,6,block,0.3,0.2512848751835536,2,random,,tabicl_aware_n32,0.316021203994751,,0.9372146427666312,0.6121573365567194,0.7838827838827839,1.3356067295945404
openml:44970,regression,635,6,block,0.3,0.2512848751835536,2,random,,tabicl_aware_med,0.29903507232666016,,0.9359547182699562,0.6131994116492013,0.7875457875457875,1.338006579701836
openml:44970,regression,635,6,block,0.3,0.2512848751835536,2,random,,tabicl_aware_ypow,0.6047885417938232,,0.9374105558393678,0.6119951722324257,0.7875457875457875,1.338006579701836
openml:44970,regression,635,6,block,0.3,0.2512848751835536,2,random,,tabicl_aware_n32_ypow,0.6288032531738281,,0.9368679671949581,0.6124442093890122,0.7838827838827839,1.3356067295945404
openml:44970,regression,635,6,block,0.5,0.5,2,random,,tabicl_aware,0.3433213233947754,,1.1294323413929988,0.43675429418609724,0.8131868131868132,1.7275354583862097
openml:44970,regression,635,6,block,0.5,0.5,2,random,,tabicl_aware_n32,0.31775641441345215,,1.1286270521102613,0.43755720023591826,0.8131868131868132,1.7267176589239799
openml:44970,regression,635,6,block,0.5,0.5,2,random,,tabicl_aware_med,0.2982640266418457,,1.134013546263207,0.43217575136763375,0.8131868131868132,1.7275354583862097
openml:44970,regression,635,6,block,0.5,0.5,2,random,,tabicl_aware_ypow,0.5964400768280029,,1.1294073928491726,0.43677917749155803,0.8131868131868132,1.7275354583862097
openml:44970,regression,635,6,block,0.5,0.5,2,random,,tabicl_aware_n32_ypow,0.637136697769165,,1.1285838883666222,0.4376002200670346,0.8131868131868132,1.7267176589239799
openml:44970,regression,635,6,block_shift,0.3,0.3333333333333333,2,random,,tabicl_aware,0.29862284660339355,,0.9847761861213138,0.5717942192625987,0.8058608058608059,1.495092992135013
openml:44970,regression,635,6,block_shift,0.3,0.3333333333333333,2,random,,tabicl_aware_n32,0.31360816955566406,,0.9837599301277455,0.572677551249237,0.8058608058608059,1.4955120311853032
openml:44970,regression,635,6,block_shift,0.3,0.3333333333333333,2,random,,tabicl_aware_med,0.29538393020629883,,0.9866622216193928,0.5701524560280495,0.8058608058608059,1.495092992135013
openml:44970,regression,635,6,block_shift,0.3,0.3333333333333333,2,random,,tabicl_aware_ypow,0.5885093212127686,,0.9852197944009838,0.5714083480023053,0.8058608058608059,1.495092992135013
openml:44970,regression,635,6,block_shift,0.3,0.3333333333333333,2,random,,tabicl_aware_n32_ypow,0.6683118343353271,,0.9841795594374834,0.5723129190597286,0.8058608058608059,1.4955120311853032
openml:44970,regression,635,6,block_shift,0.5,0.4440161527165932,2,random,,tabicl_aware,0.29958176612854004,,1.0613678188015065,0.5025959913302533,0.8168498168498168,1.5931074141993704
openml:44970,regression,635,6,block_shift,0.5,0.4440161527165932,2,random,,tabicl_aware_n32,0.31587815284729004,,1.0613592522334585,0.5026040206449097,0.8205128205128205,1.594756320980248
openml:44970,regression,635,6,block_shift,0.5,0.4440161527165932,2,random,,tabicl_aware_med,0.29540038108825684,,1.0637066689889927,0.500401398217218,0.8168498168498168,1.5931074141993704
openml:44970,regression,635,6,block_shift,0.5,0.4440161527165932,2,random,,tabicl_aware_ypow,0.5922985076904297,,1.0613735109133997,0.502590656164036,0.8168498168498168,1.5931074141993704
openml:44970,regression,635,6,block_shift,0.5,0.4440161527165932,2,random,,tabicl_aware_n32_ypow,0.6326780319213867,,1.061352463920927,0.5026103831815433,0.8205128205128205,1.594756320980248
openml:44970,regression,635,6,none,0.0,0.0,3,random,,tabicl_aware,0.29686951637268066,,0.8217214961517394,0.6907887271229525,0.7655677655677655,1.174515456265621
openml:44970,regression,635,6,none,0.0,0.0,3,random,,tabicl_aware_n32,0.3130941390991211,,0.820410159304528,0.6917748437006088,0.7655677655677655,1.1755022947702383
openml:44970,regression,635,6,none,0.0,0.0,3,random,,tabicl_aware_med,0.2964789867401123,,0.8294103540475934,0.684975067361675,0.7655677655677655,1.174515456265621
openml:44970,regression,635,6,none,0.0,0.0,3,random,,tabicl_aware_ypow,0.6315469741821289,,0.8211874319498872,0.6911905299426698,0.7655677655677655,1.174515456265621
openml:44970,regression,635,6,none,0.0,0.0,3,random,,tabicl_aware_n32_ypow,0.6226925849914551,,0.8198500772048372,0.6921955417241239,0.7655677655677655,1.1755022947702383
openml:44970,regression,635,6,block,0.3,0.3333333333333333,3,random,,tabicl_aware,0.3005969524383545,,0.9635436281167155,0.5748435327986543,0.7728937728937729,1.486857062959514
openml:44970,regression,635,6,block,0.3,0.3333333333333333,3,random,,tabicl_aware_n32,0.3163301944732666,,0.9629110133102613,0.5754016226980583,0.7728937728937729,1.4848601529339032
openml:44970,regression,635,6,block,0.3,0.3333333333333333,3,random,,tabicl_aware_med,0.29771876335144043,,0.9692091281584578,0.5698291143746496,0.7728937728937729,1.486857062959514
openml:44970,regression,635,6,block,0.3,0.3333333333333333,3,random,,tabicl_aware_ypow,0.590226411819458,,0.963382957046637,0.5749853108088281,0.7728937728937729,1.486857062959514
openml:44970,regression,635,6,block,0.3,0.3333333333333333,3,random,,tabicl_aware_n32_ypow,0.6283626556396484,,0.9627332656727725,0.5755583648925544,0.7728937728937729,1.4848601529339032
openml:44970,regression,635,6,block,0.5,0.44713656387665196,3,random,,tabicl_aware,0.30007457733154297,,1.1050724196626898,0.44077381043023767,0.7838827838827839,1.6956179769692235
openml:44970,regression,635,6,block,0.5,0.44713656387665196,3,random,,tabicl_aware_n32,0.31691431999206543,,1.105868901681447,0.43996739428478704,0.7838827838827839,1.696280601957119
openml:44970,regression,635,6,block,0.5,0.44713656387665196,3,random,,tabicl_aware_med,0.298107385635376,,1.113492680253527,0.43221913116948185,0.7838827838827839,1.6956179769692235
openml:44970,regression,635,6,block,0.5,0.44713656387665196,3,random,,tabicl_aware_ypow,0.641448974609375,,1.1050520763690885,0.4407943998461825,0.7838827838827839,1.6956179769692235
openml:44970,regression,635,6,block,0.5,0.44713656387665196,3,random,,tabicl_aware_n32_ypow,0.6328082084655762,,1.1058226346073166,0.4400142543203919,0.7838827838827839,1.696280601957119
openml:44970,regression,635,6,block_shift,0.3,0.2881791483113069,3,random,,tabicl_aware,0.30168747901916504,,1.0437396486887152,0.5011265575296229,0.7765567765567766,1.6305311656125365
openml:44970,regression,635,6,block_shift,0.3,0.2881791483113069,3,random,,tabicl_aware_n32,0.3184077739715576,,1.0434960255797214,0.50135941811893,0.7765567765567766,1.6306766946456706
openml:44970,regression,635,6,block_shift,0.3,0.2881791483113069,3,random,,tabicl_aware_med,0.2992100715637207,,1.0567894660323418,0.4885737994055255,0.7765567765567766,1.6305311656125365
openml:44970,regression,635,6,block_shift,0.3,0.2881791483113069,3,random,,tabicl_aware_ypow,0.593670129776001,,1.0434810036149493,0.5013737746802489,0.7765567765567766,1.6305311656125365
openml:44970,regression,635,6,block_shift,0.3,0.2881791483113069,3,random,,tabicl_aware_n32_ypow,0.6329617500305176,,1.0432536758188873,0.5015910076789302,0.7765567765567766,1.6306766946456706
openml:44970,regression,635,6,block_shift,0.5,0.5,3,random,,tabicl_aware,0.34459710121154785,,1.1425062323495196,0.40224505474247374,0.7912087912087912,1.7276353323010771
openml:44970,regression,635,6,block_shift,0.5,0.5,3,random,,tabicl_aware_n32,0.3202037811279297,,1.1426294562858972,0.40211610719295476,0.7912087912087912,1.7254156111948031
openml:44970,regression,635,6,block_shift,0.5,0.5,3,random,,tabicl_aware_med,0.2986292839050293,,1.145681196613069,0.3989181799319219,0.7912087912087912,1.7276353323010771
openml:44970,regression,635,6,block_shift,0.5,0.5,3,random,,tabicl_aware_ypow,0.5927660465240479,,1.1418910280887697,0.40288862651497936,0.7912087912087912,1.7276353323010771
openml:44970,regression,635,6,block_shift,0.5,0.5,3,random,,tabicl_aware_n32_ypow,0.6313364505767822,,1.1420256588776054,0.4027478174319976,0.7912087912087912,1.7254156111948031
openml:44970,regression,635,6,none,0.0,0.0,4,random,,tabicl_aware,0.29999446868896484,,0.8320888286831114,0.6564051366610315,0.7985347985347986,1.2594643600994544
openml:44970,regression,635,6,none,0.0,0.0,4,random,,tabicl_aware_n32,0.31484150886535645,,0.8318692854859768,0.6565864249099618,0.7948717948717948,1.259534145530192
openml:44970,regression,635,6,none,0.0,0.0,4,random,,tabicl_aware_med,0.2972884178161621,,0.8401187762187129,0.6497415172925094,0.7985347985347986,1.2594643600994544
openml:44970,regression,635,6,none,0.0,0.0,4,random,,tabicl_aware_ypow,0.5906903743743896,,0.8315549076628631,0.6568459397490487,0.7985347985347986,1.2594643600994544
openml:44970,regression,635,6,none,0.0,0.0,4,random,,tabicl_aware_n32_ypow,0.670936107635498,,0.8313036455327704,0.657053282867339,0.7948717948717948,1.259534145530192
openml:44970,regression,635,6,block,0.3,0.3333333333333333,4,random,,tabicl_aware,0.30119776725769043,,0.9515195581788083,0.5506934820004974,0.7985347985347986,1.5004779605935938
openml:44970,regression,635,6,block,0.3,0.3333333333333333,4,random,,tabicl_aware_n32,0.31759166717529297,,0.9524187464047935,0.5498438893187603,0.7912087912087912,1.4981188603285107
openml:44970,regression,635,6,block,0.3,0.3333333333333333,4,random,,tabicl_aware_med,0.2987236976623535,,0.956388249906605,0.5460837365719795,0.7985347985347986,1.5004779605935938
openml:44970,regression,635,6,block,0.3,0.3333333333333333,4,random,,tabicl_aware_ypow,0.591545820236206,,0.9513628073597148,0.5508415049453919,0.7985347985347986,1.5004779605935938
openml:44970,regression,635,6,block,0.3,0.3333333333333333,4,random,,tabicl_aware_n32_ypow,0.6295270919799805,,0.9522380026611622,0.5500147284180809,0.7912087912087912,1.4981188603285107
openml:44970,regression,635,6,block,0.5,0.5,4,random,,tabicl_aware,0.30150914192199707,,1.1122187434101636,0.38611404241813774,0.8131868131868132,1.816234780603388
openml:44970,regression,635,6,block,0.5,0.5,4,random,,tabicl_aware_n32,0.3215909004211426,,1.112724985304489,0.3855550777025173,0.8095238095238095,1.8121761405702304
openml:44970,regression,635,6,block,0.5,0.5,4,random,,tabicl_aware_med,0.29741430282592773,,1.121017307585132,0.3763629400455747,0.8131868131868132,1.816234780603388
openml:44970,regression,635,6,block,0.5,0.5,4,random,,tabicl_aware_ypow,0.6369352340698242,,1.1122868233649135,0.38603888704503164,0.8131868131868132,1.816234780603388
openml:44970,regression,635,6,block,0.5,0.5,4,random,,tabicl_aware_n32_ypow,0.6350698471069336,,1.1127848668341502,0.38548894295698455,0.8095238095238095,1.8121761405702304
openml:44970,regression,635,6,block_shift,0.3,0.3333333333333333,4,random,,tabicl_aware,0.3035752773284912,,1.0425455102287096,0.4606169130241071,0.7619047619047619,1.661668365307113
openml:44970,regression,635,6,block_shift,0.3,0.3333333333333333,4,random,,tabicl_aware_n32,0.3153245449066162,,1.0419138158469734,0.46127035603827016,0.7545787545787546,1.6549563673081442
openml:44970,regression,635,6,block_shift,0.3,0.3333333333333333,4,random,,tabicl_aware_med,0.29779624938964844,,1.0541468911915408,0.44854567845049975,0.7619047619047619,1.661668365307113
openml:44970,regression,635,6,block_shift,0.3,0.3333333333333333,4,random,,tabicl_aware_ypow,0.5889112949371338,,1.0423227403909492,0.4608473978210982,0.7619047619047619,1.661668365307113
openml:44970,regression,635,6,block_shift,0.3,0.3333333333333333,4,random,,tabicl_aware_n32_ypow,0.6310081481933594,,1.0417069092231035,0.46148430015227093,0.7545787545787546,1.6549563673081442
openml:44970,regression,635,6,block_shift,0.5,0.5,4,random,,tabicl_aware,0.3019726276397705,,1.157326980922621,0.3353095548564532,0.73992673992674,1.7518494489488898
openml:44970,regression,635,6,block_shift,0.5,0.5,4,random,,tabicl_aware_n32,0.3183708190917969,,1.1567162813236558,0.33601085897392646,0.7435897435897436,1.749808959904287
openml:44970,regression,635,6,block_shift,0.5,0.5,4,random,,tabicl_aware_med,0.34151387214660645,,1.1752296104686495,0.314586379875074,0.73992673992674,1.7518494489488898
openml:44970,regression,635,6,block_shift,0.5,0.5,4,random,,tabicl_aware_ypow,0.6000618934631348,,1.1570984113167926,0.3355720788152262,0.73992673992674,1.7518494489488898
openml:44970,regression,635,6,block_shift,0.5,0.5,4,random,,tabicl_aware_n32_ypow,0.6466505527496338,,1.1564928133453485,0.3362673885662507,0.7435897435897436,1.749808959904287
openml:507,regression,2100,6,none,0.0,0.0,0,random,,tabicl_aware,0.323345422744751,,0.11246533934016686,0.7262988376517939,0.7788888888888889,0.9507028456657158
openml:507,regression,2100,6,none,0.0,0.0,0,random,,tabicl_aware_n32,0.35606861114501953,,0.11196715277116039,0.72871828955227,0.7811111111111111,0.9512415080444437
openml:507,regression,2100,6,none,0.0,0.0,0,random,,tabicl_aware_med,0.32383155822753906,,0.11328965840947088,0.7222719272571447,0.7788888888888889,0.9507028456657158
openml:507,regression,2100,6,none,0.0,0.0,0,random,,tabicl_aware_ypow,0.6405692100524902,,0.11276755675382508,0.7248258790141058,0.7788888888888889,0.9507028456657158
openml:507,regression,2100,6,none,0.0,0.0,0,random,,tabicl_aware_n32_ypow,0.744455099105835,,0.1122933906309555,0.727135123476059,0.7811111111111111,0.9512415080444437
openml:507,regression,2100,6,block,0.3,0.248,0,random,,tabicl_aware,0.32564616203308105,,0.12933733843520775,0.6380179085347207,0.78,1.1032256076824551
openml:507,regression,2100,6,block,0.3,0.248,0,random,,tabicl_aware_n32,0.34473443031311035,,0.12904228336637535,0.6396675918572314,0.7788888888888889,1.1022700035706106
openml:507,regression,2100,6,block,0.3,0.248,0,random,,tabicl_aware_med,0.32117414474487305,,0.12938497282154107,0.6377512265351856,0.78,1.1032256076824551
openml:507,regression,2100,6,block,0.3,0.248,0,random,,tabicl_aware_ypow,0.6420505046844482,,0.12943324922423832,0.6374808500010971,0.78,1.1032256076824551
openml:507,regression,2100,6,block,0.3,0.248,0,random,,tabicl_aware_n32_ypow,0.6866724491119385,,0.12915661071947993,0.6390288229437977,0.7788888888888889,1.1022700035706106
openml:507,regression,2100,6,block,0.5,0.5,0,random,,tabicl_aware,0.3324904441833496,,0.16633544462485572,0.40130055898173456,0.8,1.5210414281231082
openml:507,regression,2100,6,block,0.5,0.5,0,random,,tabicl_aware_n32,0.37047433853149414,,0.16610045472185425,0.4029909857622004,0.7977777777777778,1.5189298937799334
openml:507,regression,2100,6,block,0.5,0.5,0,random,,tabicl_aware_med,0.32741713523864746,,0.16702026135207843,0.39636062097454183,0.8,1.5210414281231082
openml:507,regression,2100,6,block,0.5,0.5,0,random,,tabicl_aware_ypow,0.6894824504852295,,0.16640945104614938,0.40076769047748717,0.8,1.5210414281231082
openml:507,regression,2100,6,block,0.5,0.5,0,random,,tabicl_aware_n32_ypow,0.7026259899139404,,0.16616448983543153,0.4025305787244092,0.7977777777777778,1.5189298937799334
openml:507,regression,2100,6,block_shift,0.3,0.252,0,random,,tabicl_aware,0.32538700103759766,,0.16759549641564372,0.39219546772203795,0.7611111111111111,1.5238257532329709
openml:507,regression,2100,6,block_shift,0.3,0.252,0,random,,tabicl_aware_n32,0.34357428550720215,,0.16781892599717865,0.39057380082814575,0.7633333333333333,1.5234267646019122
openml:507,regression,2100,6,block_shift,0.3,0.252,0,random,,tabicl_aware_med,0.3218262195587158,,0.16834349764568535,0.3867579338506759,0.7611111111111111,1.5238257532329709
openml:507,regression,2100,6,block_shift,0.3,0.252,0,random,,tabicl_aware_ypow,0.63974928855896,,0.1676280392218493,0.391959404273041,0.7611111111111111,1.5238257532329709
openml:507,regression,2100,6,block_shift,0.3,0.252,0,random,,tabicl_aware_n32_ypow,0.6886138916015625,,0.16785453462205085,0.39031515144068685,0.7633333333333333,1.5234267646019122
openml:507,regression,2100,6,block_shift,0.5,0.5,0,random,,tabicl_aware,0.3299098014831543,,0.1738158221839764,0.34624073011560486,0.7677777777777778,1.6117088911683648
openml:507,regression,2100,6,block_shift,0.5,0.5,0,random,,tabicl_aware_n32,0.3513925075531006,,0.17380938165370113,0.3462891777000542,0.77,1.6130722178528096
openml:507,regression,2100,6,block_shift,0.5,0.5,0,random,,tabicl_aware_med,0.327223539352417,,0.1744389591221907,0.34154481941517556,0.7677777777777778,1.6117088911683648
openml:507,regression,2100,6,block_shift,0.5,0.5,0,random,,tabicl_aware_ypow,0.6910514831542969,,0.17379581839727065,0.34639119867823387,0.7677777777777778,1.6117088911683648
openml:507,regression,2100,6,block_shift,0.5,0.5,0,random,,tabicl_aware_n32_ypow,0.7060647010803223,,0.17378702629738257,0.3464573274098187,0.77,1.6130722178528096
openml:507,regression,2100,6,none,0.0,0.0,1,random,,tabicl_aware,0.33113932609558105,,0.111419311501356,0.7352013524718322,0.7777777777777778,0.9376862350021812
openml:507,regression,2100,6,none,0.0,0.0,1,random,,tabicl_aware_n32,0.35236597061157227,,0.11193322143070136,0.7327530069217825,0.7755555555555556,0.9380335030052888
openml:507,regression,2100,6,none,0.0,0.0,1,random,,tabicl_aware_med,0.3253767490386963,,0.11138460156236503,0.7353663097514903,0.7777777777777778,0.9376862350021812
openml:507,regression,2100,6,none,0.0,0.0,1,random,,tabicl_aware_ypow,0.6480233669281006,,0.11231079617153147,0.7309470032857732,0.7777777777777778,0.9376862350021812
openml:507,regression,2100,6,none,0.0,0.0,1,random,,tabicl_aware_n32_ypow,0.7016277313232422,,0.1128401809644224,0.7284046253000884,0.7755555555555556,0.9380335030052888
openml:507,regression,2100,6,block,0.3,0.2776111111111111,1,random,,tabicl_aware,0.3632657527923584,,0.13317598882572348,0.6216909925956717,0.7677777777777778,1.218682619928128
openml:507,regression,2100,6,block,0.3,0.2776111111111111,1,random,,tabicl_aware_n32,0.35239171981811523,,0.1336568679981856,0.6189540222296164,0.7655555555555555,1.2200105793787748
openml:507,regression,2100,6,block,0.3,0.2776111111111111,1,random,,tabicl_aware_med,0.3293581008911133,,0.1339042351901442,0.6175422653957796,0.7677777777777778,1.218682619928128
openml:507,regression,2100,6,block,0.3,0.2776111111111111,1,random,,tabicl_aware_ypow,0.6524298191070557,,0.13353891982826116,0.6196262487404756,0.7677777777777778,1.218682619928128
openml:507,regression,2100,6,block,0.3,0.2776111111111111,1,random,,tabicl_aware_n32_ypow,0.6954691410064697,,0.1340160359815127,0.6169033471752805,0.7655555555555555,1.2200105793787748
openml:507,regression,2100,6,block,0.5,0.5,1,random,,tabicl_aware,0.3321716785430908,,0.16465553118914875,0.42170761929133926,0.7577777777777778,1.4577632200794615
openml:507,regression,2100,6,block,0.5,0.5,1,random,,tabicl_aware_n32,0.35394883155822754,,0.1645684347934118,0.4223192460072399,0.7577777777777778,1.459912207527943
openml:507,regression,2100,6,block,0.5,0.5,1,random,,tabicl_aware_med,0.3261837959289551,,0.1656664737811328,0.4145846869070099,0.7577777777777778,1.4577632200794615
openml:507,regression,2100,6,block,0.5,0.5,1,random,,tabicl_aware_ypow,0.6485192775726318,,0.16470455907577025,0.4213631829497392,0.7577777777777778,1.4577632200794615
openml:507,regression,2100,6,block,0.5,0.5,1,random,,tabicl_aware_n32_ypow,0.7448861598968506,,0.16460862313045246,0.42203706718478484,0.7577777777777778,1.459912207527943
openml:507,regression,2100,6,block_shift,0.3,0.3333333333333333,1,random,,tabicl_aware,0.32648587226867676,,0.17120374960546167,0.3747965500183058,0.7566666666666667,1.4980864995841758
openml:507,regression,2100,6,block_shift,0.3,0.3333333333333333,1,random,,tabicl_aware_n32,0.3451089859008789,,0.1711295060464327,0.37533867908698115,0.7566666666666667,1.4997775557419957
openml:507,regression,2100,6,block_shift,0.3,0.3333333333333333,1,random,,tabicl_aware_med,0.3284773826599121,,0.17178355527415443,0.37055469984835054,0.7566666666666667,1.4980864995841758
openml:507,regression,2100,6,block_shift,0.3,0.3333333333333333,1,random,,tabicl_aware_ypow,0.6448104381561279,,0.17118830457614795,0.3749093495342819,0.7566666666666667,1.4980864995841758
openml:507,regression,2100,6,block_shift,0.3,0.3333333333333333,1,random,,tabicl_aware_n32_ypow,0.6979677677154541,,0.17111676265555836,0.37543170812882176,0.7566666666666667,1.4997775557419957
openml:507,regression,2100,6,block_shift,0.5,0.44283333333333336,1,random,,tabicl_aware,0.3315579891204834,,0.16731617659665537,0.40286753277056364,0.7633333333333333,1.567712839541362
openml:507,regression,2100,6,block_shift,0.5,0.44283333333333336,1,random,,tabicl_aware_n32,0.35149550437927246,,0.167172589804184,0.40389198297289797,0.7633333333333333,1.5694943257737128
openml:507,regression,2100,6,block_shift,0.5,0.44283333333333336,1,random,,tabicl_aware_med,0.3241751194000244,,0.16774839825577348,0.3997784477491565,0.7633333333333333,1.567712839541362
openml:507,regression,2100,6,block_shift,0.5,0.44283333333333336,1,random,,tabicl_aware_ypow,0.6919090747833252,,0.16725851700350094,0.40327902295888296,0.7633333333333333,1.567712839541362
openml:507,regression,2100,6,block_shift,0.5,0.44283333333333336,1,random,,tabicl_aware_n32_ypow,0.7074084281921387,,0.167123974830777,0.4042386374294378,0.7633333333333333,1.5694943257737128
openml:507,regression,2100,6,none,0.0,0.0,2,random,,tabicl_aware,0.33030009269714355,,0.1182538815485816,0.7039678673436803,0.7655555555555555,0.9127390025219587
openml:507,regression,2100,6,none,0.0,0.0,2,random,,tabicl_aware_n32,0.34563136100769043,,0.11837747202934847,0.7033487608578,0.7644444444444445,0.9105262801366236
openml:507,regression,2100,6,none,0.0,0.0,2,random,,tabicl_aware_med,0.3225102424621582,,0.11840777462128688,0.703196866213545,0.7655555555555555,0.9127390025219587
openml:507,regression,2100,6,none,0.0,0.0,2,random,,tabicl_aware_ypow,0.6398344039916992,,0.11806139574111482,0.7049308058553292,0.7655555555555555,0.9127390025219587
openml:507,regression,2100,6,none,0.0,0.0,2,random,,tabicl_aware_n32_ypow,0.6937005519866943,,0.11818718595088563,0.7043016994667846,0.7644444444444445,0.9105262801366236
openml:507,regression,2100,6,block,0.3,0.25183333333333335,2,random,,tabicl_aware,0.32596850395202637,,0.1380232470364165,0.5967145770963136,0.7777777777777778,1.2008596726700385
openml:507,regression,2100,6,block,0.3,0.25183333333333335,2,random,,tabicl_aware_n32,0.34575510025024414,,0.13821604999773093,0.595587101360217,0.78,1.2020066902540583
openml:507,regression,2100,6,block,0.3,0.25183333333333335,2,random,,tabicl_aware_med,0.32200074195861816,,0.13840946291717646,0.5944544773686449,0.7777777777777778,1.2008596726700385
openml:507,regression,2100,6,block,0.3,0.25183333333333335,2,random,,tabicl_aware_ypow,0.6829516887664795,,0.13783195883264177,0.5978316394543508,0.7777777777777778,1.2008596726700385
openml:507,regression,2100,6,block,0.3,0.25183333333333335,2,random,,tabicl_aware_n32_ypow,0.6907374858856201,,0.13802280458089008,0.5967171626836245,0.78,1.2020066902540583
openml:507,regression,2100,6,block,0.5,0.44483333333333336,2,random,,tabicl_aware,0.3321878910064697,,0.15801136487595385,0.4714516844747473,0.8,1.4049969905419506
openml:507,regression,2100,6,block,0.5,0.44483333333333336,2,random,,tabicl_aware_n32,0.3555440902709961,,0.15805647416544236,0.47114986008031057,0.7977777777777778,1.4052647879527804
openml:507,regression,2100,6,block,0.5,0.44483333333333336,2,random,,tabicl_aware_med,0.32703685760498047,,0.15825956978938882,0.46978988850759107,0.8,1.4049969905419506
openml:507,regression,2100,6,block,0.5,0.44483333333333336,2,random,,tabicl_aware_ypow,0.6515483856201172,,0.15789385959920665,0.47223750292645883,0.8,1.4049969905419506
openml:507,regression,2100,6,block,0.5,0.44483333333333336,2,random,,tabicl_aware_n32_ypow,0.7066476345062256,,0.1579551321748919,0.4718278145183543,0.7977777777777778,1.4052647879527804
openml:507,regression,2100,6,block_shift,0.3,0.16666666666666666,2,random,,tabicl_aware,0.3679776191711426,,0.15545028306876318,0.48844647859289814,0.8022222222222222,1.339721200250889
openml:507,regression,2100,6,block_shift,0.3,0.16666666666666666,2,random,,tabicl_aware_n32,0.347886323928833,,0.15560918365726722,0.48740012860663995,0.8,1.339560220138081
openml:507,regression,2100,6,block_shift,0.3,0.16666666666666666,2,random,,tabicl_aware_med,0.32921576499938965,,0.15550567125150974,0.4880818724025692,0.8022222222222222,1.339721200250889
openml:507,regression,2100,6,block_shift,0.3,0.16666666666666666,2,random,,tabicl_aware_ypow,0.6408348083496094,,0.15544032433276508,0.48851202061937593,0.8022222222222222,1.339721200250889
openml:507,regression,2100,6,block_shift,0.3,0.16666666666666666,2,random,,tabicl_aware_n32_ypow,0.690709114074707,,0.1555885503328579,0.48753605809324596,0.8,1.339560220138081
openml:507,regression,2100,6,block_shift,0.5,0.5,2,random,,tabicl_aware,0.3304474353790283,,0.17691075565447995,0.33745326330822745,0.7744444444444445,1.68381989364644
openml:507,regression,2100,6,block_shift,0.5,0.5,2,random,,tabicl_aware_n32,0.35205531120300293,,0.17718198016408676,0.33542018552701924,0.7755555555555556,1.680667206462724
openml:507,regression,2100,6,block_shift,0.5,0.5,2,random,,tabicl_aware_med,0.3293161392211914,,0.1777414664334214,0.3312164811482211,0.7744444444444445,1.68381989364644
openml:507,regression,2100,6,block_shift,0.5,0.5,2,random,,tabicl_aware_ypow,0.6471834182739258,,0.17691986586051858,0.3373850244646067,0.7744444444444445,1.68381989364644
openml:507,regression,2100,6,block_shift,0.5,0.5,2,random,,tabicl_aware_n32_ypow,0.7504582405090332,,0.1771903793863521,0.335357175892806,0.7755555555555556,1.680667206462724
openml:507,regression,2100,6,none,0.0,0.0,3,random,,tabicl_aware,0.33111572265625,,0.08770573224594327,0.7806223752901358,0.79,1.0884491283660158
openml:507,regression,2100,6,none,0.0,0.0,3,random,,tabicl_aware_n32,0.34975409507751465,,0.08767418241761837,0.7807801775531857,0.7933333333333333,1.0917612878760852
openml:507,regression,2100,6,none,0.0,0.0,3,random,,tabicl_aware_med,0.3251533508300781,,0.08825301864456439,0.7778759872596513,0.79,1.0884491283660158
openml:507,regression,2100,6,none,0.0,0.0,3,random,,tabicl_aware_ypow,0.640887975692749,,0.08777953516321717,0.7802530146935207,0.79,1.0884491283660158
openml:507,regression,2100,6,none,0.0,0.0,3,random,,tabicl_aware_n32_ypow,0.6999826431274414,,0.08777061945451985,0.780297651535289,0.7933333333333333,1.0917612878760852
openml:507,regression,2100,6,block,0.3,0.3333333333333333,3,random,,tabicl_aware,0.33036041259765625,,0.1264594020257458,0.5439225286950916,0.7788888888888889,1.521820555219894
openml:507,regression,2100,6,block,0.3,0.3333333333333333,3,random,,tabicl_aware_n32,0.3520691394805908,,0.12634775886572686,0.544727458232223,0.7722222222222223,1.5225020538034373
openml:507,regression,2100,6,block,0.3,0.3333333333333333,3,random,,tabicl_aware_med,0.326047420501709,,0.1265826624871963,0.5430330144984435,0.7788888888888889,1.521820555219894
openml:507,regression,2100,6,block,0.3,0.3333333333333333,3,random,,tabicl_aware_ypow,0.6876397132873535,,0.12635932144653395,0.5446441268542686,0.7788888888888889,1.521820555219894
openml:507,regression,2100,6,block,0.3,0.3333333333333333,3,random,,tabicl_aware_n32_ypow,0.6971256732940674,,0.12626269038131294,0.5453403113205724,0.7722222222222223,1.5225020538034373
openml:507,regression,2100,6,block,0.5,0.4449444444444444,3,random,,tabicl_aware,0.33327150344848633,,0.13297474126714626,0.49571659074012653,0.7911111111111111,1.6665802762972368
openml:507,regression,2100,6,block,0.5,0.4449444444444444,3,random,,tabicl_aware_n32,0.35526108741760254,,0.13298734641077253,0.49562098061113413,0.7888888888888889,1.6667836754541185
openml:507,regression,2100,6,block,0.5,0.4449444444444444,3,random,,tabicl_aware_med,0.32963061332702637,,0.13318612737843988,0.4941120268034811,0.7911111111111111,1.6665802762972368
openml:507,regression,2100,6,block,0.5,0.4449444444444444,3,random,,tabicl_aware_ypow,0.6537644863128662,,0.13274345932459752,0.49746925770704653,0.7911111111111111,1.6665802762972368
openml:507,regression,2100,6,block,0.5,0.4449444444444444,3,random,,tabicl_aware_n32_ypow,0.7070376873016357,,0.13273667644724038,0.4975206126638133,0.7888888888888889,1.6667836754541185
openml:507,regression,2100,6,block_shift,0.3,0.3333333333333333,3,random,,tabicl_aware,0.328845739364624,,0.13967533191145798,0.44361450880461717,0.8011111111111111,1.8094616586816845
openml:507,regression,2100,6,block_shift,0.3,0.3333333333333333,3,random,,tabicl_aware_n32,0.3462097644805908,,0.13972564475354465,0.4432136022629465,0.8011111111111111,1.8128594431889387
openml:507,regression,2100,6,block_shift,0.3,0.3333333333333333,3,random,,tabicl_aware_med,0.3669455051422119,,0.1400215115032537,0.440853133739758,0.8011111111111111,1.8094616586816845
openml:507,regression,2100,6,block_shift,0.3,0.3333333333333333,3,random,,tabicl_aware_ypow,0.6439752578735352,,0.13975977682655624,0.44294154633237404,0.8011111111111111,1.8094616586816845
openml:507,regression,2100,6,block_shift,0.3,0.3333333333333333,3,random,,tabicl_aware_n32_ypow,0.6983249187469482,,0.13979274211565493,0.44267872738535974,0.8011111111111111,1.8128594431889387
openml:507,regression,2100,6,block_shift,0.5,0.44272222222222224,3,random,,tabicl_aware,0.33631253242492676,,0.15571455523850283,0.30849584877903136,0.8033333333333333,2.1125023701409185
openml:507,regression,2100,6,block_shift,0.5,0.44272222222222224,3,random,,tabicl_aware_n32,0.35333776473999023,,0.15566544716013916,0.308931942697381,0.8022222222222222,2.1133961805204553
openml:507,regression,2100,6,block_shift,0.5,0.44272222222222224,3,random,,tabicl_aware_med,0.328751802444458,,0.1564331439574313,0.30209884060836145,0.8033333333333333,2.1125023701409185
openml:507,regression,2100,6,block_shift,0.5,0.44272222222222224,3,random,,tabicl_aware_ypow,0.6455175876617432,,0.15556794117072054,0.30979741634084257,0.8033333333333333,2.1125023701409185
openml:507,regression,2100,6,block_shift,0.5,0.44272222222222224,3,random,,tabicl_aware_n32_ypow,0.7482497692108154,,0.1555408982877755,0.3100373558197994,0.8022222222222222,2.1133961805204553
openml:507,regression,2100,6,none,0.0,0.0,4,random,,tabicl_aware,0.3294539451599121,,0.10932375583686146,0.7376242050065746,0.7733333333333333,0.9384266366981809
openml:507,regression,2100,6,none,0.0,0.0,4,random,,tabicl_aware_n32,0.34694743156433105,,0.10951268464341504,0.7367165673545273,0.7744444444444445,0.9392732498617905
openml:507,regression,2100,6,none,0.0,0.0,4,random,,tabicl_aware_med,0.321561336517334,,0.11037083311055186,0.73257418877069,0.7733333333333333,0.9384266366981809
openml:507,regression,2100,6,none,0.0,0.0,4,random,,tabicl_aware_ypow,0.639674186706543,,0.10979467499252334,0.7353589351485905,0.7733333333333333,0.9384266366981809
openml:507,regression,2100,6,none,0.0,0.0,4,random,,tabicl_aware_n32_ypow,0.6938738822937012,,0.10993871198672764,0.7346641271965916,0.7744444444444445,0.9392732498617905
openml:507,regression,2100,6,block,0.3,0.3333333333333333,4,random,,tabicl_aware,0.3298461437225342,,0.1404216311478737,0.5671247977566283,0.7711111111111111,1.2119081022989269
openml:507,regression,2100,6,block,0.3,0.3333333333333333,4,random,,tabicl_aware_n32,0.3465733528137207,,0.14042941573500045,0.5670768016166565,0.7688888888888888,1.213534024066545
openml:507,regression,2100,6,block,0.3,0.3333333333333333,4,random,,tabicl_aware_med,0.3239598274230957,,0.14081328499639106,0.5647067419628662,0.7711111111111111,1.2119081022989269
openml:507,regression,2100,6,block,0.3,0.3333333333333333,4,random,,tabicl_aware_ypow,0.6821503639221191,,0.14032607552803628,0.5677137324404283,0.7711111111111111,1.2119081022989269
openml:507,regression,2100,6,block,0.3,0.3333333333333333,4,random,,tabicl_aware_n32_ypow,0.6918239593505859,,0.1403353926102904,0.5676563264250927,0.7688888888888888,1.213534024066545
openml:507,regression,2100,6,block,0.5,0.4663333333333333,4,random,,tabicl_aware,0.3312091827392578,,0.15540156457046572,0.4698418351449235,0.7888888888888889,1.5189061214927566
openml:507,regression,2100,6,block,0.5,0.4663333333333333,4,random,,tabicl_aware_n32,0.3500657081604004,,0.15520998135198363,0.47114821579897437,0.7911111111111111,1.5169390689386137
openml:507,regression,2100,6,block,0.5,0.4663333333333333,4,random,,tabicl_aware_med,0.32540249824523926,,0.15546805645701664,0.46938805904372527,0.7888888888888889,1.5189061214927566
openml:507,regression,2100,6,block,0.5,0.4663333333333333,4,random,,tabicl_aware_ypow,0.6464743614196777,,0.15546941134920125,0.4693788105187108,0.7888888888888889,1.5189061214927566
openml:507,regression,2100,6,block,0.5,0.4663333333333333,4,random,,tabicl_aware_n32_ypow,0.7031533718109131,,0.15527087255899372,0.4707331814057468,0.7911111111111111,1.5169390689386137
openml:507,regression,2100,6,block_shift,0.3,0.3333333333333333,4,random,,tabicl_aware,0.32837843894958496,,0.16371968647788993,0.4115677200720973,0.7533333333333333,1.5413910109320148
openml:507,regression,2100,6,block_shift,0.3,0.3333333333333333,4,random,,tabicl_aware_n32,0.34326696395874023,,0.1637587895014943,0.4112866026373653,0.7544444444444445,1.5418488774277226
openml:507,regression,2100,6,block_shift,0.3,0.3333333333333333,4,random,,tabicl_aware_med,0.324451208114624,,0.16507427788211013,0.4017902424094879,0.7533333333333333,1.5413910109320148
openml:507,regression,2100,6,block_shift,0.3,0.3333333333333333,4,random,,tabicl_aware_ypow,0.6814441680908203,,0.1637675011374318,0.411223964250479,0.7533333333333333,1.5413910109320148
openml:507,regression,2100,6,block_shift,0.3,0.3333333333333333,4,random,,tabicl_aware_n32_ypow,0.68916916847229,,0.16380339723336698,0.41096582906279744,0.7544444444444445,1.5418488774277226
openml:507,regression,2100,6,block_shift,0.5,0.5,4,random,,tabicl_aware,0.329944372177124,,0.16924649623462537,0.3711688402490688,0.7588888888888888,1.6066092688212281
openml:507,regression,2100,6,block_shift,0.5,0.5,4,random,,tabicl_aware_n32,0.3529014587402344,,0.1692446559278365,0.37118251540319547,0.7588888888888888,1.6074170631724538
openml:507,regression,2100,6,block_shift,0.5,0.5,4,random,,tabicl_aware_med,0.3263857364654541,,0.16946194107541307,0.36956686133960803,0.7588888888888888,1.6066092688212281
openml:507,regression,2100,6,block_shift,0.5,0.5,4,random,,tabicl_aware_ypow,0.6527385711669922,,0.16923349204638263,0.37126547001448473,0.7588888888888888,1.6066092688212281
openml:507,regression,2100,6,block_shift,0.5,0.5,4,random,,tabicl_aware_n32_ypow,0.704596996307373,,0.16923826734066377,0.37122998726543044,0.7588888888888888,1.6074170631724538
openml:560,regression,176,14,none,0.0,0.0,0,random,,tabicl_aware,0.3341357707977295,,1.7425524873235183,0.9572846546995106,0.8947368421052632,0.05263952242799031
openml:560,regression,176,14,none,0.0,0.0,0,random,,tabicl_aware_n32,0.3360328674316406,,1.7557924543048617,0.9566330837452023,0.8947368421052632,0.05289603422274453
openml:560,regression,176,14,none,0.0,0.0,0,random,,tabicl_aware_med,0.28569531440734863,,1.8662308578389426,0.9510059978314036,0.8947368421052632,0.05263952242799031
openml:560,regression,176,14,none,0.0,0.0,0,random,,tabicl_aware_ypow,0.565105676651001,,1.7621820413775222,0.9563168722424021,0.8947368421052632,0.05263952242799031
openml:560,regression,176,14,none,0.0,0.0,0,random,,tabicl_aware_n32_ypow,0.6629528999328613,,1.7734392932946486,0.9557569724382537,0.8947368421052632,0.05289603422274453
openml:560,regression,176,14,block,0.3,0.2536848072562358,0,random,,tabicl_aware,0.29347681999206543,,4.732277049790459,0.6849695674663023,0.7631578947368421,0.9265570952009937
openml:560,regression,176,14,block,0.3,0.2536848072562358,0,random,,tabicl_aware_n32,0.3370249271392822,,4.720929661842915,0.686478560525973,0.7631578947368421,0.9214031200616924
openml:560,regression,176,14,block,0.3,0.2536848072562358,0,random,,tabicl_aware_med,0.2900412082672119,,4.719234669110265,0.6867036522770262,0.7631578947368421,0.9265570952009937
openml:560,regression,176,14,block,0.3,0.2536848072562358,0,random,,tabicl_aware_ypow,0.5743908882141113,,4.73422221859637,0.6847105322049377,0.7631578947368421,0.9265570952009937
openml:560,regression,176,14,block,0.3,0.2536848072562358,0,random,,tabicl_aware_n32_ypow,0.710303783416748,,4.7236387881803035,0.6861186259550294,0.7631578947368421,0.9214031200616924
openml:560,regression,176,14,block,0.5,0.48667800453514737,0,random,,tabicl_aware,0.3000209331512451,,5.068722890840221,0.6385824126602969,0.6973684210526315,1.1264151765623525
openml:560,regression,176,14,block,0.5,0.48667800453514737,0,random,,tabicl_aware_n32,0.34091949462890625,,5.079730629399711,0.637010927956791,0.7105263157894737,1.1113781539242005
openml:560,regression,176,14,block,0.5,0.48667800453514737,0,random,,tabicl_aware_med,0.290621280670166,,5.024249804287482,0.6448967612642487,0.6973684210526315,1.1264151765623525
openml:560,regression,176,14,block,0.5,0.48667800453514737,0,random,,tabicl_aware_ypow,0.5742697715759277,,5.073337339007817,0.6379240606861275,0.6973684210526315,1.1264151765623525
openml:560,regression,176,14,block,0.5,0.48667800453514737,0,random,,tabicl_aware_n32_ypow,0.6664984226226807,,5.083403089308476,0.636485882520496,0.7105263157894737,1.1113781539242005
openml:560,regression,176,14,block_shift,0.3,0.2857142857142857,0,random,,tabicl_aware,0.290895938873291,,2.4246722936213274,0.917297567304049,0.6578947368421053,0.48807580709112247
openml:560,regression,176,14,block_shift,0.3,0.2857142857142857,0,random,,tabicl_aware_n32,0.3318352699279785,,2.4343132802475886,0.9166385766204176,0.6578947368421053,0.4929365976157247
openml:560,regression,176,14,block_shift,0.3,0.2857142857142857,0,random,,tabicl_aware_med,0.28670215606689453,,2.4372973787778083,0.9164340744528408,0.6578947368421053,0.48807580709112247
openml:560,regression,176,14,block_shift,0.3,0.2857142857142857,0,random,,tabicl_aware_ypow,0.6091411113739014,,2.418171441341745,0.9177404441119072,0.6578947368421053,0.48807580709112247
openml:560,regression,176,14,block_shift,0.3,0.2857142857142857,0,random,,tabicl_aware_n32_ypow,0.6640243530273438,,2.4260051305416903,0.91720661963061,0.6578947368421053,0.4929365976157247
openml:560,regression,176,14,block_shift,0.5,0.48327664399092973,0,random,,tabicl_aware,0.29300951957702637,,2.0407611282064435,0.9414136378921967,0.6842105263157895,0.3056471382172003
openml:560,regression,176,14,block_shift,0.5,0.48327664399092973,0,random,,tabicl_aware_n32,0.33316898345947266,,2.0415950381706374,0.9413657481785599,0.6973684210526315,0.3086156324410281
openml:560,regression,176,14,block_shift,0.5,0.48327664399092973,0,random,,tabicl_aware_med,0.28929734230041504,,2.085274911252024,0.9388299520427902,0.6842105263157895,0.3056471382172003
openml:560,regression,176,14,block_shift,0.5,0.48327664399092973,0,random,,tabicl_aware_ypow,0.56937575340271,,2.0362399827075617,0.9416729372840779,0.6842105263157895,0.3056471382172003
openml:560,regression,176,14,block_shift,0.5,0.48327664399092973,0,random,,tabicl_aware_n32_ypow,0.6710329055786133,,2.037598740793654,0.9415950694385925,0.6973684210526315,0.3086156324410281
openml:560,regression,176,14,none,0.0,0.0,1,random,,tabicl_aware,0.291947603225708,,1.909871210570571,0.9442743507971992,0.7763157894736842,0.05470852754609394
openml:560,regression,176,14,none,0.0,0.0,1,random,,tabicl_aware_n32,0.33065319061279297,,1.9071710128250854,0.9444318105287408,0.8157894736842105,0.053922784152408955
openml:560,regression,176,14,none,0.0,0.0,1,random,,tabicl_aware_med,0.28778934478759766,,1.9337547104692232,0.9428719050989175,0.7763157894736842,0.05470852754609394
openml:560,regression,176,14,none,0.0,0.0,1,random,,tabicl_aware_ypow,0.6126348972320557,,1.8628327103546916,0.946985498396177,0.7763157894736842,0.05470852754609394
openml:560,regression,176,14,none,0.0,0.0,1,random,,tabicl_aware_n32_ypow,0.6620039939880371,,1.8628618704972213,0.9469838386416387,0.8157894736842105,0.053922784152408955
openml:560,regression,176,14,block,0.3,0.2857142857142857,1,random,,tabicl_aware,0.2917475700378418,,3.0940110054753394,0.8537517491328576,0.7631578947368421,0.526789234954409
openml:560,regression,176,14,block,0.3,0.2857142857142857,1,random,,tabicl_aware_n32,0.3384101390838623,,3.0981273467952937,0.8533623463936924,0.7894736842105263,0.5235200167119192
openml:560,regression,176,14,block,0.3,0.2857142857142857,1,random,,tabicl_aware_med,0.28971266746520996,,3.138326524628726,0.849532319200072,0.7631578947368421,0.526789234954409
openml:560,regression,176,14,block,0.3,0.2857142857142857,1,random,,tabicl_aware_ypow,0.5747330188751221,,3.0637276352659795,0.8566006178070673,0.7631578947368421,0.526789234954409
openml:560,regression,176,14,block,0.3,0.2857142857142857,1,random,,tabicl_aware_n32_ypow,0.6655094623565674,,3.063874853938092,0.856586836181311,0.7894736842105263,0.5235200167119192
openml:560,regression,176,14,block,0.5,0.427437641723356,1,random,,tabicl_aware,0.33377885818481445,,4.683302540238493,0.6649177674848439,0.7894736842105263,1.0820013193540425
openml:560,regression,176,14,block,0.5,0.427437641723356,1,random,,tabicl_aware_n32,0.3369462490081787,,4.697647404617121,0.6628619231023756,0.7894736842105263,1.0759416931775594
openml:560,regression,176,14,block,0.5,0.427437641723356,1,random,,tabicl_aware_med,0.28771471977233887,,4.709182085787159,0.6612042616477818,0.7894736842105263,1.0820013193540425
openml:560,regression,176,14,block,0.5,0.427437641723356,1,random,,tabicl_aware_ypow,0.5690526962280273,,4.6695134803977405,0.6668880296606086,0.7894736842105263,1.0820013193540425
openml:560,regression,176,14,block,0.5,0.427437641723356,1,random,,tabicl_aware_n32_ypow,0.66292405128479,,4.685179467710529,0.6646491318076222,0.7894736842105263,1.0759416931775594
openml:560,regression,176,14,block_shift,0.3,0.2857142857142857,1,random,,tabicl_aware,0.29224658012390137,,3.4747439137481,0.8155440885443964,0.75,0.6609028589718342
openml:560,regression,176,14,block_shift,0.3,0.2857142857142857,1,random,,tabicl_aware_n32,0.3329153060913086,,3.4949933075753354,0.8133879562544644,0.7763157894736842,0.6607027652990936
openml:560,regression,176,14,block_shift,0.3,0.2857142857142857,1,random,,tabicl_aware_med,0.2869696617126465,,3.5024255593793483,0.8125934354767668,0.75,0.6609028589718342
openml:560,regression,176,14,block_shift,0.3,0.2857142857142857,1,random,,tabicl_aware_ypow,0.5670328140258789,,3.463390549016538,0.8167475003691876,0.75,0.6609028589718342
openml:560,regression,176,14,block_shift,0.3,0.2857142857142857,1,random,,tabicl_aware_n32_ypow,0.7107038497924805,,3.4844762800419704,0.8145093610329824,0.7763157894736842,0.6607027652990936
openml:560,regression,176,14,block_shift,0.5,0.45294784580498865,1,random,,tabicl_aware,0.28922200202941895,,3.805120828059521,0.7788006348623291,0.7105263157894737,0.8548451983917629
openml:560,regression,176,14,block_shift,0.5,0.45294784580498865,1,random,,tabicl_aware_n32,0.33332157135009766,,3.821927293095122,0.7768423321064515,0.7105263157894737,0.8577805342613289
openml:560,regression,176,14,block_shift,0.5,0.45294784580498865,1,random,,tabicl_aware_med,0.2859923839569092,,3.8214759878378053,0.776895031320643,0.7105263157894737,0.8548451983917629
openml:560,regression,176,14,block_shift,0.5,0.45294784580498865,1,random,,tabicl_aware_ypow,0.5666708946228027,,3.736196608075079,0.7867414677052751,0.7105263157894737,0.8548451983917629
openml:560,regression,176,14,block_shift,0.5,0.45294784580498865,1,random,,tabicl_aware_n32_ypow,0.6608710289001465,,3.750583461104829,0.7850959299361517,0.7105263157894737,0.8577805342613289
openml:560,regression,176,14,none,0.0,0.0,2,random,,tabicl_aware,0.2886977195739746,,1.965771327601431,0.9249366233383032,0.8947368421052632,0.0522035862548379
openml:560,regression,176,14,none,0.0,0.0,2,random,,tabicl_aware_n32,0.32859373092651367,,1.945332470351431,0.9264894324001732,0.9342105263157895,0.053212631227656876
openml:560,regression,176,14,none,0.0,0.0,2,random,,tabicl_aware_med,0.28496360778808594,,2.0373672336890833,0.9193692426740071,0.8947368421052632,0.0522035862548379
openml:560,regression,176,14,none,0.0,0.0,2,random,,tabicl_aware_ypow,0.6050765514373779,,1.9767027925063954,0.9240994616977556,0.8947368421052632,0.0522035862548379
openml:560,regression,176,14,none,0.0,0.0,2,random,,tabicl_aware_n32_ypow,0.659106969833374,,1.9570954156324607,0.9255977441015643,0.9342105263157895,0.053212631227656876
openml:560,regression,176,14,block,0.3,0.21428571428571427,2,random,,tabicl_aware,0.29111170768737793,,3.9186387488852636,0.7017142119878275,0.7631578947368421,0.8671228133835853
openml:560,regression,176,14,block,0.3,0.21428571428571427,2,random,,tabicl_aware_n32,0.33496594429016113,,3.91943047660596,0.7015936675848495,0.7368421052631579,0.8651891341585185
openml:560,regression,176,14,block,0.3,0.21428571428571427,2,random,,tabicl_aware_med,0.287808895111084,,3.929073518548254,0.7001235128606473,0.7631578947368421,0.8671228133835853
openml:560,regression,176,14,block,0.3,0.21428571428571427,2,random,,tabicl_aware_ypow,0.5675601959228516,,3.931052944496306,0.6998212875051961,0.7631578947368421,0.8671228133835853
openml:560,regression,176,14,block,0.3,0.21428571428571427,2,random,,tabicl_aware_n32_ypow,0.6708564758300781,,3.9305570382244963,0.6998970184194526,0.7368421052631579,0.8651891341585185
openml:560,regression,176,14,block,0.5,0.4339569160997732,2,random,,tabicl_aware,0.2909550666809082,,3.7591890369713306,0.7254948887579716,0.8947368421052632,1.172749600731403
openml:560,regression,176,14,block,0.5,0.4339569160997732,2,random,,tabicl_aware_n32,0.33639979362487793,,3.743252915186882,0.7278173441882105,0.881578947368421,1.1331470580156051
openml:560,regression,176,14,block,0.5,0.4339569160997732,2,random,,tabicl_aware_med,0.3315281867980957,,3.750631164418093,0.7267432993889302,0.8947368421052632,1.172749600731403
openml:560,regression,176,14,block,0.5,0.4339569160997732,2,random,,tabicl_aware_ypow,0.5679595470428467,,3.7586095569430964,0.7255795123125142,0.8947368421052632,1.172749600731403
openml:560,regression,176,14,block,0.5,0.4339569160997732,2,random,,tabicl_aware_n32_ypow,0.6624445915222168,,3.7414959474319636,0.7280727925538797,0.881578947368421,1.1331470580156051
openml:560,regression,176,14,block_shift,0.3,0.2857142857142857,2,random,,tabicl_aware,0.29517364501953125,,3.8136564744113426,0.7174825713630475,0.7105263157894737,1.077039124949907
openml:560,regression,176,14,block_shift,0.3,0.2857142857142857,2,random,,tabicl_aware_n32,0.3385336399078369,,3.8029509148431,0.7190664906476676,0.6973684210526315,1.0709207474926163
openml:560,regression,176,14,block_shift,0.3,0.2857142857142857,2,random,,tabicl_aware_med,0.29180145263671875,,3.8165538414748377,0.717053131721044,0.7105263157894737,1.077039124949907
openml:560,regression,176,14,block_shift,0.3,0.2857142857142857,2,random,,tabicl_aware_ypow,0.5686867237091064,,3.805819580094708,0.718642499819681,0.7105263157894737,1.077039124949907
openml:560,regression,176,14,block_shift,0.3,0.2857142857142857,2,random,,tabicl_aware_n32_ypow,0.7124888896942139,,3.797934685808673,0.7198071246697507,0.6973684210526315,1.0709207474926163
openml:560,regression,176,14,block_shift,0.5,0.4532312925170068,2,random,,tabicl_aware,0.2946789264678955,,4.559669648571722,0.5961418401529828,0.7763157894736842,1.4725327504458383
openml:560,regression,176,14,block_shift,0.5,0.4532312925170068,2,random,,tabicl_aware_n32,0.33479928970336914,,4.562737719973503,0.5955981680749274,0.7894736842105263,1.4615509996035063
openml:560,regression,176,14,block_shift,0.5,0.4532312925170068,2,random,,tabicl_aware_med,0.28983426094055176,,4.613197749462342,0.5866040216195063,0.7763157894736842,1.4725327504458383
openml:560,regression,176,14,block_shift,0.5,0.4532312925170068,2,random,,tabicl_aware_ypow,0.5690057277679443,,4.548174523919829,0.5981755611902042,0.7763157894736842,1.4725327504458383
openml:560,regression,176,14,block_shift,0.5,0.4532312925170068,2,random,,tabicl_aware_n32_ypow,0.6691975593566895,,4.552146583200007,0.5974734036844819,0.7894736842105263,1.4615509996035063
openml:560,regression,176,14,none,0.0,0.0,3,random,,tabicl_aware,0.29096484184265137,,1.8531714477580439,0.9483824521226287,0.9210526315789473,0.11214874944449875
openml:560,regression,176,14,none,0.0,0.0,3,random,,tabicl_aware_n32,0.33011460304260254,,1.8683160251697308,0.9475353419646311,0.9210526315789473,0.11346557308659289
openml:560,regression,176,14,none,0.0,0.0,3,random,,tabicl_aware_med,0.28809022903442383,,1.9835910067329774,0.940861482968796,0.9210526315789473,0.11214874944449875
openml:560,regression,176,14,none,0.0,0.0,3,random,,tabicl_aware_ypow,0.608961820602417,,1.900556107325805,0.9457090352671631,0.9210526315789473,0.11214874944449875
openml:560,regression,176,14,none,0.0,0.0,3,random,,tabicl_aware_n32_ypow,0.6611900329589844,,1.9162720680455985,0.9448074439660807,0.9210526315789473,0.11346557308659289
openml:560,regression,176,14,block,0.3,0.2857142857142857,3,random,,tabicl_aware,0.28901195526123047,,3.206783655973577,0.8454370167389703,0.8026315789473685,0.7826411581114955
openml:560,regression,176,14,block,0.3,0.2857142857142857,3,random,,tabicl_aware_n32,0.33046531677246094,,3.2076665840394867,0.8453518929529761,0.8157894736842105,0.7885703866702132
openml:560,regression,176,14,block,0.3,0.2857142857142857,3,random,,tabicl_aware_med,0.2854776382446289,,3.2504685208586372,0.8411972212072522,0.8026315789473685,0.7826411581114955
openml:560,regression,176,14,block,0.3,0.2857142857142857,3,random,,tabicl_aware_ypow,0.5643305778503418,,3.213979211934435,0.8447426048390768,0.8026315789473685,0.7826411581114955
openml:560,regression,176,14,block,0.3,0.2857142857142857,3,random,,tabicl_aware_n32_ypow,0.6636574268341064,,3.2141585319459125,0.8447252795655036,0.8157894736842105,0.7885703866702132
openml:560,regression,176,14,block,0.5,0.45096371882086167,3,random,,tabicl_aware,0.29140424728393555,,3.7847878759032603,0.7846974089604613,0.8289473684210527,0.5322330436597538
openml:560,regression,176,14,block,0.5,0.45096371882086167,3,random,,tabicl_aware_n32,0.3341681957244873,,3.827771655267055,0.7797792623735094,0.8552631578947368,0.5319072503074469
openml:560,regression,176,14,block,0.5,0.45096371882086167,3,random,,tabicl_aware_med,0.2869565486907959,,3.8908599283309746,0.7724602055261443,0.8289473684210527,0.5322330436597538
openml:560,regression,176,14,block,0.5,0.45096371882086167,3,random,,tabicl_aware_ypow,0.6132574081420898,,3.7994695639458085,0.7830237952428981,0.8289473684210527,0.5322330436597538
openml:560,regression,176,14,block,0.5,0.45096371882086167,3,random,,tabicl_aware_n32_ypow,0.6662638187408447,,3.8467295689335317,0.7775924734293445,0.8552631578947368,0.5319072503074469
openml:560,regression,176,14,block_shift,0.3,0.2857142857142857,3,random,,tabicl_aware,0.2943854331970215,,4.163118604591115,0.7395023940646649,0.7368421052631579,1.0189208431023458
openml:560,regression,176,14,block_shift,0.3,0.2857142857142857,3,random,,tabicl_aware_n32,0.33635377883911133,,4.148467200729803,0.7413327236559256,0.7236842105263158,1.0273503149563832
openml:560,regression,176,14,block_shift,0.3,0.2857142857142857,3,random,,tabicl_aware_med,0.28837060928344727,,4.218346857577567,0.7325449866774897,0.7368421052631579,1.0189208431023458
openml:560,regression,176,14,block_shift,0.3,0.2857142857142857,3,random,,tabicl_aware_ypow,0.5656554698944092,,4.163887656344539,0.7394061418731437,0.7368421052631579,1.0189208431023458
openml:560,regression,176,14,block_shift,0.3,0.2857142857142857,3,random,,tabicl_aware_n32_ypow,0.6648120880126953,,4.148676451245973,0.7413066284146963,0.7236842105263158,1.0273503149563832
openml:560,regression,176,14,block_shift,0.5,0.4537981859410431,3,random,,tabicl_aware,0.33474159240722656,,5.0133020666211845,0.6222417876195578,0.631578947368421,1.2242423260856872
openml:560,regression,176,14,block_shift,0.5,0.4537981859410431,3,random,,tabicl_aware_n32,0.34281373023986816,,5.037117124987654,0.6186442777426702,0.6052631578947368,1.2218293624377736
openml:560,regression,176,14,block_shift,0.5,0.4537981859410431,3,random,,tabicl_aware_med,0.29520273208618164,,4.978981281710931,0.6273963063357408,0.631578947368421,1.2242423260856872
openml:560,regression,176,14,block_shift,0.5,0.4537981859410431,3,random,,tabicl_aware_ypow,0.5657601356506348,,5.028894346137688,0.6198883402441866,0.631578947368421,1.2242423260856872
openml:560,regression,176,14,block_shift,0.5,0.4537981859410431,3,random,,tabicl_aware_n32_ypow,0.6582942008972168,,5.048551701802341,0.6169109089690872,0.6052631578947368,1.2218293624377736
openml:560,regression,176,14,none,0.0,0.0,4,random,,tabicl_aware,0.28790831565856934,,0.6374633009453936,0.993758300822628,0.868421052631579,0.09813959626347868
openml:560,regression,176,14,none,0.0,0.0,4,random,,tabicl_aware_n32,0.32901835441589355,,0.6273298441050373,0.9939551663091242,0.8552631578947368,0.09846842002921762
openml:560,regression,176,14,none,0.0,0.0,4,random,,tabicl_aware_med,0.2847146987915039,,0.579391241925431,0.9948437221524248,0.868421052631579,0.09813959626347868
openml:560,regression,176,14,none,0.0,0.0,4,random,,tabicl_aware_ypow,0.5636746883392334,,0.6102824365356494,0.9942792337605408,0.868421052631579,0.09813959626347868
openml:560,regression,176,14,none,0.0,0.0,4,random,,tabicl_aware_n32_ypow,0.7053573131561279,,0.6017229926123494,0.99443858027766,0.8552631578947368,0.09846842002921762
openml:560,regression,176,14,block,0.3,0.2857142857142857,4,random,,tabicl_aware,0.2932605743408203,,3.6227174016136527,0.7984135329528962,0.7631578947368421,0.6276055102592124
openml:560,regression,176,14,block,0.3,0.2857142857142857,4,random,,tabicl_aware_n32,0.3320755958557129,,3.639459571641613,0.7965459881243324,0.7763157894736842,0.6279655299174483
openml:560,regression,176,14,block,0.3,0.2857142857142857,4,random,,tabicl_aware_med,0.28791260719299316,,3.704303154757927,0.789231598331098,0.7631578947368421,0.6276055102592124
openml:560,regression,176,14,block,0.3,0.2857142857142857,4,random,,tabicl_aware_ypow,0.5678231716156006,,3.623192299262842,0.7983606780357425,0.7631578947368421,0.6276055102592124
openml:560,regression,176,14,block,0.3,0.2857142857142857,4,random,,tabicl_aware_n32_ypow,0.6652271747589111,,3.6415922729131545,0.7963074726224495,0.7763157894736842,0.6279655299174483
openml:560,regression,176,14,block,0.5,0.5,4,random,,tabicl_aware,0.29146456718444824,,2.8325363489635977,0.8767623402475692,0.8289473684210527,0.5653733465879016
openml:560,regression,176,14,block,0.5,0.5,4,random,,tabicl_aware_n32,0.33669495582580566,,2.7972740129577995,0.8798116202428713,0.8421052631578947,0.5727259739350904
openml:560,regression,176,14,block,0.5,0.5,4,random,,tabicl_aware_med,0.2881646156311035,,2.8381168307938758,0.8762762720086146,0.8289473684210527,0.5653733465879016
openml:560,regression,176,14,block,0.5,0.5,4,random,,tabicl_aware_ypow,0.6132347583770752,,2.838261783427453,0.8762636336718188,0.8289473684210527,0.5653733465879016
openml:560,regression,176,14,block,0.5,0.5,4,random,,tabicl_aware_n32_ypow,0.668217658996582,,2.8010041413866573,0.8794908672503237,0.8421052631578947,0.5727259739350904
openml:560,regression,176,14,block_shift,0.3,0.2602040816326531,4,random,,tabicl_aware,0.2932417392730713,,3.445252876934392,0.8176798509392864,0.75,0.8156286725318015
openml:560,regression,176,14,block_shift,0.3,0.2602040816326531,4,random,,tabicl_aware_n32,0.3394653797149658,,3.4221749348508457,0.8201142044252437,0.75,0.8128573721619209
openml:560,regression,176,14,block_shift,0.3,0.2602040816326531,4,random,,tabicl_aware_med,0.28670644760131836,,3.4245299857485727,0.8198665338756927,0.75,0.8156286725318015
openml:560,regression,176,14,block_shift,0.3,0.2602040816326531,4,random,,tabicl_aware_ypow,0.5647366046905518,,3.460070596737568,0.8161081936002179,0.75,0.8156286725318015
openml:560,regression,176,14,block_shift,0.3,0.2602040816326531,4,random,,tabicl_aware_n32_ypow,0.6639926433563232,,3.4374004698526135,0.8185099905968508,0.75,0.8128573721619209
openml:560,regression,176,14,block_shift,0.5,0.48412698412698413,4,random,,tabicl_aware,0.29398584365844727,,3.2721889562845257,0.8355366212272956,0.8026315789473685,0.7947574606703691
openml:560,regression,176,14,block_shift,0.5,0.48412698412698413,4,random,,tabicl_aware_n32,0.33521366119384766,,3.290558664772304,0.8336848794414573,0.8157894736842105,0.7991152232407327
openml:560,regression,176,14,block_shift,0.5,0.48412698412698413,4,random,,tabicl_aware_med,0.28719544410705566,,3.348676966400412,0.8277580359914427,0.8026315789473685,0.7947574606703691
openml:560,regression,176,14,block_shift,0.5,0.48412698412698413,4,random,,tabicl_aware_ypow,0.6115920543670654,,3.2564794325856785,0.8371119822169355,0.8026315789473685,0.7947574606703691
openml:560,regression,176,14,block_shift,0.5,0.48412698412698413,4,random,,tabicl_aware_n32_ypow,0.6654934883117676,,3.276319947681224,0.8351211038682318,0.8157894736842105,0.7991152232407327
