dataset,task,n_train,n_features,mechanism,rate,actual_rate,seed,split,held_out_source,model,seconds,error,acc,logloss,auc,rmse,r2,coverage80,width80
breast_cancer,classification,398,30,none,0.0,0.0,0,random,,tabpfn25,2.2613730430603027,,0.9883040935672515,0.06641118228435516,0.9948890186915887,,,,
breast_cancer,classification,398,30,none,0.0,0.0,0,random,,tabpfn3,0.9985518455505371,,0.9883040935672515,0.07306552678346634,0.9945969626168224,,,,
breast_cancer,classification,281,30,block,0.3,0.25061511423550087,0,source,0.0,tabpfn25,0.4281437397003174,,0.96875,0.16419024765491486,0.9940843621399177,,,,
breast_cancer,classification,281,30,block,0.3,0.25061511423550087,0,source,0.0,tabpfn3,0.7700891494750977,,0.9791666666666666,0.08451756089925766,0.9952674897119341,,,,
breast_cancer,classification,453,30,block,0.5,0.49279437609841825,0,source,2.0,tabpfn25,0.4169423580169678,,0.9482758620689655,0.15574529767036438,0.9872570882446638,,,,
breast_cancer,classification,453,30,block,0.5,0.49279437609841825,0,source,2.0,tabpfn3,0.7599766254425049,,0.9396551724137931,0.15502747893333435,0.988212806626314,,,,
breast_cancer,classification,281,30,block_shift,0.3,0.2662565905096661,0,source,0.0,tabpfn25,0.41301822662353516,,0.9097222222222222,0.30625465512275696,0.9869855967078189,,,,
breast_cancer,classification,281,30,block_shift,0.3,0.2662565905096661,0,source,0.0,tabpfn3,0.7524738311767578,,0.8298611111111112,0.34774693846702576,0.9855709876543209,,,,
breast_cancer,classification,453,30,block_shift,0.5,0.48728763913298184,0,source,2.0,tabpfn25,0.42044591903686523,,0.9137931034482759,0.19045843183994293,0.9796113411914622,,,,
breast_cancer,classification,453,30,block_shift,0.5,0.48728763913298184,0,source,2.0,tabpfn3,0.7861158847808838,,0.9396551724137931,0.1721726357936859,0.9837527875119465,,,,
breast_cancer,classification,398,30,none,0.0,0.0,1,random,,tabpfn25,0.42792820930480957,,0.9649122807017544,0.09726382791996002,0.9921144859813085,,,,
breast_cancer,classification,398,30,none,0.0,0.0,1,random,,tabpfn3,0.7581713199615479,,0.9590643274853801,0.08501829206943512,0.9941588785046729,,,,
breast_cancer,classification,373,30,block,0.3,0.2886350322202695,1,source,0.0,tabpfn25,0.42436933517456055,,0.9744897959183674,0.10531473159790039,0.9927631578947369,,,,
breast_cancer,classification,373,30,block,0.3,0.2886350322202695,1,source,0.0,tabpfn3,0.7531905174255371,,0.9795918367346939,0.07954844832420349,0.99375,,,,
breast_cancer,classification,366,30,block,0.5,0.47855887521968365,1,source,0.0,tabpfn25,0.42165160179138184,,0.9408866995073891,0.23404528200626373,0.9936746987951808,,,,
breast_cancer,classification,366,30,block,0.5,0.47855887521968365,1,source,0.0,tabpfn3,0.7599174976348877,,0.9655172413793104,0.11270198225975037,0.9957831325301205,,,,
breast_cancer,classification,373,30,block_shift,0.3,0.3,1,source,0.0,tabpfn25,0.4305570125579834,,0.9540816326530612,0.1542520374059677,0.9887061403508772,,,,
breast_cancer,classification,373,30,block_shift,0.3,0.3,1,source,0.0,tabpfn3,0.7988200187683105,,0.9489795918367347,0.13447487354278564,0.9879385964912281,,,,
breast_cancer,classification,366,30,block_shift,0.5,0.44499121265377856,1,source,0.0,tabpfn25,0.42062854766845703,,0.9014778325123153,0.3704363703727722,0.9919678714859438,,,,
breast_cancer,classification,366,30,block_shift,0.5,0.44499121265377856,1,source,0.0,tabpfn3,0.8012678623199463,,0.9556650246305419,0.181553915143013,0.9934738955823293,,,,
breast_cancer,classification,398,30,none,0.0,0.0,2,random,,tabpfn25,0.42848968505859375,,0.9883040935672515,0.03684162721037865,0.9998539719626168,,,,
breast_cancer,classification,398,30,none,0.0,0.0,2,random,,tabpfn3,0.7548868656158447,,0.9883040935672515,0.039185781031847,0.9992698598130841,,,,
breast_cancer,classification,289,30,block,0.3,0.26719390743995314,2,source,1.0,tabpfn25,0.41953587532043457,,0.9642857142857143,0.14664673805236816,0.9891257536606374,,,,
breast_cancer,classification,289,30,block,0.3,0.26719390743995314,2,source,1.0,tabpfn3,0.7585306167602539,,0.9535714285714286,0.10831916332244873,0.9912252368647717,,,,
breast_cancer,classification,395,30,block,0.5,0.4555360281195079,2,source,2.0,tabpfn25,0.42891788482666016,,0.9597701149425287,0.26013344526290894,0.992003367003367,,,,
breast_cancer,classification,395,30,block,0.5,0.4555360281195079,2,source,2.0,tabpfn3,0.7672340869903564,,0.9482758620689655,0.1332605928182602,0.9900392817059485,,,,
breast_cancer,classification,289,30,block_shift,0.3,0.2338605741066198,2,source,1.0,tabpfn25,0.4367187023162842,,0.9571428571428572,0.19122913479804993,0.9885874246339362,,,,
breast_cancer,classification,289,30,block_shift,0.3,0.2338605741066198,2,source,1.0,tabpfn3,0.7527585029602051,,0.9607142857142857,0.13505768775939941,0.9892872523686478,,,,
breast_cancer,classification,395,30,block_shift,0.5,0.46397188049209137,2,source,2.0,tabpfn25,0.42820215225219727,,0.8620689655172413,0.32927557826042175,0.9746071829405163,,,,
breast_cancer,classification,395,30,block_shift,0.5,0.46397188049209137,2,source,2.0,tabpfn3,0.7600188255310059,,0.7873563218390804,0.4623865485191345,0.9619809203142536,,,,
breast_cancer,classification,398,30,none,0.0,0.0,3,random,,tabpfn25,0.46965932846069336,,0.9590643274853801,0.08705183863639832,0.994304906542056,,,,
breast_cancer,classification,398,30,none,0.0,0.0,3,random,,tabpfn3,0.7588577270507812,,0.9707602339181286,0.08904989808797836,0.9951810747663552,,,,
breast_cancer,classification,407,30,block,0.3,0.29086115992970124,3,source,3.0,tabpfn25,0.42983174324035645,,0.9320987654320988,0.17047354578971863,0.9883401920438958,,,,
breast_cancer,classification,407,30,block,0.3,0.29086115992970124,3,source,3.0,tabpfn3,0.7510309219360352,,0.9320987654320988,0.133916974067688,0.9895404663923182,,,,
breast_cancer,classification,369,30,block,0.5,0.4561218512009373,3,source,2.0,tabpfn25,0.4182720184326172,,0.935,0.2410762757062912,0.9836709384042994,,,,
breast_cancer,classification,369,30,block,0.5,0.4561218512009373,3,source,2.0,tabpfn3,0.7503702640533447,,0.955,0.15661288797855377,0.9854278627532038,,,,
breast_cancer,classification,407,30,block_shift,0.3,0.3,3,source,3.0,tabpfn25,0.4307072162628174,,0.9567901234567902,0.1549054980278015,0.99039780521262,,,,
breast_cancer,classification,407,30,block_shift,0.3,0.3,3,source,3.0,tabpfn3,0.7577967643737793,,0.9506172839506173,0.11907245218753815,0.9900548696844993,,,,
breast_cancer,classification,369,30,block_shift,0.5,0.4666666666666667,3,source,2.0,tabpfn25,0.429398775100708,,0.755,0.459392786026001,0.9766432410086813,,,,
breast_cancer,classification,369,30,block_shift,0.5,0.4666666666666667,3,source,2.0,tabpfn3,0.7442886829376221,,0.88,0.3284132778644562,0.97199255890864,,,,
breast_cancer,classification,398,30,none,0.0,0.0,4,random,,tabpfn25,0.4417126178741455,,0.9883040935672515,0.03138158097863197,1.0,,,,
breast_cancer,classification,398,30,none,0.0,0.0,4,random,,tabpfn3,0.8561317920684814,,0.9883040935672515,0.03146869316697121,0.9995619158878505,,,,
breast_cancer,classification,377,30,block,0.3,0.3,4,source,0.0,tabpfn25,0.4214470386505127,,0.9635416666666666,0.13911664485931396,0.9946922642574816,,,,
breast_cancer,classification,377,30,block,0.3,0.3,4,source,0.0,tabpfn3,0.7664916515350342,,0.9583333333333334,0.09392110258340836,0.9948051948051948,,,,
breast_cancer,classification,452,30,block,0.5,0.49420035149384883,4,source,2.0,tabpfn25,0.4315469264984131,,0.9658119658119658,0.13453145325183868,0.9959876543209877,,,,
breast_cancer,classification,452,30,block,0.5,0.49420035149384883,4,source,2.0,tabpfn3,0.801332950592041,,0.9487179487179487,0.08346383273601532,0.9962962962962962,,,,
breast_cancer,classification,377,30,block_shift,0.3,0.28886936145284126,4,source,0.0,tabpfn25,0.41958022117614746,,0.921875,0.21123777329921722,0.984754376058724,,,,
breast_cancer,classification,377,30,block_shift,0.3,0.28886936145284126,4,source,0.0,tabpfn3,0.7617411613464355,,0.9010416666666666,0.2618931829929352,0.9830604178430264,,,,
breast_cancer,classification,452,30,block_shift,0.5,0.4884007029876977,4,source,2.0,tabpfn25,0.42485618591308594,,0.9316239316239316,0.17269060015678406,0.9975308641975309,,,,
breast_cancer,classification,452,30,block_shift,0.5,0.4884007029876977,4,source,2.0,tabpfn3,0.7488324642181396,,0.8632478632478633,0.2667604088783264,0.9990740740740741,,,,
wine,classification,124,13,none,0.0,0.0,0,random,,tabpfn25,0.4111359119415283,,0.9814814814814815,0.02803611010313034,1.0,,,,
wine,classification,124,13,none,0.0,0.0,0,random,,tabpfn3,0.771273136138916,,1.0,0.011392313987016678,1.0,,,,
wine,classification,82,13,block,0.3,0.23076923076923078,0,source,0.0,tabpfn25,0.4150402545928955,,0.9583333333333334,0.1565224975347519,0.9986126264258214,,,,
wine,classification,82,13,block,0.3,0.23076923076923078,0,source,0.0,tabpfn3,0.7766225337982178,,0.96875,0.10208895802497864,0.9981750039829809,,,,
wine,classification,131,13,block,0.5,0.46153846153846156,0,source,2.0,tabpfn25,0.4481191635131836,,1.0,0.10477700084447861,1.0,,,,
wine,classification,131,13,block,0.5,0.46153846153846156,0,source,2.0,tabpfn3,0.7675445079803467,,0.9787234042553191,0.07869565486907959,1.0,,,,
wine,classification,82,13,block_shift,0.3,0.2722558340535869,0,source,0.0,tabpfn25,0.4088623523712158,,0.875,0.39031970500946045,0.9884249502688363,,,,
wine,classification,82,13,block_shift,0.3,0.2722558340535869,0,source,0.0,tabpfn3,0.7532987594604492,,0.875,0.298476904630661,0.9880729603078623,,,,
wine,classification,131,13,block_shift,0.5,0.46153846153846156,0,source,2.0,tabpfn25,0.4209592342376709,,0.7872340425531915,0.4169294536113739,0.9614829614829615,,,,
wine,classification,131,13,block_shift,0.5,0.46153846153846156,0,source,2.0,tabpfn3,0.7448933124542236,,0.8085106382978723,0.36662423610687256,0.9533799533799533,,,,
wine,classification,124,13,none,0.0,0.0,1,random,,tabpfn25,0.4100310802459717,,1.0,0.03392040729522705,1.0,,,,
wine,classification,124,13,none,0.0,0.0,1,random,,tabpfn3,0.730628490447998,,0.9814814814814815,0.03291710838675499,1.0,,,,
wine,classification,116,13,block,0.3,0.2808988764044944,1,source,0.0,tabpfn25,0.40976786613464355,,0.9516129032258065,0.17405350506305695,0.9996438746438746,,,,
wine,classification,116,13,block,0.3,0.2808988764044944,1,source,0.0,tabpfn3,0.7487730979919434,,0.9032258064516129,0.17091765999794006,1.0,,,,
wine,classification,116,13,block,0.5,0.4347450302506482,1,source,0.0,tabpfn25,0.44668149948120117,,0.9354838709677419,0.4791899025440216,0.9873831848889724,,,,
wine,classification,116,13,block,0.5,0.4347450302506482,1,source,0.0,tabpfn3,0.7424390316009521,,0.8870967741935484,0.24004879593849182,0.9938558696154308,,,,
wine,classification,116,13,block_shift,0.3,0.3076923076923077,1,source,0.0,tabpfn25,0.46685314178466797,,0.8225806451612904,0.33385369181632996,0.9903702778702779,,,,
wine,classification,116,13,block_shift,0.3,0.3076923076923077,1,source,0.0,tabpfn3,0.7550866603851318,,0.8870967741935484,0.2820573151111603,0.992336136086136,,,,
wine,classification,116,13,block_shift,0.5,0.4105445116681072,1,source,0.0,tabpfn25,0.42035508155822754,,0.6129032258064516,0.8407090902328491,0.955901811929742,,,,
wine,classification,116,13,block_shift,0.5,0.4105445116681072,1,source,0.0,tabpfn3,0.7370097637176514,,0.6129032258064516,0.9561207294464111,0.9501760395164597,,,,
wine,classification,124,13,none,0.0,0.0,2,random,,tabpfn25,0.4349071979522705,,0.9814814814814815,0.07146893441677094,0.998523595745818,,,,
wine,classification,124,13,none,0.0,0.0,2,random,,tabpfn3,0.7555665969848633,,0.9814814814814815,0.06677962839603424,0.9995189995189996,,,,
wine,classification,93,13,block,0.3,0.23076923076923078,2,source,1.0,tabpfn25,0.41706109046936035,,0.9529411764705882,0.12331593781709671,0.9978647260729585,,,,
wine,classification,93,13,block,0.3,0.23076923076923078,2,source,1.0,tabpfn3,0.787163496017456,,0.9764705882352941,0.08086841553449631,0.9986205839716735,,,,
wine,classification,116,13,block,0.5,0.4407951598962835,2,source,0.0,tabpfn25,0.42334890365600586,,0.8548387096774194,0.3740171790122986,0.9838600138600139,,,,
wine,classification,116,13,block,0.5,0.4407951598962835,2,source,0.0,tabpfn3,0.7606980800628662,,0.9032258064516129,0.2347380518913269,0.9803871889166006,,,,
wine,classification,93,13,block_shift,0.3,0.27095937770095074,2,source,1.0,tabpfn25,0.40724992752075195,,0.9176470588235294,0.3553701639175415,0.9776039947034177,,,,
wine,classification,93,13,block_shift,0.3,0.27095937770095074,2,source,1.0,tabpfn3,0.7482585906982422,,0.9176470588235294,0.2576011121273041,0.9768698179048675,,,,
wine,classification,116,13,block_shift,0.5,0.40535868625756266,2,source,0.0,tabpfn25,0.41590309143066406,,0.5483870967741935,0.9246777892112732,0.899807143630673,,,,
wine,classification,116,13,block_shift,0.5,0.40535868625756266,2,source,0.0,tabpfn3,0.7896723747253418,,0.5645161290322581,1.036271572113037,0.8672408175349352,,,,
wine,classification,124,13,none,0.0,0.0,3,random,,tabpfn25,0.4180896282196045,,0.9814814814814815,0.017382755875587463,1.0,,,,
wine,classification,124,13,none,0.0,0.0,3,random,,tabpfn3,0.7514955997467041,,1.0,0.011677485890686512,1.0,,,,
wine,classification,127,13,block,0.3,0.3076923076923077,3,source,3.0,tabpfn25,0.40796327590942383,,0.9019607843137255,0.2155279666185379,0.9837742504409172,,,,
wine,classification,127,13,block,0.3,0.3076923076923077,3,source,3.0,tabpfn3,0.7984061241149902,,0.9019607843137255,0.22665931284427643,0.9842151675485008,,,,
wine,classification,119,13,block,0.5,0.439066551426102,3,source,1.0,tabpfn25,0.4125666618347168,,0.8983050847457628,0.3265073299407959,0.9834003613685377,,,,
wine,classification,119,13,block,0.5,0.439066551426102,3,source,1.0,tabpfn3,0.8054914474487305,,0.9152542372881356,0.25767263770103455,0.9820345437236502,,,,
wine,classification,127,13,block_shift,0.3,0.28565254969749354,3,source,3.0,tabpfn25,0.41373181343078613,,0.9019607843137255,0.2372833639383316,0.9957671957671957,,,,
wine,classification,127,13,block_shift,0.3,0.28565254969749354,3,source,3.0,tabpfn3,0.7470190525054932,,0.9019607843137255,0.19936835765838623,0.9973544973544973,,,,
wine,classification,119,13,block_shift,0.5,0.4070872947277442,3,source,1.0,tabpfn25,0.41236329078674316,,0.9322033898305084,0.29088494181632996,0.9899749373433585,,,,
wine,classification,119,13,block_shift,0.5,0.4070872947277442,3,source,1.0,tabpfn3,0.7715039253234863,,0.9152542372881356,0.3286166787147522,0.978654970760234,,,,
wine,classification,124,13,none,0.0,0.0,4,random,,tabpfn25,0.40936756134033203,,0.9814814814814815,0.061425868421792984,1.0,,,,
wine,classification,124,13,none,0.0,0.0,4,random,,tabpfn3,0.7402172088623047,,0.9814814814814815,0.03999403491616249,1.0,,,,
wine,classification,126,13,block,0.3,0.3076923076923077,4,source,1.0,tabpfn25,0.4152548313140869,,0.8076923076923077,0.49884188175201416,0.9961966036414566,,,,
wine,classification,126,13,block,0.3,0.3076923076923077,4,source,1.0,tabpfn3,0.7460880279541016,,0.9230769230769231,0.21005851030349731,0.9972382703081233,,,,
wine,classification,151,13,block,0.5,0.46153846153846156,4,source,1.0,tabpfn25,0.41095495223999023,,0.8888888888888888,0.1844213604927063,1.0,,,,
wine,classification,151,13,block,0.5,0.46153846153846156,4,source,1.0,tabpfn3,0.801295280456543,,0.8888888888888888,0.15823739767074585,1.0,,,,
wine,classification,126,13,block_shift,0.3,0.3076923076923077,4,source,1.0,tabpfn25,0.41054391860961914,,0.9038461538461539,0.2670316994190216,0.9955566122845534,,,,
wine,classification,126,13,block_shift,0.3,0.3076923076923077,4,source,1.0,tabpfn3,0.7494072914123535,,0.9230769230769231,0.21741324663162231,0.9939153307719485,,,,
wine,classification,151,13,block_shift,0.5,0.44727744165946415,4,source,1.0,tabpfn25,0.41962265968322754,,0.6296296296296297,0.7250446677207947,0.8656491656491657,,,,
wine,classification,151,13,block_shift,0.5,0.44727744165946415,4,source,1.0,tabpfn3,0.7504374980926514,,0.6296296296296297,0.7489379048347473,0.8732600732600733,,,,
diabetes,regression,309,10,none,0.0,0.0,0,random,,tabpfn25,0.4485433101654053,,,,,55.485103558148396,0.4998247065452006,,
diabetes,regression,309,10,none,0.0,0.0,0,random,,tabpfn3,0.8199565410614014,,,,,55.351799578216855,0.502225180136322,,
diabetes,regression,212,10,block,0.3,0.24796380090497738,0,source,0.0,tabpfn25,0.3952176570892334,,,,,66.22930218558831,0.3105823023610015,,
diabetes,regression,212,10,block,0.3,0.24796380090497738,0,source,0.0,tabpfn3,0.7923846244812012,,,,,65.14490624385799,0.3329736413660348,,
diabetes,regression,355,10,block,0.5,0.5,0,source,1.0,tabpfn25,0.4082663059234619,,,,,62.778514418175575,0.283740515463927,,
diabetes,regression,355,10,block,0.5,0.5,0,source,1.0,tabpfn3,0.8338222503662109,,,,,64.20984200094954,0.25070726883608097,,
diabetes,regression,212,10,block_shift,0.3,0.24796380090497738,0,source,0.0,tabpfn25,0.39586663246154785,,,,,82.0023760130138,-0.056902540381465805,,
diabetes,regression,212,10,block_shift,0.3,0.24796380090497738,0,source,0.0,tabpfn3,0.7630367279052734,,,,,79.73805464133592,0.0006598380220602662,,
diabetes,regression,355,10,block_shift,0.5,0.5,0,source,1.0,tabpfn25,0.4283425807952881,,,,,60.940777384202775,0.3250613524264442,,
diabetes,regression,355,10,block_shift,0.5,0.5,0,source,1.0,tabpfn3,0.7965316772460938,,,,,59.0179149252725,0.3669820267900782,,
diabetes,regression,309,10,none,0.0,0.0,1,random,,tabpfn25,0.40248894691467285,,,,,57.62898308166118,0.4318211103187328,,
diabetes,regression,309,10,none,0.0,0.0,1,random,,tabpfn3,0.7817592620849609,,,,,58.14588697147989,0.42158282368294686,,
diabetes,regression,309,10,block,0.3,0.3,1,source,1.0,tabpfn25,0.3987739086151123,,,,,59.468466304446416,0.3483644560482032,,
diabetes,regression,309,10,block,0.3,0.3,1,source,1.0,tabpfn3,0.7703006267547607,,,,,59.9962110727039,0.3367474359654258,,
diabetes,regression,286,10,block,0.5,0.4339366515837104,1,source,0.0,tabpfn25,0.40884900093078613,,,,,65.66390474861322,0.25037666841311845,,
diabetes,regression,286,10,block,0.5,0.4339366515837104,1,source,0.0,tabpfn3,0.7837555408477783,,,,,66.60694074042844,0.2286905370785417,,
diabetes,regression,309,10,block_shift,0.3,0.3,1,source,1.0,tabpfn25,0.5189712047576904,,,,,63.97969890992754,0.24574938530826773,,
diabetes,regression,309,10,block_shift,0.3,0.3,1,source,1.0,tabpfn3,0.7849345207214355,,,,,65.57868239351157,0.20757774876317625,,
diabetes,regression,286,10,block_shift,0.5,0.4669683257918552,1,source,0.0,tabpfn25,0.3981959819793701,,,,,69.37815659335531,0.1631739362654493,,
diabetes,regression,286,10,block_shift,0.5,0.4669683257918552,1,source,0.0,tabpfn3,0.775780439376831,,,,,67.45617734395032,0.20889680413158418,,
diabetes,regression,309,10,none,0.0,0.0,2,random,,tabpfn25,0.40844130516052246,,,,,57.99019777532557,0.44295978204128905,,
diabetes,regression,309,10,none,0.0,0.0,2,random,,tabpfn3,0.7775566577911377,,,,,57.579771467133575,0.45081679665840146,,
diabetes,regression,211,10,block,0.3,0.20452488687782805,2,source,0.0,tabpfn25,0.4066028594970703,,,,,59.5321841773413,0.4146516801267397,,
diabetes,regression,211,10,block,0.3,0.20452488687782805,2,source,0.0,tabpfn3,0.8059437274932861,,,,,59.678483107252546,0.41177118588581285,,
diabetes,regression,293,10,block,0.5,0.4291855203619909,2,source,0.0,tabpfn25,0.41005730628967285,,,,,61.3154796355014,0.39350802632716353,,
diabetes,regression,293,10,block,0.5,0.4291855203619909,2,source,0.0,tabpfn3,0.7978663444519043,,,,,60.39515179859061,0.4115779314321537,,
diabetes,regression,211,10,block_shift,0.3,0.252262443438914,2,source,0.0,tabpfn25,0.42445993423461914,,,,,66.43777704142774,0.2709775063540769,,
diabetes,regression,211,10,block_shift,0.3,0.252262443438914,2,source,0.0,tabpfn3,0.8463160991668701,,,,,72.2654946064849,0.13747299431229043,,
diabetes,regression,293,10,block_shift,0.5,0.466289592760181,2,source,0.0,tabpfn25,0.3968067169189453,,,,,68.64828167152685,0.2397715118732543,,
diabetes,regression,293,10,block_shift,0.5,0.466289592760181,2,source,0.0,tabpfn3,0.7831406593322754,,,,,68.66158473377158,0.23947684035155137,,
diabetes,regression,309,10,none,0.0,0.0,3,random,,tabpfn25,0.44048190116882324,,,,,50.890509829485794,0.5296573406761969,,
diabetes,regression,309,10,none,0.0,0.0,3,random,,tabpfn3,0.7989780902862549,,,,,50.867492464069386,0.5300827088098523,,
diabetes,regression,345,10,block,0.3,0.3,3,source,2.0,tabpfn25,0.412980318069458,,,,,65.48400463972872,0.3573967401987733,,
diabetes,regression,345,10,block,0.3,0.3,3,source,2.0,tabpfn3,0.7899637222290039,,,,,63.677859016826744,0.3923557826729541,,
diabetes,regression,282,10,block,0.5,0.5,3,source,2.0,tabpfn25,0.4019918441772461,,,,,61.52388296104504,0.36551184814538884,,
diabetes,regression,282,10,block,0.5,0.5,3,source,2.0,tabpfn3,0.8064999580383301,,,,,61.20143189182128,0.3721452150306309,,
diabetes,regression,345,10,block_shift,0.3,0.3,3,source,2.0,tabpfn25,0.40185070037841797,,,,,59.605087917413194,0.4675986734555445,,
diabetes,regression,345,10,block_shift,0.3,0.3,3,source,2.0,tabpfn3,0.8521480560302734,,,,,60.55117655181419,0.450563337354951,,
diabetes,regression,282,10,block_shift,0.5,0.4690045248868778,3,source,2.0,tabpfn25,0.40177392959594727,,,,,67.03867782706132,0.24666712068160535,,
diabetes,regression,282,10,block_shift,0.5,0.4690045248868778,3,source,2.0,tabpfn3,0.8024094104766846,,,,,67.22898731520183,0.24238392496019867,,
diabetes,regression,309,10,none,0.0,0.0,4,random,,tabpfn25,0.4073066711425781,,,,,59.6362406412502,0.4548798801088717,,
diabetes,regression,309,10,none,0.0,0.0,4,random,,tabpfn3,0.7785665988922119,,,,,59.60210031441706,0.45550383801768024,,
diabetes,regression,292,10,block,0.3,0.3,4,source,2.0,tabpfn25,0.4160604476928711,,,,,63.27598953849334,0.3136058262117697,,
diabetes,regression,292,10,block,0.3,0.3,4,source,2.0,tabpfn3,0.7796049118041992,,,,,62.78201999072794,0.3242807877513151,,
diabetes,regression,354,10,block,0.5,0.4800904977375566,4,source,0.0,tabpfn25,0.4061131477355957,,,,,66.96161186944697,0.18837271597477123,,
diabetes,regression,354,10,block,0.5,0.4800904977375566,4,source,0.0,tabpfn3,0.775641918182373,,,,,67.48453523736109,0.1756467355726884,,
diabetes,regression,292,10,block_shift,0.3,0.3,4,source,2.0,tabpfn25,0.42368555068969727,,,,,61.16388659194682,0.3586636642826718,,
diabetes,regression,292,10,block_shift,0.3,0.3,4,source,2.0,tabpfn3,0.8178770542144775,,,,,59.79492989989597,0.3870508889760209,,
diabetes,regression,354,10,block_shift,0.5,0.4800904977375566,4,source,0.0,tabpfn25,0.3999481201171875,,,,,61.789681080688865,0.3089065977137998,,
diabetes,regression,354,10,block_shift,0.5,0.4800904977375566,4,source,0.0,tabpfn3,0.7617056369781494,,,,,64.90488410917588,0.2374653252515746,,
openml:31,classification,700,20,none,0.0,0.0,0,random,,tabpfn25,0.45678234100341797,,0.7633333333333333,0.46163710951805115,0.8331746031746032,,,,
openml:31,classification,700,20,none,0.0,0.0,0,random,,tabpfn3,0.7341609001159668,,0.7733333333333333,0.4543783664703369,0.8378835978835978,,,,
openml:31,classification,503,20,block,0.3,0.25,0,source,0.0,tabpfn25,0.4484822750091553,,0.7404426559356136,0.526548445224762,0.7541431115929682,,,,
openml:31,classification,503,20,block,0.3,0.25,0,source,0.0,tabpfn3,0.7143144607543945,,0.7323943661971831,0.5286538600921631,0.754065670254782,,,,
openml:31,classification,809,20,block,0.5,0.4794,0,source,4.0,tabpfn25,0.44690895080566406,,0.7120418848167539,0.5824399590492249,0.6394385026737968,,,,
openml:31,classification,809,20,block,0.5,0.4794,0,source,4.0,tabpfn3,0.7019801139831543,,0.7068062827225131,0.5811908841133118,0.6288770053475936,,,,
openml:31,classification,503,20,block_shift,0.3,0.22485,0,source,0.0,tabpfn25,0.4474003314971924,,0.7002012072434608,0.589091956615448,0.6531305660961821,,,,
openml:31,classification,503,20,block_shift,0.3,0.22485,0,source,0.0,tabpfn3,0.7105879783630371,,0.7062374245472837,0.5796026587486267,0.6656760628823666,,,,
openml:31,classification,809,20,block_shift,0.5,0.4896,0,source,4.0,tabpfn25,0.48191165924072266,,0.7172774869109948,0.5862986445426941,0.6394385026737968,,,,
openml:31,classification,809,20,block_shift,0.5,0.4896,0,source,4.0,tabpfn3,0.7193024158477783,,0.7225130890052356,0.5852314829826355,0.618048128342246,,,,
openml:31,classification,700,20,none,0.0,0.0,1,random,,tabpfn25,0.4447324275970459,,0.7566666666666667,0.47055312991142273,0.8251322751322753,,,,
openml:31,classification,700,20,none,0.0,0.0,1,random,,tabpfn3,0.7779240608215332,,0.7766666666666666,0.4683198928833008,0.8207936507936509,,,,
openml:31,classification,667,20,block,0.3,0.3,1,source,2.0,tabpfn25,0.446577787399292,,0.7297297297297297,0.5353153944015503,0.7534994878798225,,,,
openml:31,classification,667,20,block,0.3,0.3,1,source,2.0,tabpfn3,0.7532403469085693,,0.7507507507507507,0.5236769914627075,0.7634431546602937,,,,
openml:31,classification,684,20,block,0.5,0.4486,1,source,2.0,tabpfn25,0.4377892017364502,,0.680379746835443,0.5993978977203369,0.6700834542815675,,,,
openml:31,classification,684,20,block,0.5,0.4486,1,source,2.0,tabpfn3,0.7740826606750488,,0.6930379746835443,0.5883191227912903,0.6690402757619739,,,,
openml:31,classification,667,20,block_shift,0.3,0.3,1,source,2.0,tabpfn25,0.4566080570220947,,0.7117117117117117,0.5494480729103088,0.73361215431888,,,,
openml:31,classification,667,20,block_shift,0.3,0.3,1,source,2.0,tabpfn3,0.8177380561828613,,0.7027027027027027,0.5522236824035645,0.7403977466712189,,,,
openml:31,classification,684,20,block_shift,0.5,0.4498,1,source,2.0,tabpfn25,0.43860816955566406,,0.680379746835443,0.6056522727012634,0.6452285921625545,,,,
openml:31,classification,684,20,block_shift,0.5,0.4498,1,source,2.0,tabpfn3,0.7775099277496338,,0.6867088607594937,0.6095475554466248,0.6505351959361392,,,,
openml:31,classification,700,20,none,0.0,0.0,2,random,,tabpfn25,0.44397497177124023,,0.7966666666666666,0.4602307677268982,0.8319047619047618,,,,
openml:31,classification,700,20,none,0.0,0.0,2,random,,tabpfn3,0.7871196269989014,,0.7933333333333333,0.46346914768218994,0.8262433862433862,,,,
openml:31,classification,508,20,block,0.3,0.2746,2,source,1.0,tabpfn25,0.44204258918762207,,0.733739837398374,0.5663509964942932,0.7046063311688311,,,,
openml:31,classification,508,20,block,0.3,0.2746,2,source,1.0,tabpfn3,0.763822078704834,,0.7459349593495935,0.5420259237289429,0.7300324675324676,,,,
openml:31,classification,655,20,block,0.5,0.43385,2,source,0.0,tabpfn25,0.4420900344848633,,0.6811594202898551,0.6110315918922424,0.6368278529980658,,,,
openml:31,classification,655,20,block,0.5,0.43385,2,source,0.0,tabpfn3,0.7910878658294678,,0.6869565217391305,0.6053110361099243,0.6380657640232108,,,,
openml:31,classification,508,20,block_shift,0.3,0.3,2,source,1.0,tabpfn25,0.4892866611480713,,0.7154471544715447,0.5939936637878418,0.5830154220779221,,,,
openml:31,classification,508,20,block_shift,0.3,0.3,2,source,1.0,tabpfn3,0.7769787311553955,,0.7154471544715447,0.5900227427482605,0.615726461038961,,,,
openml:31,classification,655,20,block_shift,0.5,0.46645,2,source,0.0,tabpfn25,0.44660305976867676,,0.6811594202898551,0.6233755946159363,0.614990328820116,,,,
openml:31,classification,655,20,block_shift,0.5,0.46645,2,source,0.0,tabpfn3,0.761681079864502,,0.6782608695652174,0.6099614500999451,0.614835589941973,,,,
openml:31,classification,700,20,none,0.0,0.0,3,random,,tabpfn25,0.4424889087677002,,0.76,0.5062897801399231,0.7764021164021164,,,,
openml:31,classification,700,20,none,0.0,0.0,3,random,,tabpfn3,0.7750406265258789,,0.78,0.5038489699363708,0.7811640211640211,,,,
openml:31,classification,731,20,block,0.3,0.3,3,source,3.0,tabpfn25,0.4482569694519043,,0.7211895910780669,0.5525987148284912,0.74012177743231,,,,
openml:31,classification,731,20,block,0.3,0.3,3,source,3.0,tabpfn3,0.7777378559112549,,0.724907063197026,0.5406475067138672,0.7381137453037958,,,,
openml:31,classification,688,20,block,0.5,0.4826,3,source,2.0,tabpfn25,0.44036030769348145,,0.7051282051282052,0.5821902751922607,0.7112895256916996,,,,
openml:31,classification,688,20,block,0.5,0.4826,3,source,2.0,tabpfn3,0.7967433929443359,,0.7051282051282052,0.5714958310127258,0.6944911067193676,,,,
openml:31,classification,731,20,block_shift,0.3,0.3,3,source,3.0,tabpfn25,0.45008349418640137,,0.6914498141263941,0.5475282073020935,0.7633113097551496,,,,
openml:31,classification,731,20,block_shift,0.3,0.3,3,source,3.0,tabpfn3,0.7694642543792725,,0.7323420074349443,0.5372254252433777,0.7618214794662521,,,,
openml:31,classification,688,20,block_shift,0.5,0.4844,3,source,2.0,tabpfn25,0.4452371597290039,,0.7051282051282052,0.5898845791816711,0.6560276679841897,,,,
openml:31,classification,688,20,block_shift,0.5,0.4844,3,source,2.0,tabpfn3,0.7649405002593994,,0.7051282051282052,0.5863158106803894,0.6561264822134387,,,,
openml:31,classification,700,20,none,0.0,0.0,4,random,,tabpfn25,0.4489738941192627,,0.7333333333333333,0.4754687547683716,0.8088359788359789,,,,
openml:31,classification,700,20,none,0.0,0.0,4,random,,tabpfn3,0.7937178611755371,,0.7466666666666667,0.46791696548461914,0.8144444444444445,,,,
openml:31,classification,653,20,block,0.3,0.3,4,source,1.0,tabpfn25,0.44399094581604004,,0.7435158501440923,0.5789393186569214,0.6344436813186811,,,,
openml:31,classification,653,20,block,0.3,0.3,4,source,1.0,tabpfn3,0.781090497970581,,0.6801152737752162,0.5876482725143433,0.6485233516483516,,,,
openml:31,classification,809,20,block,0.5,0.5,4,source,1.0,tabpfn25,0.44504714012145996,,0.6178010471204188,0.6025435924530029,0.8072904573949384,,,,
openml:31,classification,809,20,block,0.5,0.5,4,source,1.0,tabpfn3,0.8407919406890869,,0.6387434554973822,0.5645864605903625,0.8004411423264453,,,,
openml:31,classification,653,20,block_shift,0.3,0.28265,4,source,1.0,tabpfn25,0.4754292964935303,,0.7435158501440923,0.5219665169715881,0.7491414835164836,,,,
openml:31,classification,653,20,block_shift,0.3,0.28265,4,source,1.0,tabpfn3,0.7744977474212646,,0.723342939481268,0.5163341760635376,0.7487980769230769,,,,
openml:31,classification,809,20,block_shift,0.5,0.4895,4,source,1.0,tabpfn25,0.43972206115722656,,0.6596858638743456,0.5725474953651428,0.8373577896447644,,,,
openml:31,classification,809,20,block_shift,0.5,0.4895,4,source,1.0,tabpfn3,0.7775683403015137,,0.6701570680628273,0.5785769820213318,0.825400510796378,,,,
openml:1590,classification,2100,14,none,0.0,0.0,0,random,,tabpfn25,0.5133795738220215,,0.8655555555555555,0.29911673069000244,0.9103024199268065,,,,
openml:1590,classification,2100,14,none,0.0,0.0,0,random,,tabpfn3,0.874783992767334,,0.8611111111111112,0.3047492802143097,0.9077562484042101,,,,
openml:1590,classification,1464,14,block,0.3,0.25085714285714283,0,source,1.0,tabpfn25,0.48575496673583984,,0.779296875,0.4510110914707184,0.8703359942838246,,,,
openml:1590,classification,1464,14,block,0.3,0.25085714285714283,0,source,1.0,tabpfn3,0.861677885055542,,0.783203125,0.46036824584007263,0.8667826960167817,,,,
openml:1590,classification,2418,14,block,0.5,0.5,0,source,1.0,tabpfn25,0.5112574100494385,,0.852233676975945,0.3378045856952667,0.8809343434343434,,,,
openml:1590,classification,2418,14,block,0.5,0.5,0,source,1.0,tabpfn3,0.9242982864379883,,0.8591065292096219,0.3279811441898346,0.8764249639249639,,,,
openml:1590,classification,1464,14,block_shift,0.3,0.24914285714285714,0,source,1.0,tabpfn25,0.47894978523254395,,0.8196614583333334,0.3752628266811371,0.8763852914694289,,,,
openml:1590,classification,1464,14,block_shift,0.3,0.24914285714285714,0,source,1.0,tabpfn3,0.8372759819030762,,0.83203125,0.3673396110534668,0.8708260211508149,,,,
openml:1590,classification,2418,14,block_shift,0.5,0.5,0,source,1.0,tabpfn25,0.5254693031311035,,0.8367697594501718,0.3732433021068573,0.8476370851370851,,,,
openml:1590,classification,2418,14,block_shift,0.5,0.5,0,source,1.0,tabpfn3,0.8596055507659912,,0.8384879725085911,0.3569054901599884,0.8570165945165945,,,,
openml:1590,classification,2100,14,none,0.0,0.0,1,random,,tabpfn25,0.5052404403686523,,0.8777777777777778,0.2853856682777405,0.918167891287696,,,,
openml:1590,classification,2100,14,none,0.0,0.0,1,random,,tabpfn3,0.8463633060455322,,0.87,0.2979152798652649,0.9110825839030895,,,,
openml:1590,classification,1997,14,block,0.3,0.2857142857142857,1,source,1.0,tabpfn25,0.5001113414764404,,0.8424725822532403,0.3575345575809479,0.8929878709118475,,,,
openml:1590,classification,1997,14,block,0.3,0.2857142857142857,1,source,1.0,tabpfn3,0.8510284423828125,,0.8404785643070788,0.33741575479507446,0.8967457223305176,,,,
openml:1590,classification,1976,14,block,0.5,0.4756190476190476,1,source,0.0,tabpfn25,0.503483772277832,,0.84375,0.37623780965805054,0.8746873385012919,,,,
openml:1590,classification,1976,14,block,0.5,0.4756190476190476,1,source,0.0,tabpfn3,0.8496825695037842,,0.8408203125,0.36146610975265503,0.8808320413436692,,,,
openml:1590,classification,1997,14,block_shift,0.3,0.2857142857142857,1,source,1.0,tabpfn25,0.5031788349151611,,0.8364905284147557,0.3433474898338318,0.8966103530431017,,,,
openml:1590,classification,1997,14,block_shift,0.3,0.2857142857142857,1,source,1.0,tabpfn3,0.9065377712249756,,0.8444666001994018,0.3290956914424896,0.9010504656703486,,,,
openml:1590,classification,1976,14,block_shift,0.5,0.43052380952380953,1,source,0.0,tabpfn25,0.5029165744781494,,0.794921875,0.46087852120399475,0.8125788113695089,,,,
openml:1590,classification,1976,14,block_shift,0.5,0.43052380952380953,1,source,0.0,tabpfn3,0.8521723747253418,,0.7333984375,0.5245730876922607,0.7891214470284238,,,,
openml:1590,classification,2100,14,none,0.0,0.0,2,random,,tabpfn25,0.5161106586456299,,0.8677777777777778,0.286685585975647,0.9175153905075322,,,,
openml:1590,classification,2100,14,none,0.0,0.0,2,random,,tabpfn3,0.8466873168945312,,0.8666666666666667,0.2927502393722534,0.9142812562058498,,,,
openml:1590,classification,1467,14,block,0.3,0.2507857142857143,2,source,1.0,tabpfn25,0.46831655502319336,,0.8180039138943248,0.39859384298324585,0.8681315119796418,,,,
openml:1590,classification,1467,14,block,0.3,0.2507857142857143,2,source,1.0,tabpfn3,0.8324673175811768,,0.8336594911937377,0.3642668128013611,0.8730458059250011,,,,
openml:1590,classification,1995,14,block,0.5,0.4522857142857143,2,source,0.0,tabpfn25,0.4986991882324219,,0.7761194029850746,0.4176362454891205,0.8209438166839239,,,,
openml:1590,classification,1995,14,block,0.5,0.4522857142857143,2,source,0.0,tabpfn3,0.8544411659240723,,0.7970149253731343,0.4037267863750458,0.8385798856525457,,,,
openml:1590,classification,1467,14,block_shift,0.3,0.24921428571428572,2,source,1.0,tabpfn25,0.48872995376586914,,0.46249184605348986,0.8015430569648743,0.7626830556489173,,,,
openml:1590,classification,1467,14,block_shift,0.3,0.24921428571428572,2,source,1.0,tabpfn3,0.8316488265991211,,0.5179386823222439,0.9351231455802917,0.7555084745762712,,,,
openml:1590,classification,1995,14,block_shift,0.5,0.4525,2,source,0.0,tabpfn25,0.49007749557495117,,0.7890547263681592,0.47426047921180725,0.7582159096024851,,,,
openml:1590,classification,1995,14,block_shift,0.5,0.4525,2,source,0.0,tabpfn3,0.8845090866088867,,0.7661691542288557,0.5113095641136169,0.7470287669382794,,,,
openml:1590,classification,2100,14,none,0.0,0.0,3,random,,tabpfn25,0.5152902603149414,,0.8566666666666667,0.3015453517436981,0.9093165763567762,,,,
openml:1590,classification,2100,14,none,0.0,0.0,3,random,,tabpfn3,0.8515529632568359,,0.8522222222222222,0.30270516872406006,0.9095222559505234,,,,
openml:1590,classification,2251,14,block,0.3,0.26811904761904765,3,source,2.0,tabpfn25,0.5196866989135742,,0.8344459279038718,0.3499954640865326,0.8839655003430363,,,,
openml:1590,classification,2251,14,block,0.3,0.26811904761904765,3,source,2.0,tabpfn3,0.849149227142334,,0.8384512683578104,0.3544803857803345,0.8860433205919827,,,,
openml:1590,classification,1969,14,block,0.5,0.47545238095238096,3,source,0.0,tabpfn25,0.4909694194793701,,0.8001939864209505,0.42295899987220764,0.8289374046481587,,,,
openml:1590,classification,1969,14,block,0.5,0.47545238095238096,3,source,0.0,tabpfn3,0.8294987678527832,,0.7895247332686712,0.41941553354263306,0.8255130903462176,,,,
openml:1590,classification,2251,14,block_shift,0.3,0.2857142857142857,3,source,2.0,tabpfn25,0.5218648910522461,,0.8331108144192256,0.374182790517807,0.8690189160050966,,,,
openml:1590,classification,2251,14,block_shift,0.3,0.2857142857142857,3,source,2.0,tabpfn3,0.8556218147277832,,0.822429906542056,0.38460972905158997,0.8737136136430461,,,,
openml:1590,classification,1969,14,block_shift,0.5,0.4764047619047619,3,source,0.0,tabpfn25,0.4978194236755371,,0.8467507274490785,0.36337316036224365,0.8624817648303433,,,,
openml:1590,classification,1969,14,block_shift,0.5,0.4764047619047619,3,source,0.0,tabpfn3,0.8479142189025879,,0.8467507274490785,0.36262068152427673,0.8512010156015102,,,,
openml:1590,classification,2100,14,none,0.0,0.0,4,random,,tabpfn25,0.5092852115631104,,0.8677777777777778,0.289505273103714,0.9172458793157253,,,,
openml:1590,classification,2100,14,none,0.0,0.0,4,random,,tabpfn3,0.9025688171386719,,0.8655555555555555,0.2948644459247589,0.914082669011887,,,,
openml:1590,classification,2002,14,block,0.3,0.2857142857142857,4,source,0.0,tabpfn25,0.4934525489807129,,0.8166332665330661,0.4260823428630829,0.8373788514393172,,,,
openml:1590,classification,2002,14,block,0.3,0.2857142857142857,4,source,0.0,tabpfn3,0.8381519317626953,,0.8266533066132264,0.4022912085056305,0.8312165485317518,,,,
openml:1590,classification,2428,14,block,0.5,0.4852619047619048,4,source,4.0,tabpfn25,0.521080493927002,,0.8076923076923077,0.40348365902900696,0.8189834682311189,,,,
openml:1590,classification,2428,14,block,0.5,0.4852619047619048,4,source,4.0,tabpfn3,0.8675837516784668,,0.7902097902097902,0.4060647487640381,0.8224962427797998,,,,
openml:1590,classification,2002,14,block_shift,0.3,0.2857142857142857,4,source,0.0,tabpfn25,0.5069854259490967,,0.7985971943887775,0.45454496145248413,0.7844351222334732,,,,
openml:1590,classification,2002,14,block_shift,0.3,0.2857142857142857,4,source,0.0,tabpfn3,0.8323335647583008,,0.8186372745490982,0.42682233452796936,0.8040040503399393,,,,
openml:1590,classification,2428,14,block_shift,0.5,0.5,4,source,4.0,tabpfn25,0.5172152519226074,,0.7744755244755245,0.4365968108177185,0.8286164376120376,,,,
openml:1590,classification,2428,14,block_shift,0.5,0.5,4,source,4.0,tabpfn3,0.8631837368011475,,0.7867132867132867,0.44391530752182007,0.8180237927100875,,,,
openml:531,regression,354,13,none,0.0,0.0,0,random,,tabpfn25,0.41321587562561035,,,,,3.358123650401401,0.8721212723760541,,
openml:531,regression,354,13,none,0.0,0.0,0,random,,tabpfn3,0.8097784519195557,,,,,3.265481312923443,0.8790796639897066,,
openml:531,regression,261,13,block,0.3,0.3076923076923077,0,source,1.0,tabpfn25,0.4116082191467285,,,,,6.69045649176803,0.41812433363029533,,
openml:531,regression,261,13,block,0.3,0.3076923076923077,0,source,1.0,tabpfn3,0.8304328918457031,,,,,6.268983301987805,0.4891270357029033,,
openml:531,regression,397,13,block,0.5,0.46153846153846156,0,source,4.0,tabpfn25,0.40970659255981445,,,,,5.1772869959109755,0.7493247244682808,,
openml:531,regression,397,13,block,0.5,0.46153846153846156,0,source,4.0,tabpfn3,0.7751059532165527,,,,,4.9629971228268195,0.7696463662607146,,
openml:531,regression,261,13,block_shift,0.3,0.2680145941015506,0,source,1.0,tabpfn25,0.40283656120300293,,,,,5.675219264672709,0.5813182943442707,,
openml:531,regression,261,13,block_shift,0.3,0.2680145941015506,0,source,1.0,tabpfn3,0.7706873416900635,,,,,6.282923101832191,0.48685254102906284,,
openml:531,regression,397,13,block_shift,0.5,0.44588020674977197,0,source,4.0,tabpfn25,0.419217586517334,,,,,7.11901614004233,0.5260342323437421,,
openml:531,regression,397,13,block_shift,0.5,0.44588020674977197,0,source,4.0,tabpfn3,0.7718343734741211,,,,,7.982797299246905,0.40403984551597905,,
openml:531,regression,354,13,none,0.0,0.0,1,random,,tabpfn25,0.4079110622406006,,,,,2.7623586981739776,0.905842658218396,,
openml:531,regression,354,13,none,0.0,0.0,1,random,,tabpfn3,0.7814831733703613,,,,,2.9048414533014615,0.895878860532679,,
openml:531,regression,332,13,block,0.3,0.3076923076923077,1,source,2.0,tabpfn25,0.45134949684143066,,,,,5.114447892863259,0.7203844442564413,,
openml:531,regression,332,13,block,0.3,0.3076923076923077,1,source,2.0,tabpfn3,0.7996053695678711,,,,,4.7750352201574815,0.7562655203205468,,
openml:531,regression,341,13,block,0.5,0.46153846153846156,1,source,2.0,tabpfn25,0.4076244831085205,,,,,5.098617812214365,0.6694767838185112,,
openml:531,regression,341,13,block,0.5,0.46153846153846156,1,source,2.0,tabpfn3,0.7943122386932373,,,,,4.35617512991797,0.7587275608281697,,
openml:531,regression,332,13,block_shift,0.3,0.3076923076923077,1,source,2.0,tabpfn25,0.40595459938049316,,,,,7.654033126674181,0.37375468892724806,,
openml:531,regression,332,13,block_shift,0.3,0.3076923076923077,1,source,2.0,tabpfn3,0.7804322242736816,,,,,5.340930284930836,0.6950717716739727,,
openml:531,regression,341,13,block_shift,0.5,0.4107631498935847,1,source,2.0,tabpfn25,0.41414451599121094,,,,,6.735942725786883,0.42310891994558764,,
openml:531,regression,341,13,block_shift,0.5,0.4107631498935847,1,source,2.0,tabpfn3,0.7892041206359863,,,,,6.465566681751098,0.468491465397723,,
openml:531,regression,354,13,none,0.0,0.0,2,random,,tabpfn25,0.4111185073852539,,,,,2.8451783050594806,0.8734876951608066,,
openml:531,regression,354,13,none,0.0,0.0,2,random,,tabpfn3,0.7575244903564453,,,,,2.9641573957809135,0.862685527590025,,
openml:531,regression,245,13,block,0.3,0.233201581027668,2,source,0.0,tabpfn25,0.4017007350921631,,,,,4.485214857620513,0.7817148652039406,,
openml:531,regression,245,13,block,0.3,0.233201581027668,2,source,0.0,tabpfn3,0.7647054195404053,,,,,3.9880880261739167,0.82742132580308,,
openml:531,regression,337,13,block,0.5,0.46153846153846156,2,source,0.0,tabpfn25,0.39286231994628906,,,,,5.4851446926639,0.6482724386149252,,
openml:531,regression,337,13,block,0.5,0.46153846153846156,2,source,0.0,tabpfn3,0.7953579425811768,,,,,4.245581542762681,0.7892805628923902,,
openml:531,regression,245,13,block_shift,0.3,0.233201581027668,2,source,0.0,tabpfn25,0.3894076347351074,,,,,6.8272998984779125,0.49422702778221095,,
openml:531,regression,245,13,block_shift,0.3,0.233201581027668,2,source,0.0,tabpfn3,0.7594976425170898,,,,,9.328190694738648,0.05582501835202924,,
openml:531,regression,337,13,block_shift,0.5,0.4103070842201277,2,source,0.0,tabpfn25,0.43274521827697754,,,,,7.804717231815397,0.2878941224125118,,
openml:531,regression,337,13,block_shift,0.5,0.4103070842201277,2,source,0.0,tabpfn3,0.772282600402832,,,,,7.484590203980338,0.34511313780829567,,
openml:531,regression,354,13,none,0.0,0.0,3,random,,tabpfn25,0.40903639793395996,,,,,2.5189099912540707,0.9187601800251074,,
openml:531,regression,354,13,none,0.0,0.0,3,random,,tabpfn3,0.7648627758026123,,,,,2.362071968567618,0.9285618982875407,,
openml:531,regression,366,13,block,0.3,0.3076923076923077,3,source,1.0,tabpfn25,0.4133765697479248,,,,,4.170624966940229,0.7958665087928585,,
openml:531,regression,366,13,block,0.3,0.3076923076923077,3,source,1.0,tabpfn3,0.7925269603729248,,,,,3.7653197109883827,0.833614413758463,,
openml:531,regression,322,13,block,0.5,0.46153846153846156,3,source,2.0,tabpfn25,0.4561936855316162,,,,,5.587785372943381,0.6051406372907042,,
openml:531,regression,322,13,block,0.5,0.46153846153846156,3,source,2.0,tabpfn3,0.8008601665496826,,,,,5.168931733851099,0.662118354770578,,
openml:531,regression,366,13,block_shift,0.3,0.3076923076923077,3,source,1.0,tabpfn25,0.4811129570007324,,,,,5.799810524348199,0.6052341309390232,,
openml:531,regression,366,13,block_shift,0.3,0.3076923076923077,3,source,1.0,tabpfn3,0.8077054023742676,,,,,5.333614173345503,0.6661470807780218,,
openml:531,regression,322,13,block_shift,0.5,0.38172696868349043,3,source,2.0,tabpfn25,0.4157240390777588,,,,,6.90840791604265,0.39644207951023536,,
openml:531,regression,322,13,block_shift,0.5,0.38172696868349043,3,source,2.0,tabpfn3,0.7874495983123779,,,,,7.16933974555076,0.34998806588958553,,
openml:531,regression,354,13,none,0.0,0.0,4,random,,tabpfn25,0.41690778732299805,,,,,2.092356403546486,0.9381484405798811,,
openml:531,regression,354,13,none,0.0,0.0,4,random,,tabpfn3,0.802008867263794,,,,,2.0472846155091315,0.9407844490270971,,
openml:531,regression,336,13,block,0.3,0.3076923076923077,4,source,1.0,tabpfn25,0.4018712043762207,,,,,4.886490234597474,0.7240464574168262,,
openml:531,regression,336,13,block,0.3,0.3076923076923077,4,source,1.0,tabpfn3,0.7930903434753418,,,,,4.863556117924126,0.7266306840694904,,
openml:531,regression,388,13,block,0.5,0.46153846153846156,4,source,4.0,tabpfn25,0.4052090644836426,,,,,7.961795698117667,0.2679768081371193,,
openml:531,regression,388,13,block,0.5,0.46153846153846156,4,source,4.0,tabpfn3,0.8271689414978027,,,,,5.97663213240638,0.587507712523071,,
openml:531,regression,336,13,block_shift,0.3,0.2818485861964123,4,source,1.0,tabpfn25,0.414656400680542,,,,,6.931983118484102,0.4446626338694545,,
openml:531,regression,336,13,block_shift,0.3,0.2818485861964123,4,source,1.0,tabpfn3,0.7603766918182373,,,,,6.027524638431879,0.5801251207503598,,
openml:531,regression,388,13,block_shift,0.5,0.46153846153846156,4,source,4.0,tabpfn25,0.4122045040130615,,,,,5.178471695693279,0.6903251073873558,,
openml:531,regression,388,13,block_shift,0.5,0.46153846153846156,4,source,4.0,tabpfn3,0.7894275188446045,,,,,4.966397346750243,0.7151700140548015,,
openml:1461,classification,2100,16,none,0.0,0.0,0,random,,tabpfn25,0.5439918041229248,,0.9011111111111111,0.20134776830673218,0.9352202581369248,,,,
openml:1461,classification,2100,16,none,0.0,0.0,0,random,,tabpfn3,0.8827128410339355,,0.9011111111111111,0.20211175084114075,0.9335601384212495,,,,
openml:1461,classification,1464,16,block,0.3,0.2805,0,source,1.0,tabpfn25,0.4925861358642578,,0.873046875,0.4042969048023224,0.767382659231262,,,,
openml:1461,classification,1464,16,block,0.3,0.2805,0,source,1.0,tabpfn3,0.8326892852783203,,0.876953125,0.3276549279689789,0.7593798690590372,,,,
openml:1461,classification,2418,16,block,0.5,0.5,0,source,1.0,tabpfn25,0.5360620021820068,,0.8642611683848798,0.3647195100784302,0.75307647784181,,,,
openml:1461,classification,2418,16,block,0.5,0.5,0,source,1.0,tabpfn3,0.9057371616363525,,0.8642611683848798,0.36106714606285095,0.7240103681707225,,,,
openml:1461,classification,1464,16,block_shift,0.3,0.282,0,source,1.0,tabpfn25,0.4967966079711914,,0.8828125,0.4456251561641693,0.6445373659409439,,,,
openml:1461,classification,1464,16,block_shift,0.3,0.282,0,source,1.0,tabpfn3,0.8428654670715332,,0.8841145833333334,0.4061354696750641,0.647744547601627,,,,
openml:1461,classification,2418,16,block_shift,0.5,0.5,0,source,1.0,tabpfn25,0.5371637344360352,,0.8711340206185567,0.3693424463272095,0.6647205375342878,,,,
openml:1461,classification,2418,16,block_shift,0.5,0.5,0,source,1.0,tabpfn3,0.8687245845794678,,0.8711340206185567,0.3828960955142975,0.6455947857160833,,,,
openml:1461,classification,2100,16,none,0.0,0.0,1,random,,tabpfn25,0.532048225402832,,0.9088888888888889,0.1966889500617981,0.9408670033670035,,,,
openml:1461,classification,2100,16,none,0.0,0.0,1,random,,tabpfn3,0.8741269111633301,,0.9111111111111111,0.19521935284137726,0.9401187803965583,,,,
openml:1461,classification,1997,16,block,0.3,0.3125,1,source,1.0,tabpfn25,0.5366270542144775,,0.8863409770687937,0.33444228768348694,0.9003057211067791,,,,
openml:1461,classification,1997,16,block,0.3,0.3125,1,source,1.0,tabpfn3,0.8723978996276855,,0.8953140578265204,0.25531676411628723,0.9000996169898494,,,,
openml:1461,classification,1976,16,block,0.5,0.4589375,1,source,0.0,tabpfn25,0.49686503410339355,,0.8740234375,0.31053775548934937,0.8729158546619895,,,,
openml:1461,classification,1976,16,block,0.5,0.4589375,1,source,0.0,tabpfn3,0.8367700576782227,,0.87109375,0.29286885261535645,0.8715300333463255,,,,
openml:1461,classification,1997,16,block_shift,0.3,0.3125,1,source,1.0,tabpfn25,0.5306320190429688,,0.8743768693918246,0.44417157769203186,0.8355546777046872,,,,
openml:1461,classification,1997,16,block_shift,0.3,0.3125,1,source,1.0,tabpfn3,0.8337175846099854,,0.8783649052841476,0.31328630447387695,0.8559418099376536,,,,
openml:1461,classification,1976,16,block_shift,0.5,0.4408125,1,source,0.0,tabpfn25,0.5331954956054688,,0.8779296875,0.32741618156433105,0.8141700229526655,,,,
openml:1461,classification,1976,16,block_shift,0.5,0.4408125,1,source,0.0,tabpfn3,0.8174505233764648,,0.8759765625,0.2989192008972168,0.8270581611883417,,,,
openml:1461,classification,2100,16,none,0.0,0.0,2,random,,tabpfn25,0.5406432151794434,,0.8955555555555555,0.216047465801239,0.9223134118967452,,,,
openml:1461,classification,2100,16,none,0.0,0.0,2,random,,tabpfn3,0.8392565250396729,,0.89,0.21701544523239136,0.9215418069584737,,,,
openml:1461,classification,1467,16,block,0.3,0.2194375,2,source,1.0,tabpfn25,0.49187397956848145,,0.8923679060665362,0.3323735296726227,0.7025016064616361,,,,
openml:1461,classification,1467,16,block,0.3,0.2194375,2,source,1.0,tabpfn3,0.7877936363220215,,0.8884540117416829,0.323595255613327,0.702342993793771,,,,
openml:1461,classification,1995,16,block,0.5,0.458375,2,source,0.0,tabpfn25,0.517188310623169,,0.8796019900497513,0.36885565519332886,0.7032179050895628,,,,
openml:1461,classification,1995,16,block,0.5,0.458375,2,source,0.0,tabpfn3,0.8059499263763428,,0.8796019900497513,0.36385130882263184,0.7185127706518082,,,,
openml:1461,classification,1467,16,block_shift,0.3,0.248625,2,source,1.0,tabpfn25,0.4838595390319824,,0.8969341161121983,0.264791876077652,0.8614904710389537,,,,
openml:1461,classification,1467,16,block_shift,0.3,0.248625,2,source,1.0,tabpfn3,0.7782247066497803,,0.8897586431833007,0.2816508412361145,0.865622534386413,,,,
openml:1461,classification,1995,16,block_shift,0.5,0.4584375,2,source,0.0,tabpfn25,0.5590400695800781,,0.8835820895522388,0.36780300736427307,0.8703208556149732,,,,
openml:1461,classification,1995,16,block_shift,0.5,0.4584375,2,source,0.0,tabpfn3,0.802731990814209,,0.8746268656716418,0.3313511908054352,0.8674974757862459,,,,
openml:1461,classification,2100,16,none,0.0,0.0,3,random,,tabpfn25,0.5270414352416992,,0.9044444444444445,0.20378553867340088,0.9300411522633745,,,,
openml:1461,classification,2100,16,none,0.0,0.0,3,random,,tabpfn3,0.8364660739898682,,0.9,0.20724402368068695,0.9274223718668162,,,,
openml:1461,classification,2251,16,block,0.3,0.29689583333333336,3,source,2.0,tabpfn25,0.5310122966766357,,0.9132176234979973,0.2736588418483734,0.9241218236173392,,,,
openml:1461,classification,2251,16,block,0.3,0.29689583333333336,3,source,2.0,tabpfn3,0.8228299617767334,,0.9078771695594126,0.21859851479530334,0.9138266068759342,,,,
openml:1461,classification,1969,16,block,0.5,0.479625,3,source,0.0,tabpfn25,0.5117504596710205,,0.8603297769156159,0.4736372232437134,0.6961431098560462,,,,
openml:1461,classification,1969,16,block,0.5,0.479625,3,source,0.0,tabpfn3,0.7961878776550293,,0.8603297769156159,0.37473204731941223,0.6763271499748446,,,,
openml:1461,classification,2251,16,block_shift,0.3,0.3125,3,source,2.0,tabpfn25,0.5234708786010742,,0.9052069425901201,0.23843881487846375,0.9089499252615845,,,,
openml:1461,classification,2251,16,block_shift,0.3,0.3125,3,source,2.0,tabpfn3,0.8532123565673828,,0.910547396528705,0.21290820837020874,0.9120142002989536,,,,
openml:1461,classification,1969,16,block_shift,0.5,0.45897916666666666,3,source,0.0,tabpfn25,0.5132055282592773,,0.8729388942774006,0.37127071619033813,0.6453494977035559,,,,
openml:1461,classification,1969,16,block_shift,0.5,0.45897916666666666,3,source,0.0,tabpfn3,0.8029983043670654,,0.871968962172648,0.37505388259887695,0.6462745670837593,,,,
openml:1461,classification,2100,16,none,0.0,0.0,4,random,,tabpfn25,0.5356981754302979,,0.9177777777777778,0.19157928228378296,0.9403175271230827,,,,
openml:1461,classification,2100,16,none,0.0,0.0,4,random,,tabpfn3,0.8170173168182373,,0.9122222222222223,0.19761298596858978,0.9360503179947625,,,,
openml:1461,classification,2002,16,block,0.3,0.3125,4,source,0.0,tabpfn25,0.5353703498840332,,0.8867735470941884,0.34733960032463074,0.7474302644308287,,,,
openml:1461,classification,2002,16,block,0.3,0.3125,4,source,0.0,tabpfn3,0.7996103763580322,,0.8877755511022044,0.3311404287815094,0.7296235085456305,,,,
openml:1461,classification,2428,16,block,0.5,0.5,4,source,4.0,tabpfn25,0.5376949310302734,,0.8828671328671329,0.30467355251312256,0.8576621841288606,,,,
openml:1461,classification,2428,16,block,0.5,0.5,4,source,4.0,tabpfn3,0.8287887573242188,,0.8898601398601399,0.2688171863555908,0.8561253140239397,,,,
openml:1461,classification,2002,16,block_shift,0.3,0.3125,4,source,0.0,tabpfn25,0.5503945350646973,,0.8997995991983968,0.42560529708862305,0.8250866655917446,,,,
openml:1461,classification,2002,16,block_shift,0.3,0.3125,4,source,0.0,tabpfn3,0.8738422393798828,,0.8767535070140281,0.4141009747982025,0.8557622541115769,,,,
openml:1461,classification,2428,16,block_shift,0.5,0.5,4,source,4.0,tabpfn25,0.5437877178192139,,0.8828671328671329,0.3543095886707306,0.6766661740800946,,,,
openml:1461,classification,2428,16,block_shift,0.5,0.5,4,source,4.0,tabpfn3,0.8364744186401367,,0.8828671328671329,0.33606836199760437,0.684261859021723,,,,
openml:1494,classification,738,41,none,0.0,0.0,0,random,,tabpfn25,0.4953174591064453,,0.8769716088328076,0.3351435661315918,0.9186025812194037,,,,
openml:1494,classification,738,41,none,0.0,0.0,0,random,,tabpfn3,0.7647848129272461,,0.886435331230284,0.34612584114074707,0.9197151757899421,,,,
openml:1494,classification,527,41,block,0.3,0.23171887643047046,0,source,1.0,tabpfn25,0.4525423049926758,,0.8314393939393939,0.4049498438835144,0.9154044036759356,,,,
openml:1494,classification,527,41,block,0.3,0.23171887643047046,0,source,1.0,tabpfn3,0.7253139019012451,,0.865530303030303,0.3369968831539154,0.9244419246196287,,,,
openml:1494,classification,837,41,block,0.5,0.48274187955149694,0,source,2.0,tabpfn25,0.47883033752441406,,0.8623853211009175,0.3784981369972229,0.9311263318112634,,,,
openml:1494,classification,837,41,block,0.5,0.48274187955149694,0,source,2.0,tabpfn3,0.7948758602142334,,0.8486238532110092,0.3246835172176361,0.9350266362252664,,,,
openml:1494,classification,527,41,block_shift,0.3,0.25608600161831,0,source,1.0,tabpfn25,0.451540470123291,,0.7253787878787878,0.44149249792099,0.9035320798145108,,,,
openml:1494,classification,527,41,block_shift,0.3,0.25608600161831,0,source,1.0,tabpfn3,0.7816619873046875,,0.7803030303030303,0.43172869086265564,0.9065953593853132,,,,
openml:1494,classification,837,41,block_shift,0.5,0.47827996763379954,0,source,2.0,tabpfn25,0.47818589210510254,,0.7155963302752294,0.4424668550491333,0.9181887366818874,,,,
openml:1494,classification,837,41,block_shift,0.5,0.47827996763379954,0,source,2.0,tabpfn3,0.7368488311767578,,0.8532110091743119,0.37532567977905273,0.9212328767123288,,,,
openml:1494,classification,738,41,none,0.0,0.0,1,random,,tabpfn25,0.48069190979003906,,0.8548895899053628,0.3164976239204407,0.9282153983088561,,,,
openml:1494,classification,738,41,none,0.0,0.0,1,random,,tabpfn3,0.7455062866210938,,0.8643533123028391,0.3082866966724396,0.9330663106364041,,,,
openml:1494,classification,698,41,block,0.3,0.28470697029245173,1,source,0.0,tabpfn25,0.4657912254333496,,0.8235294117647058,0.3843201696872711,0.9003791672628416,,,,
openml:1494,classification,698,41,block,0.3,0.28470697029245173,1,source,0.0,tabpfn3,0.7463524341583252,,0.84593837535014,0.35254740715026855,0.9052439547860923,,,,
openml:1494,classification,702,41,block,0.5,0.4466304473471275,1,source,0.0,tabpfn25,0.4665818214416504,,0.7762039660056658,0.47233372926712036,0.8679039301310043,,,,
openml:1494,classification,702,41,block,0.5,0.4466304473471275,1,source,0.0,tabpfn3,0.7998442649841309,,0.8215297450424929,0.40994173288345337,0.8821312860966333,,,,
openml:1494,classification,698,41,block_shift,0.3,0.27617616460524796,1,source,0.0,tabpfn25,0.452014684677124,,0.8375350140056023,0.409217894077301,0.9064243811704106,,,,
openml:1494,classification,698,41,block_shift,0.3,0.27617616460524796,1,source,0.0,tabpfn3,0.7344577312469482,,0.8627450980392157,0.36153778433799744,0.9106095292602661,,,,
openml:1494,classification,702,41,block_shift,0.5,0.43920933996069816,1,source,0.0,tabpfn25,0.4606916904449463,,0.7903682719546742,0.4821818470954895,0.854768277222144,,,,
openml:1494,classification,702,41,block_shift,0.5,0.43920933996069816,1,source,0.0,tabpfn3,0.7638452053070068,,0.7790368271954674,0.4659871757030487,0.851880546555853,,,,
openml:1494,classification,738,41,none,0.0,0.0,2,random,,tabpfn25,0.4634232521057129,,0.8927444794952681,0.2584376633167267,0.9554962171784602,,,,
openml:1494,classification,738,41,none,0.0,0.0,2,random,,tabpfn3,0.7542006969451904,,0.8927444794952681,0.2551293671131134,0.955896751223854,,,,
openml:1494,classification,521,41,block,0.3,0.2559472893307132,2,source,0.0,tabpfn25,0.4450404644012451,,0.7153558052434457,0.481026291847229,0.9120788082363042,,,,
openml:1494,classification,521,41,block,0.3,0.2559472893307132,2,source,0.0,tabpfn3,0.765244722366333,,0.8520599250936329,0.373501718044281,0.9198059919564988,,,,
openml:1494,classification,708,41,block,0.5,0.46373829615073403,2,source,1.0,tabpfn25,0.4474649429321289,,0.6484149855907781,0.5240541100502014,0.8857193987115247,,,,
openml:1494,classification,708,41,block,0.5,0.46373829615073403,2,source,1.0,tabpfn3,0.7731633186340332,,0.8069164265129684,0.42533597350120544,0.9043664996420901,,,,
openml:1494,classification,521,41,block_shift,0.3,0.23185758871806728,2,source,0.0,tabpfn25,0.45040178298950195,,0.846441947565543,0.4262147545814514,0.8933407642832396,,,,
openml:1494,classification,521,41,block_shift,0.3,0.23185758871806728,2,source,0.0,tabpfn3,0.7114193439483643,,0.8539325842696629,0.3970646560192108,0.8971516365662985,,,,
openml:1494,classification,708,41,block_shift,0.5,0.43976418911108545,2,source,1.0,tabpfn25,0.4599418640136719,,0.6945244956772334,0.5373350381851196,0.8912312097351467,,,,
openml:1494,classification,708,41,block_shift,0.5,0.43976418911108545,2,source,1.0,tabpfn3,0.7674262523651123,,0.7636887608069164,0.4917120635509491,0.9016463851109521,,,,
openml:1494,classification,738,41,none,0.0,0.0,3,random,,tabpfn25,0.4768500328063965,,0.886435331230284,0.2691693902015686,0.9497552291944815,,,,
openml:1494,classification,738,41,none,0.0,0.0,3,random,,tabpfn3,0.7331795692443848,,0.889589905362776,0.27233198285102844,0.9470850022251891,,,,
openml:1494,classification,760,41,block,0.3,0.2873425037567911,3,source,1.0,tabpfn25,0.4532163143157959,,0.823728813559322,0.42131513357162476,0.8902297025510745,,,,
openml:1494,classification,760,41,block,0.3,0.2873425037567911,3,source,1.0,tabpfn3,0.7705388069152832,,0.8508474576271187,0.3941788971424103,0.8926114110299567,,,,
openml:1494,classification,683,41,block,0.5,0.44762455207490465,3,source,0.0,tabpfn25,0.4452803134918213,,0.7983870967741935,0.45105090737342834,0.8440530711206895,,,,
openml:1494,classification,683,41,block,0.5,0.44762455207490465,3,source,0.0,tabpfn3,0.7756316661834717,,0.8279569892473119,0.4235239326953888,0.8625067349137933,,,,
openml:1494,classification,760,41,block_shift,0.3,0.2873425037567911,3,source,1.0,tabpfn25,0.4548068046569824,,0.847457627118644,0.39027777314186096,0.9066370276278184,,,,
openml:1494,classification,760,41,block_shift,0.3,0.2873425037567911,3,source,1.0,tabpfn3,0.7282528877258301,,0.8440677966101695,0.3711076080799103,0.905578490526093,,,,
openml:1494,classification,683,41,block_shift,0.5,0.4551612530343313,3,source,0.0,tabpfn25,0.4541592597961426,,0.7365591397849462,0.4805102050304413,0.8727774784482758,,,,
openml:1494,classification,683,41,block_shift,0.5,0.4551612530343313,3,source,0.0,tabpfn3,0.7283432483673096,,0.7983870967741935,0.44019854068756104,0.8580616918103448,,,,
openml:1494,classification,738,41,none,0.0,0.0,4,random,,tabpfn25,0.4875476360321045,,0.8832807570977917,0.26151397824287415,0.956386292834891,,,,
openml:1494,classification,738,41,none,0.0,0.0,4,random,,tabpfn3,0.7706904411315918,,0.8927444794952681,0.2592693567276001,0.9562082777036048,,,,
openml:1494,classification,707,41,block,0.3,0.2926829268292683,4,source,2.0,tabpfn25,0.509185791015625,,0.8477011494252874,0.3895539939403534,0.90810790725327,,,,
openml:1494,classification,707,41,block,0.3,0.2926829268292683,4,source,2.0,tabpfn3,0.7613792419433594,,0.853448275862069,0.3503316342830658,0.9125297265160522,,,,
openml:1494,classification,849,41,block,0.5,0.48304242284129,4,source,3.0,tabpfn25,0.472883939743042,,0.7766990291262136,0.4514628052711487,0.890381679389313,,,,
openml:1494,classification,849,41,block,0.5,0.48304242284129,4,source,3.0,tabpfn3,0.7670788764953613,,0.8252427184466019,0.3749876916408539,0.911348600508906,,,,
openml:1494,classification,707,41,block_shift,0.3,0.2926829268292683,4,source,2.0,tabpfn25,0.46389079093933105,,0.8247126436781609,0.42280158400535583,0.903277348394768,,,,
openml:1494,classification,707,41,block_shift,0.3,0.2926829268292683,4,source,2.0,tabpfn3,0.7307338714599609,,0.8620689655172413,0.37472003698349,0.9089253864447087,,,,
openml:1494,classification,849,41,block_shift,0.5,0.4729857819905213,4,source,3.0,tabpfn25,0.47147488594055176,,0.6990291262135923,0.5000374913215637,0.8918066157760814,,,,
openml:1494,classification,849,41,block_shift,0.5,0.4729857819905213,4,source,3.0,tabpfn3,0.7202587127685547,,0.7864077669902912,0.4243156611919403,0.9021882951653943,,,,
openml:40701,classification,2100,20,none,0.0,0.0,0,random,,tabpfn25,0.5859520435333252,,0.9677777777777777,0.1348217874765396,0.924998217396176,,,,
openml:40701,classification,2100,20,none,0.0,0.0,0,random,,tabpfn3,0.8539187908172607,,0.9733333333333334,0.12028294801712036,0.9346853958908435,,,,
openml:40701,classification,1464,20,block,0.3,0.2756,0,source,1.0,tabpfn25,0.511894941329956,,0.9088541666666666,0.3594891130924225,0.7560565467707917,,,,
openml:40701,classification,1464,20,block,0.3,0.2756,0,source,1.0,tabpfn3,0.8481485843658447,,0.9153645833333334,0.28318944573402405,0.7998845693438977,,,,
openml:40701,classification,2418,20,block,0.5,0.48985,0,source,1.0,tabpfn25,0.5620050430297852,,0.8780068728522337,0.35980653762817383,0.7069342694342694,,,,
openml:40701,classification,2418,20,block,0.5,0.48985,0,source,1.0,tabpfn3,0.8509078025817871,,0.8762886597938144,0.3859465420246124,0.6615282865282867,,,,
openml:40701,classification,1464,20,block_shift,0.3,0.2488,0,source,1.0,tabpfn25,0.5022532939910889,,0.8958333333333334,0.3429354727268219,0.7387526363791825,,,,
openml:40701,classification,1464,20,block_shift,0.3,0.2488,0,source,1.0,tabpfn3,0.8053922653198242,,0.89453125,0.3202093541622162,0.7609979764008438,,,,
openml:40701,classification,2418,20,block_shift,0.5,0.4895333333333333,0,source,1.0,tabpfn25,0.552203893661499,,0.8625429553264605,0.4260740578174591,0.6755189255189256,,,,
openml:40701,classification,2418,20,block_shift,0.5,0.4895333333333333,0,source,1.0,tabpfn3,0.8389039039611816,,0.7903780068728522,0.47764676809310913,0.6629273504273505,,,,
openml:40701,classification,2100,20,none,0.0,0.0,1,random,,tabpfn25,0.5929913520812988,,0.9688888888888889,0.10581031441688538,0.9480043717616581,,,,
openml:40701,classification,2100,20,none,0.0,0.0,1,random,,tabpfn3,0.8432302474975586,,0.9777777777777777,0.0934147983789444,0.9491883905440412,,,,
openml:40701,classification,1997,20,block,0.3,0.3,1,source,1.0,tabpfn25,0.5340206623077393,,0.872382851445663,0.40899431705474854,0.7027077573589202,,,,
openml:40701,classification,1997,20,block,0.3,0.3,1,source,1.0,tabpfn3,0.7993521690368652,,0.86839481555334,0.39714759588241577,0.6504797528053342,,,,
openml:40701,classification,1976,20,block,0.5,0.4169833333333333,1,source,0.0,tabpfn25,0.5415594577789307,,0.884765625,0.34205371141433716,0.7795525304716482,,,,
openml:40701,classification,1976,20,block,0.5,0.4169833333333333,1,source,0.0,tabpfn3,0.8124983310699463,,0.8837890625,0.3275740444660187,0.7872366852146264,,,,
openml:40701,classification,1997,20,block_shift,0.3,0.2830666666666667,1,source,1.0,tabpfn25,0.551358699798584,,0.8903290129611167,0.34447652101516724,0.8876483981135144,,,,
openml:40701,classification,1997,20,block_shift,0.3,0.2830666666666667,1,source,1.0,tabpfn3,0.8496959209442139,,0.8384845463609173,0.3256693482398987,0.8467555700113839,,,,
openml:40701,classification,1976,20,block_shift,0.5,0.46715,1,source,0.0,tabpfn25,0.5266683101654053,,0.8671875,0.3822384476661682,0.7310545839957605,,,,
openml:40701,classification,1976,20,block_shift,0.5,0.46715,1,source,0.0,tabpfn3,0.8240828514099121,,0.880859375,0.3336641788482666,0.7503891759406466,,,,
openml:40701,classification,2100,20,none,0.0,0.0,2,random,,tabpfn25,0.5545175075531006,,0.9666666666666667,0.13627704977989197,0.9280784488341969,,,,
openml:40701,classification,2100,20,none,0.0,0.0,2,random,,tabpfn3,0.8410494327545166,,0.9666666666666667,0.12500065565109253,0.9349700453367874,,,,
openml:40701,classification,1467,20,block,0.3,0.25,2,source,1.0,tabpfn25,0.5539336204528809,,0.9041095890410958,0.4492204487323761,0.8781250878821114,,,,
openml:40701,classification,1467,20,block,0.3,0.25,2,source,1.0,tabpfn3,0.8145039081573486,,0.9191128506196999,0.2635444402694702,0.885134565089007,,,,
openml:40701,classification,1995,20,block,0.5,0.48325,2,source,0.0,tabpfn25,0.5258288383483887,,0.9104477611940298,0.3154919445514679,0.8334305717619602,,,,
openml:40701,classification,1995,20,block,0.5,0.48325,2,source,0.0,tabpfn3,0.8508548736572266,,0.9174129353233831,0.2859927713871002,0.8416853259327004,,,,
openml:40701,classification,1467,20,block_shift,0.3,0.3,2,source,1.0,tabpfn25,0.491818904876709,,0.8617090671885193,0.41065776348114014,0.6692433701735143,,,,
openml:40701,classification,1467,20,block_shift,0.3,0.3,2,source,1.0,tabpfn3,0.8011350631713867,,0.8617090671885193,0.37790602445602417,0.6672132933997019,,,,
openml:40701,classification,1995,20,block_shift,0.5,0.4499,2,source,0.0,tabpfn25,0.540949821472168,,0.8835820895522388,0.2987797260284424,0.8605049039704816,,,,
openml:40701,classification,1995,20,block_shift,0.5,0.4499,2,source,0.0,tabpfn3,0.8204762935638428,,0.8845771144278607,0.3131997883319855,0.8096045286827084,,,,
openml:40701,classification,2100,20,none,0.0,0.0,3,random,,tabpfn25,0.6753003597259521,,0.9666666666666667,0.15139707922935486,0.9130598649295618,,,,
openml:40701,classification,2100,20,none,0.0,0.0,3,random,,tabpfn3,0.8443202972412109,,0.9644444444444444,0.14209173619747162,0.9120717930957207,,,,
openml:40701,classification,2251,20,block,0.3,0.2876666666666667,3,source,2.0,tabpfn25,0.5460655689239502,,0.9372496662216289,0.2086985558271408,0.9262536873156344,,,,
openml:40701,classification,2251,20,block,0.3,0.2876666666666667,3,source,2.0,tabpfn3,0.845977783203125,,0.9425901201602136,0.17273370921611786,0.9357015639784048,,,,
openml:40701,classification,1969,20,block,0.5,0.4337,3,source,0.0,tabpfn25,0.524221658706665,,0.9175557710960233,0.30209073424339294,0.8346721180054513,,,,
openml:40701,classification,1969,20,block,0.5,0.4337,3,source,0.0,tabpfn3,0.8247997760772705,,0.9204655674102813,0.2529647648334503,0.8423120089786758,,,,
openml:40701,classification,2251,20,block_shift,0.3,0.3,3,source,2.0,tabpfn25,0.5610008239746094,,0.890520694259012,0.2957371771335602,0.9102103857071298,,,,
openml:40701,classification,2251,20,block_shift,0.3,0.3,3,source,2.0,tabpfn3,0.8445148468017578,,0.9025367156208278,0.2502220869064331,0.9019591473256525,,,,
openml:40701,classification,1969,20,block_shift,0.5,0.4674,3,source,0.0,tabpfn25,0.5304491519927979,,0.8642095053346266,0.42923805117607117,0.5776495109828444,,,,
openml:40701,classification,1969,20,block_shift,0.5,0.4674,3,source,0.0,tabpfn3,0.8286383152008057,,0.8642095053346266,0.3949490785598755,0.557535674202341,,,,
openml:40701,classification,2100,20,none,0.0,0.0,4,random,,tabpfn25,0.5947370529174805,,0.9711111111111111,0.11945516616106033,0.9366819121736563,,,,
openml:40701,classification,2100,20,none,0.0,0.0,4,random,,tabpfn3,0.865757942199707,,0.9711111111111111,0.11523853242397308,0.95176783367797,,,,
openml:40701,classification,2002,20,block,0.3,0.28336666666666666,4,source,0.0,tabpfn25,0.5473182201385498,,0.938877755511022,0.3108353614807129,0.9142168812917658,,,,
openml:40701,classification,2002,20,block,0.3,0.28336666666666666,4,source,0.0,tabpfn3,0.820960521697998,,0.9398797595190381,0.19042116403579712,0.9203736101949311,,,,
openml:40701,classification,2428,20,block,0.5,0.48968333333333336,4,source,4.0,tabpfn25,0.5626099109649658,,0.8671328671328671,0.4057806730270386,0.6714938233156857,,,,
openml:40701,classification,2428,20,block,0.5,0.48968333333333336,4,source,4.0,tabpfn3,0.8178732395172119,,0.8636363636363636,0.3576323091983795,0.7046351084812623,,,,
openml:40701,classification,2002,20,block_shift,0.3,0.3,4,source,0.0,tabpfn25,0.5601882934570312,,0.9268537074148296,0.2572189271450043,0.9140830393590883,,,,
openml:40701,classification,2002,20,block_shift,0.3,0.3,4,source,0.0,tabpfn3,0.834404706954956,,0.935871743486974,0.22823494672775269,0.920947218477835,,,,
openml:40701,classification,2428,20,block_shift,0.5,0.4711,4,source,4.0,tabpfn25,0.5416638851165771,,0.8653846153846154,0.3923754394054413,0.5676320979964705,,,,
openml:40701,classification,2428,20,block_shift,0.5,0.4711,4,source,4.0,tabpfn3,0.8179283142089844,,0.8723776223776224,0.3893018662929535,0.5587563583515001,,,,
openml:1063,classification,365,21,none,0.0,0.0,0,random,,tabpfn25,0.44758081436157227,,0.8471337579617835,0.3276021182537079,0.884625,,,,
openml:1063,classification,365,21,none,0.0,0.0,0,random,,tabpfn3,0.7758998870849609,,0.8471337579617835,0.3295277953147888,0.8836249999999999,,,,
openml:1063,classification,254,21,block,0.3,0.2368180988870644,0,source,0.0,tabpfn25,0.4075477123260498,,0.8582089552238806,0.37292173504829407,0.877270732777534,,,,
openml:1063,classification,254,21,block,0.3,0.2368180988870644,0,source,0.0,tabpfn3,0.7081944942474365,,0.8432835820895522,0.352727472782135,0.8617376042123738,,,,
openml:1063,classification,425,21,block,0.5,0.47619047619047616,0,source,1.0,tabpfn25,0.42384791374206543,,0.8865979381443299,0.27103427052497864,0.944922547332186,,,,
openml:1063,classification,425,21,block,0.5,0.47619047619047616,0,source,1.0,tabpfn3,0.7136821746826172,,0.8865979381443299,0.24884580075740814,0.9440619621342512,,,,
openml:1063,classification,254,21,block_shift,0.3,0.21492428388980114,0,source,0.0,tabpfn25,0.42317914962768555,,0.8507462686567164,0.3785678446292877,0.8856516015796402,,,,
openml:1063,classification,254,21,block_shift,0.3,0.21492428388980114,0,source,0.0,tabpfn3,0.7210817337036133,,0.8582089552238806,0.3371427059173584,0.8853005704256253,,,,
openml:1063,classification,425,21,block_shift,0.5,0.47619047619047616,0,source,1.0,tabpfn25,0.41480064392089844,,0.8969072164948454,0.3043411076068878,0.9457831325301205,,,,
openml:1063,classification,425,21,block_shift,0.5,0.47619047619047616,0,source,1.0,tabpfn3,0.71024489402771,,0.8762886597938144,0.2826080620288849,0.9363166953528398,,,,
openml:1063,classification,365,21,none,0.0,0.0,1,random,,tabpfn25,0.41529393196105957,,0.8471337579617835,0.3505832254886627,0.873,,,,
openml:1063,classification,365,21,none,0.0,0.0,1,random,,tabpfn3,0.7128832340240479,,0.8726114649681529,0.3499827980995178,0.86875,,,,
openml:1063,classification,363,21,block,0.3,0.2857142857142857,1,source,1.0,tabpfn25,0.4173576831817627,,0.8490566037735849,0.3831961154937744,0.8304625984251969,,,,
openml:1063,classification,363,21,block,0.3,0.2857142857142857,1,source,1.0,tabpfn3,0.7037289142608643,,0.8616352201257862,0.35530465841293335,0.8479330708661417,,,,
openml:1063,classification,348,21,block,0.5,0.42857142857142855,1,source,1.0,tabpfn25,0.46685361862182617,,0.8620689655172413,0.38111168146133423,0.8226650563607085,,,,
openml:1063,classification,348,21,block,0.5,0.42857142857142855,1,source,1.0,tabpfn3,0.7195069789886475,,0.867816091954023,0.37733662128448486,0.818438003220612,,,,
openml:1063,classification,363,21,block_shift,0.3,0.2712096332785988,1,source,1.0,tabpfn25,0.4201536178588867,,0.8490566037735849,0.5043051838874817,0.8540846456692914,,,,
openml:1063,classification,363,21,block_shift,0.3,0.2712096332785988,1,source,1.0,tabpfn3,0.7159364223480225,,0.8427672955974843,0.4407115578651428,0.8491633858267716,,,,
openml:1063,classification,348,21,block_shift,0.5,0.47619047619047616,1,source,1.0,tabpfn25,0.4121713638305664,,0.8333333333333334,0.49162858724594116,0.7828099838969405,,,,
openml:1063,classification,348,21,block_shift,0.5,0.47619047619047616,1,source,1.0,tabpfn3,0.71694016456604,,0.8333333333333334,0.45103883743286133,0.7914653784219001,,,,
openml:1063,classification,365,21,none,0.0,0.0,2,random,,tabpfn25,0.42484426498413086,,0.8343949044585988,0.3624609112739563,0.844375,,,,
openml:1063,classification,365,21,none,0.0,0.0,2,random,,tabpfn3,0.7090408802032471,,0.8343949044585988,0.37025848031044006,0.846375,,,,
openml:1063,classification,265,21,block,0.3,0.262269658821383,2,source,1.0,tabpfn25,0.4270155429840088,,0.8054474708171206,0.42012903094291687,0.8118472864235575,,,,
openml:1063,classification,265,21,block,0.3,0.262269658821383,2,source,1.0,tabpfn3,0.7101404666900635,,0.8132295719844358,0.432393342256546,0.8070535867146038,,,,
openml:1063,classification,348,21,block,0.5,0.42857142857142855,2,source,0.0,tabpfn25,0.42282819747924805,,0.8448275862068966,0.3874817192554474,0.8743697478991597,,,,
openml:1063,classification,348,21,block,0.5,0.42857142857142855,2,source,0.0,tabpfn3,0.7565951347351074,,0.8735632183908046,0.33335402607917786,0.8728991596638654,,,,
openml:1063,classification,265,21,block_shift,0.3,0.2388250319284802,2,source,1.0,tabpfn25,0.4230611324310303,,0.7704280155642024,0.6012744903564453,0.8035439137134053,,,,
openml:1063,classification,265,21,block_shift,0.3,0.2388250319284802,2,source,1.0,tabpfn3,0.7173717021942139,,0.6381322957198443,0.6829653382301331,0.7918164697825715,,,,
openml:1063,classification,348,21,block_shift,0.5,0.4430760810071155,2,source,0.0,tabpfn25,0.43427085876464844,,0.8505747126436781,0.3922048509120941,0.8506302521008404,,,,
openml:1063,classification,348,21,block_shift,0.5,0.4430760810071155,2,source,0.0,tabpfn3,0.7102024555206299,,0.8735632183908046,0.3355715870857239,0.8846638655462186,,,,
openml:1063,classification,365,21,none,0.0,0.0,3,random,,tabpfn25,0.4658651351928711,,0.8343949044585988,0.460104376077652,0.766875,,,,
openml:1063,classification,365,21,none,0.0,0.0,3,random,,tabpfn3,0.7099566459655762,,0.8343949044585988,0.46013423800468445,0.7641249999999999,,,,
openml:1063,classification,408,21,block,0.3,0.2857142857142857,3,source,2.0,tabpfn25,0.4163196086883545,,0.8508771929824561,0.3363927900791168,0.8681515616999489,,,,
openml:1063,classification,408,21,block,0.3,0.2857142857142857,3,source,2.0,tabpfn3,0.7113296985626221,,0.8508771929824561,0.3208719789981842,0.8676395289298515,,,,
openml:1063,classification,332,21,block,0.5,0.4294836708629812,3,source,2.0,tabpfn25,0.43282485008239746,,0.8473684210526315,0.37218329310417175,0.8633179723502304,,,,
openml:1063,classification,332,21,block,0.5,0.4294836708629812,3,source,2.0,tabpfn3,0.7105660438537598,,0.8473684210526315,0.3480817377567291,0.8439631336405531,,,,
openml:1063,classification,408,21,block_shift,0.3,0.2857142857142857,3,source,2.0,tabpfn25,0.420440673828125,,0.8070175438596491,0.518114447593689,0.8755760368663594,,,,
openml:1063,classification,408,21,block_shift,0.3,0.2857142857142857,3,source,2.0,tabpfn3,0.7682754993438721,,0.8333333333333334,0.46693316102027893,0.8791602662570405,,,,
openml:1063,classification,332,21,block_shift,0.5,0.42857142857142855,3,source,2.0,tabpfn25,0.4139530658721924,,0.8315789473684211,0.49198833107948303,0.8108755760368663,,,,
openml:1063,classification,332,21,block_shift,0.5,0.42857142857142855,3,source,2.0,tabpfn3,0.7109227180480957,,0.8105263157894737,0.46212688088417053,0.823963133640553,,,,
openml:1063,classification,365,21,none,0.0,0.0,4,random,,tabpfn25,0.4248800277709961,,0.8089171974522293,0.38587743043899536,0.854,,,,
openml:1063,classification,365,21,none,0.0,0.0,4,random,,tabpfn3,0.7157034873962402,,0.8089171974522293,0.3949483335018158,0.841,,,,
openml:1063,classification,345,21,block,0.3,0.2857142857142857,4,source,0.0,tabpfn25,0.4117884635925293,,0.768361581920904,0.4248342216014862,0.7838028169014084,,,,
openml:1063,classification,345,21,block,0.3,0.2857142857142857,4,source,0.0,tabpfn3,0.701984167098999,,0.7796610169491526,0.43351414799690247,0.7842052313883299,,,,
openml:1063,classification,416,21,block,0.5,0.46652070790001826,4,source,2.0,tabpfn25,0.42000627517700195,,0.839622641509434,0.3610778748989105,0.8533549783549784,,,,
openml:1063,classification,416,21,block,0.5,0.46652070790001826,4,source,2.0,tabpfn3,0.7137951850891113,,0.8490566037735849,0.3273393511772156,0.8993506493506493,,,,
openml:1063,classification,345,21,block_shift,0.3,0.2857142857142857,4,source,0.0,tabpfn25,0.4179084300994873,,0.7288135593220338,0.55385422706604,0.7625754527162978,,,,
openml:1063,classification,345,21,block_shift,0.3,0.2857142857142857,4,source,0.0,tabpfn3,0.7176446914672852,,0.8022598870056498,0.48214924335479736,0.7631790744466801,,,,
openml:1063,classification,416,21,block_shift,0.5,0.47619047619047616,4,source,2.0,tabpfn25,0.45363783836364746,,0.8679245283018868,0.4914180040359497,0.8939393939393939,,,,
openml:1063,classification,416,21,block_shift,0.5,0.47619047619047616,4,source,2.0,tabpfn3,0.7055995464324951,,0.8490566037735849,0.36218538880348206,0.8933982683982684,,,,
openml:40994,classification,378,18,none,0.0,0.0,0,random,,tabpfn25,0.5430221557617188,,0.9444444444444444,0.13124318420886993,0.9594594594594595,,,,
openml:40994,classification,378,18,none,0.0,0.0,0,random,,tabpfn3,0.761282205581665,,0.9506172839506173,0.13873422145843506,0.9565637065637066,,,,
openml:40994,classification,277,18,block,0.3,0.2777777777777778,0,source,1.0,tabpfn25,0.4112706184387207,,0.9467680608365019,0.18389573693275452,0.9473118279569892,,,,
openml:40994,classification,277,18,block,0.3,0.2777777777777778,0,source,1.0,tabpfn3,0.742135763168335,,0.9543726235741445,0.1366416960954666,0.9419354838709677,,,,
openml:40994,classification,425,18,block,0.5,0.4883744855967078,0,source,4.0,tabpfn25,0.42171597480773926,,0.9304347826086956,0.26514825224876404,0.530373831775701,,,,
openml:40994,classification,425,18,block,0.5,0.4883744855967078,0,source,4.0,tabpfn3,0.743375301361084,,0.9304347826086956,0.26655831933021545,0.5385514018691588,,,,
openml:40994,classification,277,18,block_shift,0.3,0.2492798353909465,0,source,1.0,tabpfn25,0.4089035987854004,,0.9429657794676806,0.24652627110481262,0.5395161290322581,,,,
openml:40994,classification,277,18,block_shift,0.3,0.2492798353909465,0,source,1.0,tabpfn3,0.7323105335235596,,0.9429657794676806,0.25054630637168884,0.4688172043010753,,,,
openml:40994,classification,425,18,block_shift,0.5,0.4881687242798354,0,source,4.0,tabpfn25,0.41916704177856445,,0.9304347826086956,0.24537192285060883,0.8983644859813084,,,,
openml:40994,classification,425,18,block_shift,0.5,0.4881687242798354,0,source,4.0,tabpfn3,0.7346255779266357,,0.9304347826086956,0.21358197927474976,0.9182242990654205,,,,
openml:40994,classification,378,18,none,0.0,0.0,1,random,,tabpfn25,0.4537351131439209,,0.9444444444444444,0.13329973816871643,0.9594594594594594,,,,
openml:40994,classification,378,18,none,0.0,0.0,1,random,,tabpfn3,0.7481887340545654,,0.9382716049382716,0.13376343250274658,0.9546332046332047,,,,
openml:40994,classification,356,18,block,0.3,0.2588477366255144,1,source,0.0,tabpfn25,0.41661691665649414,,0.9293478260869565,0.14903154969215393,0.9753434307854879,,,,
openml:40994,classification,356,18,block,0.3,0.2588477366255144,1,source,0.0,tabpfn3,0.7496752738952637,,0.9293478260869565,0.13705216348171234,0.9721733004579077,,,,
openml:40994,classification,354,18,block,0.5,0.4623456790123457,1,source,0.0,tabpfn25,0.4132542610168457,,0.9193548387096774,0.2771317958831787,0.6861598440545809,,,,
openml:40994,classification,354,18,block,0.5,0.4623456790123457,1,source,0.0,tabpfn3,0.7482993602752686,,0.9193548387096774,0.26595354080200195,0.7091617933723197,,,,
openml:40994,classification,356,18,block_shift,0.3,0.2777777777777778,1,source,0.0,tabpfn25,0.4209141731262207,,0.875,0.2556650638580322,0.9239168721380768,,,,
openml:40994,classification,356,18,block_shift,0.3,0.2777777777777778,1,source,0.0,tabpfn3,0.7269599437713623,,0.8858695652173914,0.2249053418636322,0.9306093694963015,,,,
openml:40994,classification,354,18,block_shift,0.5,0.46296296296296297,1,source,0.0,tabpfn25,0.4199025630950928,,0.9193548387096774,0.25659868121147156,0.736842105263158,,,,
openml:40994,classification,354,18,block_shift,0.5,0.46296296296296297,1,source,0.0,tabpfn3,0.7411096096038818,,0.9193548387096774,0.2572500705718994,0.7278752436647175,,,,
openml:40994,classification,378,18,none,0.0,0.0,2,random,,tabpfn25,0.41854119300842285,,0.9506172839506173,0.12412768602371216,0.9700772200772201,,,,
openml:40994,classification,378,18,none,0.0,0.0,2,random,,tabpfn3,0.7747683525085449,,0.9629629629629629,0.10550474375486374,0.9773166023166023,,,,
openml:40994,classification,268,18,block,0.3,0.2222222222222222,2,source,0.0,tabpfn25,0.4150068759918213,,0.9080882352941176,0.2494664192199707,0.8351417004048582,,,,
openml:40994,classification,268,18,block,0.3,0.2222222222222222,2,source,0.0,tabpfn3,0.737429141998291,,0.9080882352941176,0.2457692176103592,0.8330364372469636,,,,
openml:40994,classification,344,18,block,0.5,0.4612139917695473,2,source,1.0,tabpfn25,0.4249727725982666,,0.9030612244897959,0.27982500195503235,0.7740324594257179,,,,
openml:40994,classification,344,18,block,0.5,0.4612139917695473,2,source,1.0,tabpfn3,0.7382810115814209,,0.8979591836734694,0.27189916372299194,0.781210986267166,,,,
openml:40994,classification,268,18,block_shift,0.3,0.2222222222222222,2,source,0.0,tabpfn25,0.42687010765075684,,0.9117647058823529,0.25685304403305054,0.8981376518218622,,,,
openml:40994,classification,268,18,block_shift,0.3,0.2222222222222222,2,source,0.0,tabpfn3,0.7399282455444336,,0.9117647058823529,0.3087598979473114,0.9240485829959514,,,,
openml:40994,classification,344,18,block_shift,0.5,0.4832304526748971,2,source,1.0,tabpfn25,0.42253541946411133,,0.9081632653061225,0.29269102215766907,0.6782147315855181,,,,
openml:40994,classification,344,18,block_shift,0.5,0.4832304526748971,2,source,1.0,tabpfn3,0.7566707134246826,,0.9081632653061225,0.29396575689315796,0.6685393258426968,,,,
openml:40994,classification,378,18,none,0.0,0.0,3,random,,tabpfn25,0.45689892768859863,,0.9691358024691358,0.08675861358642578,0.9860038610038611,,,,
openml:40994,classification,378,18,none,0.0,0.0,3,random,,tabpfn3,0.7568049430847168,,0.9691358024691358,0.08669526129961014,0.986003861003861,,,,
openml:40994,classification,390,18,block,0.3,0.2777777777777778,3,source,1.0,tabpfn25,0.42440152168273926,,0.9,0.24568608403205872,0.8888888888888888,,,,
openml:40994,classification,390,18,block,0.3,0.2777777777777778,3,source,1.0,tabpfn3,0.7436635494232178,,0.9066666666666666,0.18635404109954834,0.91243961352657,,,,
openml:40994,classification,373,18,block,0.5,0.4444444444444444,3,source,1.0,tabpfn25,0.5690865516662598,,0.9401197604790419,0.22566288709640503,0.6636942675159235,,,,
openml:40994,classification,373,18,block,0.5,0.4444444444444444,3,source,1.0,tabpfn3,0.7351276874542236,,0.9401197604790419,0.21960680186748505,0.6611464968152866,,,,
openml:40994,classification,390,18,block_shift,0.3,0.2777777777777778,3,source,1.0,tabpfn25,0.4179344177246094,,0.92,0.2797200083732605,0.5905797101449275,,,,
openml:40994,classification,390,18,block_shift,0.3,0.2777777777777778,3,source,1.0,tabpfn3,0.7453820705413818,,0.92,0.27378419041633606,0.6310386473429952,,,,
openml:40994,classification,373,18,block_shift,0.5,0.44248971193415637,3,source,1.0,tabpfn25,0.46179723739624023,,0.9401197604790419,0.2355698049068451,0.4375796178343949,,,,
openml:40994,classification,373,18,block_shift,0.5,0.44248971193415637,3,source,1.0,tabpfn3,0.7438747882843018,,0.9401197604790419,0.24544751644134521,0.41273885350318473,,,,
openml:40994,classification,378,18,none,0.0,0.0,4,random,,tabpfn25,0.4194955825805664,,0.9506172839506173,0.14427873492240906,0.9251930501930501,,,,
openml:40994,classification,378,18,none,0.0,0.0,4,random,,tabpfn3,0.7377490997314453,,0.9567901234567902,0.14186780154705048,0.9324324324324323,,,,
openml:40994,classification,360,18,block,0.3,0.25905349794238686,4,source,1.0,tabpfn25,0.42129993438720703,,0.9166666666666666,0.23459769785404205,0.8202020202020202,,,,
openml:40994,classification,360,18,block,0.3,0.25905349794238686,4,source,1.0,tabpfn3,0.7441301345825195,,0.9166666666666666,0.23785728216171265,0.8117171717171717,,,,
openml:40994,classification,440,18,block,0.5,0.49022633744855965,4,source,3.0,tabpfn25,0.41875481605529785,,0.89,0.24514485895633698,0.9147727272727274,,,,
openml:40994,classification,440,18,block,0.5,0.49022633744855965,4,source,3.0,tabpfn3,0.7371780872344971,,0.88,0.2550306022167206,0.9024621212121212,,,,
openml:40994,classification,360,18,block_shift,0.3,0.2777777777777778,4,source,1.0,tabpfn25,0.41523098945617676,,0.9277777777777778,0.18724751472473145,0.8981818181818181,,,,
openml:40994,classification,360,18,block_shift,0.3,0.2777777777777778,4,source,1.0,tabpfn3,0.7595129013061523,,0.9388888888888889,0.2091665416955948,0.8755555555555555,,,,
openml:40994,classification,440,18,block_shift,0.5,0.5,4,source,3.0,tabpfn25,0.42024946212768555,,0.88,0.21125604212284088,0.9678030303030303,,,,
openml:40994,classification,440,18,block_shift,0.5,0.5,4,source,3.0,tabpfn3,0.7449314594268799,,0.89,0.19163751602172852,0.9630681818181819,,,,
openml:1480,classification,408,10,none,0.0,0.0,0,random,,tabpfn25,0.4423520565032959,,0.7085714285714285,0.5140681862831116,0.7372799999999999,,,,
openml:1480,classification,408,10,none,0.0,0.0,0,random,,tabpfn3,0.8031449317932129,,0.7428571428571429,0.5118133425712585,0.7334400000000001,,,,
openml:1480,classification,290,10,block,0.3,0.2502572898799314,0,source,0.0,tabpfn25,0.42936086654663086,,0.7098976109215017,0.5436038970947266,0.7148755656108597,,,,
openml:1480,classification,290,10,block,0.3,0.2502572898799314,0,source,0.0,tabpfn3,0.7613599300384521,,0.7098976109215017,0.5355503559112549,0.7205882352941176,,,,
openml:1480,classification,462,10,block,0.5,0.5,0,source,2.0,tabpfn25,0.4348127841949463,,0.6859504132231405,0.5744291543960571,0.7396956246036779,,,,
openml:1480,classification,462,10,block,0.5,0.5,0,source,2.0,tabpfn3,0.7516746520996094,,0.6859504132231405,0.5640381574630737,0.692136968928345,,,,
openml:1480,classification,290,10,block_shift,0.3,0.2497427101200686,0,source,0.0,tabpfn25,0.4157874584197998,,0.5426621160409556,0.6052634119987488,0.7144230769230769,,,,
openml:1480,classification,290,10,block_shift,0.3,0.2497427101200686,0,source,0.0,tabpfn3,0.7401626110076904,,0.49829351535836175,0.6487247347831726,0.7389705882352942,,,,
openml:1480,classification,462,10,block_shift,0.5,0.5,0,source,2.0,tabpfn25,0.43235039710998535,,0.6859504132231405,0.602913498878479,0.6566265060240963,,,,
openml:1480,classification,462,10,block_shift,0.5,0.5,0,source,2.0,tabpfn3,0.7732672691345215,,0.6859504132231405,0.6264029741287231,0.6588459099556119,,,,
openml:1480,classification,408,10,none,0.0,0.0,1,random,,tabpfn25,0.4371626377105713,,0.7314285714285714,0.4823131561279297,0.7769600000000001,,,,
openml:1480,classification,408,10,none,0.0,0.0,1,random,,tabpfn3,0.8022820949554443,,0.7257142857142858,0.47715243697166443,0.78592,,,,
openml:1480,classification,398,10,block,0.3,0.2658662092624357,1,source,1.0,tabpfn25,0.4214491844177246,,0.6810810810810811,0.5495521426200867,0.735270379338176,,,,
openml:1480,classification,398,10,block,0.3,0.2658662092624357,1,source,1.0,tabpfn3,0.759047269821167,,0.6810810810810811,0.5450063943862915,0.7222222222222222,,,,
openml:1480,classification,375,10,block,0.5,0.4,1,source,0.0,tabpfn25,0.4302830696105957,,0.7596153846153846,0.49991554021835327,0.7312351692269264,,,,
openml:1480,classification,375,10,block,0.5,0.4,1,source,0.0,tabpfn3,0.7515299320220947,,0.7596153846153846,0.48961037397384644,0.7443486948919695,,,,
openml:1480,classification,398,10,block_shift,0.3,0.26826758147512864,1,source,1.0,tabpfn25,0.43122196197509766,,0.6810810810810811,0.5718994736671448,0.7012375571697606,,,,
openml:1480,classification,398,10,block_shift,0.3,0.26826758147512864,1,source,1.0,tabpfn3,0.7551963329315186,,0.6810810810810811,0.5649295449256897,0.729889695991391,,,,
openml:1480,classification,375,10,block_shift,0.5,0.4,1,source,0.0,tabpfn25,0.41927528381347656,,0.7548076923076923,0.5568424463272095,0.7500936680404646,,,,
openml:1480,classification,375,10,block_shift,0.5,0.4,1,source,0.0,tabpfn3,0.745492696762085,,0.7548076923076923,0.5951335430145264,0.6516797801923317,,,,
openml:1480,classification,408,10,none,0.0,0.0,2,random,,tabpfn25,0.42949342727661133,,0.7314285714285714,0.5137771964073181,0.7496,,,,
openml:1480,classification,408,10,none,0.0,0.0,2,random,,tabpfn3,0.740541934967041,,0.7257142857142858,0.49361005425453186,0.76592,,,,
openml:1480,classification,289,10,block,0.3,0.3,2,source,0.0,tabpfn25,0.4425654411315918,,0.6938775510204082,0.5768669247627258,0.6911220043572985,,,,
openml:1480,classification,289,10,block,0.3,0.3,2,source,0.0,tabpfn3,0.7829985618591309,,0.6938775510204082,0.5798715949058533,0.6851307189542484,,,,
openml:1480,classification,389,10,block,0.5,0.4667238421955403,2,source,0.0,tabpfn25,0.41499853134155273,,0.6855670103092784,0.6094831824302673,0.6676938247257488,,,,
openml:1480,classification,389,10,block,0.5,0.4667238421955403,2,source,0.0,tabpfn3,0.7412376403808594,,0.6855670103092784,0.6022043228149414,0.6729939603106125,,,,
openml:1480,classification,289,10,block_shift,0.3,0.2,2,source,0.0,tabpfn25,0.4239201545715332,,0.6938775510204082,0.550186276435852,0.6945533769063181,,,,
openml:1480,classification,289,10,block_shift,0.3,0.2,2,source,0.0,tabpfn3,0.7508056163787842,,0.7040816326530612,0.5476481318473816,0.6821350762527234,,,,
openml:1480,classification,389,10,block_shift,0.5,0.4667238421955403,2,source,0.0,tabpfn25,0.43225550651550293,,0.6855670103092784,0.5668802857398987,0.7088623197337607,,,,
openml:1480,classification,389,10,block_shift,0.5,0.4667238421955403,2,source,0.0,tabpfn3,0.7461490631103516,,0.6855670103092784,0.5557241439819336,0.7103414273388389,,,,
openml:1480,classification,408,10,none,0.0,0.0,3,random,,tabpfn25,0.4372856616973877,,0.7028571428571428,0.526153564453125,0.7369600000000001,,,,
openml:1480,classification,408,10,none,0.0,0.0,3,random,,tabpfn3,0.8025186061859131,,0.7085714285714285,0.513594388961792,0.7536,,,,
openml:1480,classification,455,10,block,0.3,0.3,3,source,0.0,tabpfn25,0.436450719833374,,0.7109375,0.5181511640548706,0.729646697388633,,,,
openml:1480,classification,455,10,block,0.3,0.3,3,source,0.0,tabpfn3,0.7621898651123047,,0.71875,0.5213261246681213,0.7170506912442397,,,,
openml:1480,classification,398,10,block,0.5,0.4365351629502573,3,source,1.0,tabpfn25,0.4407825469970703,,0.7351351351351352,0.520498514175415,0.7073829531812724,,,,
openml:1480,classification,398,10,block,0.5,0.4365351629502573,3,source,1.0,tabpfn3,0.7488584518432617,,0.7297297297297297,0.5158869624137878,0.71593637454982,,,,
openml:1480,classification,455,10,block_shift,0.3,0.3,3,source,0.0,tabpfn25,0.44474339485168457,,0.7265625,0.5428425073623657,0.6626728110599077,,,,
openml:1480,classification,455,10,block_shift,0.3,0.3,3,source,0.0,tabpfn3,0.75927734375,,0.7265625,0.5599462985992432,0.6574500768049154,,,,
openml:1480,classification,398,10,block_shift,0.5,0.46826758147512865,3,source,1.0,tabpfn25,0.4268193244934082,,0.7351351351351352,0.544331967830658,0.7240396158463386,,,,
openml:1480,classification,398,10,block_shift,0.5,0.46826758147512865,3,source,1.0,tabpfn3,0.7567934989929199,,0.7351351351351352,0.545466959476471,0.7211884753901561,,,,
openml:1480,classification,408,10,none,0.0,0.0,4,random,,tabpfn25,0.46604394912719727,,0.72,0.5162321925163269,0.7452799999999999,,,,
openml:1480,classification,408,10,none,0.0,0.0,4,random,,tabpfn3,0.7616386413574219,,0.7142857142857143,0.49901625514030457,0.7619199999999999,,,,
openml:1480,classification,388,10,block,0.3,0.3,4,source,2.0,tabpfn25,0.42609405517578125,,0.7230769230769231,0.5454512238502502,0.6889939584975046,,,,
openml:1480,classification,388,10,block,0.3,0.3,4,source,2.0,tabpfn3,0.7536773681640625,,0.7230769230769231,0.5399080514907837,0.7050170738114001,,,,
openml:1480,classification,480,10,block,0.5,0.5,4,source,1.0,tabpfn25,0.43860602378845215,,0.6407766990291263,0.5828056335449219,0.7097844112769485,,,,
openml:1480,classification,480,10,block,0.5,0.5,4,source,1.0,tabpfn3,0.7516336441040039,,0.6893203883495146,0.5914485454559326,0.7097844112769486,,,,
openml:1480,classification,388,10,block_shift,0.3,0.3,4,source,2.0,tabpfn25,0.4298393726348877,,0.7230769230769231,0.698508083820343,0.6470974520619911,,,,
openml:1480,classification,388,10,block_shift,0.3,0.3,4,source,2.0,tabpfn3,0.8289122581481934,,0.7230769230769231,0.7277969717979431,0.6704754399789861,,,,
openml:1480,classification,480,10,block_shift,0.5,0.5,4,source,1.0,tabpfn25,0.42986130714416504,,0.6504854368932039,0.7379749417304993,0.6728855721393034,,,,
openml:1480,classification,480,10,block_shift,0.5,0.5,4,source,1.0,tabpfn3,0.7534606456756592,,0.6504854368932039,0.6518155336380005,0.6509121061359868,,,,
openml:37,classification,537,8,none,0.0,0.0,0,random,,tabpfn25,0.438152551651001,,0.7922077922077922,0.46214044094085693,0.8478189300411522,,,,
openml:37,classification,537,8,none,0.0,0.0,0,random,,tabpfn3,0.7608468532562256,,0.7878787878787878,0.4631471633911133,0.8507818930041151,,,,
openml:37,classification,387,8,block,0.3,0.25,0,source,0.0,tabpfn25,0.41373682022094727,,0.7322834645669292,0.5077586770057678,0.801484375,,,,
openml:37,classification,387,8,block,0.3,0.25,0,source,0.0,tabpfn3,0.7589311599731445,,0.7401574803149606,0.4964798390865326,0.804046875,,,,
openml:37,classification,628,8,block,0.5,0.44580078125,0,source,3.0,tabpfn25,0.424785852432251,,0.7,0.5091038346290588,0.8097777777777777,,,,
openml:37,classification,628,8,block,0.5,0.44580078125,0,source,3.0,tabpfn3,0.7412760257720947,,0.7,0.5015429854393005,0.8122222222222222,,,,
openml:37,classification,387,8,block_shift,0.3,0.125,0,source,0.0,tabpfn25,0.42580270767211914,,0.6614173228346457,0.5965872406959534,0.75196875,,,,
openml:37,classification,387,8,block_shift,0.3,0.125,0,source,0.0,tabpfn3,0.747509241104126,,0.6299212598425197,0.6040189862251282,0.7559374999999999,,,,
openml:37,classification,628,8,block_shift,0.5,0.5,0,source,3.0,tabpfn25,0.42412686347961426,,0.6357142857142857,0.6510579586029053,0.5984444444444444,,,,
openml:37,classification,628,8,block_shift,0.5,0.5,0,source,3.0,tabpfn3,0.7813534736633301,,0.6714285714285714,0.6696349382400513,0.5960000000000001,,,,
openml:37,classification,537,8,none,0.0,0.0,1,random,,tabpfn25,0.41245222091674805,,0.7662337662337663,0.4704868197441101,0.8395061728395061,,,,
openml:37,classification,537,8,none,0.0,0.0,1,random,,tabpfn3,0.7345232963562012,,0.7748917748917749,0.4852985739707947,0.8357201646090535,,,,
openml:37,classification,510,8,block,0.3,0.20719401041666666,1,source,2.0,tabpfn25,0.4300079345703125,,0.7441860465116279,0.48696672916412354,0.8099016853932584,,,,
openml:37,classification,510,8,block,0.3,0.20719401041666666,1,source,2.0,tabpfn3,0.7395529747009277,,0.7596899224806202,0.4861496388912201,0.8072331460674158,,,,
openml:37,classification,534,8,block,0.5,0.4153645833333333,1,source,2.0,tabpfn25,0.4204127788543701,,0.7136752136752137,0.5395529866218567,0.7402871621621623,,,,
openml:37,classification,534,8,block,0.5,0.4153645833333333,1,source,2.0,tabpfn3,0.7527461051940918,,0.7008547008547008,0.5361146330833435,0.7411317567567568,,,,
openml:37,classification,510,8,block_shift,0.3,0.25,1,source,2.0,tabpfn25,0.41839170455932617,,0.8062015503875969,0.47189465165138245,0.8239466292134832,,,,
openml:37,classification,510,8,block_shift,0.3,0.25,1,source,2.0,tabpfn3,0.7516369819641113,,0.7829457364341085,0.4765933156013489,0.8132022471910112,,,,
openml:37,classification,534,8,block_shift,0.5,0.4554036458333333,1,source,2.0,tabpfn25,0.41768741607666016,,0.6837606837606838,0.6248575448989868,0.6028716216216217,,,,
openml:37,classification,534,8,block_shift,0.5,0.4554036458333333,1,source,2.0,tabpfn3,0.7941570281982422,,0.6837606837606838,0.627728283405304,0.6410472972972974,,,,
openml:37,classification,537,8,none,0.0,0.0,2,random,,tabpfn25,0.4139702320098877,,0.7662337662337663,0.45132365822792053,0.8578600823045267,,,,
openml:37,classification,537,8,none,0.0,0.0,2,random,,tabpfn3,0.7377626895904541,,0.7748917748917749,0.447571337223053,0.8594238683127572,,,,
openml:37,classification,383,8,block,0.3,0.25,2,source,0.0,tabpfn25,0.4196770191192627,,0.6779220779220779,0.5734363198280334,0.7176474123940615,,,,
openml:37,classification,383,8,block,0.3,0.25,2,source,0.0,tabpfn3,0.7456042766571045,,0.6935064935064935,0.5741215348243713,0.7137104045200457,,,,
openml:37,classification,533,8,block,0.5,0.4132486979166667,2,source,2.0,tabpfn25,0.42171335220336914,,0.7914893617021277,0.47583138942718506,0.8473187686196624,,,,
openml:37,classification,533,8,block,0.5,0.4132486979166667,2,source,2.0,tabpfn3,0.7469189167022705,,0.7872340425531915,0.452632337808609,0.8489738497186361,,,,
openml:37,classification,383,8,block_shift,0.3,0.18733723958333334,2,source,0.0,tabpfn25,0.41565990447998047,,0.7636363636363637,0.4854624271392822,0.8233155015928353,,,,
openml:37,classification,383,8,block_shift,0.3,0.18733723958333334,2,source,0.0,tabpfn3,0.7432041168212891,,0.7714285714285715,0.47277411818504333,0.8300174310272285,,,,
openml:37,classification,533,8,block_shift,0.5,0.5,2,source,2.0,tabpfn25,0.42812323570251465,,0.6936170212765957,0.5946599245071411,0.7200430321085733,,,,
openml:37,classification,533,8,block_shift,0.5,0.5,2,source,2.0,tabpfn3,0.7413120269775391,,0.6893617021276596,0.6181700229644775,0.7170638861304203,,,,
openml:37,classification,537,8,none,0.0,0.0,3,random,,tabpfn25,0.4156930446624756,,0.7748917748917749,0.46533721685409546,0.8454320987654321,,,,
openml:37,classification,537,8,none,0.0,0.0,3,random,,tabpfn3,0.7923085689544678,,0.7748917748917749,0.4755803346633911,0.8431275720164608,,,,
openml:37,classification,559,8,block,0.3,0.25,3,source,3.0,tabpfn25,0.4183671474456787,,0.7416267942583732,0.4603448808193207,0.8401303342442716,,,,
openml:37,classification,559,8,block,0.3,0.25,3,source,3.0,tabpfn3,0.7420368194580078,,0.7655502392344498,0.45257946848869324,0.8459112886272862,,,,
openml:37,classification,494,8,block,0.5,0.4554036458333333,3,source,0.0,tabpfn25,0.41918468475341797,,0.7737226277372263,0.4784794747829437,0.833213234852579,,,,
openml:37,classification,494,8,block,0.5,0.4554036458333333,3,source,0.0,tabpfn3,0.7336215972900391,,0.7773722627737226,0.4752832055091858,0.8364558938329429,,,,
openml:37,classification,559,8,block_shift,0.3,0.25,3,source,3.0,tabpfn25,0.42414093017578125,,0.5933014354066986,0.6313905715942383,0.7002312381753206,,,,
openml:37,classification,559,8,block_shift,0.3,0.25,3,source,3.0,tabpfn3,0.7498328685760498,,0.6267942583732058,0.6328869462013245,0.7071683834349379,,,,
openml:37,classification,494,8,block_shift,0.5,0.4143880208333333,3,source,0.0,tabpfn25,0.4197225570678711,,0.6715328467153284,0.5700664520263672,0.7584219059628896,,,,
openml:37,classification,494,8,block_shift,0.5,0.4143880208333333,3,source,0.0,tabpfn3,0.7411811351776123,,0.7116788321167883,0.5706846117973328,0.7622650573470247,,,,
openml:37,classification,537,8,none,0.0,0.0,4,random,,tabpfn25,0.4227123260498047,,0.7575757575757576,0.47248920798301697,0.8391769547325103,,,,
openml:37,classification,537,8,none,0.0,0.0,4,random,,tabpfn3,0.7996206283569336,,0.7532467532467533,0.47457027435302734,0.8385185185185184,,,,
openml:37,classification,514,8,block,0.3,0.25,4,source,0.0,tabpfn25,0.41402482986450195,,0.7322834645669292,0.5329107046127319,0.7777929901423877,,,,
openml:37,classification,514,8,block,0.3,0.25,4,source,0.0,tabpfn3,0.7424240112304688,,0.7204724409448819,0.530376672744751,0.7708105147864184,,,,
openml:37,classification,612,8,block,0.5,0.5,4,source,2.0,tabpfn25,0.4238457679748535,,0.7884615384615384,0.44053152203559875,0.8553994082840237,,,,
openml:37,classification,612,8,block,0.5,0.5,4,source,2.0,tabpfn3,0.749340295791626,,0.7884615384615384,0.4374954402446747,0.854844674556213,,,,
openml:37,classification,514,8,block_shift,0.3,0.20865885416666666,4,source,0.0,tabpfn25,0.41712164878845215,,0.7598425196850394,0.4946066737174988,0.8163335158817087,,,,
openml:37,classification,514,8,block_shift,0.3,0.20865885416666666,4,source,0.0,tabpfn3,0.7370438575744629,,0.7637795275590551,0.5002113580703735,0.8166073384446879,,,,
openml:37,classification,612,8,block_shift,0.5,0.5,4,source,2.0,tabpfn25,0.41976046562194824,,0.7243589743589743,0.5667101740837097,0.8163831360946745,,,,
openml:37,classification,612,8,block_shift,0.5,0.5,4,source,2.0,tabpfn3,0.7457160949707031,,0.7115384615384616,0.5628598928451538,0.8211908284023669,,,,
openml:1067,classification,1476,21,none,0.0,0.0,0,random,,tabpfn25,0.4846491813659668,,0.8546603475513428,0.33322760462760925,0.8349704367728399,,,,
openml:1067,classification,1476,21,none,0.0,0.0,0,random,,tabpfn3,0.9132156372070312,,0.8546603475513428,0.3246975541114807,0.8457085637993516,,,,
openml:1067,classification,1030,21,block,0.3,0.23698886856781592,0,source,1.0,tabpfn25,0.4520556926727295,,0.8582020389249305,0.39589399099349976,0.7921459888123806,,,,
openml:1067,classification,1030,21,block,0.3,0.23698886856781592,0,source,1.0,tabpfn3,0.833740234375,,0.8563484708063022,0.3403809666633606,0.8078519495869926,,,,
openml:1067,classification,1706,21,block,0.5,0.47619047619047616,0,source,4.0,tabpfn25,0.479586124420166,,0.8486352357320099,0.3728785812854767,0.8470588235294116,,,,
openml:1067,classification,1706,21,block,0.5,0.47619047619047616,0,source,4.0,tabpfn3,0.8625288009643555,,0.8511166253101737,0.32708224654197693,0.8510737628384688,,,,
openml:1067,classification,1030,21,block_shift,0.3,0.26135157714105084,0,source,1.0,tabpfn25,0.4455440044403076,,0.8619091751621872,0.3770900368690491,0.7959908739812257,,,,
openml:1067,classification,1030,21,block_shift,0.3,0.26135157714105084,0,source,1.0,tabpfn3,0.8317546844482422,,0.8498609823911029,0.370598703622818,0.7978256985390122,,,,
openml:1067,classification,1706,21,block_shift,0.5,0.47619047619047616,0,source,4.0,tabpfn25,0.5054721832275391,,0.8560794044665012,0.3556080162525177,0.857563025210084,,,,
openml:1067,classification,1706,21,block_shift,0.5,0.47619047619047616,0,source,4.0,tabpfn3,0.8543972969055176,,0.8560794044665012,0.3404862880706787,0.8549953314659197,,,,
openml:1067,classification,1476,21,none,0.0,0.0,1,random,,tabpfn25,0.48345017433166504,,0.8641390205371248,0.3167284429073334,0.8482262063703987,,,,
openml:1067,classification,1476,21,none,0.0,0.0,1,random,,tabpfn3,0.914414644241333,,0.8688783570300158,0.31108516454696655,0.8543295823002099,,,,
openml:1067,classification,1407,21,block,0.3,0.2857142857142857,1,source,0.0,tabpfn25,0.47766757011413574,,0.8603988603988604,0.39486002922058105,0.7852755954607806,,,,
openml:1067,classification,1407,21,block,0.3,0.2857142857142857,1,source,0.0,tabpfn3,0.8762555122375488,,0.8646723646723646,0.34703195095062256,0.8054620276842499,,,,
openml:1067,classification,1403,21,block,0.5,0.430039061618009,1,source,0.0,tabpfn25,0.4863457679748535,,0.8271954674220963,0.39808520674705505,0.7807754129253964,,,,
openml:1067,classification,1403,21,block,0.5,0.430039061618009,1,source,0.0,tabpfn3,0.8986196517944336,,0.8257790368271954,0.38764089345932007,0.7813435317592284,,,,
openml:1067,classification,1407,21,block_shift,0.3,0.2857142857142857,1,source,0.0,tabpfn25,0.47326231002807617,,0.8504273504273504,0.37868741154670715,0.7643565282454171,,,,
openml:1067,classification,1407,21,block_shift,0.3,0.2857142857142857,1,source,0.0,tabpfn3,0.866192102432251,,0.8547008547008547,0.3642500638961792,0.7712775907220352,,,,
openml:1067,classification,1403,21,block_shift,0.5,0.47619047619047616,1,source,0.0,tabpfn25,0.4645678997039795,,0.8257790368271954,0.4063566029071808,0.7700781509810442,,,,
openml:1067,classification,1403,21,block_shift,0.5,0.47619047619047616,1,source,0.0,tabpfn3,0.8397061824798584,,0.8257790368271954,0.3928261697292328,0.7756900565347522,,,,
openml:1067,classification,1476,21,none,0.0,0.0,2,random,,tabpfn25,0.4800548553466797,,0.8767772511848341,0.3066207766532898,0.8603089834064468,,,,
openml:1067,classification,1476,21,none,0.0,0.0,2,random,,tabpfn3,0.9034771919250488,,0.8783570300157978,0.2907629907131195,0.876215906923517,,,,
openml:1067,classification,1054,21,block,0.3,0.2142744248007406,2,source,0.0,tabpfn25,0.4544990062713623,,0.8436018957345972,0.3821384310722351,0.810520959724451,,,,
openml:1067,classification,1054,21,block,0.3,0.2142744248007406,2,source,0.0,tabpfn3,0.8409276008605957,,0.8398104265402844,0.36063629388809204,0.8162550393361776,,,,
openml:1067,classification,1390,21,block,0.5,0.444534760324234,2,source,0.0,tabpfn25,0.4592766761779785,,0.8428372739916551,0.38913431763648987,0.8170798898071625,,,,
openml:1067,classification,1390,21,block,0.5,0.444534760324234,2,source,0.0,tabpfn3,0.845435619354248,,0.8442280945757997,0.3631606101989746,0.8166304190227636,,,,
openml:1067,classification,1054,21,block_shift,0.3,0.2619160513897356,2,source,0.0,tabpfn25,0.45158934593200684,,0.8350710900473933,0.41734641790390015,0.7989940897882499,,,,
openml:1067,classification,1054,21,block_shift,0.3,0.2619160513897356,2,source,0.0,tabpfn3,0.8271982669830322,,0.8322274881516588,0.38812699913978577,0.8034169634819366,,,,
openml:1067,classification,1390,21,block_shift,0.5,0.4443992865045497,2,source,0.0,tabpfn25,0.4659852981567383,,0.8414464534075105,0.4972878098487854,0.7845585036972597,,,,
openml:1067,classification,1390,21,block_shift,0.5,0.4443992865045497,2,source,0.0,tabpfn3,0.841862678527832,,0.8428372739916551,0.5122970342636108,0.7827751196172248,,,,
openml:1067,classification,1476,21,none,0.0,0.0,3,random,,tabpfn25,0.4803037643432617,,0.8688783570300158,0.34795209765434265,0.8107190539767309,,,,
openml:1067,classification,1476,21,none,0.0,0.0,3,random,,tabpfn3,0.8561725616455078,,0.8672985781990521,0.3547806441783905,0.8219912263971009,,,,
openml:1067,classification,1590,21,block,0.3,0.2857142857142857,3,source,2.0,tabpfn25,0.48919177055358887,,0.8670520231213873,0.33377107977867126,0.831610305958132,,,,
openml:1067,classification,1590,21,block,0.3,0.2857142857142857,3,source,2.0,tabpfn3,0.8971757888793945,,0.8728323699421965,0.3133828043937683,0.835829307568438,,,,
openml:1067,classification,1447,21,block,0.5,0.4435187066766014,3,source,2.0,tabpfn25,0.45699000358581543,,0.8262839879154078,0.4663693606853485,0.7490598449324481,,,,
openml:1067,classification,1447,21,block,0.5,0.4435187066766014,3,source,2.0,tabpfn3,0.8529925346374512,,0.8398791540785498,0.3904503881931305,0.8288376123930237,,,,
openml:1067,classification,1590,21,block_shift,0.3,0.2857142857142857,3,source,2.0,tabpfn25,0.49376940727233887,,0.8651252408477842,0.3548378050327301,0.8272141706924315,,,,
openml:1067,classification,1590,21,block_shift,0.3,0.2857142857142857,3,source,2.0,tabpfn3,0.8621158599853516,,0.8766859344894027,0.3291732966899872,0.8268921095008052,,,,
openml:1067,classification,1447,21,block_shift,0.5,0.4289552710605342,3,source,2.0,tabpfn25,0.46849751472473145,,0.8293051359516617,0.4534085988998413,0.80039308541096,,,,
openml:1067,classification,1447,21,block_shift,0.5,0.4289552710605342,3,source,2.0,tabpfn3,0.8475430011749268,,0.824773413897281,0.40728381276130676,0.7967407957658201,,,,
openml:1067,classification,1476,21,none,0.0,0.0,4,random,,tabpfn25,0.4768331050872803,,0.8515007898894155,0.35252952575683594,0.8092981117680718,,,,
openml:1067,classification,1476,21,none,0.0,0.0,4,random,,tabpfn3,0.8582751750946045,,0.8578199052132701,0.35604891180992126,0.8125786763303453,,,,
openml:1067,classification,1414,21,block,0.3,0.2700670595407437,4,source,2.0,tabpfn25,0.4825263023376465,,0.8532374100719424,0.35475385189056396,0.8040282431036102,,,,
openml:1067,classification,1414,21,block,0.3,0.2700670595407437,4,source,2.0,tabpfn3,0.8660097122192383,,0.860431654676259,0.3462439775466919,0.8111672981181702,,,,
openml:1067,classification,1673,21,block,0.5,0.47619047619047616,4,source,0.0,tabpfn25,0.491912841796875,,0.8440366972477065,0.38212934136390686,0.8064058503836317,,,,
openml:1067,classification,1673,21,block,0.5,0.47619047619047616,4,source,0.0,tabpfn3,0.858612060546875,,0.8509174311926605,0.35430461168289185,0.8158767583120206,,,,
openml:1067,classification,1414,21,block_shift,0.3,0.270021901600849,4,source,2.0,tabpfn25,0.47108960151672363,,0.8474820143884892,0.38069260120391846,0.753483420484078,,,,
openml:1067,classification,1414,21,block_shift,0.3,0.270021901600849,4,source,2.0,tabpfn3,0.889451265335083,,0.8503597122302158,0.3763512372970581,0.7594482888186117,,,,
openml:1067,classification,1673,21,block_shift,0.5,0.47619047619047616,4,source,0.0,tabpfn25,0.48436927795410156,,0.8577981651376146,0.38545098900794983,0.8046675191815857,,,,
openml:1067,classification,1673,21,block_shift,0.5,0.47619047619047616,4,source,0.0,tabpfn3,0.8596007823944092,,0.841743119266055,0.3660648465156555,0.8042279411764706,,,,
openml:23,classification,1031,9,none,0.0,0.0,0,random,,tabpfn25,0.4593026638031006,,0.5633484162895928,0.8575835824012756,0.7657961458944564,,,,
openml:23,classification,1031,9,none,0.0,0.0,0,random,,tabpfn3,0.7804422378540039,,0.5859728506787331,0.8562982678413391,0.7674689402967455,,,,
openml:23,classification,726,9,block,0.3,0.2769857433808554,0,source,1.0,tabpfn25,0.4384496212005615,,0.5033467202141901,0.9472256898880005,0.7111857541369551,,,,
openml:23,classification,726,9,block,0.3,0.2769857433808554,0,source,1.0,tabpfn3,0.75649094581604,,0.5435073627844712,0.9371716380119324,0.7099112786595617,,,,
openml:23,classification,1197,9,block,0.5,0.4444444444444444,0,source,1.0,tabpfn25,0.43549537658691406,,0.4492753623188406,1.001096248626709,0.6029616904528264,,,,
openml:23,classification,1197,9,block,0.5,0.4444444444444444,0,source,1.0,tabpfn3,0.816279411315918,,0.4492753623188406,1.0016019344329834,0.601684104129505,,,,
openml:23,classification,726,9,block_shift,0.3,0.22063815342837745,0,source,1.0,tabpfn25,0.44820141792297363,,0.5033467202141901,0.9637993574142456,0.6856541488986325,,,,
openml:23,classification,726,9,block_shift,0.3,0.22063815342837745,0,source,1.0,tabpfn3,0.7602908611297607,,0.5153949129852744,0.9725899696350098,0.6777137939162605,,,,
openml:23,classification,1197,9,block_shift,0.5,0.4444444444444444,0,source,1.0,tabpfn25,0.43686604499816895,,0.4673913043478261,1.0226420164108276,0.5892961952028801,,,,
openml:23,classification,1197,9,block_shift,0.5,0.4444444444444444,0,source,1.0,tabpfn3,0.7801640033721924,,0.41304347826086957,1.0269324779510498,0.5728870235068336,,,,
openml:23,classification,1031,9,none,0.0,0.0,1,random,,tabpfn25,0.4447057247161865,,0.5588235294117647,0.8839583396911621,0.7470551193956415,,,,
openml:23,classification,1031,9,none,0.0,0.0,1,random,,tabpfn3,0.7838845252990723,,0.5588235294117647,0.8855690360069275,0.7461991554433981,,,,
openml:23,classification,979,9,block,0.3,0.3333333333333333,1,source,0.0,tabpfn25,0.4426124095916748,,0.4817813765182186,0.9895292520523071,0.6655290878899596,,,,
openml:23,classification,979,9,block,0.3,0.3333333333333333,1,source,0.0,tabpfn3,0.8175342082977295,,0.5040485829959515,0.9666748642921448,0.6845267138785416,,,,
openml:23,classification,972,9,block,0.5,0.4444444444444444,1,source,1.0,tabpfn25,0.44893598556518555,,0.4291417165668663,1.0565701723098755,0.5589678344279931,,,,
openml:23,classification,972,9,block,0.5,0.4444444444444444,1,source,1.0,tabpfn3,0.7706434726715088,,0.4291417165668663,1.0597931146621704,0.569002562594154,,,,
openml:23,classification,979,9,block_shift,0.3,0.29622086444897033,1,source,0.0,tabpfn25,0.4345428943634033,,0.4777327935222672,1.0005446672439575,0.6480488306422254,,,,
openml:23,classification,979,9,block_shift,0.3,0.29622086444897033,1,source,0.0,tabpfn3,0.7749643325805664,,0.48380566801619435,1.0006533861160278,0.6487100788168892,,,,
openml:23,classification,972,9,block_shift,0.5,0.4444444444444444,1,source,1.0,tabpfn25,0.4491744041442871,,0.48502994011976047,0.9867545366287231,0.6631164037720158,,,,
openml:23,classification,972,9,block_shift,0.5,0.4444444444444444,1,source,1.0,tabpfn3,0.7729227542877197,,0.4590818363273453,0.9821460843086243,0.6642291197318406,,,,
openml:23,classification,1031,9,none,0.0,0.0,2,random,,tabpfn25,0.4461658000946045,,0.5542986425339367,0.90503990650177,0.7386235666668101,,,,
openml:23,classification,1031,9,none,0.0,0.0,2,random,,tabpfn3,0.7577414512634277,,0.5520361990950227,0.9011635184288025,0.7409139806222705,,,,
openml:23,classification,745,9,block,0.3,0.3333333333333333,2,source,1.0,tabpfn25,0.45346689224243164,,0.41895604395604397,1.0296210050582886,0.6607417556029295,,,,
openml:23,classification,745,9,block,0.3,0.3333333333333333,2,source,1.0,tabpfn3,0.7611417770385742,,0.41483516483516486,1.0013188123703003,0.6767193271251634,,,,
openml:23,classification,994,9,block,0.5,0.4074074074074074,2,source,1.0,tabpfn25,0.4497029781341553,,0.4780793319415449,0.9609119892120361,0.7082807344994347,,,,
openml:23,classification,994,9,block,0.5,0.4074074074074074,2,source,1.0,tabpfn3,0.813485860824585,,0.5427974947807933,0.955329418182373,0.7189887574192796,,,,
openml:23,classification,745,9,block_shift,0.3,0.2784189484800483,2,source,1.0,tabpfn25,0.43338513374328613,,0.5370879120879121,0.9190254807472229,0.7525168104808789,,,,
openml:23,classification,745,9,block_shift,0.3,0.2784189484800483,2,source,1.0,tabpfn3,0.7618770599365234,,0.532967032967033,0.913427472114563,0.7554872993640093,,,,
openml:23,classification,994,9,block_shift,0.5,0.37037037037037035,2,source,1.0,tabpfn25,0.45039892196655273,,0.5323590814196242,0.9439648985862732,0.6968692494276095,,,,
openml:23,classification,994,9,block_shift,0.5,0.37037037037037035,2,source,1.0,tabpfn3,0.7704916000366211,,0.534446764091858,0.9413014650344849,0.7008442723051539,,,,
openml:23,classification,1031,9,none,0.0,0.0,3,random,,tabpfn25,0.44091296195983887,,0.581447963800905,0.8618425130844116,0.7744574309079092,,,,
openml:23,classification,1031,9,none,0.0,0.0,3,random,,tabpfn3,0.7658872604370117,,0.5746606334841629,0.8566322922706604,0.7798016309247068,,,,
openml:23,classification,1133,9,block,0.3,0.3333333333333333,3,source,0.0,tabpfn25,0.4450414180755615,,0.5088235294117647,0.9473578333854675,0.6922157770128994,,,,
openml:23,classification,1133,9,block,0.3,0.3333333333333333,3,source,0.0,tabpfn3,0.7925829887390137,,0.4970588235294118,0.9489672780036926,0.690195124887949,,,,
openml:23,classification,978,9,block,0.5,0.4058233386135626,3,source,1.0,tabpfn25,0.4806385040283203,,0.5070707070707071,0.9890241622924805,0.694058098813953,,,,
openml:23,classification,978,9,block,0.5,0.4058233386135626,3,source,1.0,tabpfn3,0.8130168914794922,,0.501010101010101,0.9643667936325073,0.697097844435596,,,,
openml:23,classification,1133,9,block_shift,0.3,0.30700761861657994,3,source,0.0,tabpfn25,0.43596673011779785,,0.45294117647058824,0.9810441732406616,0.6546657845186853,,,,
openml:23,classification,1133,9,block_shift,0.3,0.30700761861657994,3,source,0.0,tabpfn3,0.7715094089508057,,0.5058823529411764,0.9762571454048157,0.6649138463580797,,,,
openml:23,classification,978,9,block_shift,0.5,0.4058233386135626,3,source,1.0,tabpfn25,0.44134068489074707,,0.4080808080808081,1.0518455505371094,0.5952673413337571,,,,
openml:23,classification,978,9,block_shift,0.5,0.4058233386135626,3,source,1.0,tabpfn3,0.7684812545776367,,0.4080808080808081,1.069888949394226,0.5694005807929529,,,,
openml:23,classification,1031,9,none,0.0,0.0,4,random,,tabpfn25,0.45322275161743164,,0.5678733031674208,0.8717666268348694,0.7581698940622358,,,,
openml:23,classification,1031,9,none,0.0,0.0,4,random,,tabpfn3,0.7784428596496582,,0.5723981900452488,0.8720192313194275,0.756213395375263,,,,
openml:23,classification,968,9,block,0.3,0.3333333333333333,4,source,1.0,tabpfn25,0.4476771354675293,,0.4910891089108911,0.9844910502433777,0.6681473566683579,,,,
openml:23,classification,968,9,block,0.3,0.3333333333333333,4,source,1.0,tabpfn3,0.7670128345489502,,0.48118811881188117,0.9785829782485962,0.6727983655064295,,,,
openml:23,classification,1182,9,block,0.5,0.4444444444444444,4,source,1.0,tabpfn25,0.47995448112487793,,0.5326460481099656,0.9204393029212952,0.7384081487708737,,,,
openml:23,classification,1182,9,block,0.5,0.4444444444444444,4,source,1.0,tabpfn3,0.7714097499847412,,0.5601374570446735,0.9306733012199402,0.731076740080281,,,,
openml:23,classification,968,9,block_shift,0.3,0.2968243192275779,4,source,1.0,tabpfn25,0.44836854934692383,,0.497029702970297,0.9662972688674927,0.7150520951595375,,,,
openml:23,classification,968,9,block_shift,0.3,0.2968243192275779,4,source,1.0,tabpfn3,0.7649664878845215,,0.5207920792079208,0.9532872438430786,0.7146504478841811,,,,
openml:23,classification,1182,9,block_shift,0.5,0.4444444444444444,4,source,1.0,tabpfn25,0.44011998176574707,,0.5326460481099656,0.9645971059799194,0.7209188441384597,,,,
openml:23,classification,1182,9,block_shift,0.5,0.4444444444444444,4,source,1.0,tabpfn3,0.7702558040618896,,0.5120274914089347,0.9558841586112976,0.7060804969248395,,,,
openml:507,regression,2100,6,none,0.0,0.0,0,random,,tabpfn25,0.47039341926574707,,,,,0.09462636709969692,0.8062402436331289,,
openml:507,regression,2100,6,none,0.0,0.0,0,random,,tabpfn3,0.8717739582061768,,,,,0.09705659867241297,0.7961600140191755,,
openml:507,regression,1464,6,block,0.3,0.252,0,source,1.0,tabpfn25,0.4341607093811035,,,,,0.17236819638919512,0.20566497302260323,,
openml:507,regression,1464,6,block,0.3,0.252,0,source,1.0,tabpfn3,0.8823645114898682,,,,,0.17007521412195853,0.22665818779091262,,
openml:507,regression,2418,6,block,0.5,0.5,0,source,1.0,tabpfn25,0.4581027030944824,,,,,0.2776298803847826,-0.6618288892538453,,
openml:507,regression,2418,6,block,0.5,0.5,0,source,1.0,tabpfn3,0.8822934627532959,,,,,0.16420846548659526,0.4186402266534611,,
openml:507,regression,1464,6,block_shift,0.3,0.252,0,source,1.0,tabpfn25,0.43006014823913574,,,,,0.3268452978038248,-1.8561033696693015,,
openml:507,regression,1464,6,block_shift,0.3,0.252,0,source,1.0,tabpfn3,0.8561980724334717,,,,,0.7721146306193334,-14.938703903392222,,
openml:507,regression,2418,6,block_shift,0.5,0.5,0,source,1.0,tabpfn25,0.47195935249328613,,,,,0.1769114779596355,0.32521423246770165,,
openml:507,regression,2418,6,block_shift,0.5,0.5,0,source,1.0,tabpfn3,0.8489108085632324,,,,,0.17780847080880788,0.31835416342847556,,
openml:507,regression,2100,6,none,0.0,0.0,1,random,,tabpfn25,0.454348087310791,,,,,0.09404883866827882,0.811330501094028,,
openml:507,regression,2100,6,none,0.0,0.0,1,random,,tabpfn3,0.8705358505249023,,,,,0.09701333658336116,0.7992490058077615,,
openml:507,regression,1997,6,block,0.3,0.3333333333333333,1,source,1.0,tabpfn25,0.4478466510772705,,,,,0.9073599588092668,-22.89261218730949,,
openml:507,regression,1997,6,block,0.3,0.3333333333333333,1,source,1.0,tabpfn3,0.8637142181396484,,,,,0.33562341206022117,-2.2689547576465645,,
openml:507,regression,1976,6,block,0.5,0.4473888888888889,1,source,0.0,tabpfn25,0.4934566020965576,,,,,0.1704095354185325,0.21239187620409916,,
openml:507,regression,1976,6,block,0.5,0.4473888888888889,1,source,0.0,tabpfn3,0.8516275882720947,,,,,0.1620962144003476,0.28736336114551786,,
openml:507,regression,1997,6,block_shift,0.3,0.3333333333333333,1,source,1.0,tabpfn25,0.44678759574890137,,,,,0.15673226549676297,0.2871121124663307,,
openml:507,regression,1997,6,block_shift,0.3,0.3333333333333333,1,source,1.0,tabpfn3,0.8602750301361084,,,,,0.16915154102644153,0.16965929037033478,,
openml:507,regression,1976,6,block_shift,0.5,0.4431111111111111,1,source,0.0,tabpfn25,0.45404624938964844,,,,,0.18609554142969448,0.0607215928656073,,
openml:507,regression,1976,6,block_shift,0.5,0.4431111111111111,1,source,0.0,tabpfn3,0.8599560260772705,,,,,0.23442690424996043,-0.4905182813589448,,
openml:507,regression,2100,6,none,0.0,0.0,2,random,,tabpfn25,0.45340847969055176,,,,,0.1069468170289669,0.7578726932615647,,
openml:507,regression,2100,6,none,0.0,0.0,2,random,,tabpfn3,0.8735661506652832,,,,,0.1016302767153126,0.7813475941494236,,
openml:507,regression,1467,6,block,0.3,0.24816666666666667,2,source,1.0,tabpfn25,0.4258410930633545,,,,,0.40941976873763103,-3.1216634220193082,,
openml:507,regression,1467,6,block,0.3,0.24816666666666667,2,source,1.0,tabpfn3,0.8471648693084717,,,,,0.1446662357189357,0.4854006077639922,,
openml:507,regression,1995,6,block,0.5,0.44433333333333336,2,source,0.0,tabpfn25,0.45081257820129395,,,,,0.2559446099369257,-0.5016151719072941,,
openml:507,regression,1995,6,block,0.5,0.44433333333333336,2,source,0.0,tabpfn3,0.8925364017486572,,,,,0.20517352380905096,0.035040010154327894,,
openml:507,regression,1467,6,block_shift,0.3,0.24816666666666667,2,source,1.0,tabpfn25,0.4269859790802002,,,,,0.15914365087828705,0.37725028049890796,,
openml:507,regression,1467,6,block_shift,0.3,0.24816666666666667,2,source,1.0,tabpfn3,0.8464939594268799,,,,,0.165828381028481,0.3238350910576906,,
openml:507,regression,1995,6,block_shift,0.5,0.44416666666666665,2,source,0.0,tabpfn25,0.4274177551269531,,,,,0.19059053027563214,0.1673369202735665,,
openml:507,regression,1995,6,block_shift,0.5,0.44416666666666665,2,source,0.0,tabpfn3,0.8479435443878174,,,,,0.18935724270014287,0.17807817290743067,,
openml:507,regression,2100,6,none,0.0,0.0,3,random,,tabpfn25,0.4564082622528076,,,,,0.0862867530472486,0.7876635138858553,,
openml:507,regression,2100,6,none,0.0,0.0,3,random,,tabpfn3,0.8593053817749023,,,,,0.0823618344141371,0.8065412424938325,,
openml:507,regression,2251,6,block,0.3,0.3333333333333333,3,source,2.0,tabpfn25,0.45154619216918945,,,,,0.16869587073620776,0.21919760225478357,,
openml:507,regression,2251,6,block,0.3,0.3333333333333333,3,source,2.0,tabpfn3,0.8555476665496826,,,,,0.12152998953098779,0.5947722718215914,,
openml:507,regression,1969,6,block,0.5,0.5,3,source,0.0,tabpfn25,0.4395177364349365,,,,,0.29822414770517114,-1.1900427002707357,,
openml:507,regression,1969,6,block,0.5,0.5,3,source,0.0,tabpfn3,0.8780839443206787,,,,,0.3025249639179186,-1.2536652385708278,,
openml:507,regression,2251,6,block_shift,0.3,0.3333333333333333,3,source,2.0,tabpfn25,0.45336318016052246,,,,,0.3178197074397035,-1.7713659764496819,,
openml:507,regression,2251,6,block_shift,0.3,0.3333333333333333,3,source,2.0,tabpfn3,0.8933579921722412,,,,,0.17865646187574818,0.12427108068557424,,
openml:507,regression,1969,6,block_shift,0.5,0.5,3,source,0.0,tabpfn25,0.42167234420776367,,,,,0.19740828592918502,0.04038345842741753,,
openml:507,regression,1969,6,block_shift,0.5,0.5,3,source,0.0,tabpfn3,0.8576998710632324,,,,,0.19361837361235418,0.07687586464006246,,
openml:507,regression,2100,6,none,0.0,0.0,4,random,,tabpfn25,0.45507287979125977,,,,,0.09323336420815684,0.8091740683554306,,
openml:507,regression,2100,6,none,0.0,0.0,4,random,,tabpfn3,0.8623518943786621,,,,,0.0923466626895918,0.8127865310092526,,
openml:507,regression,2002,6,block,0.3,0.3333333333333333,4,source,0.0,tabpfn25,0.44187045097351074,,,,,0.19194791033577802,0.1807284631824203,,
openml:507,regression,2002,6,block,0.3,0.3333333333333333,4,source,0.0,tabpfn3,0.8609521389007568,,,,,0.16327286313127456,0.407226054020964,,
openml:507,regression,2428,6,block,0.5,0.5,4,source,4.0,tabpfn25,0.4592125415802002,,,,,0.22875004123287923,-0.04395118576688328,,
openml:507,regression,2428,6,block,0.5,0.5,4,source,4.0,tabpfn3,0.8532192707061768,,,,,0.22246339445711508,0.012641318533060275,,
openml:507,regression,2002,6,block_shift,0.3,0.3333333333333333,4,source,0.0,tabpfn25,0.44115376472473145,,,,,0.21872473830370398,-0.06379244350403801,,
openml:507,regression,2002,6,block_shift,0.3,0.3333333333333333,4,source,0.0,tabpfn3,0.8392324447631836,,,,,0.23112799430231984,-0.18786255150315445,,
openml:507,regression,2428,6,block_shift,0.5,0.5,4,source,4.0,tabpfn25,0.5036113262176514,,,,,0.23551558248934526,-0.10661645420293464,,
openml:507,regression,2428,6,block_shift,0.5,0.5,4,source,4.0,tabpfn3,0.8486728668212891,,,,,0.20195442049183754,0.18629954797074455,,
openml:189,regression,2100,8,none,0.0,0.0,0,random,,tabpfn25,0.48555731773376465,,,,,0.07565540278204301,0.9165342566369015,,
openml:189,regression,2100,8,none,0.0,0.0,0,random,,tabpfn3,0.8995046615600586,,,,,0.07049031121355794,0.927541852560984,,
openml:189,regression,1464,8,block,0.3,0.25,0,source,1.0,tabpfn25,0.4483330249786377,,,,,0.24230154552575348,0.11759857052955947,,
openml:189,regression,1464,8,block,0.3,0.25,0,source,1.0,tabpfn3,0.8592777252197266,,,,,0.2368435106096216,0.15690441717602932,,
openml:189,regression,2418,8,block,0.5,0.5,0,source,1.0,tabpfn25,0.4636094570159912,,,,,0.2526563483462107,0.10723440867160272,,
openml:189,regression,2418,8,block,0.5,0.5,0,source,1.0,tabpfn3,0.8793737888336182,,,,,0.25782755928680956,0.07031529015993332,,
openml:189,regression,1464,8,block_shift,0.3,0.25,0,source,1.0,tabpfn25,0.4446840286254883,,,,,0.26358561673757896,-0.04423260777826843,,
openml:189,regression,1464,8,block_shift,0.3,0.25,0,source,1.0,tabpfn3,0.8663277626037598,,,,,0.2812586479649123,-0.1889555099133453,,
openml:189,regression,2418,8,block_shift,0.5,0.47533333333333333,0,source,1.0,tabpfn25,0.46578431129455566,,,,,0.25303829816856865,0.10453311574137147,,
openml:189,regression,2418,8,block_shift,0.5,0.47533333333333333,0,source,1.0,tabpfn3,0.9240412712097168,,,,,0.2570957306777605,0.0755855124331749,,
openml:189,regression,2100,8,none,0.0,0.0,1,random,,tabpfn25,0.46803736686706543,,,,,0.07964959232036468,0.9021456739459436,,
openml:189,regression,2100,8,none,0.0,0.0,1,random,,tabpfn3,0.883281946182251,,,,,0.07408327240621208,0.9153448796984978,,
openml:189,regression,1997,8,block,0.3,0.25,1,source,1.0,tabpfn25,0.4614107608795166,,,,,0.208511830784964,0.386222189650148,,
openml:189,regression,1997,8,block,0.3,0.25,1,source,1.0,tabpfn3,0.8574917316436768,,,,,0.20850711358641066,0.38624996053525873,,
openml:189,regression,1976,8,block,0.5,0.41425,1,source,0.0,tabpfn25,0.4499325752258301,,,,,0.2408154758238476,0.1621974459660075,,
openml:189,regression,1976,8,block,0.5,0.41425,1,source,0.0,tabpfn3,0.8705587387084961,,,,,0.24355010685178483,0.14306172158530028,,
openml:189,regression,1997,8,block_shift,0.3,0.25,1,source,1.0,tabpfn25,0.47005653381347656,,,,,0.20823830783957822,0.3878314240136346,,
openml:189,regression,1997,8,block_shift,0.3,0.25,1,source,1.0,tabpfn3,0.8774628639221191,,,,,0.20312460745278257,0.41752826110807884,,
openml:189,regression,1976,8,block_shift,0.5,0.417875,1,source,0.0,tabpfn25,0.44713473320007324,,,,,0.2261531775855612,0.2611125634412902,,
openml:189,regression,1976,8,block_shift,0.5,0.417875,1,source,0.0,tabpfn3,0.8580226898193359,,,,,0.2252246515393576,0.2671674666905831,,
openml:189,regression,2100,8,none,0.0,0.0,2,random,,tabpfn25,0.5045409202575684,,,,,0.07819255631762391,0.9134756257088387,,
openml:189,regression,2100,8,none,0.0,0.0,2,random,,tabpfn3,0.8702073097229004,,,,,0.07179939794019503,0.9270459764028933,,
openml:189,regression,1467,8,block,0.3,0.25,2,source,1.0,tabpfn25,0.4304015636444092,,,,,0.2549489887614186,0.05286543006584865,,
openml:189,regression,1467,8,block,0.3,0.25,2,source,1.0,tabpfn3,0.8835024833679199,,,,,0.24956633556344435,0.09243632410225833,,
openml:189,regression,1995,8,block,0.5,0.416375,2,source,0.0,tabpfn25,0.4469127655029297,,,,,0.24343911321549103,0.08515933339855986,,
openml:189,regression,1995,8,block,0.5,0.416375,2,source,0.0,tabpfn3,0.8677644729614258,,,,,0.24305493786200888,0.08804450587532953,,
openml:189,regression,1467,8,block_shift,0.3,0.25,2,source,1.0,tabpfn25,0.44287562370300293,,,,,0.2520540977066104,0.07425233448433255,,
openml:189,regression,1467,8,block_shift,0.3,0.25,2,source,1.0,tabpfn3,0.8939061164855957,,,,,0.2506365007888921,0.08463618970496922,,
openml:189,regression,1995,8,block_shift,0.5,0.458125,2,source,0.0,tabpfn25,0.4416329860687256,,,,,0.2289026367206401,0.19115307707846596,,
openml:189,regression,1995,8,block_shift,0.5,0.458125,2,source,0.0,tabpfn3,0.8520243167877197,,,,,0.22171488048856824,0.24115263417104282,,
openml:189,regression,2100,8,none,0.0,0.0,3,random,,tabpfn25,0.46315526962280273,,,,,0.0762910884465383,0.9139802768113297,,
openml:189,regression,2100,8,none,0.0,0.0,3,random,,tabpfn3,0.8646078109741211,,,,,0.06975757562764455,0.9280827328609493,,
openml:189,regression,2251,8,block,0.3,0.25,3,source,2.0,tabpfn25,0.46935391426086426,,,,,0.20839056572206058,0.4060552035946903,,
openml:189,regression,2251,8,block,0.3,0.25,3,source,2.0,tabpfn3,0.9174163341522217,,,,,0.20780560146755003,0.4093849976936146,,
openml:189,regression,1969,8,block,0.5,0.5,3,source,0.0,tabpfn25,0.43265438079833984,,,,,0.2568271291152375,0.00812122381487368,,
openml:189,regression,1969,8,block,0.5,0.5,3,source,0.0,tabpfn3,0.846472978591919,,,,,0.258872662390755,-0.007741592956428178,,
openml:189,regression,2251,8,block_shift,0.3,0.25,3,source,2.0,tabpfn25,0.4602525234222412,,,,,0.226820865852223,0.2963511496851854,,
openml:189,regression,2251,8,block_shift,0.3,0.25,3,source,2.0,tabpfn3,0.8808619976043701,,,,,0.23220027049505193,0.2625791425987475,,
openml:189,regression,1969,8,block_shift,0.5,0.45925,3,source,0.0,tabpfn25,0.4585998058319092,,,,,0.25679724704971957,0.00835202234767174,,
openml:189,regression,1969,8,block_shift,0.5,0.45925,3,source,0.0,tabpfn3,0.8701324462890625,,,,,0.2527565277093407,0.03931377328419927,,
openml:189,regression,2100,8,none,0.0,0.0,4,random,,tabpfn25,0.4516181945800781,,,,,0.07695071369149914,0.9156975028538845,,
openml:189,regression,2100,8,none,0.0,0.0,4,random,,tabpfn3,0.8705658912658691,,,,,0.07056628903406896,0.929105965327968,,
openml:189,regression,2002,8,block,0.3,0.25,4,source,0.0,tabpfn25,0.4502255916595459,,,,,0.17615454042123568,0.5465534636641871,,
openml:189,regression,2002,8,block,0.3,0.25,4,source,0.0,tabpfn3,0.8694212436676025,,,,,0.16946236917968213,0.5803521976752346,,
openml:189,regression,2428,8,block,0.5,0.5,4,source,4.0,tabpfn25,0.5149462223052979,,,,,0.24738259944442503,0.07917967352192778,,
openml:189,regression,2428,8,block,0.5,0.5,4,source,4.0,tabpfn3,0.881169319152832,,,,,0.24872457625164401,0.0691622250075542,,
openml:189,regression,2002,8,block_shift,0.3,0.25,4,source,0.0,tabpfn25,0.4856863021850586,,,,,0.22531004918816686,0.25817830520002816,,
openml:189,regression,2002,8,block_shift,0.3,0.25,4,source,0.0,tabpfn3,0.878406286239624,,,,,0.22293217081246572,0.2737537623849423,,
openml:189,regression,2428,8,block_shift,0.5,0.5,4,source,4.0,tabpfn25,0.46891355514526367,,,,,0.22611904450848297,0.23067316148295758,,
openml:189,regression,2428,8,block_shift,0.5,0.5,4,source,4.0,tabpfn3,0.8771812915802002,,,,,0.2165580111839093,0.2943568844958985,,
openml:42225,regression,2100,9,none,0.0,0.0,0,random,,tabpfn25,0.4739339351654053,,,,,703.0297174638691,0.9672319824035542,,
openml:42225,regression,2100,9,none,0.0,0.0,0,random,,tabpfn3,0.890927791595459,,,,,674.3856793828827,0.9698477669956237,,
openml:42225,regression,1464,9,block,0.3,0.27644444444444444,0,source,1.0,tabpfn25,0.43831729888916016,,,,,1788.732978180567,0.8110995587427439,,
openml:42225,regression,1464,9,block,0.3,0.27644444444444444,0,source,1.0,tabpfn3,0.8709721565246582,,,,,1179.4152484643753,0.9178749926882879,,
openml:42225,regression,2418,9,block,0.5,0.4444444444444444,0,source,1.0,tabpfn25,0.47451233863830566,,,,,1287.9552445231877,0.8874777460548279,,
openml:42225,regression,2418,9,block,0.5,0.4444444444444444,0,source,1.0,tabpfn3,0.9357447624206543,,,,,1281.3223875188132,0.8886337213422284,,
openml:42225,regression,1464,9,block_shift,0.3,0.27644444444444444,0,source,1.0,tabpfn25,0.43958425521850586,,,,,4347.679530518986,-0.11598149565808025,,
openml:42225,regression,1464,9,block_shift,0.3,0.27644444444444444,0,source,1.0,tabpfn3,0.8719580173492432,,,,,3085.4816823006304,0.4379332568210599,,
openml:42225,regression,2418,9,block_shift,0.5,0.4444444444444444,0,source,1.0,tabpfn25,0.47864341735839844,,,,,2303.564327351927,0.6400538205676516,,
openml:42225,regression,2418,9,block_shift,0.5,0.4444444444444444,0,source,1.0,tabpfn3,0.8704676628112793,,,,,1502.8089573818584,0.8468050570684542,,
openml:42225,regression,2100,9,none,0.0,0.0,1,random,,tabpfn25,0.4698922634124756,,,,,569.8593869268542,0.9786191430808963,,
openml:42225,regression,2100,9,none,0.0,0.0,1,random,,tabpfn3,0.86932373046875,,,,,516.8226817307265,0.9824137669265742,,
openml:42225,regression,1997,9,block,0.3,0.3333333333333333,1,source,1.0,tabpfn25,0.47339320182800293,,,,,1231.8163391142718,0.9085391679665271,,
openml:42225,regression,1997,9,block,0.3,0.3333333333333333,1,source,1.0,tabpfn3,0.8676271438598633,,,,,1196.3648922908196,0.9137278647133165,,
openml:42225,regression,1976,9,block,0.5,0.4063333333333333,1,source,0.0,tabpfn25,0.4533684253692627,,,,,2151.3250561529644,0.6837282351778906,,
openml:42225,regression,1976,9,block,0.5,0.4063333333333333,1,source,0.0,tabpfn3,0.8676881790161133,,,,,1431.188323756245,0.860027757666172,,
openml:42225,regression,1997,9,block_shift,0.3,0.3333333333333333,1,source,1.0,tabpfn25,0.46164560317993164,,,,,1456.6315568381517,0.8721082129348373,,
openml:42225,regression,1997,9,block_shift,0.3,0.3333333333333333,1,source,1.0,tabpfn3,0.9160366058349609,,,,,1519.0887250647836,0.8609056440812222,,
openml:42225,regression,1976,9,block_shift,0.5,0.4444444444444444,1,source,0.0,tabpfn25,0.44338250160217285,,,,,1991.5894122266677,0.7289509005146253,,
openml:42225,regression,1976,9,block_shift,0.5,0.4444444444444444,1,source,0.0,tabpfn3,0.8883683681488037,,,,,2237.91589454049,0.6577559765919235,,
openml:42225,regression,2100,9,none,0.0,0.0,2,random,,tabpfn25,0.46259641647338867,,,,,661.0340735911758,0.9728299939636961,,
openml:42225,regression,2100,9,none,0.0,0.0,2,random,,tabpfn3,0.8759407997131348,,,,,660.6835330582106,0.9728588023518883,,
openml:42225,regression,1467,9,block,0.3,0.3333333333333333,2,source,1.0,tabpfn25,0.43193650245666504,,,,,4178.588231979311,-0.029539700910396816,,
openml:42225,regression,1467,9,block,0.3,0.3333333333333333,2,source,1.0,tabpfn3,0.865757942199707,,,,,4303.457185472221,-0.09199064531791756,,
openml:42225,regression,1995,9,block,0.5,0.4444444444444444,2,source,0.0,tabpfn25,0.46661877632141113,,,,,1279.9717624665714,0.8965808807048948,,
openml:42225,regression,1995,9,block,0.5,0.4444444444444444,2,source,0.0,tabpfn3,0.8840069770812988,,,,,1327.3004866949937,0.8887913510016543,,
openml:42225,regression,1467,9,block_shift,0.3,0.279,2,source,1.0,tabpfn25,0.4342663288116455,,,,,2306.8012521127484,0.6862351411421945,,
openml:42225,regression,1467,9,block_shift,0.3,0.279,2,source,1.0,tabpfn3,0.862006425857544,,,,,1779.9112067511974,0.813198387953628,,
openml:42225,regression,1995,9,block_shift,0.5,0.4444444444444444,2,source,0.0,tabpfn25,0.4528186321258545,,,,,3800.643461377787,0.08816907323328993,,
openml:42225,regression,1995,9,block_shift,0.5,0.4444444444444444,2,source,0.0,tabpfn3,0.9836053848266602,,,,,2615.0753478015895,0.5683134964936698,,
openml:42225,regression,2100,9,none,0.0,0.0,3,random,,tabpfn25,0.4689662456512451,,,,,538.5029161814791,0.981327961627553,,
openml:42225,regression,2100,9,none,0.0,0.0,3,random,,tabpfn3,0.8775608539581299,,,,,535.8817757622339,0.9815092899783113,,
openml:42225,regression,2251,9,block,0.3,0.3333333333333333,3,source,2.0,tabpfn25,0.4671061038970947,,,,,2181.8450393661747,0.7192820736457649,,
openml:42225,regression,2251,9,block,0.3,0.3333333333333333,3,source,2.0,tabpfn3,0.8806111812591553,,,,,1521.4836528147298,0.8634923711132185,,
openml:42225,regression,1969,9,block,0.5,0.40774074074074074,3,source,0.0,tabpfn25,0.45958399772644043,,,,,1347.5045494847673,0.8793097997029504,,
openml:42225,regression,1969,9,block,0.5,0.40774074074074074,3,source,0.0,tabpfn3,0.8711731433868408,,,,,1274.8617806482123,0.8919716529949414,,
openml:42225,regression,2251,9,block_shift,0.3,0.3333333333333333,3,source,2.0,tabpfn25,0.465012788772583,,,,,2133.0869526721344,0.7316883928890215,,
openml:42225,regression,2251,9,block_shift,0.3,0.3333333333333333,3,source,2.0,tabpfn3,0.8668150901794434,,,,,1716.4870964444578,0.826258555482658,,
openml:42225,regression,1969,9,block_shift,0.5,0.4444444444444444,3,source,0.0,tabpfn25,0.45192766189575195,,,,,1826.995460142282,0.7781361913211033,,
openml:42225,regression,1969,9,block_shift,0.5,0.4444444444444444,3,source,0.0,tabpfn3,0.8770418167114258,,,,,1865.1448168508364,0.7687740123320606,,
openml:42225,regression,2100,9,none,0.0,0.0,4,random,,tabpfn25,0.5065538883209229,,,,,574.2722739959968,0.9789069870571978,,
openml:42225,regression,2100,9,none,0.0,0.0,4,random,,tabpfn3,0.8919703960418701,,,,,568.9971119595461,0.979292720505645,,
openml:42225,regression,2002,9,block,0.3,0.3333333333333333,4,source,0.0,tabpfn25,0.4454207420349121,,,,,2308.7154695056065,0.6634988697060318,,
openml:42225,regression,2002,9,block,0.3,0.3333333333333333,4,source,0.0,tabpfn3,0.8615314960479736,,,,,1818.1071422210996,0.7913181648508948,,
openml:42225,regression,2428,9,block,0.5,0.4444444444444444,4,source,4.0,tabpfn25,0.47671961784362793,,,,,1169.242992238712,0.9146647794468299,,
openml:42225,regression,2428,9,block,0.5,0.4444444444444444,4,source,4.0,tabpfn3,0.9117875099182129,,,,,1148.2145995413903,0.9177066213493096,,
openml:42225,regression,2002,9,block_shift,0.3,0.3333333333333333,4,source,0.0,tabpfn25,0.47493529319763184,,,,,1882.2787502732417,0.7763269910127799,,
openml:42225,regression,2002,9,block_shift,0.3,0.3333333333333333,4,source,0.0,tabpfn3,0.8694314956665039,,,,,2283.243473316021,0.6708831245896554,,
openml:42225,regression,2428,9,block_shift,0.5,0.4444444444444444,4,source,4.0,tabpfn25,0.4655182361602783,,,,,1776.0329512767366,0.8031112951556599,,
openml:42225,regression,2428,9,block_shift,0.5,0.4444444444444444,4,source,4.0,tabpfn3,0.869513988494873,,,,,2593.8919141496963,0.5800258936816762,,
openml:44970,regression,635,6,none,0.0,0.0,0,random,,tabpfn25,0.41426968574523926,,,,,0.8523285890507765,0.647944828804743,,
openml:44970,regression,635,6,none,0.0,0.0,0,random,,tabpfn3,0.8282649517059326,,,,,0.8585856237104718,0.6427569071285116,,
openml:44970,regression,458,6,block,0.3,0.3333333333333333,0,source,0.0,tabpfn25,0.3930187225341797,,,,,1.2104068313918774,0.2943335161316456,,
openml:44970,regression,458,6,block,0.3,0.3333333333333333,0,source,0.0,tabpfn3,0.778510570526123,,,,,1.2109963480741022,0.29364597297110395,,
openml:44970,regression,742,6,block,0.5,0.5,0,source,1.0,tabpfn25,0.4016151428222656,,,,,0.9903349685206833,0.5621723589464451,,
openml:44970,regression,742,6,block,0.5,0.5,0,source,1.0,tabpfn3,0.7863073348999023,,,,,0.9995086037388385,0.5540234521405853,,
openml:44970,regression,458,6,block_shift,0.3,0.3333333333333333,0,source,0.0,tabpfn25,0.3886685371398926,,,,,1.4618356595052415,-0.02928077711029209,,
openml:44970,regression,458,6,block_shift,0.3,0.3333333333333333,0,source,0.0,tabpfn3,0.7884066104888916,,,,,1.2299457257149464,0.27136730696785827,,
openml:44970,regression,742,6,block_shift,0.5,0.5,0,source,1.0,tabpfn25,0.3935432434082031,,,,,1.3989462878261951,0.12634286485595314,,
openml:44970,regression,742,6,block_shift,0.5,0.5,0,source,1.0,tabpfn3,0.7826159000396729,,,,,1.3147515013905913,0.22833944917371274,,
openml:44970,regression,635,6,none,0.0,0.0,1,random,,tabpfn25,0.393451452255249,,,,,0.8501107649191179,0.6610682563790433,,
openml:44970,regression,635,6,none,0.0,0.0,1,random,,tabpfn3,0.79091477394104,,,,,0.8190990165458631,0.6853454446867635,,
openml:44970,regression,614,6,block,0.3,0.3333333333333333,1,source,1.0,tabpfn25,0.403888463973999,,,,,0.8639701658600588,0.590509555816718,,
openml:44970,regression,614,6,block,0.3,0.3333333333333333,1,source,1.0,tabpfn3,0.8141446113586426,,,,,0.8682175906854659,0.5864734090938635,,
openml:44970,regression,622,6,block,0.5,0.447503671071953,1,source,2.0,tabpfn25,0.4034717082977295,,,,,1.3147511149562503,0.09047726537801659,,
openml:44970,regression,622,6,block,0.5,0.447503671071953,1,source,2.0,tabpfn3,0.7834112644195557,,,,,1.3160856445719948,0.08862991794617014,,
openml:44970,regression,614,6,block_shift,0.3,0.3333333333333333,1,source,1.0,tabpfn25,0.39371395111083984,,,,,1.0383439062420186,0.4085354543202172,,
openml:44970,regression,614,6,block_shift,0.3,0.3333333333333333,1,source,1.0,tabpfn3,0.7877795696258545,,,,,1.026249319342634,0.4222339165619743,,
openml:44970,regression,622,6,block_shift,0.5,0.39500734214390604,1,source,2.0,tabpfn25,0.39069533348083496,,,,,1.4084801754299163,-0.04382559302774114,,
openml:44970,regression,622,6,block_shift,0.5,0.39500734214390604,1,source,2.0,tabpfn3,0.7821195125579834,,,,,1.4228509070782898,-0.06523457419045187,,
openml:44970,regression,635,6,none,0.0,0.0,2,random,,tabpfn25,0.40428900718688965,,,,,0.8562466225032043,0.6762757801737507,,
openml:44970,regression,635,6,none,0.0,0.0,2,random,,tabpfn3,0.7873456478118896,,,,,0.852976127133385,0.6787440330587076,,
openml:44970,regression,447,6,block,0.3,0.2512848751835536,2,source,0.0,tabpfn25,0.4107341766357422,,,,,1.0454902427328416,0.4460528506953718,,
openml:44970,regression,447,6,block,0.3,0.2512848751835536,2,source,0.0,tabpfn3,0.7870745658874512,,,,,1.0383542023610837,0.4535890254159921,,
openml:44970,regression,603,6,block,0.5,0.3893171806167401,2,source,1.0,tabpfn25,0.4026944637298584,,,,,1.088382148791285,0.3744391382892409,,
openml:44970,regression,603,6,block,0.5,0.3893171806167401,2,source,1.0,tabpfn3,0.8346030712127686,,,,,1.0705917076270541,0.3947225427269838,,
openml:44970,regression,447,6,block_shift,0.3,0.2487151248164464,2,source,0.0,tabpfn25,0.39594531059265137,,,,,1.1593712148333646,0.3188019587408756,,
openml:44970,regression,447,6,block_shift,0.3,0.2487151248164464,2,source,0.0,tabpfn3,0.7786352634429932,,,,,1.1635135961141951,0.3139254825463901,,
openml:44970,regression,603,6,block_shift,0.5,0.38362701908957414,2,source,1.0,tabpfn25,0.39354443550109863,,,,,1.3345742758271661,0.05942756237193725,,
openml:44970,regression,603,6,block_shift,0.5,0.38362701908957414,2,source,1.0,tabpfn3,0.7818553447723389,,,,,1.322016274365911,0.07704537155477664,,
openml:44970,regression,635,6,none,0.0,0.0,3,random,,tabpfn25,0.40128660202026367,,,,,0.8305501598864405,0.6841086350161303,,
openml:44970,regression,635,6,none,0.0,0.0,3,random,,tabpfn3,0.7828514575958252,,,,,0.8379000319732245,0.6784929977262089,,
openml:44970,regression,652,6,block,0.3,0.3333333333333333,3,source,1.0,tabpfn25,0.4025406837463379,,,,,1.1434918166868324,0.33554700647425206,,
openml:44970,regression,652,6,block,0.3,0.3333333333333333,3,source,1.0,tabpfn3,0.8305766582489014,,,,,1.146984631805201,0.33148164123723367,,
openml:44970,regression,620,6,block,0.5,0.5,3,source,2.0,tabpfn25,0.40256643295288086,,,,,1.2376575401934224,0.18598388760314521,,
openml:44970,regression,620,6,block,0.5,0.5,3,source,2.0,tabpfn3,0.8339369297027588,,,,,1.240289821651882,0.18251766525163093,,
openml:44970,regression,652,6,block_shift,0.3,0.2949706314243759,3,source,1.0,tabpfn25,0.39897680282592773,,,,,1.1751780862849928,0.2982126922620416,,
openml:44970,regression,652,6,block_shift,0.3,0.2949706314243759,3,source,1.0,tabpfn3,0.789741039276123,,,,,1.1562079190352637,0.32068685314596834,,
openml:44970,regression,620,6,block_shift,0.5,0.5,3,source,2.0,tabpfn25,0.3957252502441406,,,,,1.34352490703248,0.040768435377595,,
openml:44970,regression,620,6,block_shift,0.5,0.5,3,source,2.0,tabpfn3,0.778231143951416,,,,,1.3850569287384678,-0.019453134575937003,,
openml:44970,regression,635,6,none,0.0,0.0,4,random,,tabpfn25,0.4021914005279541,,,,,0.827771913986046,0.6599610600889303,,
openml:44970,regression,635,6,none,0.0,0.0,4,random,,tabpfn3,0.7854857444763184,,,,,0.8367497407099462,0.6525450903593413,,
openml:44970,regression,592,6,block,0.3,0.3333333333333333,4,source,1.0,tabpfn25,0.4075498580932617,,,,,1.0748172464155268,0.4563063890377318,,
openml:44970,regression,592,6,block,0.3,0.3333333333333333,4,source,1.0,tabpfn3,0.7833197116851807,,,,,1.051368038520139,0.47977104882414934,,
openml:44970,regression,716,6,block,0.5,0.5,4,source,4.0,tabpfn25,0.4033987522125244,,,,,1.0684738224714336,0.42278478757595417,,
openml:44970,regression,716,6,block,0.5,0.5,4,source,4.0,tabpfn3,0.788769006729126,,,,,1.0498284216350595,0.44275440045561754,,
openml:44970,regression,592,6,block_shift,0.3,0.3333333333333333,4,source,1.0,tabpfn25,0.43938159942626953,,,,,1.106364042712217,0.42392227638184343,,
openml:44970,regression,592,6,block_shift,0.3,0.3333333333333333,4,source,1.0,tabpfn3,0.7924849987030029,,,,,1.097550716978752,0.43306382117493547,,
openml:44970,regression,716,6,block_shift,0.5,0.5,4,source,4.0,tabpfn25,0.4111173152923584,,,,,1.4557935103299229,-0.07154287656929825,,
openml:44970,regression,716,6,block_shift,0.5,0.5,4,source,4.0,tabpfn3,0.7956054210662842,,,,,1.2886025015719715,0.1604473521772164,,
openml:560,regression,176,14,none,0.0,0.0,0,random,,tabpfn25,0.4208087921142578,,,,,2.188130604603288,0.9326467330664701,,
openml:560,regression,176,14,none,0.0,0.0,0,random,,tabpfn3,0.7879643440246582,,,,,2.1471228200497667,0.935147613806404,,
openml:560,regression,139,14,block,0.3,0.24631519274376418,0,source,1.0,tabpfn25,0.40549445152282715,,,,,6.472530511694096,0.42463165307700923,,
openml:560,regression,139,14,block,0.3,0.24631519274376418,0,source,1.0,tabpfn3,0.7816059589385986,,,,,4.957004386707249,0.6625290766188277,,
openml:560,regression,205,14,block,0.5,0.5,0,source,1.0,tabpfn25,0.39814162254333496,,,,,4.041043442754622,0.6746280237320009,,
openml:560,regression,205,14,block,0.5,0.5,0,source,1.0,tabpfn3,0.7709505558013916,,,,,3.810193448692593,0.7107408148274489,,
openml:560,regression,139,14,block_shift,0.3,0.20691609977324263,0,source,1.0,tabpfn25,0.3972616195678711,,,,,3.095235048677956,0.8684214723962485,,
openml:560,regression,139,14,block_shift,0.3,0.20691609977324263,0,source,1.0,tabpfn3,0.8185946941375732,,,,,3.0663019802612705,0.8708698664164216,,
openml:560,regression,205,14,block_shift,0.5,0.5,0,source,1.0,tabpfn25,0.4051480293273926,,,,,2.234393915485937,0.9005253117646888,,
openml:560,regression,205,14,block_shift,0.5,0.5,0,source,1.0,tabpfn3,0.7903902530670166,,,,,2.5059187856377423,0.8748798978641035,,
openml:560,regression,176,14,none,0.0,0.0,1,random,,tabpfn25,0.41378283500671387,,,,,2.0851963223816528,0.9335735760576364,,
openml:560,regression,176,14,none,0.0,0.0,1,random,,tabpfn3,0.8123021125793457,,,,,2.0245253365466365,0.9373828344521916,,
openml:560,regression,179,14,block,0.3,0.2857142857142857,1,source,1.0,tabpfn25,0.3902130126953125,,,,,5.424700467591419,0.5195806560747249,,
openml:560,regression,179,14,block,0.3,0.2857142857142857,1,source,1.0,tabpfn3,0.7828207015991211,,,,,4.131341773447712,0.7213550295309643,,
openml:560,regression,176,14,block,0.5,0.45294784580498865,1,source,2.0,tabpfn25,0.3889896869659424,,,,,6.337687683770485,0.3942781192507744,,
openml:560,regression,176,14,block,0.5,0.45294784580498865,1,source,2.0,tabpfn3,0.7696144580841064,,,,,6.174612797184008,0.42504871078966355,,
openml:560,regression,179,14,block_shift,0.3,0.2857142857142857,1,source,1.0,tabpfn25,0.3969295024871826,,,,,2.096507141231774,0.9282434331604874,,
openml:560,regression,179,14,block_shift,0.3,0.2857142857142857,1,source,1.0,tabpfn3,0.7820985317230225,,,,,2.9387949040148587,0.8590037649812338,,
openml:560,regression,176,14,block_shift,0.5,0.45408163265306123,1,source,2.0,tabpfn25,0.4029974937438965,,,,,5.296339098957989,0.5769777986187927,,
openml:560,regression,176,14,block_shift,0.5,0.45408163265306123,1,source,2.0,tabpfn3,0.8337132930755615,,,,,5.479889950504299,0.5471490652436901,,
openml:560,regression,176,14,none,0.0,0.0,2,random,,tabpfn25,0.3867912292480469,,,,,2.2212820659294903,0.9041549860599659,,
openml:560,regression,176,14,none,0.0,0.0,2,random,,tabpfn3,0.7898883819580078,,,,,2.2524551432703777,0.9014459658115004,,
openml:560,regression,117,14,block,0.3,0.2193877551020408,2,source,0.0,tabpfn25,0.39009714126586914,,,,,7.476750053213924,0.33142023898363226,,
openml:560,regression,117,14,block,0.3,0.2193877551020408,2,source,0.0,tabpfn3,0.7817988395690918,,,,,5.673910460748962,0.6149718730220008,,
openml:560,regression,179,14,block,0.5,0.42857142857142855,2,source,2.0,tabpfn25,0.3932480812072754,,,,,6.2960956851362235,0.43739551148220623,,
openml:560,regression,179,14,block,0.5,0.42857142857142855,2,source,2.0,tabpfn3,0.7689900398254395,,,,,5.889639771233541,0.5076907236429835,,
openml:560,regression,117,14,block_shift,0.3,0.24744897959183673,2,source,0.0,tabpfn25,0.38665294647216797,,,,,7.919777719875622,0.24984072027750348,,
openml:560,regression,117,14,block_shift,0.3,0.24744897959183673,2,source,0.0,tabpfn3,0.7808182239532471,,,,,8.027579484361166,0.22927982163545602,,
openml:560,regression,179,14,block_shift,0.5,0.4532312925170068,2,source,2.0,tabpfn25,0.3945283889770508,,,,,8.166816287466489,0.05340081554577214,,
openml:560,regression,179,14,block_shift,0.5,0.4532312925170068,2,source,2.0,tabpfn3,0.7773699760437012,,,,,7.453095150240106,0.21162311048353244,,
openml:560,regression,176,14,none,0.0,0.0,3,random,,tabpfn25,0.43456053733825684,,,,,1.9401093712668322,0.9434257773204908,,
openml:560,regression,176,14,none,0.0,0.0,3,random,,tabpfn3,0.7792537212371826,,,,,1.9129418741398856,0.9449991100731077,,
openml:560,regression,199,14,block,0.3,0.26700680272108845,3,source,0.0,tabpfn25,0.3969416618347168,,,,,1.1605217509704666,0.9768080308865981,,
openml:560,regression,199,14,block,0.3,0.26700680272108845,3,source,0.0,tabpfn3,0.7812106609344482,,,,,0.8767253749995019,0.9867639558304594,,
openml:560,regression,168,14,block,0.5,0.4537981859410431,3,source,0.0,tabpfn25,0.38510584831237793,,,,,6.369555744862622,0.4631968916121103,,
openml:560,regression,168,14,block,0.5,0.4537981859410431,3,source,0.0,tabpfn3,0.7859909534454346,,,,,5.959002561321802,0.5301666071028717,,
openml:560,regression,199,14,block_shift,0.3,0.2857142857142857,3,source,0.0,tabpfn25,0.40094900131225586,,,,,1.6215160759047513,0.9547234244338124,,
openml:560,regression,199,14,block_shift,0.3,0.2857142857142857,3,source,0.0,tabpfn3,0.7787742614746094,,,,,2.1074274502760444,0.9235220355657239,,
openml:560,regression,168,14,block_shift,0.5,0.4552154195011338,3,source,0.0,tabpfn25,0.3853006362915039,,,,,6.617585252225306,0.4205768722593767,,
openml:560,regression,168,14,block_shift,0.5,0.4552154195011338,3,source,0.0,tabpfn3,0.7890594005584717,,,,,6.500265635107413,0.44093932377402456,,
openml:560,regression,176,14,none,0.0,0.0,4,random,,tabpfn25,0.43178272247314453,,,,,1.259350562414797,0.9756395256842391,,
openml:560,regression,176,14,none,0.0,0.0,4,random,,tabpfn3,0.8284554481506348,,,,,0.6047632572376057,0.9943822390608642,,
openml:560,regression,175,14,block,0.3,0.2857142857142857,4,source,1.0,tabpfn25,0.39133405685424805,,,,,1.191624076463798,0.9779411917232731,,
openml:560,regression,175,14,block,0.3,0.2857142857142857,4,source,1.0,tabpfn3,0.7721738815307617,,,,,0.9783249651695386,0.9851314102256173,,
openml:560,regression,204,14,block,0.5,0.5,4,source,0.0,tabpfn25,0.3852696418762207,,,,,1.3932921016210589,0.9716639275016039,,
openml:560,regression,204,14,block,0.5,0.5,4,source,0.0,tabpfn3,0.7940945625305176,,,,,0.7973873900057831,0.9907190158401569,,
openml:560,regression,175,14,block_shift,0.3,0.2857142857142857,4,source,1.0,tabpfn25,0.4364800453186035,,,,,3.7521650275140073,0.7812906400367549,,
openml:560,regression,175,14,block_shift,0.3,0.2857142857142857,4,source,1.0,tabpfn3,0.7742891311645508,,,,,4.029517131947129,0.7477625772709007,,
openml:560,regression,204,14,block_shift,0.5,0.47250566893424034,4,source,0.0,tabpfn25,0.39753246307373047,,,,,5.4781645822597085,0.5619482131497064,,
openml:560,regression,204,14,block_shift,0.5,0.47250566893424034,4,source,0.0,tabpfn3,0.7877802848815918,,,,,4.857110890446915,0.6556410759479057,,
