dataset,task,n_train,n_features,mechanism,rate,actual_rate,seed,split,held_out_source,model,seconds,error,rmse,r2,coverage80,width80
diabetes,regression,309,10,none,0.0,0.0,0,random,,tabicl_aware,1.7081897258758545,,56.02447256693238,0.49005306364083057,0.7593984962406015,1.6967912194311086
diabetes,regression,309,10,none,0.0,0.0,0,random,,tabicl_aware_n32,0.3920445442199707,,56.04160004385544,0.48974121993917274,0.7669172932330827,1.6982868733940604
diabetes,regression,309,10,none,0.0,0.0,0,random,,tabicl_aware_med,0.2766585350036621,,56.48089313285372,0.4817103396726018,0.7593984962406015,1.6967912194311086
diabetes,regression,309,10,none,0.0,0.0,0,random,,tabicl_aware_ypow,0.5926954746246338,,56.05497380824689,0.48949765462529926,0.7593984962406015,1.6967912194311086
diabetes,regression,309,10,none,0.0,0.0,0,random,,tabicl_aware_n32_ypow,0.6278591156005859,,56.053044763952826,0.48953279030103636,0.7669172932330827,1.6982868733940604
diabetes,regression,212,10,block,0.3,0.24796380090497738,0,source,0.0,tabicl_aware,0.2754085063934326,,66.15129092042838,0.3122054712612573,0.6869565217391305,1.8051649552034057
diabetes,regression,212,10,block,0.3,0.24796380090497738,0,source,0.0,tabicl_aware_n32,0.2810952663421631,,66.07563344790256,0.313777837804719,0.6869565217391305,1.8102582723637737
diabetes,regression,212,10,block,0.3,0.24796380090497738,0,source,0.0,tabicl_aware_med,0.2727057933807373,,66.96067202394342,0.2952717573618894,0.6869565217391305,1.8051649552034057
diabetes,regression,212,10,block,0.3,0.24796380090497738,0,source,0.0,tabicl_aware_ypow,0.5381155014038086,,66.15096962877239,0.31221215237370137,0.6869565217391305,1.8051649552034057
diabetes,regression,212,10,block,0.3,0.24796380090497738,0,source,0.0,tabicl_aware_n32_ypow,0.5599682331085205,,66.06908807038337,0.31391378385362256,0.6869565217391305,1.8102582723637737
diabetes,regression,355,10,block,0.5,0.5,0,source,1.0,tabicl_aware,0.27965211868286133,,63.4183320677014,0.2690663627120945,0.8160919540229885,2.311142566685648
diabetes,regression,355,10,block,0.5,0.5,0,source,1.0,tabicl_aware_n32,0.31644415855407715,,63.29071899425298,0.27200503477228566,0.8160919540229885,2.3095063914521226
diabetes,regression,355,10,block,0.5,0.5,0,source,1.0,tabicl_aware_med,0.31554651260375977,,63.69880804889241,0.26258676405746784,0.8160919540229885,2.311142566685648
diabetes,regression,355,10,block,0.5,0.5,0,source,1.0,tabicl_aware_ypow,0.5495035648345947,,63.35424110197616,0.2705429884641225,0.8160919540229885,2.311142566685648
diabetes,regression,355,10,block,0.5,0.5,0,source,1.0,tabicl_aware_n32_ypow,0.6300036907196045,,63.257843387297726,0.2727611349018272,0.8160919540229885,2.3095063914521226
diabetes,regression,212,10,block_shift,0.3,0.24796380090497738,0,source,0.0,tabicl_aware,0.27701544761657715,,80.24354530248738,-0.012050738266223604,0.5173913043478261,1.388170822896967
diabetes,regression,212,10,block_shift,0.3,0.24796380090497738,0,source,0.0,tabicl_aware_n32,0.28327417373657227,,80.1840668575865,-0.010550981624618982,0.5260869565217391,1.3877740702287753
diabetes,regression,212,10,block_shift,0.3,0.24796380090497738,0,source,0.0,tabicl_aware_med,0.27283191680908203,,84.82542555304221,-0.1309259346737759,0.5173913043478261,1.388170822896967
diabetes,regression,212,10,block_shift,0.3,0.24796380090497738,0,source,0.0,tabicl_aware_ypow,0.5414812564849854,,80.19777774503858,-0.010896604786812203,0.5173913043478261,1.388170822896967
diabetes,regression,212,10,block_shift,0.3,0.24796380090497738,0,source,0.0,tabicl_aware_n32_ypow,0.6019101142883301,,80.16639502396865,-0.010105598355652612,0.5260869565217391,1.3877740702287753
diabetes,regression,355,10,block_shift,0.5,0.5,0,source,1.0,tabicl_aware,0.2818319797515869,,59.18956610265204,0.36329445854539577,0.8160919540229885,2.1022969552742383
diabetes,regression,355,10,block_shift,0.5,0.5,0,source,1.0,tabicl_aware_n32,0.32411909103393555,,59.05038434931261,0.36628531010785537,0.8160919540229885,2.0866148512884375
diabetes,regression,355,10,block_shift,0.5,0.5,0,source,1.0,tabicl_aware_med,0.28195905685424805,,60.64024089169637,0.33170201337351246,0.8160919540229885,2.1022969552742383
diabetes,regression,355,10,block_shift,0.5,0.5,0,source,1.0,tabicl_aware_ypow,0.5534298419952393,,59.14918275772317,0.364162974056103,0.8160919540229885,2.1022969552742383
diabetes,regression,355,10,block_shift,0.5,0.5,0,source,1.0,tabicl_aware_n32_ypow,0.6377933025360107,,59.03519023276156,0.3666113874464122,0.8160919540229885,2.0866148512884375
diabetes,regression,309,10,none,0.0,0.0,1,random,,tabicl_aware,0.2811448574066162,,57.174812573203276,0.44074138768366267,0.7518796992481203,1.6745028789597132
diabetes,regression,309,10,none,0.0,0.0,1,random,,tabicl_aware_n32,0.3160219192504883,,57.252121054125354,0.4392279707770774,0.7518796992481203,1.6752347466420692
diabetes,regression,309,10,none,0.0,0.0,1,random,,tabicl_aware_med,0.27765989303588867,,57.67577639022601,0.43089804131200826,0.7518796992481203,1.6745028789597132
diabetes,regression,309,10,none,0.0,0.0,1,random,,tabicl_aware_ypow,0.5902676582336426,,57.16269631558165,0.4409783942652229,0.7518796992481203,1.6745028789597132
diabetes,regression,309,10,none,0.0,0.0,1,random,,tabicl_aware_n32_ypow,0.6334671974182129,,57.23962275149285,0.43947278034536996,0.7518796992481203,1.6752347466420692
diabetes,regression,309,10,block,0.3,0.3,1,source,1.0,tabicl_aware,0.2824747562408447,,60.26375606091831,0.330818876372733,0.8195488721804511,2.147528796632862
diabetes,regression,309,10,block,0.3,0.3,1,source,1.0,tabicl_aware_n32,0.29230546951293945,,60.000046630669466,0.33666262977760686,0.8195488721804511,2.1407023207033484
diabetes,regression,309,10,block,0.3,0.3,1,source,1.0,tabicl_aware_med,0.2760920524597168,,60.11188179612776,0.33418751232076815,0.8195488721804511,2.147528796632862
diabetes,regression,309,10,block,0.3,0.3,1,source,1.0,tabicl_aware_ypow,0.5425467491149902,,60.32901386420082,0.32936881958701736,0.8195488721804511,2.147528796632862
diabetes,regression,309,10,block,0.3,0.3,1,source,1.0,tabicl_aware_n32_ypow,0.572594165802002,,60.05662691154541,0.33541098038211337,0.8195488721804511,2.1407023207033484
diabetes,regression,286,10,block,0.5,0.4339366515837104,1,source,0.0,tabicl_aware,0.2858278751373291,,67.06537207662878,0.21803671488601162,0.7628205128205128,2.337770460079683
diabetes,regression,286,10,block,0.5,0.4339366515837104,1,source,0.0,tabicl_aware_n32,0.3251197338104248,,66.5588056192062,0.22980494523764894,0.7692307692307693,2.342742566109833
diabetes,regression,286,10,block,0.5,0.4339366515837104,1,source,0.0,tabicl_aware_med,0.27822089195251465,,65.8572403992527,0.24595590562824832,0.7628205128205128,2.337770460079683
diabetes,regression,286,10,block,0.5,0.4339366515837104,1,source,0.0,tabicl_aware_ypow,0.5935235023498535,,66.98862603850398,0.21982536511287787,0.7628205128205128,2.337770460079683
diabetes,regression,286,10,block,0.5,0.4339366515837104,1,source,0.0,tabicl_aware_n32_ypow,0.6291306018829346,,66.46900658288233,0.23188178892323508,0.7692307692307693,2.342742566109833
diabetes,regression,309,10,block_shift,0.3,0.3,1,source,1.0,tabicl_aware,0.279982328414917,,62.76141349164499,0.2742004058769215,0.7518796992481203,2.0339617385832174
diabetes,regression,309,10,block_shift,0.3,0.3,1,source,1.0,tabicl_aware_n32,0.3184986114501953,,62.87922934334483,0.2714729033236857,0.7518796992481203,2.0375019451062846
diabetes,regression,309,10,block_shift,0.3,0.3,1,source,1.0,tabicl_aware_med,0.2779734134674072,,62.48297795303774,0.28062601409406085,0.7518796992481203,2.0339617385832174
diabetes,regression,309,10,block_shift,0.3,0.3,1,source,1.0,tabicl_aware_ypow,0.5479352474212646,,62.769963440865915,0.27400264193190527,0.7518796992481203,2.0339617385832174
diabetes,regression,309,10,block_shift,0.3,0.3,1,source,1.0,tabicl_aware_n32_ypow,0.6282329559326172,,62.92712497407042,0.2703626303637533,0.7518796992481203,2.0375019451062846
diabetes,regression,286,10,block_shift,0.5,0.4669683257918552,1,source,0.0,tabicl_aware,0.3155081272125244,,69.38449701239787,0.16302097543114014,0.7756410256410257,2.4122786147410125
diabetes,regression,286,10,block_shift,0.5,0.4669683257918552,1,source,0.0,tabicl_aware_n32,0.2981293201446533,,69.3421141880654,0.1640431836237094,0.782051282051282,2.436645414944043
diabetes,regression,286,10,block_shift,0.5,0.4669683257918552,1,source,0.0,tabicl_aware_med,0.28156280517578125,,69.46645213717676,0.16104257292101187,0.7756410256410257,2.4122786147410125
diabetes,regression,286,10,block_shift,0.5,0.4669683257918552,1,source,0.0,tabicl_aware_ypow,0.5632317066192627,,69.23512354535308,0.1666208540113555,0.7756410256410257,2.4122786147410125
diabetes,regression,286,10,block_shift,0.5,0.4669683257918552,1,source,0.0,tabicl_aware_n32_ypow,0.5886886119842529,,69.1752096906094,0.16806258907931615,0.782051282051282,2.436645414944043
diabetes,regression,309,10,none,0.0,0.0,2,random,,tabicl_aware,0.28327369689941406,,57.3286808357188,0.4555960478408776,0.7443609022556391,1.7222127771234301
diabetes,regression,309,10,none,0.0,0.0,2,random,,tabicl_aware_n32,0.3200559616088867,,57.29971622043364,0.45614601575905134,0.7518796992481203,1.727873187745283
diabetes,regression,309,10,none,0.0,0.0,2,random,,tabicl_aware_med,0.28472137451171875,,57.85482027283426,0.4455575552384189,0.7443609022556391,1.7222127771234301
diabetes,regression,309,10,none,0.0,0.0,2,random,,tabicl_aware_ypow,0.5554940700531006,,57.36166581204119,0.45496940452107526,0.7443609022556391,1.7222127771234301
diabetes,regression,309,10,none,0.0,0.0,2,random,,tabicl_aware_n32_ypow,0.6724002361297607,,57.316470494896336,0.4558279265375159,0.7518796992481203,1.727873187745283
diabetes,regression,211,10,block,0.3,0.20452488687782805,2,source,0.0,tabicl_aware,0.28220582008361816,,59.44263241706834,0.4164113853118847,0.7532467532467533,1.8257992168376853
diabetes,regression,211,10,block,0.3,0.20452488687782805,2,source,0.0,tabicl_aware_n32,0.31816911697387695,,59.37211778045037,0.41779514404323426,0.7575757575757576,1.8316770890995413
diabetes,regression,211,10,block,0.3,0.20452488687782805,2,source,0.0,tabicl_aware_med,0.2796027660369873,,59.61570411166469,0.41300811379399593,0.7532467532467533,1.8257992168376853
diabetes,regression,211,10,block,0.3,0.20452488687782805,2,source,0.0,tabicl_aware_ypow,0.5522074699401855,,59.46251314746452,0.4160209548203191,0.7532467532467533,1.8257992168376853
diabetes,regression,211,10,block,0.3,0.20452488687782805,2,source,0.0,tabicl_aware_n32_ypow,0.6276366710662842,,59.38681727872127,0.41750682087021074,0.7575757575757576,1.8316770890995413
diabetes,regression,293,10,block,0.5,0.4291855203619909,2,source,0.0,tabicl_aware,0.2823033332824707,,61.82805506627101,0.3833255314837737,0.7919463087248322,1.9584244529558776
diabetes,regression,293,10,block,0.5,0.4291855203619909,2,source,0.0,tabicl_aware_n32,0.29276275634765625,,62.169048312382685,0.37650462468588786,0.7919463087248322,1.9436027197892218
diabetes,regression,293,10,block,0.5,0.4291855203619909,2,source,0.0,tabicl_aware_med,0.27847981452941895,,63.32670447822501,0.3530680890382005,0.7919463087248322,1.9584244529558776
diabetes,regression,293,10,block,0.5,0.4291855203619909,2,source,0.0,tabicl_aware_ypow,0.5881152153015137,,61.94442271608754,0.381002039671016,0.7919463087248322,1.9584244529558776
diabetes,regression,293,10,block,0.5,0.4291855203619909,2,source,0.0,tabicl_aware_n32_ypow,0.5806400775909424,,62.31628416471849,0.3735478614034674,0.7919463087248322,1.9436027197892218
diabetes,regression,211,10,block_shift,0.3,0.252262443438914,2,source,0.0,tabicl_aware,0.27948689460754395,,66.95528941949013,0.2595759341751521,0.7445887445887446,2.140934668829161
diabetes,regression,211,10,block_shift,0.3,0.252262443438914,2,source,0.0,tabicl_aware_n32,0.28844738006591797,,67.21725523013686,0.2537707097460363,0.7402597402597403,2.142465810038895
diabetes,regression,211,10,block_shift,0.3,0.252262443438914,2,source,0.0,tabicl_aware_med,0.27773070335388184,,66.12214052446501,0.2778880181149145,0.7445887445887446,2.140934668829161
diabetes,regression,211,10,block_shift,0.3,0.252262443438914,2,source,0.0,tabicl_aware_ypow,0.5491509437561035,,66.96035238723667,0.25946395243536224,0.7445887445887446,2.140934668829161
diabetes,regression,211,10,block_shift,0.3,0.252262443438914,2,source,0.0,tabicl_aware_n32_ypow,0.5745782852172852,,67.19510079126462,0.2542625348484667,0.7402597402597403,2.142465810038895
diabetes,regression,293,10,block_shift,0.5,0.466289592760181,2,source,0.0,tabicl_aware,0.28198790550231934,,68.38244936159923,0.24564790088198074,0.7785234899328859,2.14409167125901
diabetes,regression,293,10,block_shift,0.5,0.466289592760181,2,source,0.0,tabicl_aware_n32,0.29171180725097656,,68.36801254540444,0.24596638298124895,0.7718120805369127,2.143775383326167
diabetes,regression,293,10,block_shift,0.5,0.466289592760181,2,source,0.0,tabicl_aware_med,0.2779834270477295,,68.06451142922212,0.2526461759801457,0.7785234899328859,2.14409167125901
diabetes,regression,293,10,block_shift,0.5,0.466289592760181,2,source,0.0,tabicl_aware_ypow,0.5981452465057373,,68.438427718344,0.24441235944904227,0.7785234899328859,2.14409167125901
diabetes,regression,293,10,block_shift,0.5,0.466289592760181,2,source,0.0,tabicl_aware_n32_ypow,0.5830378532409668,,68.40260071076416,0.24520324139766358,0.7718120805369127,2.143775383326167
diabetes,regression,309,10,none,0.0,0.0,3,random,,tabicl_aware,0.280942440032959,,50.108298980422646,0.5440049933174224,0.8721804511278195,1.9268118718102207
diabetes,regression,309,10,none,0.0,0.0,3,random,,tabicl_aware_n32,0.3157813549041748,,50.13960726498175,0.5434349926684436,0.8646616541353384,1.9296099048447046
diabetes,regression,309,10,none,0.0,0.0,3,random,,tabicl_aware_med,0.27785372734069824,,49.7180478740568,0.5510800526821609,0.8721804511278195,1.9268118718102207
diabetes,regression,309,10,none,0.0,0.0,3,random,,tabicl_aware_ypow,0.5490736961364746,,50.109415274138875,0.5439846761228309,0.8721804511278195,1.9268118718102207
diabetes,regression,309,10,none,0.0,0.0,3,random,,tabicl_aware_n32_ypow,0.6303107738494873,,50.15226787814982,0.5432043916304719,0.8646616541353384,1.9296099048447046
diabetes,regression,345,10,block,0.3,0.3,3,source,2.0,tabicl_aware,0.3193702697753906,,64.62837392008802,0.3740798668936275,0.711340206185567,1.967449911586153
diabetes,regression,345,10,block,0.3,0.3,3,source,2.0,tabicl_aware_n32,0.32736921310424805,,64.44916724759447,0.3775462560931355,0.711340206185567,1.9702248809427494
diabetes,regression,345,10,block,0.3,0.3,3,source,2.0,tabicl_aware_med,0.28257107734680176,,63.37628697122505,0.3980976398593129,0.711340206185567,1.967449911586153
diabetes,regression,345,10,block,0.3,0.3,3,source,2.0,tabicl_aware_ypow,0.5548751354217529,,64.77799022329339,0.3711784708257372,0.711340206185567,1.967449911586153
diabetes,regression,345,10,block,0.3,0.3,3,source,2.0,tabicl_aware_n32_ypow,0.6416275501251221,,64.59683975744683,0.3746905290757597,0.711340206185567,1.9702248809427494
diabetes,regression,282,10,block,0.5,0.5,3,source,2.0,tabicl_aware,0.2815859317779541,,61.60534374539961,0.3638305459446578,0.84375,2.2124673721773522
diabetes,regression,282,10,block,0.5,0.5,3,source,2.0,tabicl_aware_n32,0.28601789474487305,,61.686360534274684,0.3621562010440421,0.85,2.2219851783811593
diabetes,regression,282,10,block,0.5,0.5,3,source,2.0,tabicl_aware_med,0.2749807834625244,,61.12803908916935,0.3736501599740827,0.84375,2.2124673721773522
diabetes,regression,282,10,block,0.5,0.5,3,source,2.0,tabicl_aware_ypow,0.5446493625640869,,61.59432859628437,0.3640580221503211,0.84375,2.2124673721773522
diabetes,regression,282,10,block,0.5,0.5,3,source,2.0,tabicl_aware_n32_ypow,0.6090872287750244,,61.67548921025375,0.36238100262178474,0.85,2.2219851783811593
diabetes,regression,345,10,block_shift,0.3,0.3,3,source,2.0,tabicl_aware,0.2825164794921875,,60.70682435719218,0.4477350347812915,0.7731958762886598,1.9167833719342466
diabetes,regression,345,10,block_shift,0.3,0.3,3,source,2.0,tabicl_aware_n32,0.3234524726867676,,60.831393591846336,0.44546623525140894,0.7731958762886598,1.9072729004216518
diabetes,regression,345,10,block_shift,0.3,0.3,3,source,2.0,tabicl_aware_med,0.28040027618408203,,59.96602764418447,0.4611312182495729,0.7731958762886598,1.9167833719342466
diabetes,regression,345,10,block_shift,0.3,0.3,3,source,2.0,tabicl_aware_ypow,0.565117597579956,,60.92377387130259,0.44378069496495254,0.7731958762886598,1.9167833719342466
diabetes,regression,345,10,block_shift,0.3,0.3,3,source,2.0,tabicl_aware_n32_ypow,0.640561580657959,,61.013190250755024,0.44214679703640536,0.7731958762886598,1.9072729004216518
diabetes,regression,282,10,block_shift,0.5,0.4690045248868778,3,source,2.0,tabicl_aware,0.2804417610168457,,66.73071977908779,0.25357244962521164,0.81875,2.273069748089433
diabetes,regression,282,10,block_shift,0.5,0.4690045248868778,3,source,2.0,tabicl_aware_n32,0.2868998050689697,,66.82214597693881,0.2515257226539025,0.81875,2.256561457172236
diabetes,regression,282,10,block_shift,0.5,0.4690045248868778,3,source,2.0,tabicl_aware_med,0.27584052085876465,,66.9434748102286,0.24880524869647902,0.81875,2.273069748089433
diabetes,regression,282,10,block_shift,0.5,0.4690045248868778,3,source,2.0,tabicl_aware_ypow,0.5901203155517578,,66.7836313028209,0.2523882790651748,0.81875,2.273069748089433
diabetes,regression,282,10,block_shift,0.5,0.4690045248868778,3,source,2.0,tabicl_aware_n32_ypow,0.5691385269165039,,66.88156723229741,0.25019397686147316,0.81875,2.256561457172236
diabetes,regression,309,10,none,0.0,0.0,4,random,,tabicl_aware,0.28269028663635254,,59.44683920413473,0.4583369250308206,0.7518796992481203,1.632308454582187
diabetes,regression,309,10,none,0.0,0.0,4,random,,tabicl_aware_n32,0.3186938762664795,,59.55747839615718,0.456318821656405,0.7518796992481203,1.6314020623804582
diabetes,regression,309,10,none,0.0,0.0,4,random,,tabicl_aware_med,0.284487247467041,,59.335930443452924,0.4603561792294779,0.7518796992481203,1.632308454582187
diabetes,regression,309,10,none,0.0,0.0,4,random,,tabicl_aware_ypow,0.5559744834899902,,59.521992095497566,0.4569665148262999,0.7518796992481203,1.632308454582187
diabetes,regression,309,10,none,0.0,0.0,4,random,,tabicl_aware_n32_ypow,0.6346969604492188,,59.62502047386061,0.4550849823605335,0.7518796992481203,1.6314020623804582
diabetes,regression,292,10,block,0.3,0.3,4,source,2.0,tabicl_aware,0.2830541133880615,,62.641966684559,0.3272921961948886,0.7466666666666667,2.0255563158120844
diabetes,regression,292,10,block,0.3,0.3,4,source,2.0,tabicl_aware_n32,0.31591105461120605,,62.68797606302773,0.32630365014482055,0.7466666666666667,2.021811901887651
diabetes,regression,292,10,block,0.3,0.3,4,source,2.0,tabicl_aware_med,0.31670141220092773,,63.55827030064858,0.30746801455636597,0.7466666666666667,2.0255563158120844
diabetes,regression,292,10,block,0.3,0.3,4,source,2.0,tabicl_aware_ypow,0.5536203384399414,,62.58654517836,0.3284820051726044,0.7466666666666667,2.0255563158120844
diabetes,regression,292,10,block,0.3,0.3,4,source,2.0,tabicl_aware_n32_ypow,0.63004469871521,,62.65100170973393,0.32709812916337666,0.7466666666666667,2.021811901887651
diabetes,regression,354,10,block,0.5,0.4800904977375566,4,source,0.0,tabicl_aware,0.28139495849609375,,66.63828888583356,0.19619165007599748,0.8295454545454546,2.490314097260095
diabetes,regression,354,10,block,0.5,0.4800904977375566,4,source,0.0,tabicl_aware_n32,0.3217458724975586,,66.49556809864266,0.19963103343766042,0.8295454545454546,2.488488022971563
diabetes,regression,354,10,block,0.5,0.4800904977375566,4,source,0.0,tabicl_aware_med,0.2796170711517334,,64.6123150925526,0.24432432229691214,0.8295454545454546,2.490314097260095
diabetes,regression,354,10,block,0.5,0.4800904977375566,4,source,0.0,tabicl_aware_ypow,0.5594346523284912,,66.78798723918372,0.19257619284872518,0.8295454545454546,2.490314097260095
diabetes,regression,354,10,block,0.5,0.4800904977375566,4,source,0.0,tabicl_aware_n32_ypow,0.6785938739776611,,66.64863884954664,0.19594194278434074,0.8295454545454546,2.488488022971563
diabetes,regression,292,10,block_shift,0.3,0.3,4,source,2.0,tabicl_aware,0.2830181121826172,,58.72678207154628,0.408754149075335,0.7733333333333333,1.979645190007213
diabetes,regression,292,10,block_shift,0.3,0.3,4,source,2.0,tabicl_aware_n32,0.3204166889190674,,58.45618500413677,0.41419019695345927,0.7733333333333333,1.987414319464019
diabetes,regression,292,10,block_shift,0.3,0.3,4,source,2.0,tabicl_aware_med,0.27953100204467773,,59.27218523052084,0.397721201542929,0.7733333333333333,1.979645190007213
diabetes,regression,292,10,block_shift,0.3,0.3,4,source,2.0,tabicl_aware_ypow,0.5544538497924805,,58.68843544021457,0.40952602465743093,0.7733333333333333,1.979645190007213
diabetes,regression,292,10,block_shift,0.3,0.3,4,source,2.0,tabicl_aware_n32_ypow,0.6372241973876953,,58.40260471712183,0.4152635982539796,0.7733333333333333,1.987414319464019
diabetes,regression,354,10,block_shift,0.5,0.4800904977375566,4,source,0.0,tabicl_aware,0.28386712074279785,,61.93294231726478,0.30569824094931075,0.875,2.2408163046708265
diabetes,regression,354,10,block_shift,0.5,0.4800904977375566,4,source,0.0,tabicl_aware_n32,0.3216817378997803,,61.707238409057645,0.31074954545828526,0.8636363636363636,2.2354029541464535
diabetes,regression,354,10,block_shift,0.5,0.4800904977375566,4,source,0.0,tabicl_aware_med,0.27977824211120605,,60.9047126497955,0.3285608866863057,0.875,2.2408163046708265
diabetes,regression,354,10,block_shift,0.5,0.4800904977375566,4,source,0.0,tabicl_aware_ypow,0.600517988204956,,62.0718734977904,0.3025797598429091,0.875,2.2408163046708265
diabetes,regression,354,10,block_shift,0.5,0.4800904977375566,4,source,0.0,tabicl_aware_n32_ypow,0.6440019607543945,,61.81163172708973,0.3084154917173586,0.8636363636363636,2.2354029541464535
openml:531,regression,354,13,none,0.0,0.0,0,random,,tabicl_aware,0.29052233695983887,,3.3410187952504424,0.8734206744419635,0.8092105263157895,0.5502218463816333
openml:531,regression,354,13,none,0.0,0.0,0,random,,tabicl_aware_n32,0.3505377769470215,,3.296520074161383,0.8767700168348742,0.8092105263157895,0.5497643397939616
openml:531,regression,354,13,none,0.0,0.0,0,random,,tabicl_aware_med,0.28493738174438477,,3.397647032115589,0.8690934253071202,0.8092105263157895,0.5502218463816333
openml:531,regression,354,13,none,0.0,0.0,0,random,,tabicl_aware_ypow,0.5675063133239746,,3.3081050094667828,0.875902362537393,0.8092105263157895,0.5502218463816333
openml:531,regression,354,13,none,0.0,0.0,0,random,,tabicl_aware_n32_ypow,0.6872179508209229,,3.2698303218118507,0.8787573630760821,0.8092105263157895,0.5497643397939616
openml:531,regression,261,13,block,0.3,0.3076923076923077,0,source,1.0,tabicl_aware,0.2836296558380127,,6.465187551233483,0.456648400202162,0.7959183673469388,1.6986618649141059
openml:531,regression,261,13,block,0.3,0.3076923076923077,0,source,1.0,tabicl_aware_n32,0.3174152374267578,,6.441119950039559,0.46068628113768795,0.8081632653061225,1.692256214986011
openml:531,regression,261,13,block,0.3,0.3076923076923077,0,source,1.0,tabicl_aware_med,0.2798135280609131,,6.422928503613434,0.46372831184066654,0.7959183673469388,1.6986618649141059
openml:531,regression,261,13,block,0.3,0.3076923076923077,0,source,1.0,tabicl_aware_ypow,0.5963420867919922,,6.485994707021769,0.45314539463094305,0.7959183673469388,1.6986618649141059
openml:531,regression,261,13,block,0.3,0.3076923076923077,0,source,1.0,tabicl_aware_n32_ypow,0.6313233375549316,,6.4610697282175344,0.4573403254316629,0.8081632653061225,1.692256214986011
openml:531,regression,397,13,block,0.5,0.46153846153846156,0,source,4.0,tabicl_aware,0.2897450923919678,,5.6030825640467175,0.7063966106803085,0.8073394495412844,1.1365093313821149
openml:531,regression,397,13,block,0.5,0.46153846153846156,0,source,4.0,tabicl_aware_n32,0.34611964225769043,,5.502854779867289,0.7168066020331714,0.8165137614678899,1.1431804103081527
openml:531,regression,397,13,block,0.5,0.46153846153846156,0,source,4.0,tabicl_aware_med,0.2859776020050049,,5.646202165395247,0.7018602595106058,0.8073394495412844,1.1365093313821149
openml:531,regression,397,13,block,0.5,0.46153846153846156,0,source,4.0,tabicl_aware_ypow,0.5625197887420654,,5.5580487112482055,0.7110972219860179,0.8073394495412844,1.1365093313821149
openml:531,regression,397,13,block,0.5,0.46153846153846156,0,source,4.0,tabicl_aware_n32_ypow,0.6852726936340332,,5.470684137358105,0.7201081184677871,0.8165137614678899,1.1431804103081527
openml:531,regression,261,13,block_shift,0.3,0.2680145941015506,0,source,1.0,tabicl_aware,0.3212130069732666,,5.584172996508646,0.594644171123043,0.6979591836734694,1.05571030213124
openml:531,regression,261,13,block_shift,0.3,0.2680145941015506,0,source,1.0,tabicl_aware_n32,0.323028564453125,,5.630242406061711,0.5879282130016958,0.7061224489795919,1.0639168887065211
openml:531,regression,261,13,block_shift,0.3,0.2680145941015506,0,source,1.0,tabicl_aware_med,0.28383445739746094,,5.642968821888793,0.5860632404342965,0.6979591836734694,1.05571030213124
openml:531,regression,261,13,block_shift,0.3,0.2680145941015506,0,source,1.0,tabicl_aware_ypow,0.5547935962677002,,5.583754747833273,0.5947048902982627,0.6979591836734694,1.05571030213124
openml:531,regression,261,13,block_shift,0.3,0.2680145941015506,0,source,1.0,tabicl_aware_n32_ypow,0.6385581493377686,,5.636454479779415,0.5870184004893233,0.7061224489795919,1.0639168887065211
openml:531,regression,397,13,block_shift,0.5,0.44588020674977197,0,source,4.0,tabicl_aware,0.28725433349609375,,7.231427637362668,0.5109479203547724,0.7798165137614679,1.6125921784038146
openml:531,regression,397,13,block_shift,0.5,0.44588020674977197,0,source,4.0,tabicl_aware_n32,0.35266590118408203,,7.317615866455833,0.4992208529749207,0.7614678899082569,1.614385421673064
openml:531,regression,397,13,block_shift,0.5,0.44588020674977197,0,source,4.0,tabicl_aware_med,0.28464770317077637,,7.2380985712359,0.5100452109501656,0.7798165137614679,1.6125921784038146
openml:531,regression,397,13,block_shift,0.5,0.44588020674977197,0,source,4.0,tabicl_aware_ypow,0.5621256828308105,,7.254834067365255,0.5077769036735994,0.7798165137614679,1.6125921784038146
openml:531,regression,397,13,block_shift,0.5,0.44588020674977197,0,source,4.0,tabicl_aware_n32_ypow,0.7386078834533691,,7.332158556576525,0.49722842464492667,0.7614678899082569,1.614385421673064
openml:531,regression,354,13,none,0.0,0.0,1,random,,tabicl_aware,0.283555269241333,,2.831501699878624,0.9010700707270738,0.7894736842105263,0.6151013677533701
openml:531,regression,354,13,none,0.0,0.0,1,random,,tabicl_aware_n32,0.34271860122680664,,2.8266891938745684,0.9014060735491058,0.7894736842105263,0.6158829169616915
openml:531,regression,354,13,none,0.0,0.0,1,random,,tabicl_aware_med,0.28209352493286133,,2.799294502451384,0.9033078476440399,0.7894736842105263,0.6151013677533701
openml:531,regression,354,13,none,0.0,0.0,1,random,,tabicl_aware_ypow,0.556983232498169,,2.8316602548627827,0.9010589909014481,0.7894736842105263,0.6151013677533701
openml:531,regression,354,13,none,0.0,0.0,1,random,,tabicl_aware_n32_ypow,0.6775290966033936,,2.832946820855413,0.900969062700891,0.7894736842105263,0.6158829169616915
openml:531,regression,332,13,block,0.3,0.3076923076923077,1,source,2.0,tabicl_aware,0.2891981601715088,,5.458962359032893,0.6814453040303509,0.6839080459770115,0.9646806481378688
openml:531,regression,332,13,block,0.3,0.3076923076923077,1,source,2.0,tabicl_aware_n32,0.35082530975341797,,5.282851137551544,0.7016675062578328,0.7126436781609196,0.9907688369634532
openml:531,regression,332,13,block,0.3,0.3076923076923077,1,source,2.0,tabicl_aware_med,0.2845757007598877,,5.5328611844501046,0.6727622781484244,0.6839080459770115,0.9646806481378688
openml:531,regression,332,13,block,0.3,0.3076923076923077,1,source,2.0,tabicl_aware_ypow,0.5608401298522949,,5.484393763329875,0.6784703196719023,0.6839080459770115,0.9646806481378688
openml:531,regression,332,13,block,0.3,0.3076923076923077,1,source,2.0,tabicl_aware_n32_ypow,0.7313737869262695,,5.309915416404328,0.6986029353610452,0.7126436781609196,0.9907688369634532
openml:531,regression,341,13,block,0.5,0.46153846153846156,1,source,2.0,tabicl_aware,0.28607702255249023,,5.257247977058948,0.6485901120817661,0.8363636363636363,1.3627611827139374
openml:531,regression,341,13,block,0.5,0.46153846153846156,1,source,2.0,tabicl_aware_n32,0.335451602935791,,5.279422518639878,0.6456194373540627,0.8363636363636363,1.3866310893886915
openml:531,regression,341,13,block,0.5,0.46153846153846156,1,source,2.0,tabicl_aware_med,0.281771183013916,,5.554593159134529,0.6077151263530858,0.8363636363636363,1.3627611827139374
openml:531,regression,341,13,block,0.5,0.46153846153846156,1,source,2.0,tabicl_aware_ypow,0.558610200881958,,5.29204369039797,0.6439230229348742,0.8363636363636363,1.3627611827139374
openml:531,regression,341,13,block,0.5,0.46153846153846156,1,source,2.0,tabicl_aware_n32_ypow,0.6635470390319824,,5.299233864291407,0.6429547789771592,0.8363636363636363,1.3866310893886915
openml:531,regression,332,13,block_shift,0.3,0.3076923076923077,1,source,2.0,tabicl_aware,0.2882871627807617,,5.274864347021547,0.7025688824036646,0.7873563218390804,1.204087402504406
openml:531,regression,332,13,block_shift,0.3,0.3076923076923077,1,source,2.0,tabicl_aware_n32,0.3486201763153076,,5.257084636320941,0.7045705743830422,0.7988505747126436,1.2117442750292875
openml:531,regression,332,13,block_shift,0.3,0.3076923076923077,1,source,2.0,tabicl_aware_med,0.3262004852294922,,5.371890530730855,0.6915263160579789,0.7873563218390804,1.204087402504406
openml:531,regression,332,13,block_shift,0.3,0.3076923076923077,1,source,2.0,tabicl_aware_ypow,0.5650019645690918,,5.268749913413802,0.7032580257296971,0.7873563218390804,1.204087402504406
openml:531,regression,332,13,block_shift,0.3,0.3076923076923077,1,source,2.0,tabicl_aware_n32_ypow,0.6885452270507812,,5.244883940633993,0.7059402544061608,0.7988505747126436,1.2117442750292875
openml:531,regression,341,13,block_shift,0.5,0.4107631498935847,1,source,2.0,tabicl_aware,0.2887864112854004,,5.8366123452238865,0.5668695156256075,0.8848484848484849,2.039566065208979
openml:531,regression,341,13,block_shift,0.5,0.4107631498935847,1,source,2.0,tabicl_aware_n32,0.3504002094268799,,5.774162338790566,0.576088662566029,0.8727272727272727,1.974428858554541
openml:531,regression,341,13,block_shift,0.5,0.4107631498935847,1,source,2.0,tabicl_aware_med,0.28589510917663574,,6.372658337067254,0.4836569662636905,0.8848484848484849,2.039566065208979
openml:531,regression,341,13,block_shift,0.5,0.4107631498935847,1,source,2.0,tabicl_aware_ypow,0.562190055847168,,5.77639103533753,0.5757613589647692,0.8848484848484849,2.039566065208979
openml:531,regression,341,13,block_shift,0.5,0.4107631498935847,1,source,2.0,tabicl_aware_n32_ypow,0.7420809268951416,,5.735080321282064,0.5818076714879117,0.8727272727272727,1.974428858554541
openml:531,regression,354,13,none,0.0,0.0,2,random,,tabicl_aware,0.28687119483947754,,2.8254385207040347,0.8752370845866837,0.7302631578947368,0.6148611619714349
openml:531,regression,354,13,none,0.0,0.0,2,random,,tabicl_aware_n32,0.34439802169799805,,2.826351840623263,0.8751564125976456,0.7368421052631579,0.6113668201023943
openml:531,regression,354,13,none,0.0,0.0,2,random,,tabicl_aware_med,0.28397178649902344,,2.8107293807079032,0.876532726517629,0.7302631578947368,0.6148611619714349
openml:531,regression,354,13,none,0.0,0.0,2,random,,tabicl_aware_ypow,0.5600454807281494,,2.8393515171063846,0.8740053467526234,0.7302631578947368,0.6148611619714349
openml:531,regression,354,13,none,0.0,0.0,2,random,,tabicl_aware_n32_ypow,0.6807119846343994,,2.8400566263843645,0.8739427613140337,0.7368421052631579,0.6113668201023943
openml:531,regression,245,13,block,0.3,0.233201581027668,2,source,0.0,tabicl_aware,0.28363871574401855,,5.194255108006692,0.7072450762073315,0.7816091954022989,0.9662032503698881
openml:531,regression,245,13,block,0.3,0.233201581027668,2,source,0.0,tabicl_aware_n32,0.33289146423339844,,5.127344280505629,0.7147388582389304,0.7969348659003831,0.9718645996743053
openml:531,regression,245,13,block,0.3,0.233201581027668,2,source,0.0,tabicl_aware_med,0.2834782600402832,,5.489431333697728,0.6730266394185327,0.7816091954022989,0.9662032503698881
openml:531,regression,245,13,block,0.3,0.233201581027668,2,source,0.0,tabicl_aware_ypow,0.5939340591430664,,5.213645456869605,0.705055266310379,0.7816091954022989,0.9662032503698881
openml:531,regression,245,13,block,0.3,0.233201581027668,2,source,0.0,tabicl_aware_n32_ypow,0.6541352272033691,,5.148932308181478,0.7123316902018156,0.7969348659003831,0.9718645996743053
openml:531,regression,337,13,block,0.5,0.46153846153846156,2,source,0.0,tabicl_aware,0.2867617607116699,,5.122940023776533,0.6931905251893976,0.863905325443787,1.336552563830216
openml:531,regression,337,13,block,0.5,0.46153846153846156,2,source,0.0,tabicl_aware_n32,0.3264584541320801,,5.132335044464711,0.6920641702220447,0.8816568047337278,1.3657229383912732
openml:531,regression,337,13,block,0.5,0.46153846153846156,2,source,0.0,tabicl_aware_med,0.2808268070220947,,5.411924304119792,0.6576000824389603,0.863905325443787,1.336552563830216
openml:531,regression,337,13,block,0.5,0.46153846153846156,2,source,0.0,tabicl_aware_ypow,0.5529055595397949,,5.2212519688726875,0.6813018602980614,0.863905325443787,1.336552563830216
openml:531,regression,337,13,block,0.5,0.46153846153846156,2,source,0.0,tabicl_aware_n32_ypow,0.6531269550323486,,5.22253103055004,0.6811456967920133,0.8816568047337278,1.3657229383912732
openml:531,regression,245,13,block_shift,0.3,0.233201581027668,2,source,0.0,tabicl_aware,0.28412604331970215,,5.842833495339479,0.6295712572313954,0.7394636015325671,1.388692158631971
openml:531,regression,245,13,block_shift,0.3,0.233201581027668,2,source,0.0,tabicl_aware_n32,0.3300156593322754,,5.874270287973438,0.6255744227441584,0.7203065134099617,1.3727655966080228
openml:531,regression,245,13,block_shift,0.3,0.233201581027668,2,source,0.0,tabicl_aware_med,0.31662726402282715,,5.521439808739946,0.6692024066268345,0.7394636015325671,1.388692158631971
openml:531,regression,245,13,block_shift,0.3,0.233201581027668,2,source,0.0,tabicl_aware_ypow,0.5538129806518555,,5.907262719042432,0.6213567412572989,0.7394636015325671,1.388692158631971
openml:531,regression,245,13,block_shift,0.3,0.233201581027668,2,source,0.0,tabicl_aware_n32_ypow,0.6575913429260254,,5.942782450487888,0.6167895695843572,0.7203065134099617,1.3727655966080228
openml:531,regression,337,13,block_shift,0.5,0.4103070842201277,2,source,0.0,tabicl_aware,0.28753018379211426,,7.742101702070503,0.29927442538181526,0.7159763313609467,1.2595357055328298
openml:531,regression,337,13,block_shift,0.5,0.4103070842201277,2,source,0.0,tabicl_aware_n32,0.3513369560241699,,7.765512614920275,0.2950302476351052,0.7218934911242604,1.2686288657437956
openml:531,regression,337,13,block_shift,0.5,0.4103070842201277,2,source,0.0,tabicl_aware_med,0.28698205947875977,,8.053715122077639,0.24173195988604146,0.7159763313609467,1.2595357055328298
openml:531,regression,337,13,block_shift,0.5,0.4103070842201277,2,source,0.0,tabicl_aware_ypow,0.5646469593048096,,7.7504543764520495,0.29776163465911154,0.7159763313609467,1.2595357055328298
openml:531,regression,337,13,block_shift,0.5,0.4103070842201277,2,source,0.0,tabicl_aware_n32_ypow,0.7333371639251709,,7.774131374738965,0.2934645205384271,0.7218934911242604,1.2686288657437956
openml:531,regression,354,13,none,0.0,0.0,3,random,,tabicl_aware,0.28801727294921875,,2.402636532120704,0.9260871741285377,0.7697368421052632,0.5651890672108629
openml:531,regression,354,13,none,0.0,0.0,3,random,,tabicl_aware_n32,0.3450784683227539,,2.393157263343885,0.9266692491907736,0.7828947368421053,0.567817492941333
openml:531,regression,354,13,none,0.0,0.0,3,random,,tabicl_aware_med,0.2839689254760742,,2.3952752939944935,0.9265393910233173,0.7697368421052632,0.5651890672108629
openml:531,regression,354,13,none,0.0,0.0,3,random,,tabicl_aware_ypow,0.559727668762207,,2.3989485031828846,0.926313911234401,0.7697368421052632,0.5651890672108629
openml:531,regression,354,13,none,0.0,0.0,3,random,,tabicl_aware_n32_ypow,0.6793031692504883,,2.3900302940186218,0.9268607562052752,0.7828947368421053,0.567817492941333
openml:531,regression,366,13,block,0.3,0.3076923076923077,3,source,1.0,tabicl_aware,0.28939366340637207,,4.370149269433771,0.7758676585182901,0.7142857142857143,0.7543071819965796
openml:531,regression,366,13,block,0.3,0.3076923076923077,3,source,1.0,tabicl_aware_n32,0.34566712379455566,,4.376747800739331,0.7751903082875102,0.7071428571428572,0.7519629007391797
openml:531,regression,366,13,block,0.3,0.3076923076923077,3,source,1.0,tabicl_aware_med,0.2863743305206299,,4.459243607904982,0.7666357193305341,0.7142857142857143,0.7543071819965796
openml:531,regression,366,13,block,0.3,0.3076923076923077,3,source,1.0,tabicl_aware_ypow,0.6078078746795654,,4.377399598999753,0.7751233446498783,0.7142857142857143,0.7543071819965796
openml:531,regression,366,13,block,0.3,0.3076923076923077,3,source,1.0,tabicl_aware_n32_ypow,0.6811501979827881,,4.3872517711069525,0.7741099499664812,0.7071428571428572,0.7519629007391797
openml:531,regression,322,13,block,0.5,0.46153846153846156,3,source,2.0,tabicl_aware,0.2858316898345947,,5.851358509045781,0.567011438996502,0.7771739130434783,1.111488280928216
openml:531,regression,322,13,block,0.5,0.46153846153846156,3,source,2.0,tabicl_aware_n32,0.33739256858825684,,5.8646533297438515,0.5650416246613515,0.8206521739130435,1.1498398152947868
openml:531,regression,322,13,block,0.5,0.46153846153846156,3,source,2.0,tabicl_aware_med,0.28476786613464355,,6.02508399186295,0.5409191064432033,0.7771739130434783,1.111488280928216
openml:531,regression,322,13,block,0.5,0.46153846153846156,3,source,2.0,tabicl_aware_ypow,0.5589640140533447,,5.878159141778786,0.5630359714932477,0.7771739130434783,1.111488280928216
openml:531,regression,322,13,block,0.5,0.46153846153846156,3,source,2.0,tabicl_aware_n32_ypow,0.6665618419647217,,5.88303832720944,0.5623102635568591,0.8206521739130435,1.1498398152947868
openml:531,regression,366,13,block_shift,0.3,0.3076923076923077,3,source,1.0,tabicl_aware,0.29021358489990234,,5.204149446384406,0.682157838944396,0.8928571428571429,1.411938048046603
openml:531,regression,366,13,block_shift,0.3,0.3076923076923077,3,source,1.0,tabicl_aware_n32,0.353668212890625,,5.201742503320927,0.6824517778784072,0.8928571428571429,1.4189566345884683
openml:531,regression,366,13,block_shift,0.3,0.3076923076923077,3,source,1.0,tabicl_aware_med,0.2879037857055664,,5.447901332162004,0.6516863835290247,0.8928571428571429,1.411938048046603
openml:531,regression,366,13,block_shift,0.3,0.3076923076923077,3,source,1.0,tabicl_aware_ypow,0.6113183498382568,,5.234629602620419,0.6784237996854869,0.8928571428571429,1.411938048046603
openml:531,regression,366,13,block_shift,0.3,0.3076923076923077,3,source,1.0,tabicl_aware_n32_ypow,0.6976509094238281,,5.233865200157109,0.6785177110834215,0.8928571428571429,1.4189566345884683
openml:531,regression,322,13,block_shift,0.5,0.38172696868349043,3,source,2.0,tabicl_aware,0.288175106048584,,7.72182213792732,0.2459457444565203,0.8315217391304348,1.5217051201557144
openml:531,regression,322,13,block_shift,0.5,0.38172696868349043,3,source,2.0,tabicl_aware_n32,0.33933353424072266,,7.704314457072514,0.2493612012928179,0.8369565217391305,1.5641307201411903
openml:531,regression,322,13,block_shift,0.5,0.38172696868349043,3,source,2.0,tabicl_aware_med,0.2845747470855713,,8.254039451886719,0.1384190499400051,0.8315217391304348,1.5217051201557144
openml:531,regression,322,13,block_shift,0.5,0.38172696868349043,3,source,2.0,tabicl_aware_ypow,0.558612585067749,,7.744924203282895,0.2414270520592755,0.8315217391304348,1.5217051201557144
openml:531,regression,322,13,block_shift,0.5,0.38172696868349043,3,source,2.0,tabicl_aware_n32_ypow,0.6645958423614502,,7.724603358721265,0.24540246101445196,0.8369565217391305,1.5641307201411903
openml:531,regression,354,13,none,0.0,0.0,4,random,,tabicl_aware,0.32506871223449707,,2.0851581317980163,0.9385732807132142,0.7697368421052632,0.5841002874139051
openml:531,regression,354,13,none,0.0,0.0,4,random,,tabicl_aware_n32,0.347137451171875,,2.0712684248185247,0.9393889094591076,0.7763157894736842,0.5807562653987465
openml:531,regression,354,13,none,0.0,0.0,4,random,,tabicl_aware_med,0.2845945358276367,,2.0821740213593607,0.9387489728551172,0.7697368421052632,0.5841002874139051
openml:531,regression,354,13,none,0.0,0.0,4,random,,tabicl_aware_ypow,0.5593726634979248,,2.084980414810804,0.9385837510042799,0.7697368421052632,0.5841002874139051
openml:531,regression,354,13,none,0.0,0.0,4,random,,tabicl_aware_n32_ypow,0.6809751987457275,,2.069967852381579,0.9394650023150104,0.7763157894736842,0.5807562653987465
openml:531,regression,336,13,block,0.3,0.3076923076923077,4,source,1.0,tabicl_aware,0.2840921878814697,,5.062303858715163,0.7038318704445105,0.8470588235294118,1.2794284289557303
openml:531,regression,336,13,block,0.3,0.3076923076923077,4,source,1.0,tabicl_aware_n32,0.32224154472351074,,4.864860368926225,0.7264840465054377,0.8352941176470589,1.2649511650430951
openml:531,regression,336,13,block,0.3,0.3076923076923077,4,source,1.0,tabicl_aware_med,0.2796916961669922,,4.93172098957131,0.718914203778144,0.8470588235294118,1.2794284289557303
openml:531,regression,336,13,block,0.3,0.3076923076923077,4,source,1.0,tabicl_aware_ypow,0.5548417568206787,,5.001302331575129,0.7109266065216717,0.8470588235294118,1.2794284289557303
openml:531,regression,336,13,block,0.3,0.3076923076923077,4,source,1.0,tabicl_aware_n32_ypow,0.6883375644683838,,4.80503073395384,0.7331702538432843,0.8352941176470589,1.2649511650430951
openml:531,regression,388,13,block,0.5,0.46153846153846156,4,source,4.0,tabicl_aware,0.28924036026000977,,6.540477739228541,0.5060059412483412,0.7542372881355932,1.1129767749206771
openml:531,regression,388,13,block,0.5,0.46153846153846156,4,source,4.0,tabicl_aware_n32,0.34769415855407715,,6.558362200140504,0.5033006659243586,0.7627118644067796,1.10263922061529
openml:531,regression,388,13,block,0.5,0.46153846153846156,4,source,4.0,tabicl_aware_med,0.2875199317932129,,6.676920889654129,0.48518019805025514,0.7542372881355932,1.1129767749206771
openml:531,regression,388,13,block,0.5,0.46153846153846156,4,source,4.0,tabicl_aware_ypow,0.5640468597412109,,6.547220674770524,0.5049868453141864,0.7542372881355932,1.1129767749206771
openml:531,regression,388,13,block,0.5,0.46153846153846156,4,source,4.0,tabicl_aware_n32_ypow,0.6892101764678955,,6.5634811105388025,0.5025249992065783,0.7627118644067796,1.10263922061529
openml:531,regression,336,13,block_shift,0.3,0.2818485861964123,4,source,1.0,tabicl_aware,0.28651905059814453,,6.214040797767408,0.5537377981977545,0.7058823529411765,1.6261509541357337
openml:531,regression,336,13,block_shift,0.3,0.2818485861964123,4,source,1.0,tabicl_aware_n32,0.3393440246582031,,6.229795719384418,0.5514720458062884,0.711764705882353,1.6326903796627321
openml:531,regression,336,13,block_shift,0.3,0.2818485861964123,4,source,1.0,tabicl_aware_med,0.28280067443847656,,5.8792986528947955,0.6005219264249735,0.7058823529411765,1.6261509541357337
openml:531,regression,336,13,block_shift,0.3,0.2818485861964123,4,source,1.0,tabicl_aware_ypow,0.6027297973632812,,6.243342495338094,0.5495192646018812,0.7058823529411765,1.6261509541357337
openml:531,regression,336,13,block_shift,0.3,0.2818485861964123,4,source,1.0,tabicl_aware_n32_ypow,0.6742680072784424,,6.265619257397759,0.5462988244395791,0.711764705882353,1.6326903796627321
openml:531,regression,388,13,block_shift,0.5,0.46153846153846156,4,source,4.0,tabicl_aware,0.2891521453857422,,5.046703873103552,0.705884151966696,0.8728813559322034,1.1763894119983747
openml:531,regression,388,13,block_shift,0.5,0.46153846153846156,4,source,4.0,tabicl_aware_n32,0.3553485870361328,,5.04712890720091,0.7058346089258203,0.8728813559322034,1.1796862874333789
openml:531,regression,388,13,block_shift,0.5,0.46153846153846156,4,source,4.0,tabicl_aware_med,0.28620243072509766,,5.237351201206201,0.683243032368022,0.8728813559322034,1.1763894119983747
openml:531,regression,388,13,block_shift,0.5,0.46153846153846156,4,source,4.0,tabicl_aware_ypow,0.563385009765625,,5.0265182661469385,0.7082322325967996,0.8728813559322034,1.1763894119983747
openml:531,regression,388,13,block_shift,0.5,0.46153846153846156,4,source,4.0,tabicl_aware_n32_ypow,0.7011268138885498,,5.024540439919129,0.7084617960364477,0.8728813559322034,1.1796862874333789
openml:189,regression,2100,8,none,0.0,0.0,0,random,,tabicl_aware,0.38082027435302734,,0.07395836178034486,0.9202367326722133,0.8144444444444444,0.7243353365189431
openml:189,regression,2100,8,none,0.0,0.0,0,random,,tabicl_aware_n32,0.4474756717681885,,0.07359820711690651,0.9210116867374744,0.8144444444444444,0.7241084078073234
openml:189,regression,2100,8,none,0.0,0.0,0,random,,tabicl_aware_med,0.3139824867248535,,0.07406516278089048,0.9200061989659855,0.8144444444444444,0.7243353365189431
openml:189,regression,2100,8,none,0.0,0.0,0,random,,tabicl_aware_ypow,0.6608777046203613,,0.07395284998882978,0.9202486210404066,0.8144444444444444,0.7243353365189431
openml:189,regression,2100,8,none,0.0,0.0,0,random,,tabicl_aware_n32_ypow,0.7453885078430176,,0.07359120856965894,0.9210267082218457,0.8144444444444444,0.7241084078073234
openml:189,regression,1464,8,block,0.3,0.25,0,source,1.0,tabicl_aware,0.3081324100494385,,0.23707321704717474,0.1552682448643231,0.7565104166666666,2.18255774425335
openml:189,regression,1464,8,block,0.3,0.25,0,source,1.0,tabicl_aware_n32,0.32839345932006836,,0.23708673403655348,0.15517191550400378,0.7578125,2.1871591837398205
openml:189,regression,1464,8,block,0.3,0.25,0,source,1.0,tabicl_aware_med,0.30739855766296387,,0.23831971414642183,0.14636193447779156,0.7565104166666666,2.18255774425335
openml:189,regression,1464,8,block,0.3,0.25,0,source,1.0,tabicl_aware_ypow,0.6053545475006104,,0.2370632385553153,0.15533935345815042,0.7565104166666666,2.18255774425335
openml:189,regression,1464,8,block,0.3,0.25,0,source,1.0,tabicl_aware_n32_ypow,0.6576786041259766,,0.23707448350332247,0.15525921964759626,0.7578125,2.1871591837398205
openml:189,regression,2418,8,block,0.5,0.5,0,source,1.0,tabicl_aware,0.3628208637237549,,0.25413911445728593,0.09672490071710349,0.7835051546391752,2.464475677416627
openml:189,regression,2418,8,block,0.5,0.5,0,source,1.0,tabicl_aware_n32,0.39177775382995605,,0.25425159043702095,0.09592518726770005,0.7869415807560137,2.4709450313643044
openml:189,regression,2418,8,block,0.5,0.5,0,source,1.0,tabicl_aware_med,0.3299083709716797,,0.25273580367662907,0.10667280680154279,0.7835051546391752,2.464475677416627
openml:189,regression,2418,8,block,0.5,0.5,0,source,1.0,tabicl_aware_ypow,0.6413309574127197,,0.2540681160559996,0.09722952299858645,0.7835051546391752,2.464475677416627
openml:189,regression,2418,8,block,0.5,0.5,0,source,1.0,tabicl_aware_n32_ypow,0.7736058235168457,,0.254182902507355,0.09641360615066141,0.7869415807560137,2.4709450313643044
openml:189,regression,1464,8,block_shift,0.3,0.25,0,source,1.0,tabicl_aware,0.31035470962524414,,0.27637882868789987,-0.14805680782367991,0.8053385416666666,2.805477528080339
openml:189,regression,1464,8,block_shift,0.3,0.25,0,source,1.0,tabicl_aware_n32,0.3286166191101074,,0.2764872748274779,-0.1489579387508666,0.8046875,2.8025433103030473
openml:189,regression,1464,8,block_shift,0.3,0.25,0,source,1.0,tabicl_aware_med,0.30844593048095703,,0.2821966805507582,-0.19689936384734752,0.8053385416666666,2.805477528080339
openml:189,regression,1464,8,block_shift,0.3,0.25,0,source,1.0,tabicl_aware_ypow,0.6060681343078613,,0.27640041590843983,-0.1482361581994074,0.8053385416666666,2.805477528080339
openml:189,regression,1464,8,block_shift,0.3,0.25,0,source,1.0,tabicl_aware_n32_ypow,0.6963438987731934,,0.2765035920559159,-0.14909355701667026,0.8046875,2.8025433103030473
openml:189,regression,2418,8,block_shift,0.5,0.47533333333333333,0,source,1.0,tabicl_aware,0.32608962059020996,,0.25284533774273343,0.1058983145282989,0.7903780068728522,2.4498910435470576
openml:189,regression,2418,8,block_shift,0.5,0.47533333333333333,0,source,1.0,tabicl_aware_n32,0.3885617256164551,,0.2527527775511221,0.10655281008858686,0.7903780068728522,2.4426566817522097
openml:189,regression,2418,8,block_shift,0.5,0.47533333333333333,0,source,1.0,tabicl_aware_med,0.32236409187316895,,0.2525307550462947,0.10812176027879117,0.7903780068728522,2.4498910435470576
openml:189,regression,2418,8,block_shift,0.5,0.47533333333333333,0,source,1.0,tabicl_aware_ypow,0.6444694995880127,,0.25283199336217654,0.10599268777961157,0.7903780068728522,2.4498910435470576
openml:189,regression,2418,8,block_shift,0.5,0.47533333333333333,0,source,1.0,tabicl_aware_n32_ypow,0.7743291854858398,,0.252743341999666,0.10661951566279615,0.7903780068728522,2.4426566817522097
openml:189,regression,2100,8,none,0.0,0.0,1,random,,tabicl_aware,0.32286953926086426,,0.07759900022053151,0.9071193668028316,0.7933333333333333,0.7356003249639423
openml:189,regression,2100,8,none,0.0,0.0,1,random,,tabicl_aware_n32,0.3746914863586426,,0.07733324762603648,0.9077544523811494,0.7888888888888889,0.733644193734854
openml:189,regression,2100,8,none,0.0,0.0,1,random,,tabicl_aware_med,0.3172297477722168,,0.07771603398472017,0.9068389929007383,0.7933333333333333,0.7356003249639423
openml:189,regression,2100,8,none,0.0,0.0,1,random,,tabicl_aware_ypow,0.6710300445556641,,0.07762310410481243,0.9070616564783454,0.7933333333333333,0.7356003249639423
openml:189,regression,2100,8,none,0.0,0.0,1,random,,tabicl_aware_n32_ypow,0.7568433284759521,,0.07733865601292902,0.9077415493395339,0.7888888888888889,0.733644193734854
openml:189,regression,1997,8,block,0.3,0.25,1,source,1.0,tabicl_aware,0.3152763843536377,,0.2083813927409171,0.38698986729543994,0.7138584247258225,1.6883270648149469
openml:189,regression,1997,8,block,0.3,0.25,1,source,1.0,tabicl_aware_n32,0.3485574722290039,,0.20840650279486056,0.38684212238681437,0.7128614157527418,1.681092518589846
openml:189,regression,1997,8,block,0.3,0.25,1,source,1.0,tabicl_aware_med,0.3113107681274414,,0.2114951130561075,0.3685332989582105,0.7138584247258225,1.6883270648149469
openml:189,regression,1997,8,block,0.3,0.25,1,source,1.0,tabicl_aware_ypow,0.6164083480834961,,0.20836050645490292,0.38711274643679194,0.7138584247258225,1.6883270648149469
openml:189,regression,1997,8,block,0.3,0.25,1,source,1.0,tabicl_aware_n32_ypow,0.7018320560455322,,0.20838310209362748,0.38697981020909644,0.7128614157527418,1.681092518589846
openml:189,regression,1976,8,block,0.5,0.41425,1,source,0.0,tabicl_aware,0.32108616828918457,,0.24251719344100767,0.15031498108045205,0.794921875,2.4139865237213995
openml:189,regression,1976,8,block,0.5,0.41425,1,source,0.0,tabicl_aware_n32,0.37329959869384766,,0.24187961751034107,0.15477673981573525,0.7919921875,2.401473189437256
openml:189,regression,1976,8,block,0.5,0.41425,1,source,0.0,tabicl_aware_med,0.35268282890319824,,0.2416854407457993,0.15613325626991192,0.794921875,2.4139865237213995
openml:189,regression,1976,8,block,0.5,0.41425,1,source,0.0,tabicl_aware_ypow,0.6287145614624023,,0.24243865185259253,0.15086524973232252,0.794921875,2.4139865237213995
openml:189,regression,1976,8,block,0.5,0.41425,1,source,0.0,tabicl_aware_n32_ypow,0.7471752166748047,,0.24179213346817385,0.15538803708822402,0.7919921875,2.401473189437256
openml:189,regression,1997,8,block_shift,0.3,0.25,1,source,1.0,tabicl_aware,0.31682324409484863,,0.20038731773267415,0.4331211620914184,0.8015952143569293,1.9578611655772917
openml:189,regression,1997,8,block_shift,0.3,0.25,1,source,1.0,tabicl_aware_n32,0.37258267402648926,,0.20032570843582487,0.43346968352612725,0.8005982053838484,1.9536255609229043
openml:189,regression,1997,8,block_shift,0.3,0.25,1,source,1.0,tabicl_aware_med,0.31429314613342285,,0.19931820988628593,0.4391538582415615,0.8015952143569293,1.9578611655772917
openml:189,regression,1997,8,block_shift,0.3,0.25,1,source,1.0,tabicl_aware_ypow,0.6211183071136475,,0.20039500596746065,0.4330776625201104,0.8015952143569293,1.9578611655772917
openml:189,regression,1997,8,block_shift,0.3,0.25,1,source,1.0,tabicl_aware_n32_ypow,0.7802894115447998,,0.20030151803001361,0.43360649842537247,0.8005982053838484,1.9536255609229043
openml:189,regression,1976,8,block_shift,0.5,0.417875,1,source,0.0,tabicl_aware,0.3121325969696045,,0.230210261183841,0.2343641705050773,0.7265625,2.007082725075714
openml:189,regression,1976,8,block_shift,0.5,0.417875,1,source,0.0,tabicl_aware_n32,0.33454179763793945,,0.22886430512966063,0.24329078966533557,0.7275390625,1.9882098693611077
openml:189,regression,1976,8,block_shift,0.5,0.417875,1,source,0.0,tabicl_aware_med,0.3086216449737549,,0.22886446602613006,0.2432897256996548,0.7265625,2.007082725075714
openml:189,regression,1976,8,block_shift,0.5,0.417875,1,source,0.0,tabicl_aware_ypow,0.6179258823394775,,0.23013976054842353,0.23483304228338175,0.7265625,2.007082725075714
openml:189,regression,1976,8,block_shift,0.5,0.417875,1,source,0.0,tabicl_aware_n32_ypow,0.6681077480316162,,0.2287845524754792,0.2438180807419036,0.7275390625,1.9882098693611077
openml:189,regression,2100,8,none,0.0,0.0,2,random,,tabicl_aware,0.3227074146270752,,0.07670028041783386,0.9167466826407384,0.8022222222222222,0.7123115269721434
openml:189,regression,2100,8,none,0.0,0.0,2,random,,tabicl_aware_n32,0.3765294551849365,,0.07657263367812044,0.9170235570299019,0.7955555555555556,0.709073494541423
openml:189,regression,2100,8,none,0.0,0.0,2,random,,tabicl_aware_med,0.3182249069213867,,0.07678238479473301,0.9165683489959497,0.8022222222222222,0.7123115269721434
openml:189,regression,2100,8,none,0.0,0.0,2,random,,tabicl_aware_ypow,0.6715538501739502,,0.07670416741399899,0.9167382442485099,0.8022222222222222,0.7123115269721434
openml:189,regression,2100,8,none,0.0,0.0,2,random,,tabicl_aware_n32_ypow,0.7537291049957275,,0.07658138987041437,0.917004578990436,0.7955555555555556,0.709073494541423
openml:189,regression,1467,8,block,0.3,0.25,2,source,1.0,tabicl_aware,0.3121051788330078,,0.24875484148874363,0.09832882690523082,0.7168949771689498,2.099656907914948
openml:189,regression,1467,8,block,0.3,0.25,2,source,1.0,tabicl_aware_n32,0.32987117767333984,,0.24875898989604234,0.09829875287376544,0.7168949771689498,2.107454025543156
openml:189,regression,1467,8,block,0.3,0.25,2,source,1.0,tabicl_aware_med,0.3085331916809082,,0.25270077305456173,0.06949600507523634,0.7168949771689498,2.099656907914948
openml:189,regression,1467,8,block,0.3,0.25,2,source,1.0,tabicl_aware_ypow,0.609957218170166,,0.24877639055928605,0.09817260066099043,0.7168949771689498,2.099656907914948
openml:189,regression,1467,8,block,0.3,0.25,2,source,1.0,tabicl_aware_n32_ypow,0.6583554744720459,,0.2487829440877364,0.0981250862698434,0.7168949771689498,2.107454025543156
openml:189,regression,1995,8,block,0.5,0.416375,2,source,0.0,tabicl_aware,0.3146193027496338,,0.24375696421542714,0.08276881488192833,0.7920398009950249,2.4466168446768637
openml:189,regression,1995,8,block,0.5,0.416375,2,source,0.0,tabicl_aware_n32,0.35793042182922363,,0.2435939377132535,0.08399530691572377,0.7950248756218905,2.456358080273475
openml:189,regression,1995,8,block,0.5,0.416375,2,source,0.0,tabicl_aware_med,0.3121347427368164,,0.24458519976074716,0.07652510326877915,0.7920398009950249,2.4466168446768637
openml:189,regression,1995,8,block,0.5,0.416375,2,source,0.0,tabicl_aware_ypow,0.6616857051849365,,0.2437296273761364,0.08297453450574144,0.7920398009950249,2.4466168446768637
openml:189,regression,1995,8,block,0.5,0.416375,2,source,0.0,tabicl_aware_n32_ypow,0.7174172401428223,,0.24358239032838258,0.08408214986531215,0.7950248756218905,2.456358080273475
openml:189,regression,1467,8,block_shift,0.3,0.25,2,source,1.0,tabicl_aware,0.3122401237487793,,0.25013337978229283,0.08830745485268066,0.7560339204174821,2.338082749253611
openml:189,regression,1467,8,block_shift,0.3,0.25,2,source,1.0,tabicl_aware_n32,0.32761335372924805,,0.25034162797729953,0.08678876622155607,0.7586431833007176,2.3420899521386676
openml:189,regression,1467,8,block_shift,0.3,0.25,2,source,1.0,tabicl_aware_med,0.3070964813232422,,0.249826624934545,0.09054221953499031,0.7560339204174821,2.338082749253611
openml:189,regression,1467,8,block_shift,0.3,0.25,2,source,1.0,tabicl_aware_ypow,0.6078653335571289,,0.25016417673839886,0.08808294196446464,0.7560339204174821,2.338082749253611
openml:189,regression,1467,8,block_shift,0.3,0.25,2,source,1.0,tabicl_aware_n32_ypow,0.6638140678405762,,0.2503708423811649,0.08657561366915045,0.7586431833007176,2.3420899521386676
openml:189,regression,1995,8,block_shift,0.5,0.458125,2,source,0.0,tabicl_aware,0.3522779941558838,,0.2174224310458583,0.27025111221479314,0.8348258706467662,2.441183944287264
openml:189,regression,1995,8,block_shift,0.5,0.458125,2,source,0.0,tabicl_aware_n32,0.33971548080444336,,0.21770548777918836,0.2683497923449185,0.8378109452736319,2.4470140255493478
openml:189,regression,1995,8,block_shift,0.5,0.458125,2,source,0.0,tabicl_aware_med,0.3142886161804199,,0.21718820590842328,0.27182255509918307,0.8348258706467662,2.441183944287264
openml:189,regression,1995,8,block_shift,0.5,0.458125,2,source,0.0,tabicl_aware_ypow,0.6210036277770996,,0.21751307453529412,0.26964252023434754,0.8348258706467662,2.441183944287264
openml:189,regression,1995,8,block_shift,0.5,0.458125,2,source,0.0,tabicl_aware_n32_ypow,0.6755971908569336,,0.21780363110281825,0.267689976468627,0.8378109452736319,2.4470140255493478
openml:189,regression,2100,8,none,0.0,0.0,3,random,,tabicl_aware,0.32160305976867676,,0.0736891787320054,0.9197476328687068,0.8122222222222222,0.7310448433440042
openml:189,regression,2100,8,none,0.0,0.0,3,random,,tabicl_aware_n32,0.3766601085662842,,0.07360722366389714,0.9199260425320883,0.8111111111111111,0.7352814557714504
openml:189,regression,2100,8,none,0.0,0.0,3,random,,tabicl_aware_med,0.3193075656890869,,0.0736828192970453,0.9197614839577193,0.8122222222222222,0.7310448433440042
openml:189,regression,2100,8,none,0.0,0.0,3,random,,tabicl_aware_ypow,0.6255002021789551,,0.07367168017823277,0.9197857424975598,0.8122222222222222,0.7310448433440042
openml:189,regression,2100,8,none,0.0,0.0,3,random,,tabicl_aware_n32_ypow,0.7918481826782227,,0.0735884831354635,0.9199668112819674,0.8111111111111111,0.7352814557714504
openml:189,regression,2251,8,block,0.3,0.25,3,source,2.0,tabicl_aware,0.31866931915283203,,0.20118860098411165,0.446399191341288,0.7476635514018691,1.806547479407292
openml:189,regression,2251,8,block,0.3,0.25,3,source,2.0,tabicl_aware_n32,0.37434864044189453,,0.20134466391348177,0.44553999680854095,0.7489986648865153,1.8069266228403633
openml:189,regression,2251,8,block,0.3,0.25,3,source,2.0,tabicl_aware_med,0.31421756744384766,,0.19660876427635499,0.4713165423726977,0.7476635514018691,1.806547479407292
openml:189,regression,2251,8,block,0.3,0.25,3,source,2.0,tabicl_aware_ypow,0.6358025074005127,,0.20099083386619152,0.4474870285727707,0.7476635514018691,1.806547479407292
openml:189,regression,2251,8,block,0.3,0.25,3,source,2.0,tabicl_aware_n32_ypow,0.7483055591583252,,0.20114250073232784,0.4466528658794282,0.7489986648865153,1.8069266228403633
openml:189,regression,1969,8,block,0.5,0.5,3,source,0.0,tabicl_aware,0.31585097312927246,,0.2602919853433742,-0.018822189473459705,0.7720659553831232,2.5178293713291917
openml:189,regression,1969,8,block,0.5,0.5,3,source,0.0,tabicl_aware_n32,0.3250243663787842,,0.2601098100001559,-0.017396564856872132,0.7749757516973812,2.5442908007516154
openml:189,regression,1969,8,block,0.5,0.5,3,source,0.0,tabicl_aware_med,0.3128011226654053,,0.2616797814846312,-0.02971523933914666,0.7720659553831232,2.5178293713291917
openml:189,regression,1969,8,block,0.5,0.5,3,source,0.0,tabicl_aware_ypow,0.657644510269165,,0.26035108177306526,-0.01928486671398888,0.7720659553831232,2.5178293713291917
openml:189,regression,1969,8,block,0.5,0.5,3,source,0.0,tabicl_aware_n32_ypow,0.6440227031707764,,0.26016695158723585,-0.017843622506101164,0.7749757516973812,2.5442908007516154
openml:189,regression,2251,8,block_shift,0.3,0.25,3,source,2.0,tabicl_aware,0.3220183849334717,,0.23766975250764794,0.22743006670181343,0.6595460614152203,1.8478065511340223
openml:189,regression,2251,8,block_shift,0.3,0.25,3,source,2.0,tabicl_aware_n32,0.3793964385986328,,0.23820997916088985,0.22391395073959164,0.6582109479305741,1.840586954785213
openml:189,regression,2251,8,block_shift,0.3,0.25,3,source,2.0,tabicl_aware_med,0.3208887577056885,,0.23605415176068492,0.23789771975627283,0.6595460614152203,1.8478065511340223
openml:189,regression,2251,8,block_shift,0.3,0.25,3,source,2.0,tabicl_aware_ypow,0.6279728412628174,,0.23753364452841877,0.22831467925344973,0.6595460614152203,1.8478065511340223
openml:189,regression,2251,8,block_shift,0.3,0.25,3,source,2.0,tabicl_aware_n32_ypow,0.7490212917327881,,0.23806057994399096,0.22488712817762602,0.6582109479305741,1.840586954785213
openml:189,regression,1969,8,block_shift,0.5,0.45925,3,source,0.0,tabicl_aware,0.3199622631072998,,0.2535482384358707,0.03328602167093142,0.8128031037827352,2.650439307237503
openml:189,regression,1969,8,block_shift,0.5,0.45925,3,source,0.0,tabicl_aware_n32,0.3603627681732178,,0.25351879625710594,0.03351051948971162,0.8118331716779825,2.643667701617602
openml:189,regression,1969,8,block_shift,0.5,0.45925,3,source,0.0,tabicl_aware_med,0.3179206848144531,,0.25700211831071007,0.006769129898927084,0.8128031037827352,2.650439307237503
openml:189,regression,1969,8,block_shift,0.5,0.45925,3,source,0.0,tabicl_aware_ypow,0.6752221584320068,,0.2534536691830512,0.03400702347993245,0.8128031037827352,2.650439307237503
openml:189,regression,1969,8,block_shift,0.5,0.45925,3,source,0.0,tabicl_aware_n32_ypow,0.7248013019561768,,0.2534266176702234,0.03421321640622166,0.8118331716779825,2.643667701617602
openml:189,regression,2100,8,none,0.0,0.0,4,random,,tabicl_aware,0.3262753486633301,,0.07585007316746799,0.9180918450786889,0.8011111111111111,0.7290789497272488
openml:189,regression,2100,8,none,0.0,0.0,4,random,,tabicl_aware_n32,0.37975263595581055,,0.07548004469489039,0.918889060421372,0.8077777777777778,0.7234504567719087
openml:189,regression,2100,8,none,0.0,0.0,4,random,,tabicl_aware_med,0.32259130477905273,,0.07567863049382585,0.918461697932117,0.8011111111111111,0.7290789497272488
openml:189,regression,2100,8,none,0.0,0.0,4,random,,tabicl_aware_ypow,0.6383986473083496,,0.07587196655177612,0.9180445542735425,0.8011111111111111,0.7290789497272488
openml:189,regression,2100,8,none,0.0,0.0,4,random,,tabicl_aware_n32_ypow,0.7927258014678955,,0.0754985077095028,0.9188493748163807,0.8077777777777778,0.7234504567719087
openml:189,regression,2002,8,block,0.3,0.25,4,source,0.0,tabicl_aware,0.35982489585876465,,0.17276498326283835,0.5638359665582209,0.8486973947895792,1.901577032899258
openml:189,regression,2002,8,block,0.3,0.25,4,source,0.0,tabicl_aware_n32,0.3738245964050293,,0.17280608804594264,0.5636283948565066,0.8527054108216433,1.9010428382373696
openml:189,regression,2002,8,block,0.3,0.25,4,source,0.0,tabicl_aware_med,0.31468629837036133,,0.16958184462376022,0.5797602635254833,0.8486973947895792,1.901577032899258
openml:189,regression,2002,8,block,0.3,0.25,4,source,0.0,tabicl_aware_ypow,0.6255247592926025,,0.17260457256593162,0.564645539124897,0.8486973947895792,1.901577032899258
openml:189,regression,2002,8,block,0.3,0.25,4,source,0.0,tabicl_aware_n32_ypow,0.7423808574676514,,0.17267827007541572,0.564273690469327,0.8527054108216433,1.9010428382373696
openml:189,regression,2428,8,block,0.5,0.5,4,source,4.0,tabicl_aware,0.3250443935394287,,0.2464691503634112,0.08596729382740076,0.8251748251748252,2.656850937249308
openml:189,regression,2428,8,block,0.5,0.5,4,source,4.0,tabicl_aware_n32,0.39063072204589844,,0.24647180793770987,0.08594758245240286,0.8269230769230769,2.6596455196920563
openml:189,regression,2428,8,block,0.5,0.5,4,source,4.0,tabicl_aware_med,0.3274836540222168,,0.24660838679816094,0.08493428338302411,0.8251748251748252,2.656850937249308
openml:189,regression,2428,8,block,0.5,0.5,4,source,4.0,tabicl_aware_ypow,0.6462984085083008,,0.2464513130851211,0.08609958840266152,0.8251748251748252,2.656850937249308
openml:189,regression,2428,8,block,0.5,0.5,4,source,4.0,tabicl_aware_n32_ypow,0.8253226280212402,,0.2464530587681117,0.08608664153673573,0.8269230769230769,2.6596455196920563
openml:189,regression,2002,8,block_shift,0.3,0.25,4,source,0.0,tabicl_aware,0.32833361625671387,,0.21314642938144257,0.3361124428296691,0.814629258517034,2.0697531100340325
openml:189,regression,2002,8,block_shift,0.3,0.25,4,source,0.0,tabicl_aware_n32,0.3709886074066162,,0.21217166776060134,0.3421707416274491,0.8186372745490982,2.092119563689374
openml:189,regression,2002,8,block_shift,0.3,0.25,4,source,0.0,tabicl_aware_med,0.31694889068603516,,0.2172678708838479,0.3101901007364595,0.814629258517034,2.0697531100340325
openml:189,regression,2002,8,block_shift,0.3,0.25,4,source,0.0,tabicl_aware_ypow,0.6306705474853516,,0.21317871349756184,0.3359113168129768,0.814629258517034,2.0697531100340325
openml:189,regression,2002,8,block_shift,0.3,0.25,4,source,0.0,tabicl_aware_n32_ypow,0.7498314380645752,,0.21220265982541198,0.3419785484262333,0.8186372745490982,2.092119563689374
openml:189,regression,2428,8,block_shift,0.5,0.5,4,source,4.0,tabicl_aware,0.33037877082824707,,0.21704227894354433,0.2911974327931032,0.8286713286713286,2.343466041325236
openml:189,regression,2428,8,block_shift,0.5,0.5,4,source,4.0,tabicl_aware_n32,0.39264917373657227,,0.21716814498316367,0.2903751041596948,0.8216783216783217,2.3182206986493266
openml:189,regression,2428,8,block_shift,0.5,0.5,4,source,4.0,tabicl_aware_med,0.326796293258667,,0.21746111463297257,0.2884591805372456,0.8286713286713286,2.343466041325236
openml:189,regression,2428,8,block_shift,0.5,0.5,4,source,4.0,tabicl_aware_ypow,0.6813571453094482,,0.2169965261322861,0.2914962344101967,0.8286713286713286,2.343466041325236
openml:189,regression,2428,8,block_shift,0.5,0.5,4,source,4.0,tabicl_aware_n32_ypow,0.7763454914093018,,0.21712731761591994,0.2906418964451597,0.8216783216783217,2.3182206986493266
openml:42225,regression,2100,9,none,0.0,0.0,0,random,,tabicl_aware,0.32187700271606445,,666.7611634570857,0.9705257072298692,0.8155555555555556,0.2317458020548928
openml:42225,regression,2100,9,none,0.0,0.0,0,random,,tabicl_aware_n32,0.4075491428375244,,660.1698054697789,0.9711055710752271,0.8222222222222222,0.23580365317864485
openml:42225,regression,2100,9,none,0.0,0.0,0,random,,tabicl_aware_med,0.3213372230529785,,695.9537960209481,0.9678882763536827,0.8155555555555556,0.2317458020548928
openml:42225,regression,2100,9,none,0.0,0.0,0,random,,tabicl_aware_ypow,0.6363413333892822,,664.4815201477611,0.9707269067473203,0.8155555555555556,0.2317458020548928
openml:42225,regression,2100,9,none,0.0,0.0,0,random,,tabicl_aware_n32_ypow,0.8170175552368164,,659.4826084783831,0.9711656944856747,0.8222222222222222,0.23580365317864485
openml:42225,regression,1464,9,block,0.3,0.27644444444444444,0,source,1.0,tabicl_aware,0.3113529682159424,,2068.74656129065,0.7473283462228916,0.9134114583333334,0.8764409687433405
openml:42225,regression,1464,9,block,0.3,0.27644444444444444,0,source,1.0,tabicl_aware_n32,0.32581186294555664,,2037.1982629409804,0.7549760488535247,0.91796875,0.8817343314266158
openml:42225,regression,1464,9,block,0.3,0.27644444444444444,0,source,1.0,tabicl_aware_med,0.3438584804534912,,2278.5880324147092,0.6934695882785669,0.9134114583333334,0.8764409687433405
openml:42225,regression,1464,9,block,0.3,0.27644444444444444,0,source,1.0,tabicl_aware_ypow,0.6094644069671631,,1922.7478659745952,0.7817337331651848,0.9134114583333334,0.8764409687433405
openml:42225,regression,1464,9,block,0.3,0.27644444444444444,0,source,1.0,tabicl_aware_n32_ypow,0.6593291759490967,,1882.6185281016276,0.7907494531972454,0.91796875,0.8817343314266158
openml:42225,regression,2418,9,block,0.5,0.4444444444444444,0,source,1.0,tabicl_aware,0.3317139148712158,,1325.7146448945061,0.8807833299572183,0.8780068728522337,0.6309622967969487
openml:42225,regression,2418,9,block,0.5,0.4444444444444444,0,source,1.0,tabicl_aware_n32,0.4276292324066162,,1321.1088847563772,0.8816102493607971,0.8831615120274914,0.6456278608134076
openml:42225,regression,2418,9,block,0.5,0.4444444444444444,0,source,1.0,tabicl_aware_med,0.33164429664611816,,1390.362371996648,0.8688727688857386,0.8780068728522337,0.6309622967969487
openml:42225,regression,2418,9,block,0.5,0.4444444444444444,0,source,1.0,tabicl_aware_ypow,0.6495437622070312,,1309.7532561012404,0.8836367472354496,0.8780068728522337,0.6309622967969487
openml:42225,regression,2418,9,block,0.5,0.4444444444444444,0,source,1.0,tabicl_aware_n32_ypow,0.8889303207397461,,1303.99654528024,0.884657393630507,0.8831615120274914,0.6456278608134076
openml:42225,regression,1464,9,block_shift,0.3,0.27644444444444444,0,source,1.0,tabicl_aware,0.31212520599365234,,2275.980529396762,0.6941707432347982,0.6985677083333334,1.2685848107636228
openml:42225,regression,1464,9,block_shift,0.3,0.27644444444444444,0,source,1.0,tabicl_aware_n32,0.33147358894348145,,2284.8601772763373,0.6917797266258455,0.7083333333333334,1.2805818418997648
openml:42225,regression,1464,9,block_shift,0.3,0.27644444444444444,0,source,1.0,tabicl_aware_med,0.30950164794921875,,2055.060217463712,0.7506605204326491,0.6985677083333334,1.2685848107636228
openml:42225,regression,1464,9,block_shift,0.3,0.27644444444444444,0,source,1.0,tabicl_aware_ypow,0.6112790107727051,,2411.945118141506,0.656539508115827,0.6985677083333334,1.2685848107636228
openml:42225,regression,1464,9,block_shift,0.3,0.27644444444444444,0,source,1.0,tabicl_aware_n32_ypow,0.665973424911499,,2437.40568218761,0.6492500781620066,0.7083333333333334,1.2805818418997648
openml:42225,regression,2418,9,block_shift,0.5,0.4444444444444444,0,source,1.0,tabicl_aware,0.3340270519256592,,1370.5313792974896,0.8725866759140937,0.9054982817869416,0.9249096870554148
openml:42225,regression,2418,9,block_shift,0.5,0.4444444444444444,0,source,1.0,tabicl_aware_n32,0.4275386333465576,,1441.4000936595726,0.8590691825158886,0.9072164948453608,0.988556033554804
openml:42225,regression,2418,9,block_shift,0.5,0.4444444444444444,0,source,1.0,tabicl_aware_med,0.33982133865356445,,1312.6970202038758,0.8831130899541502,0.9054982817869416,0.9249096870554148
openml:42225,regression,2418,9,block_shift,0.5,0.4444444444444444,0,source,1.0,tabicl_aware_ypow,0.7001059055328369,,1394.1218293831196,0.8681626896652308,0.9054982817869416,0.9249096870554148
openml:42225,regression,2418,9,block_shift,0.5,0.4444444444444444,0,source,1.0,tabicl_aware_n32_ypow,0.8549284934997559,,1479.129202141466,0.8515948056886001,0.9072164948453608,0.988556033554804
openml:42225,regression,2100,9,none,0.0,0.0,1,random,,tabicl_aware,0.33100175857543945,,538.9724688870708,0.9808740569833115,0.7944444444444444,0.21291957365393827
openml:42225,regression,2100,9,none,0.0,0.0,1,random,,tabicl_aware_n32,0.4134557247161865,,542.9716302866885,0.9805891760071991,0.7933333333333333,0.21374159847740545
openml:42225,regression,2100,9,none,0.0,0.0,1,random,,tabicl_aware_med,0.32654452323913574,,541.4102856743209,0.9807006492742272,0.7944444444444444,0.21291957365393827
openml:42225,regression,2100,9,none,0.0,0.0,1,random,,tabicl_aware_ypow,0.6469788551330566,,536.4379868721987,0.9810535109913326,0.7944444444444444,0.21291957365393827
openml:42225,regression,2100,9,none,0.0,0.0,1,random,,tabicl_aware_n32_ypow,0.8236684799194336,,540.2419851955999,0.9807838509196688,0.7933333333333333,0.21374159847740545
openml:42225,regression,1997,9,block,0.3,0.3333333333333333,1,source,1.0,tabicl_aware,0.32816386222839355,,1310.50458978384,0.8964809399938903,0.9401794616151545,0.7315335005688733
openml:42225,regression,1997,9,block,0.3,0.3333333333333333,1,source,1.0,tabicl_aware_n32,0.41681408882141113,,1311.274643548251,0.8963592484518016,0.9361914257228315,0.72098328470693
openml:42225,regression,1997,9,block,0.3,0.3333333333333333,1,source,1.0,tabicl_aware_med,0.3266737461090088,,1363.9017872932181,0.887873200985196,0.9401794616151545,0.7315335005688733
openml:42225,regression,1997,9,block,0.3,0.3333333333333333,1,source,1.0,tabicl_aware_ypow,0.688521146774292,,1301.5741637503372,0.8978869929298608,0.9401794616151545,0.7315335005688733
openml:42225,regression,1997,9,block,0.3,0.3333333333333333,1,source,1.0,tabicl_aware_n32_ypow,0.8328485488891602,,1306.2001637785675,0.8971598515436491,0.9361914257228315,0.72098328470693
openml:42225,regression,1976,9,block,0.5,0.4063333333333333,1,source,0.0,tabicl_aware,0.3211791515350342,,1763.0897944868639,0.7875791148085871,0.9296875,0.9251691785079121
openml:42225,regression,1976,9,block,0.5,0.4063333333333333,1,source,0.0,tabicl_aware_n32,0.3772313594818115,,1617.379933299333,0.8212391330335449,0.951171875,0.9278767883158685
openml:42225,regression,1976,9,block,0.5,0.4063333333333333,1,source,0.0,tabicl_aware_med,0.3163454532623291,,1955.6292317770617,0.7386506696337303,0.9296875,0.9251691785079121
openml:42225,regression,1976,9,block,0.5,0.4063333333333333,1,source,0.0,tabicl_aware_ypow,0.6283528804779053,,1732.4941987097206,0.7948875938793978,0.9296875,0.9251691785079121
openml:42225,regression,1976,9,block,0.5,0.4063333333333333,1,source,0.0,tabicl_aware_n32_ypow,0.749967098236084,,1598.68643880813,0.8253474491052761,0.951171875,0.9278767883158685
openml:42225,regression,1997,9,block_shift,0.3,0.3333333333333333,1,source,1.0,tabicl_aware,0.3595306873321533,,1496.104193491997,0.8650829279492077,0.8703888334995015,0.8601754057107674
openml:42225,regression,1997,9,block_shift,0.3,0.3333333333333333,1,source,1.0,tabicl_aware_n32,0.4163801670074463,,1478.7360270735762,0.8681972308017929,0.8823529411764706,0.8589827335224827
openml:42225,regression,1997,9,block_shift,0.3,0.3333333333333333,1,source,1.0,tabicl_aware_med,0.3208925724029541,,1435.8949897186062,0.875723621997765,0.8703888334995015,0.8601754057107674
openml:42225,regression,1997,9,block_shift,0.3,0.3333333333333333,1,source,1.0,tabicl_aware_ypow,0.6341342926025391,,1517.4402641468025,0.861207360756915,0.8703888334995015,0.8601754057107674
openml:42225,regression,1997,9,block_shift,0.3,0.3333333333333333,1,source,1.0,tabicl_aware_n32_ypow,0.8348915576934814,,1497.2374073685185,0.8648784665198552,0.8823529411764706,0.8589827335224827
openml:42225,regression,1976,9,block_shift,0.5,0.4444444444444444,1,source,0.0,tabicl_aware,0.3174014091491699,,2216.682150068417,0.6642197103572463,0.7626953125,0.7334650431329194
openml:42225,regression,1976,9,block_shift,0.5,0.4444444444444444,1,source,0.0,tabicl_aware_n32,0.33827853202819824,,2112.8859371399635,0.6949293297003687,0.794921875,0.7479300935271042
openml:42225,regression,1976,9,block_shift,0.5,0.4444444444444444,1,source,0.0,tabicl_aware_med,0.3137378692626953,,2475.0673471189457,0.5813776681530096,0.7626953125,0.7334650431329194
openml:42225,regression,1976,9,block_shift,0.5,0.4444444444444444,1,source,0.0,tabicl_aware_ypow,0.6180202960968018,,2087.623260926503,0.7021808596842667,0.7626953125,0.7334650431329194
openml:42225,regression,1976,9,block_shift,0.5,0.4444444444444444,1,source,0.0,tabicl_aware_n32_ypow,0.7150924205780029,,2015.8435292944393,0.722308881960761,0.794921875,0.7479300935271042
openml:42225,regression,2100,9,none,0.0,0.0,2,random,,tabicl_aware,0.32721805572509766,,702.9503594590194,0.9692750377985982,0.8155555555555556,0.23963509522437432
openml:42225,regression,2100,9,none,0.0,0.0,2,random,,tabicl_aware_n32,0.4119880199432373,,701.3454771256027,0.9694151719045866,0.8222222222222222,0.23847355633964779
openml:42225,regression,2100,9,none,0.0,0.0,2,random,,tabicl_aware_med,0.3262968063354492,,703.0838376097284,0.9692633684098706,0.8155555555555556,0.23963509522437432
openml:42225,regression,2100,9,none,0.0,0.0,2,random,,tabicl_aware_ypow,0.6407194137573242,,706.5623653344212,0.9689584752806876,0.8155555555555556,0.23963509522437432
openml:42225,regression,2100,9,none,0.0,0.0,2,random,,tabicl_aware_n32_ypow,0.8192825317382812,,705.3875734674083,0.9690616141278557,0.8222222222222222,0.23847355633964779
openml:42225,regression,1467,9,block,0.3,0.3333333333333333,2,source,1.0,tabicl_aware,0.31763362884521484,,4265.0221873532855,-0.07257219516751579,0.36660143509458576,0.876192958963393
openml:42225,regression,1467,9,block,0.3,0.3333333333333333,2,source,1.0,tabicl_aware_n32,0.3379819393157959,,4290.03329943294,-0.08518872089984053,0.3424657534246575,0.8104798446276263
openml:42225,regression,1467,9,block,0.3,0.3333333333333333,2,source,1.0,tabicl_aware_med,0.3122427463531494,,4352.177795145892,-0.1168560534759353,0.36660143509458576,0.876192958963393
openml:42225,regression,1467,9,block,0.3,0.3333333333333333,2,source,1.0,tabicl_aware_ypow,0.6611125469207764,,4264.861256880887,-0.07249125477097729,0.36660143509458576,0.876192958963393
openml:42225,regression,1467,9,block,0.3,0.3333333333333333,2,source,1.0,tabicl_aware_n32_ypow,0.6691148281097412,,4285.018825555359,-0.08265332323105756,0.3424657534246575,0.8104798446276263
openml:42225,regression,1995,9,block,0.5,0.4444444444444444,2,source,0.0,tabicl_aware,0.32618093490600586,,1450.410150850323,0.867205001415388,0.9213930348258706,0.7640208697119856
openml:42225,regression,1995,9,block,0.5,0.4444444444444444,2,source,0.0,tabicl_aware_n32,0.41440725326538086,,1438.117771393675,0.8694463664143288,0.918407960199005,0.7730199846328113
openml:42225,regression,1995,9,block,0.5,0.4444444444444444,2,source,0.0,tabicl_aware_med,0.3264498710632324,,1509.023791021955,0.8562551707802095,0.9213930348258706,0.7640208697119856
openml:42225,regression,1995,9,block,0.5,0.4444444444444444,2,source,0.0,tabicl_aware_ypow,0.6416401863098145,,1449.0977278671714,0.8674452153394899,0.9213930348258706,0.7640208697119856
openml:42225,regression,1995,9,block,0.5,0.4444444444444444,2,source,0.0,tabicl_aware_n32_ypow,0.8346786499023438,,1433.0656872389136,0.8703620207939561,0.918407960199005,0.7730199846328113
openml:42225,regression,1467,9,block_shift,0.3,0.279,2,source,1.0,tabicl_aware,0.32117271423339844,,2149.493196284708,0.7275692698455695,0.9067188519243313,0.9321759723096652
openml:42225,regression,1467,9,block_shift,0.3,0.279,2,source,1.0,tabicl_aware_n32,0.3518946170806885,,2122.9513382227233,0.7342556597872945,0.9021526418786693,0.9297194521657438
openml:42225,regression,1467,9,block_shift,0.3,0.279,2,source,1.0,tabicl_aware_med,0.31337785720825195,,2355.7193661936717,0.6727866235435751,0.9067188519243313,0.9321759723096652
openml:42225,regression,1467,9,block_shift,0.3,0.279,2,source,1.0,tabicl_aware_ypow,0.6675779819488525,,1962.4046929744882,0.7729293033585933,0.9067188519243313,0.9321759723096652
openml:42225,regression,1467,9,block_shift,0.3,0.279,2,source,1.0,tabicl_aware_n32_ypow,0.7081918716430664,,1933.470369055594,0.7795759456222213,0.9021526418786693,0.9297194521657438
openml:42225,regression,1995,9,block_shift,0.5,0.4444444444444444,2,source,0.0,tabicl_aware,0.3249373435974121,,2177.380261666489,0.700726253236164,0.6567164179104478,1.3036777519062095
openml:42225,regression,1995,9,block_shift,0.5,0.4444444444444444,2,source,0.0,tabicl_aware_n32,0.3889458179473877,,2156.442265208242,0.7064542966673676,0.6417910447761194,1.2698763868078475
openml:42225,regression,1995,9,block_shift,0.5,0.4444444444444444,2,source,0.0,tabicl_aware_med,0.3253495693206787,,1869.629599129817,0.7793463034177681,0.6567164179104478,1.3036777519062095
openml:42225,regression,1995,9,block_shift,0.5,0.4444444444444444,2,source,0.0,tabicl_aware_ypow,0.6375405788421631,,2184.484774516738,0.6987700832765751,0.6567164179104478,1.3036777519062095
openml:42225,regression,1995,9,block_shift,0.5,0.4444444444444444,2,source,0.0,tabicl_aware_n32_ypow,0.7663450241088867,,2167.900951119927,0.7033263810474597,0.6417910447761194,1.2698763868078475
openml:42225,regression,2100,9,none,0.0,0.0,3,random,,tabicl_aware,0.3664515018463135,,545.902341067676,0.9808113012077461,0.8188888888888889,0.22123135407371727
openml:42225,regression,2100,9,none,0.0,0.0,3,random,,tabicl_aware_n32,0.4133737087249756,,549.1152773075634,0.9805847643739849,0.82,0.22129009904685049
openml:42225,regression,2100,9,none,0.0,0.0,3,random,,tabicl_aware_med,0.3250582218170166,,550.5747325807679,0.9804814224168867,0.8188888888888889,0.22123135407371727
openml:42225,regression,2100,9,none,0.0,0.0,3,random,,tabicl_aware_ypow,0.6399126052856445,,545.5326807006207,0.9808372798463193,0.8188888888888889,0.22123135407371727
openml:42225,regression,2100,9,none,0.0,0.0,3,random,,tabicl_aware_n32_ypow,0.8259434700012207,,546.7330869661392,0.9807528546287402,0.82,0.22129009904685049
openml:42225,regression,2251,9,block,0.3,0.3333333333333333,3,source,2.0,tabicl_aware,0.3286430835723877,,1794.9336308072784,0.8100150794375182,0.9385847797062751,0.8878257571788737
openml:42225,regression,2251,9,block,0.3,0.3333333333333333,3,source,2.0,tabicl_aware_n32,0.3882734775543213,,1793.8941323321003,0.8102350673479451,0.9385847797062751,0.8895949662159297
openml:42225,regression,2251,9,block,0.3,0.3333333333333333,3,source,2.0,tabicl_aware_med,0.32306623458862305,,1902.6233112721227,0.7865343653092792,0.9385847797062751,0.8878257571788737
openml:42225,regression,2251,9,block,0.3,0.3333333333333333,3,source,2.0,tabicl_aware_ypow,0.6400153636932373,,1741.4315800399327,0.8211721423154776,0.9385847797062751,0.8878257571788737
openml:42225,regression,2251,9,block,0.3,0.3333333333333333,3,source,2.0,tabicl_aware_n32_ypow,0.8125276565551758,,1733.394639656981,0.8228189624897705,0.9385847797062751,0.8895949662159297
openml:42225,regression,1969,9,block,0.5,0.40774074074074074,3,source,0.0,tabicl_aware,0.32357048988342285,,1461.8947910966062,0.857949173450854,0.9670223084384093,0.9147784210076787
openml:42225,regression,1969,9,block,0.5,0.40774074074074074,3,source,0.0,tabicl_aware_n32,0.3808724880218506,,1452.627348015114,0.859744480821006,0.9709020368574199,0.9237802434638058
openml:42225,regression,1969,9,block,0.5,0.40774074074074074,3,source,0.0,tabicl_aware_med,0.3255903720855713,,1493.1122255415116,0.8518176661092176,0.9670223084384093,0.9147784210076787
openml:42225,regression,1969,9,block,0.5,0.40774074074074074,3,source,0.0,tabicl_aware_ypow,0.6390268802642822,,1477.0784789558763,0.8549830827243222,0.9670223084384093,0.9147784210076787
openml:42225,regression,1969,9,block,0.5,0.40774074074074074,3,source,0.0,tabicl_aware_n32_ypow,0.7631804943084717,,1467.42838415611,0.8568717509694794,0.9709020368574199,0.9237802434638058
openml:42225,regression,2251,9,block_shift,0.3,0.3333333333333333,3,source,2.0,tabicl_aware,0.33048534393310547,,1580.4773804403067,0.852701300892501,0.8197596795727636,0.7060654661910272
openml:42225,regression,2251,9,block_shift,0.3,0.3333333333333333,3,source,2.0,tabicl_aware_n32,0.4263138771057129,,1585.501016701976,0.8517634182988943,0.8251001335113485,0.7125263221135621
openml:42225,regression,2251,9,block_shift,0.3,0.3333333333333333,3,source,2.0,tabicl_aware_med,0.33466458320617676,,1585.553918339954,0.851753526045626,0.8197596795727636,0.7060654661910272
openml:42225,regression,2251,9,block_shift,0.3,0.3333333333333333,3,source,2.0,tabicl_aware_ypow,0.6915781497955322,,1569.8308609258138,0.854679103958501,0.8197596795727636,0.7060654661910272
openml:42225,regression,2251,9,block_shift,0.3,0.3333333333333333,3,source,2.0,tabicl_aware_n32_ypow,0.8430843353271484,,1572.2779977157365,0.8542256827654471,0.8251001335113485,0.7125263221135621
openml:42225,regression,1969,9,block_shift,0.5,0.4444444444444444,3,source,0.0,tabicl_aware,0.32349228858947754,,2440.464986455493,0.6041262636175769,0.7584869059165859,1.4410495497545286
openml:42225,regression,1969,9,block_shift,0.5,0.4444444444444444,3,source,0.0,tabicl_aware_n32,0.38489317893981934,,2402.9153117961027,0.6162145927766325,0.7478176527643065,1.4146741394621793
openml:42225,regression,1969,9,block_shift,0.5,0.4444444444444444,3,source,0.0,tabicl_aware_med,0.32271313667297363,,2195.9186915147566,0.6794881886284494,0.7584869059165859,1.4410495497545286
openml:42225,regression,1969,9,block_shift,0.5,0.4444444444444444,3,source,0.0,tabicl_aware_ypow,0.6391165256500244,,2558.3518872875147,0.5649570993399962,0.7584869059165859,1.4410495497545286
openml:42225,regression,1969,9,block_shift,0.5,0.4444444444444444,3,source,0.0,tabicl_aware_n32_ypow,0.7628710269927979,,2495.095479815078,0.5862044016863014,0.7478176527643065,1.4146741394621793
openml:42225,regression,2100,9,none,0.0,0.0,4,random,,tabicl_aware,0.32691097259521484,,652.9161410228662,0.9727342322234811,0.7755555555555556,0.23916347153674503
openml:42225,regression,2100,9,none,0.0,0.0,4,random,,tabicl_aware_n32,0.4104197025299072,,629.1784735138752,0.9746807619462184,0.7811111111111111,0.23588234274003414
openml:42225,regression,2100,9,none,0.0,0.0,4,random,,tabicl_aware_med,0.3598005771636963,,648.273076427163,0.9731206419971773,0.7755555555555556,0.23916347153674503
openml:42225,regression,2100,9,none,0.0,0.0,4,random,,tabicl_aware_ypow,0.6385016441345215,,643.4812578151129,0.9735165399159815,0.7755555555555556,0.23916347153674503
openml:42225,regression,2100,9,none,0.0,0.0,4,random,,tabicl_aware_n32_ypow,0.8232645988464355,,625.6712719470219,0.9749622470226258,0.7811111111111111,0.23588234274003414
openml:42225,regression,2002,9,block,0.3,0.3333333333333333,4,source,0.0,tabicl_aware,0.32250046730041504,,2672.700085509707,0.5490315530027975,0.8567134268537074,0.9039828031591635
openml:42225,regression,2002,9,block,0.3,0.3333333333333333,4,source,0.0,tabicl_aware_n32,0.36478495597839355,,2760.518828126712,0.5189091149491264,0.8567134268537074,0.885352227061118
openml:42225,regression,2002,9,block,0.3,0.3333333333333333,4,source,0.0,tabicl_aware_med,0.3177475929260254,,2984.653602012148,0.43761520529015063,0.8567134268537074,0.9039828031591635
openml:42225,regression,2002,9,block,0.3,0.3333333333333333,4,source,0.0,tabicl_aware_ypow,0.6295135021209717,,2555.7890534322505,0.5876217864775759,0.8567134268537074,0.9039828031591635
openml:42225,regression,2002,9,block,0.3,0.3333333333333333,4,source,0.0,tabicl_aware_n32_ypow,0.7638797760009766,,2617.7680598047527,0.5673785681646599,0.8567134268537074,0.885352227061118
openml:42225,regression,2428,9,block,0.5,0.4444444444444444,4,source,4.0,tabicl_aware,0.3303685188293457,,1315.7667012118516,0.8919371178386701,0.9423076923076923,0.8117719212202524
openml:42225,regression,2428,9,block,0.5,0.4444444444444444,4,source,4.0,tabicl_aware_n32,0.4247770309448242,,1296.3168578646919,0.8951083054586525,0.9405594405594405,0.8021166021252416
openml:42225,regression,2428,9,block,0.5,0.4444444444444444,4,source,4.0,tabicl_aware_med,0.32937145233154297,,1343.0926095032205,0.8874019984101222,0.9423076923076923,0.8117719212202524
openml:42225,regression,2428,9,block,0.5,0.4444444444444444,4,source,4.0,tabicl_aware_ypow,0.652475118637085,,1291.693400300554,0.8958551868399229,0.9423076923076923,0.8117719212202524
openml:42225,regression,2428,9,block,0.5,0.4444444444444444,4,source,4.0,tabicl_aware_n32_ypow,0.8468194007873535,,1278.0219720154626,0.8980480810208386,0.9405594405594405,0.8021166021252416
openml:42225,regression,2002,9,block_shift,0.3,0.3333333333333333,4,source,0.0,tabicl_aware,0.32237839698791504,,2633.584489503012,0.5621350191450591,0.6412825651302605,0.6628684419764342
openml:42225,regression,2002,9,block_shift,0.3,0.3333333333333333,4,source,0.0,tabicl_aware_n32,0.38387012481689453,,2613.561230089937,0.568767921449566,0.6533066132264529,0.677913782504628
openml:42225,regression,2002,9,block_shift,0.3,0.3333333333333333,4,source,0.0,tabicl_aware_med,0.32018208503723145,,2921.5340676285523,0.4611503422839168,0.6412825651302605,0.6628684419764342
openml:42225,regression,2002,9,block_shift,0.3,0.3333333333333333,4,source,0.0,tabicl_aware_ypow,0.6782870292663574,,2561.7758083282697,0.5856875902350235,0.6412825651302605,0.6628684419764342
openml:42225,regression,2002,9,block_shift,0.3,0.3333333333333333,4,source,0.0,tabicl_aware_n32_ypow,0.7629756927490234,,2533.381368406901,0.5948210767924226,0.6533066132264529,0.677913782504628
openml:42225,regression,2428,9,block_shift,0.5,0.4444444444444444,4,source,4.0,tabicl_aware,0.3280808925628662,,2833.4076423979127,0.4988855964573786,0.708041958041958,0.7356502869920777
openml:42225,regression,2428,9,block_shift,0.5,0.4444444444444444,4,source,4.0,tabicl_aware_n32,0.39055776596069336,,2732.2037160987456,0.5340439883167014,0.7237762237762237,0.728551664919629
openml:42225,regression,2428,9,block_shift,0.5,0.4444444444444444,4,source,4.0,tabicl_aware_med,0.3275916576385498,,3104.853986110123,0.3982707455410729,0.708041958041958,0.7356502869920777
openml:42225,regression,2428,9,block_shift,0.5,0.4444444444444444,4,source,4.0,tabicl_aware_ypow,0.6555876731872559,,2781.0815131161476,0.5172234128958054,0.708041958041958,0.7356502869920777
openml:42225,regression,2428,9,block_shift,0.5,0.4444444444444444,4,source,4.0,tabicl_aware_n32_ypow,0.7881374359130859,,2701.8548785065323,0.5443380115127039,0.7237762237762237,0.728551664919629
openml:44970,regression,635,6,none,0.0,0.0,0,random,,tabicl_aware,0.29549503326416016,,0.8599540737058011,0.6416172213813331,0.7948717948717948,1.2134513663018163
openml:44970,regression,635,6,none,0.0,0.0,0,random,,tabicl_aware_n32,0.30773401260375977,,0.8574725908673996,0.6436825354028043,0.7912087912087912,1.2103886597671594
openml:44970,regression,635,6,none,0.0,0.0,0,random,,tabicl_aware_med,0.29206228256225586,,0.8641843661399785,0.6380826305934999,0.7948717948717948,1.2134513663018163
openml:44970,regression,635,6,none,0.0,0.0,0,random,,tabicl_aware_ypow,0.6187658309936523,,0.859668388759724,0.6418552981841537,0.7948717948717948,1.2134513663018163
openml:44970,regression,635,6,none,0.0,0.0,0,random,,tabicl_aware_n32_ypow,0.6189286708831787,,0.8571547391031115,0.6439466491361885,0.7912087912087912,1.2103886597671594
openml:44970,regression,458,6,block,0.3,0.3333333333333333,0,source,0.0,tabicl_aware,0.29042744636535645,,1.2305233412806795,0.2706827752812483,0.7911111111111111,1.9632213239555982
openml:44970,regression,458,6,block,0.3,0.3333333333333333,0,source,0.0,tabicl_aware_n32,0.2856481075286865,,1.2305233412806795,0.2706827752812483,0.7911111111111111,1.9632213239555982
openml:44970,regression,458,6,block,0.3,0.3333333333333333,0,source,0.0,tabicl_aware_med,0.28637194633483887,,1.2369369443855223,0.2630604231040191,0.7911111111111111,1.9632213239555982
openml:44970,regression,458,6,block,0.3,0.3333333333333333,0,source,0.0,tabicl_aware_ypow,0.5754973888397217,,1.2305000212027728,0.2707104181105533,0.7911111111111111,1.9632213239555982
openml:44970,regression,458,6,block,0.3,0.3333333333333333,0,source,0.0,tabicl_aware_n32_ypow,0.5729610919952393,,1.2305000212027728,0.2707104181105533,0.7911111111111111,1.9632213239555982
openml:44970,regression,742,6,block,0.5,0.5,0,source,1.0,tabicl_aware,0.33409595489501953,,1.0355778346289728,0.5212547915680712,0.8373493975903614,1.78525946316237
openml:44970,regression,742,6,block,0.5,0.5,0,source,1.0,tabicl_aware_n32,0.31348252296447754,,1.03681831569745,0.5201071616399694,0.8373493975903614,1.7897268085188
openml:44970,regression,742,6,block,0.5,0.5,0,source,1.0,tabicl_aware_med,0.2910432815551758,,1.023243977092527,0.5325907080131942,0.8373493975903614,1.78525946316237
openml:44970,regression,742,6,block,0.5,0.5,0,source,1.0,tabicl_aware_ypow,0.5796217918395996,,1.0357590472628957,0.5210872285558742,0.8373493975903614,1.78525946316237
openml:44970,regression,742,6,block,0.5,0.5,0,source,1.0,tabicl_aware_n32_ypow,0.6188945770263672,,1.0368183616647777,0.5201071190878818,0.8373493975903614,1.7897268085188
openml:44970,regression,458,6,block_shift,0.3,0.3333333333333333,0,source,0.0,tabicl_aware,0.28389477729797363,,1.2997376089031873,0.1863303256082227,0.7844444444444445,2.145173405831997
openml:44970,regression,458,6,block_shift,0.3,0.3333333333333333,0,source,0.0,tabicl_aware_n32,0.28152036666870117,,1.2997376089031873,0.1863303256082227,0.7844444444444445,2.145173405831997
openml:44970,regression,458,6,block_shift,0.3,0.3333333333333333,0,source,0.0,tabicl_aware_med,0.2813074588775635,,1.3198827479311948,0.16091209098652315,0.7844444444444445,2.145173405831997
openml:44970,regression,458,6,block_shift,0.3,0.3333333333333333,0,source,0.0,tabicl_aware_ypow,0.5594708919525146,,1.2993258874110227,0.18684574076570803,0.7844444444444445,2.145173405831997
openml:44970,regression,458,6,block_shift,0.3,0.3333333333333333,0,source,0.0,tabicl_aware_n32_ypow,0.6049079895019531,,1.2993258874110227,0.18684574076570803,0.7844444444444445,2.145173405831997
openml:44970,regression,742,6,block_shift,0.5,0.5,0,source,1.0,tabicl_aware,0.29271697998046875,,1.3052010171995565,0.239509567108801,0.7228915662650602,1.9562587194837757
openml:44970,regression,742,6,block_shift,0.5,0.5,0,source,1.0,tabicl_aware_n32,0.298586368560791,,1.3014792344702597,0.24384046281754446,0.7228915662650602,1.9503228084148605
openml:44970,regression,742,6,block_shift,0.5,0.5,0,source,1.0,tabicl_aware_med,0.2915349006652832,,1.2755207737611975,0.2737033850769488,0.7228915662650602,1.9562587194837757
openml:44970,regression,742,6,block_shift,0.5,0.5,0,source,1.0,tabicl_aware_ypow,0.5743401050567627,,1.306062459812849,0.23850537687453266,0.7228915662650602,1.9562587194837757
openml:44970,regression,742,6,block_shift,0.5,0.5,0,source,1.0,tabicl_aware_n32_ypow,0.588165283203125,,1.3020786521396792,0.24314377899410422,0.7228915662650602,1.9503228084148605
openml:44970,regression,635,6,none,0.0,0.0,1,random,,tabicl_aware,0.2886350154876709,,0.8389785259324706,0.6698867893725229,0.7985347985347986,1.1999405638582554
openml:44970,regression,635,6,none,0.0,0.0,1,random,,tabicl_aware_n32,0.30496668815612793,,0.8388736364678512,0.6699693260106253,0.8021978021978022,1.202582277865622
openml:44970,regression,635,6,none,0.0,0.0,1,random,,tabicl_aware_med,0.2871668338775635,,0.8411578688815033,0.6681695480450385,0.7985347985347986,1.1999405638582554
openml:44970,regression,635,6,none,0.0,0.0,1,random,,tabicl_aware_ypow,0.6082215309143066,,0.838627805468862,0.6701627279223539,0.7985347985347986,1.1999405638582554
openml:44970,regression,635,6,none,0.0,0.0,1,random,,tabicl_aware_n32_ypow,0.6053249835968018,,0.8385308779822436,0.670238967822879,0.8021978021978022,1.202582277865622
openml:44970,regression,614,6,block,0.3,0.3333333333333333,1,source,1.0,tabicl_aware,0.29088830947875977,,0.8706283195950768,0.584173790804825,0.9047619047619048,2.0418131436136644
openml:44970,regression,614,6,block,0.3,0.3333333333333333,1,source,1.0,tabicl_aware_n32,0.30848217010498047,,0.8687449216147296,0.5859709277178131,0.9047619047619048,2.0454171450960406
openml:44970,regression,614,6,block,0.3,0.3333333333333333,1,source,1.0,tabicl_aware_med,0.2888786792755127,,0.877539336705846,0.5775459612878189,0.9047619047619048,2.0418131436136644
openml:44970,regression,614,6,block,0.3,0.3333333333333333,1,source,1.0,tabicl_aware_ypow,0.5731713771820068,,0.8699494668531923,0.5848220001573793,0.9047619047619048,2.0418131436136644
openml:44970,regression,614,6,block,0.3,0.3333333333333333,1,source,1.0,tabicl_aware_n32_ypow,0.6136548519134521,,0.868055434938779,0.5866278621984613,0.9047619047619048,2.0454171450960406
openml:44970,regression,622,6,block,0.5,0.447503671071953,1,source,2.0,tabicl_aware,0.2884948253631592,,1.2871530826564417,0.12826021715924651,0.7412587412587412,2.0018347733317525
openml:44970,regression,622,6,block,0.5,0.447503671071953,1,source,2.0,tabicl_aware_n32,0.2846086025238037,,1.2871530826564417,0.12826021715924651,0.7412587412587412,2.0018347733317525
openml:44970,regression,622,6,block,0.5,0.447503671071953,1,source,2.0,tabicl_aware_med,0.2836892604827881,,1.2833301380343947,0.13343079694479332,0.7412587412587412,2.0018347733317525
openml:44970,regression,622,6,block,0.5,0.447503671071953,1,source,2.0,tabicl_aware_ypow,0.6090865135192871,,1.2871255721390313,0.1282974804133391,0.7412587412587412,2.0018347733317525
openml:44970,regression,622,6,block,0.5,0.447503671071953,1,source,2.0,tabicl_aware_n32_ypow,0.5675351619720459,,1.2871255721390313,0.1282974804133391,0.7412587412587412,2.0018347733317525
openml:44970,regression,614,6,block_shift,0.3,0.3333333333333333,1,source,1.0,tabicl_aware,0.28884291648864746,,1.0457405991687083,0.400078788016875,0.8537414965986394,2.0546709296852383
openml:44970,regression,614,6,block_shift,0.3,0.3333333333333333,1,source,1.0,tabicl_aware_n32,0.2931079864501953,,1.0434699806565708,0.4026811797488067,0.8503401360544217,2.061199595411385
openml:44970,regression,614,6,block_shift,0.3,0.3333333333333333,1,source,1.0,tabicl_aware_med,0.2847630977630615,,1.0554452953838558,0.3888923273048116,0.8537414965986394,2.0546709296852383
openml:44970,regression,614,6,block_shift,0.3,0.3333333333333333,1,source,1.0,tabicl_aware_ypow,0.5685634613037109,,1.0452943057809454,0.40059073856765615,0.8537414965986394,2.0546709296852383
openml:44970,regression,614,6,block_shift,0.3,0.3333333333333333,1,source,1.0,tabicl_aware_n32_ypow,0.5827829837799072,,1.0430971853747668,0.40310790570084876,0.8503401360544217,2.061199595411385
openml:44970,regression,622,6,block_shift,0.5,0.39500734214390604,1,source,2.0,tabicl_aware,0.3267638683319092,,1.377063867705086,0.002220377960815645,0.541958041958042,1.916651459260507
openml:44970,regression,622,6,block_shift,0.5,0.39500734214390604,1,source,2.0,tabicl_aware_n32,0.28752994537353516,,1.377063867705086,0.002220377960815645,0.541958041958042,1.916651459260507
openml:44970,regression,622,6,block_shift,0.5,0.39500734214390604,1,source,2.0,tabicl_aware_med,0.285444974899292,,1.3172155388673759,0.08706437561914993,0.541958041958042,1.916651459260507
openml:44970,regression,622,6,block_shift,0.5,0.39500734214390604,1,source,2.0,tabicl_aware_ypow,0.5713419914245605,,1.3798187761051122,-0.0017758652015738008,0.541958041958042,1.916651459260507
openml:44970,regression,622,6,block_shift,0.5,0.39500734214390604,1,source,2.0,tabicl_aware_n32_ypow,0.5813634395599365,,1.3798187761051122,-0.0017758652015738008,0.541958041958042,1.916651459260507
openml:44970,regression,635,6,none,0.0,0.0,2,random,,tabicl_aware,0.2914159297943115,,0.8469352803104526,0.6832782423429726,0.8168498168498168,1.222059583474556
openml:44970,regression,635,6,none,0.0,0.0,2,random,,tabicl_aware_n32,0.3070647716522217,,0.847086053117838,0.6831654656522183,0.8168498168498168,1.2234944555647183
openml:44970,regression,635,6,none,0.0,0.0,2,random,,tabicl_aware_med,0.28743791580200195,,0.8460965932709379,0.6839052062154494,0.8168498168498168,1.222059583474556
openml:44970,regression,635,6,none,0.0,0.0,2,random,,tabicl_aware_ypow,0.5732831954956055,,0.8468813661235293,0.6833185647924835,0.8168498168498168,1.222059583474556
openml:44970,regression,635,6,none,0.0,0.0,2,random,,tabicl_aware_n32_ypow,0.6484100818634033,,0.8470674876035694,0.6831793535720743,0.8168498168498168,1.2234944555647183
openml:44970,regression,447,6,block,0.3,0.2512848751835536,2,source,0.0,tabicl_aware,0.2898378372192383,,1.0791441275217806,0.4098162233185254,0.8394793926247288,2.0937712708639866
openml:44970,regression,447,6,block,0.3,0.2512848751835536,2,source,0.0,tabicl_aware_n32,0.2910463809967041,,1.0773965501030154,0.41172617527274014,0.841648590021692,2.089983274525854
openml:44970,regression,447,6,block,0.3,0.2512848751835536,2,source,0.0,tabicl_aware_med,0.28496837615966797,,1.0791375962496816,0.40982336720055357,0.8394793926247288,2.0937712708639866
openml:44970,regression,447,6,block,0.3,0.2512848751835536,2,source,0.0,tabicl_aware_ypow,0.567887544631958,,1.0790600524427385,0.4099081810348213,0.8394793926247288,2.0937712708639866
openml:44970,regression,447,6,block,0.3,0.2512848751835536,2,source,0.0,tabicl_aware_n32_ypow,0.5802254676818848,,1.0774388401866664,0.4116799923932516,0.841648590021692,2.089983274525854
openml:44970,regression,603,6,block,0.5,0.3893171806167401,2,source,1.0,tabicl_aware,0.2922840118408203,,1.069656290939946,0.3957797885106662,0.8131147540983606,1.8623814778636032
openml:44970,regression,603,6,block,0.5,0.3893171806167401,2,source,1.0,tabicl_aware_n32,0.30875372886657715,,1.0752749934272097,0.38941540752862347,0.8065573770491803,1.8513544680575837
openml:44970,regression,603,6,block,0.5,0.3893171806167401,2,source,1.0,tabicl_aware_med,0.29226136207580566,,1.0607650579368983,0.40578288011964836,0.8131147540983606,1.8623814778636032
openml:44970,regression,603,6,block,0.5,0.3893171806167401,2,source,1.0,tabicl_aware_ypow,0.6127736568450928,,1.0706330368247623,0.3946758094777454,0.8131147540983606,1.8623814778636032
openml:44970,regression,603,6,block,0.5,0.3893171806167401,2,source,1.0,tabicl_aware_n32_ypow,0.6152486801147461,,1.0764884129255372,0.3880365727285984,0.8065573770491803,1.8513544680575837
openml:44970,regression,447,6,block_shift,0.3,0.2487151248164464,2,source,0.0,tabicl_aware,0.28788328170776367,,1.1467571566343806,0.3335443072235743,0.7700650759219089,2.0118091323355816
openml:44970,regression,447,6,block_shift,0.3,0.2487151248164464,2,source,0.0,tabicl_aware_n32,0.284196138381958,,1.1467571566343806,0.3335443072235743,0.7700650759219089,2.0118091323355816
openml:44970,regression,447,6,block_shift,0.3,0.2487151248164464,2,source,0.0,tabicl_aware_med,0.2837193012237549,,1.1662362412448137,0.31071086957416905,0.7700650759219089,2.0118091323355816
openml:44970,regression,447,6,block_shift,0.3,0.2487151248164464,2,source,0.0,tabicl_aware_ypow,0.5649397373199463,,1.1466176384445235,0.3337064636750088,0.7700650759219089,2.0118091323355816
openml:44970,regression,447,6,block_shift,0.3,0.2487151248164464,2,source,0.0,tabicl_aware_n32_ypow,0.5667402744293213,,1.1466176384445235,0.3337064636750088,0.7700650759219089,2.0118091323355816
openml:44970,regression,603,6,block_shift,0.5,0.38362701908957414,2,source,1.0,tabicl_aware,0.2928957939147949,,1.3007943641880662,0.10643933554133433,0.7377049180327869,1.8593799550750183
openml:44970,regression,603,6,block_shift,0.5,0.38362701908957414,2,source,1.0,tabicl_aware_n32,0.30957889556884766,,1.302708787613866,0.10380723268316305,0.7377049180327869,1.8634007550839473
openml:44970,regression,603,6,block_shift,0.5,0.38362701908957414,2,source,1.0,tabicl_aware_med,0.3298513889312744,,1.3527894988435745,0.033577136597509716,0.7377049180327869,1.8593799550750183
openml:44970,regression,603,6,block_shift,0.5,0.38362701908957414,2,source,1.0,tabicl_aware_ypow,0.5752966403961182,,1.2998813340440314,0.10769327931911399,0.7377049180327869,1.8593799550750183
openml:44970,regression,603,6,block_shift,0.5,0.38362701908957414,2,source,1.0,tabicl_aware_n32_ypow,0.6181764602661133,,1.30181998528469,0.10502971079724022,0.7377049180327869,1.8634007550839473
openml:44970,regression,635,6,none,0.0,0.0,3,random,,tabicl_aware,0.28995180130004883,,0.8217214973634488,0.6907887262110275,0.7655677655677655,1.174515456265621
openml:44970,regression,635,6,none,0.0,0.0,3,random,,tabicl_aware_n32,0.3066411018371582,,0.8204102022876162,0.6917748114034237,0.7655677655677655,1.1755022947702383
openml:44970,regression,635,6,none,0.0,0.0,3,random,,tabicl_aware_med,0.287200927734375,,0.8294103847173475,0.6849750440638289,0.7655677655677655,1.174515456265621
openml:44970,regression,635,6,none,0.0,0.0,3,random,,tabicl_aware_ypow,0.5707066059112549,,0.8211874342987451,0.6911905281760827,0.7655677655677655,1.174515456265621
openml:44970,regression,635,6,none,0.0,0.0,3,random,,tabicl_aware_n32_ypow,0.6448612213134766,,0.819850104515241,0.692195521217291,0.7655677655677655,1.1755022947702383
openml:44970,regression,652,6,block,0.3,0.3333333333333333,3,source,1.0,tabicl_aware,0.29111218452453613,,1.1460564496848964,0.332563182701784,0.8203125,2.179239848596882
openml:44970,regression,652,6,block,0.3,0.3333333333333333,3,source,1.0,tabicl_aware_n32,0.3081057071685791,,1.1461819585558373,0.33241698775942174,0.81640625,2.171057096819428
openml:44970,regression,652,6,block,0.3,0.3333333333333333,3,source,1.0,tabicl_aware_med,0.2893803119659424,,1.1504034234572913,0.32749042613713486,0.8203125,2.179239848596882
openml:44970,regression,652,6,block,0.3,0.3333333333333333,3,source,1.0,tabicl_aware_ypow,0.5727860927581787,,1.1458484795083108,0.3328053947820465,0.8203125,2.179239848596882
openml:44970,regression,652,6,block,0.3,0.3333333333333333,3,source,1.0,tabicl_aware_n32_ypow,0.6090466976165771,,1.1459742647455775,0.33265890449201707,0.81640625,2.171057096819428
openml:44970,regression,620,6,block,0.5,0.5,3,source,2.0,tabicl_aware,0.2882065773010254,,1.2186370928263757,0.21081139980310504,0.8784722222222222,2.5590052460379105
openml:44970,regression,620,6,block,0.5,0.5,3,source,2.0,tabicl_aware_n32,0.2924168109893799,,1.2195694453156165,0.20960335610712788,0.8784722222222222,2.543056256508241
openml:44970,regression,620,6,block,0.5,0.5,3,source,2.0,tabicl_aware_med,0.285308837890625,,1.217062035855153,0.21285009324181958,0.8784722222222222,2.5590052460379105
openml:44970,regression,620,6,block,0.5,0.5,3,source,2.0,tabicl_aware_ypow,0.6052305698394775,,1.2182324798709916,0.21133536698575972,0.8784722222222222,2.5590052460379105
openml:44970,regression,620,6,block,0.5,0.5,3,source,2.0,tabicl_aware_n32_ypow,0.5837278366088867,,1.2191267549668783,0.21017706261012592,0.8784722222222222,2.543056256508241
openml:44970,regression,652,6,block_shift,0.3,0.2949706314243759,3,source,1.0,tabicl_aware,0.2927863597869873,,1.1358542260470381,0.3443933699821291,0.77734375,1.7902516868775846
openml:44970,regression,652,6,block_shift,0.3,0.2949706314243759,3,source,1.0,tabicl_aware_n32,0.3080260753631592,,1.1360450573441787,0.3441730586597037,0.77734375,1.7859932432158911
openml:44970,regression,652,6,block_shift,0.3,0.2949706314243759,3,source,1.0,tabicl_aware_med,0.28935670852661133,,1.1611444984724273,0.3148736385459605,0.77734375,1.7902516868775846
openml:44970,regression,652,6,block_shift,0.3,0.2949706314243759,3,source,1.0,tabicl_aware_ypow,0.5738570690155029,,1.1361837169625384,0.3440129553919079,0.77734375,1.7902516868775846
openml:44970,regression,652,6,block_shift,0.3,0.2949706314243759,3,source,1.0,tabicl_aware_n32_ypow,0.6142289638519287,,1.1363894816168287,0.3437753333103959,0.77734375,1.7859932432158911
openml:44970,regression,620,6,block_shift,0.5,0.5,3,source,2.0,tabicl_aware,0.2904398441314697,,1.3656574289753083,0.008904372089836299,0.75,2.266851702760104
openml:44970,regression,620,6,block_shift,0.5,0.5,3,source,2.0,tabicl_aware_n32,0.28664398193359375,,1.3656574289753083,0.008904372089836299,0.75,2.266851702760104
openml:44970,regression,620,6,block_shift,0.5,0.5,3,source,2.0,tabicl_aware_med,0.28580546379089355,,1.3608606967564185,0.015854389311302897,0.75,2.266851702760104
openml:44970,regression,620,6,block_shift,0.5,0.5,3,source,2.0,tabicl_aware_ypow,0.61309814453125,,1.366487385406236,0.007699361047821207,0.75,2.266851702760104
openml:44970,regression,620,6,block_shift,0.5,0.5,3,source,2.0,tabicl_aware_n32_ypow,0.5725874900817871,,1.366487385406236,0.007699361047821207,0.75,2.266851702760104
openml:44970,regression,635,6,none,0.0,0.0,4,random,,tabicl_aware,0.29079699516296387,,0.8320888261683578,0.6564051387378684,0.7985347985347986,1.2594643600994544
openml:44970,regression,635,6,none,0.0,0.0,4,random,,tabicl_aware_n32,0.30483174324035645,,0.8318692589249259,0.6565864468399103,0.7948717948717948,1.259534145530192
openml:44970,regression,635,6,none,0.0,0.0,4,random,,tabicl_aware_med,0.28641605377197266,,0.8401188165273902,0.6497414836818894,0.7985347985347986,1.2594643600994544
openml:44970,regression,635,6,none,0.0,0.0,4,random,,tabicl_aware_ypow,0.5690762996673584,,0.8315549095075379,0.6568459382265812,0.7985347985347986,1.2594643600994544
openml:44970,regression,635,6,none,0.0,0.0,4,random,,tabicl_aware_n32_ypow,0.6033432483673096,,0.8313036245679681,0.6570533001650136,0.7948717948717948,1.259534145530192
openml:44970,regression,592,6,block,0.3,0.3333333333333333,4,source,1.0,tabicl_aware,0.3300168514251709,,1.0144303372959536,0.5156833117803212,0.8069620253164557,1.784089693178639
openml:44970,regression,592,6,block,0.3,0.3333333333333333,4,source,1.0,tabicl_aware_n32,0.3052198886871338,,1.0145718168201021,0.5155482099990201,0.8037974683544303,1.7907854334142181
openml:44970,regression,592,6,block,0.3,0.3333333333333333,4,source,1.0,tabicl_aware_med,0.28644609451293945,,1.0071877784902246,0.5225742146346668,0.8069620253164557,1.784089693178639
openml:44970,regression,592,6,block,0.3,0.3333333333333333,4,source,1.0,tabicl_aware_ypow,0.5731830596923828,,1.0144651303708607,0.5156500888863103,0.8069620253164557,1.784089693178639
openml:44970,regression,592,6,block,0.3,0.3333333333333333,4,source,1.0,tabicl_aware_n32_ypow,0.6153044700622559,,1.0146189173920575,0.5155032284892505,0.8037974683544303,1.7907854334142181
openml:44970,regression,716,6,block,0.5,0.5,4,source,4.0,tabicl_aware,0.2933344841003418,,1.0484996445459345,0.44416412907433667,0.8385416666666666,2.022029008051388
openml:44970,regression,716,6,block,0.5,0.5,4,source,4.0,tabicl_aware_n32,0.3085134029388428,,1.0486697915586212,0.44398371606793274,0.84375,2.0274981968830588
openml:44970,regression,716,6,block,0.5,0.5,4,source,4.0,tabicl_aware_med,0.2904512882232666,,1.0523226504040897,0.440103397553274,0.8385416666666666,2.022029008051388
openml:44970,regression,716,6,block,0.5,0.5,4,source,4.0,tabicl_aware_ypow,0.5766270160675049,,1.0482713304192097,0.4444061727700682,0.8385416666666666,2.022029008051388
openml:44970,regression,716,6,block,0.5,0.5,4,source,4.0,tabicl_aware_n32_ypow,0.655548095703125,,1.048423517859864,0.4442448394626777,0.84375,2.0274981968830588
openml:44970,regression,592,6,block_shift,0.3,0.3333333333333333,4,source,1.0,tabicl_aware,0.2888505458831787,,1.1215160387075798,0.4080351030365039,0.8291139240506329,1.9426125740605147
openml:44970,regression,592,6,block_shift,0.3,0.3333333333333333,4,source,1.0,tabicl_aware_n32,0.3051178455352783,,1.1229916839219258,0.40647631151709773,0.8259493670886076,1.9566008925051357
openml:44970,regression,592,6,block_shift,0.3,0.3333333333333333,4,source,1.0,tabicl_aware_med,0.2862699031829834,,1.1231114997617195,0.4063496545990365,0.8291139240506329,1.9426125740605147
openml:44970,regression,592,6,block_shift,0.3,0.3333333333333333,4,source,1.0,tabicl_aware_ypow,0.5690417289733887,,1.1211471372950714,0.40842447022105854,0.8291139240506329,1.9426125740605147
openml:44970,regression,592,6,block_shift,0.3,0.3333333333333333,4,source,1.0,tabicl_aware_n32_ypow,0.6080019474029541,,1.1226094728887237,0.4068802551988715,0.8259493670886076,1.9566008925051357
openml:44970,regression,716,6,block_shift,0.5,0.5,4,source,4.0,tabicl_aware,0.2946586608886719,,1.3801861091394039,0.03686913718273799,0.7708333333333334,2.1444618037093712
openml:44970,regression,716,6,block_shift,0.5,0.5,4,source,4.0,tabicl_aware_n32,0.3094146251678467,,1.3828837696333767,0.03310045811170348,0.765625,2.131528912342033
openml:44970,regression,716,6,block_shift,0.5,0.5,4,source,4.0,tabicl_aware_med,0.289837121963501,,1.3908055628899503,0.02199103990865614,0.7708333333333334,2.1444618037093712
openml:44970,regression,716,6,block_shift,0.5,0.5,4,source,4.0,tabicl_aware_ypow,0.6201760768890381,,1.3799550518338628,0.03719158615243212,0.7708333333333334,2.1444618037093712
openml:44970,regression,716,6,block_shift,0.5,0.5,4,source,4.0,tabicl_aware_n32_ypow,0.6186363697052002,,1.3827511136495279,0.03328595288832281,0.765625,2.131528912342033
openml:507,regression,2100,6,none,0.0,0.0,0,random,,tabicl_aware,0.31291627883911133,,0.11246534060241666,0.726298831508048,0.7788888888888889,0.9507028456657158
openml:507,regression,2100,6,none,0.0,0.0,0,random,,tabicl_aware_n32,0.3360457420349121,,0.11196715471819757,0.728718280117439,0.7811111111111111,0.9512414387274474
openml:507,regression,2100,6,none,0.0,0.0,0,random,,tabicl_aware_med,0.313507080078125,,0.1132896559858091,0.722271939140293,0.7788888888888889,0.9507028456657158
openml:507,regression,2100,6,none,0.0,0.0,0,random,,tabicl_aware_ypow,0.6199204921722412,,0.11276755717211827,0.7248258769726771,0.7788888888888889,0.9507028456657158
openml:507,regression,2100,6,none,0.0,0.0,0,random,,tabicl_aware_n32_ypow,0.6779417991638184,,0.11229339142741858,0.7271351196053628,0.7811111111111111,0.9512414387274474
openml:507,regression,1464,6,block,0.3,0.252,0,source,1.0,tabicl_aware,0.31046104431152344,,0.16490994568275025,0.2729184301234626,0.83203125,2.489005710254922
openml:507,regression,1464,6,block,0.3,0.252,0,source,1.0,tabicl_aware_n32,0.317202091217041,,0.1647892518378196,0.2739823096512193,0.830078125,2.4920116848916503
openml:507,regression,1464,6,block,0.3,0.252,0,source,1.0,tabicl_aware_med,0.30730772018432617,,0.1617199590274471,0.3007754240460021,0.83203125,2.489005710254922
openml:507,regression,1464,6,block,0.3,0.252,0,source,1.0,tabicl_aware_ypow,0.6481788158416748,,0.16445416975645777,0.2769318731468985,0.83203125,2.489005710254922
openml:507,regression,1464,6,block,0.3,0.252,0,source,1.0,tabicl_aware_n32_ypow,0.6299629211425781,,0.16437768535139632,0.2776042863220973,0.830078125,2.4920116848916503
openml:507,regression,2418,6,block,0.5,0.5,0,source,1.0,tabicl_aware,0.322784423828125,,0.1696696931329881,0.37932758910971753,0.8694158075601375,1.8146150742471878
openml:507,regression,2418,6,block,0.5,0.5,0,source,1.0,tabicl_aware_n32,0.34807395935058594,,0.16982638496520688,0.3781806641264599,0.8780068728522337,1.8426895729042334
openml:507,regression,2418,6,block,0.5,0.5,0,source,1.0,tabicl_aware_med,0.321319580078125,,0.16937193459880978,0.3815041515712395,0.8694158075601375,1.8146150742471878
openml:507,regression,2418,6,block,0.5,0.5,0,source,1.0,tabicl_aware_ypow,0.6293389797210693,,0.16965867457322759,0.3794082009604375,0.8694158075601375,1.8146150742471878
openml:507,regression,2418,6,block,0.5,0.5,0,source,1.0,tabicl_aware_n32_ypow,0.689640998840332,,0.16983422785340968,0.3781232293274367,0.8780068728522337,1.8426895729042334
openml:507,regression,1464,6,block_shift,0.3,0.252,0,source,1.0,tabicl_aware,0.34833526611328125,,0.3093901976797519,-1.5591900518668118,0.7890625,3.8130049370685035
openml:507,regression,1464,6,block_shift,0.3,0.252,0,source,1.0,tabicl_aware_n32,0.3197000026702881,,0.31180909943705293,-1.5993634551667117,0.7864583333333334,3.8379440325320844
openml:507,regression,1464,6,block_shift,0.3,0.252,0,source,1.0,tabicl_aware_med,0.3079807758331299,,0.26502192787768536,-0.8778160933441399,0.7890625,3.8130049370685035
openml:507,regression,1464,6,block_shift,0.3,0.252,0,source,1.0,tabicl_aware_ypow,0.608936071395874,,0.3176949141029906,-1.6984225887594078,0.7890625,3.8130049370685035
openml:507,regression,1464,6,block_shift,0.3,0.252,0,source,1.0,tabicl_aware_n32_ypow,0.6286094188690186,,0.31713267813952006,-1.6888800516934523,0.7864583333333334,3.8379440325320844
openml:507,regression,2418,6,block_shift,0.5,0.5,0,source,1.0,tabicl_aware,0.3207991123199463,,0.1725807150888513,0.35784714044010435,0.8848797250859106,2.021216804104455
openml:507,regression,2418,6,block_shift,0.5,0.5,0,source,1.0,tabicl_aware_n32,0.34410691261291504,,0.17265682821945155,0.35728059924378175,0.8848797250859106,2.025747404199249
openml:507,regression,2418,6,block_shift,0.5,0.5,0,source,1.0,tabicl_aware_med,0.3193061351776123,,0.17109283819632629,0.3688718461328617,0.8848797250859106,2.021216804104455
openml:507,regression,2418,6,block_shift,0.5,0.5,0,source,1.0,tabicl_aware_ypow,0.6278464794158936,,0.17261730782060974,0.35757479693393923,0.8848797250859106,2.021216804104455
openml:507,regression,2418,6,block_shift,0.5,0.5,0,source,1.0,tabicl_aware_n32_ypow,0.7294363975524902,,0.17268840593189144,0.3570454800818288,0.8848797250859106,2.025747404199249
openml:507,regression,2100,6,none,0.0,0.0,1,random,,tabicl_aware,0.3169732093811035,,0.11141930806113105,0.735201368823879,0.7777777777777778,0.9376860973612763
openml:507,regression,2100,6,none,0.0,0.0,1,random,,tabicl_aware_n32,0.33722496032714844,,0.1119332236764082,0.7327529961982743,0.7755555555555556,0.9380334341848363
openml:507,regression,2100,6,none,0.0,0.0,1,random,,tabicl_aware_med,0.31519317626953125,,0.1113846036592818,0.7353662997875489,0.7777777777777778,0.9376860973612763
openml:507,regression,2100,6,none,0.0,0.0,1,random,,tabicl_aware_ypow,0.6196417808532715,,0.11231079598731579,0.7309470041683915,0.7777777777777778,0.9376860973612763
openml:507,regression,2100,6,none,0.0,0.0,1,random,,tabicl_aware_n32_ypow,0.6740591526031494,,0.11284018127602982,0.7284046238000708,0.7755555555555556,0.9380334341848363
openml:507,regression,1997,6,block,0.3,0.3333333333333333,1,source,1.0,tabicl_aware,0.3116624355316162,,0.31035795388957443,-1.7953112571039265,0.7906281156530409,3.6736525640737963
openml:507,regression,1997,6,block,0.3,0.3333333333333333,1,source,1.0,tabicl_aware_n32,0.31813669204711914,,0.3180875652851034,-1.9362822335474905,0.7846460618145563,3.70710832049264
openml:507,regression,1997,6,block,0.3,0.3333333333333333,1,source,1.0,tabicl_aware_med,0.3070034980773926,,0.2543231392824449,-0.8770513986258697,0.7906281156530409,3.6736525640737963
openml:507,regression,1997,6,block,0.3,0.3333333333333333,1,source,1.0,tabicl_aware_ypow,0.6512036323547363,,0.2839860771352957,-1.340445382095906,0.7906281156530409,3.6736525640737963
openml:507,regression,1997,6,block,0.3,0.3333333333333333,1,source,1.0,tabicl_aware_n32_ypow,0.6387190818786621,,0.2901206490148707,-1.4426525390718563,0.7846460618145563,3.70710832049264
openml:507,regression,1976,6,block,0.5,0.4473888888888889,1,source,0.0,tabicl_aware,0.3140888214111328,,0.17554740641549832,0.16418292901789067,0.787109375,2.2122384987540813
openml:507,regression,1976,6,block,0.5,0.4473888888888889,1,source,0.0,tabicl_aware_n32,0.3212854862213135,,0.1760089710690231,0.15978194363458476,0.7861328125,2.190470716755559
openml:507,regression,1976,6,block,0.5,0.4473888888888889,1,source,0.0,tabicl_aware_med,0.31005120277404785,,0.17914353345660589,0.1295883919830092,0.787109375,2.2122384987540813
openml:507,regression,1976,6,block,0.5,0.4473888888888889,1,source,0.0,tabicl_aware_ypow,0.6133179664611816,,0.17607717790708607,0.1591306163681191,0.787109375,2.2122384987540813
openml:507,regression,1976,6,block,0.5,0.4473888888888889,1,source,0.0,tabicl_aware_n32_ypow,0.6391589641571045,,0.1765171311647957,0.15492330902396478,0.7861328125,2.190470716755559
openml:507,regression,1997,6,block_shift,0.3,0.3333333333333333,1,source,1.0,tabicl_aware,0.3130316734313965,,0.14947819056922954,0.3515745119003453,0.8075772681954138,1.987521036073582
openml:507,regression,1997,6,block_shift,0.3,0.3333333333333333,1,source,1.0,tabicl_aware_n32,0.3195466995239258,,0.14958492596161288,0.35064816059202986,0.8085742771684945,1.9946001974545409
openml:507,regression,1997,6,block_shift,0.3,0.3333333333333333,1,source,1.0,tabicl_aware_med,0.3507850170135498,,0.15106862816704436,0.33770270027256655,0.8075772681954138,1.987521036073582
openml:507,regression,1997,6,block_shift,0.3,0.3333333333333333,1,source,1.0,tabicl_aware_ypow,0.6124505996704102,,0.15346014297126162,0.31656752678467603,0.8075772681954138,1.987521036073582
openml:507,regression,1997,6,block_shift,0.3,0.3333333333333333,1,source,1.0,tabicl_aware_n32_ypow,0.6371550559997559,,0.15371888986788582,0.3142609329240208,0.8085742771684945,1.9946001974545409
openml:507,regression,1976,6,block_shift,0.5,0.4431111111111111,1,source,0.0,tabicl_aware,0.31221914291381836,,0.17508470717301294,0.16858313371435085,0.7216796875,2.0365992712338117
openml:507,regression,1976,6,block_shift,0.5,0.4431111111111111,1,source,0.0,tabicl_aware_n32,0.3208301067352295,,0.17479891792610427,0.1712951475680634,0.7265625,2.0432010010541837
openml:507,regression,1976,6,block_shift,0.5,0.4431111111111111,1,source,0.0,tabicl_aware_med,0.30841732025146484,,0.17229017480540718,0.19491186660541004,0.7216796875,2.0365992712338117
openml:507,regression,1976,6,block_shift,0.5,0.4431111111111111,1,source,0.0,tabicl_aware_ypow,0.6144158840179443,,0.17483336492166865,0.17096849560153893,0.7216796875,2.0365992712338117
openml:507,regression,1976,6,block_shift,0.5,0.4431111111111111,1,source,0.0,tabicl_aware_n32_ypow,0.6754727363586426,,0.17457393706516597,0.17342699998067723,0.7265625,2.0432010010541837
openml:507,regression,2100,6,none,0.0,0.0,2,random,,tabicl_aware,0.3172886371612549,,0.11825388021152558,0.7039678740379476,0.7655555555555555,0.9127390025219587
openml:507,regression,2100,6,none,0.0,0.0,2,random,,tabicl_aware_n32,0.34090662002563477,,0.11837747777189704,0.7033487320764084,0.7644444444444445,0.9105262801366236
openml:507,regression,2100,6,none,0.0,0.0,2,random,,tabicl_aware_med,0.31519627571105957,,0.11840777865848674,0.7031968459741039,0.7655555555555555,0.9127390025219587
openml:507,regression,2100,6,none,0.0,0.0,2,random,,tabicl_aware_ypow,0.6234753131866455,,0.11806139477947095,0.7049308106621754,0.7655555555555555,0.9127390025219587
openml:507,regression,2100,6,none,0.0,0.0,2,random,,tabicl_aware_n32_ypow,0.6796717643737793,,0.11818718963961565,0.7043016810087561,0.7644444444444445,0.9105262801366236
openml:507,regression,1467,6,block,0.3,0.24816666666666667,2,source,1.0,tabicl_aware,0.31068873405456543,,0.20570905411526938,-0.04049912965664637,0.7795172863666014,2.3898231961033107
openml:507,regression,1467,6,block,0.3,0.24816666666666667,2,source,1.0,tabicl_aware_n32,0.3061494827270508,,0.20570905411526938,-0.04049912965664637,0.7795172863666014,2.3898231961033107
openml:507,regression,1467,6,block,0.3,0.24816666666666667,2,source,1.0,tabicl_aware_med,0.30661892890930176,,0.1986469910319528,0.029715957571205376,0.7795172863666014,2.3898231961033107
openml:507,regression,1467,6,block,0.3,0.24816666666666667,2,source,1.0,tabicl_aware_ypow,0.6454784870147705,,0.20272204144983552,-0.01050123537676284,0.7795172863666014,2.3898231961033107
openml:507,regression,1467,6,block,0.3,0.24816666666666667,2,source,1.0,tabicl_aware_n32_ypow,0.6095237731933594,,0.20272204144983552,-0.01050123537676284,0.7795172863666014,2.3898231961033107
openml:507,regression,1995,6,block,0.5,0.44433333333333336,2,source,0.0,tabicl_aware,0.3207681179046631,,0.1962391714430637,0.11724929156593233,0.7502487562189055,1.9346385184662402
openml:507,regression,1995,6,block,0.5,0.44433333333333336,2,source,0.0,tabicl_aware_n32,0.34385085105895996,,0.1960299488568752,0.11913059721381036,0.7482587064676617,1.9418851470709024
openml:507,regression,1995,6,block,0.5,0.44433333333333336,2,source,0.0,tabicl_aware_med,0.3163018226623535,,0.1970353577065545,0.11007172594126224,0.7502487562189055,1.9346385184662402
openml:507,regression,1995,6,block,0.5,0.44433333333333336,2,source,0.0,tabicl_aware_ypow,0.6281530857086182,,0.19618079838240968,0.1177743773213541,0.7502487562189055,1.9346385184662402
openml:507,regression,1995,6,block,0.5,0.44433333333333336,2,source,0.0,tabicl_aware_n32_ypow,0.6779425144195557,,0.19597484150299224,0.11962578235406363,0.7482587064676617,1.9418851470709024
openml:507,regression,1467,6,block_shift,0.3,0.24816666666666667,2,source,1.0,tabicl_aware,0.30602288246154785,,0.15735544357059,0.3911666273293928,0.8284409654272668,1.907813564142093
openml:507,regression,1467,6,block_shift,0.3,0.24816666666666667,2,source,1.0,tabicl_aware_n32,0.3025686740875244,,0.15735544357059,0.3911666273293928,0.8284409654272668,1.907813564142093
openml:507,regression,1467,6,block_shift,0.3,0.24816666666666667,2,source,1.0,tabicl_aware_med,0.30177783966064453,,0.16145413811078813,0.359036545952666,0.8284409654272668,1.907813564142093
openml:507,regression,1467,6,block_shift,0.3,0.24816666666666667,2,source,1.0,tabicl_aware_ypow,0.644845724105835,,0.15727809938921847,0.39176499424748057,0.8284409654272668,1.907813564142093
openml:507,regression,1467,6,block_shift,0.3,0.24816666666666667,2,source,1.0,tabicl_aware_n32_ypow,0.6053311824798584,,0.15727809938921847,0.39176499424748057,0.8284409654272668,1.907813564142093
openml:507,regression,1995,6,block_shift,0.5,0.44416666666666665,2,source,0.0,tabicl_aware,0.3084719181060791,,0.18585971720522002,0.20816040246297118,0.7134328358208956,1.8191486301194093
openml:507,regression,1995,6,block_shift,0.5,0.44416666666666665,2,source,0.0,tabicl_aware_n32,0.3064100742340088,,0.18585971720522002,0.20816040246297118,0.7134328358208956,1.8191486301194093
openml:507,regression,1995,6,block_shift,0.5,0.44416666666666665,2,source,0.0,tabicl_aware_med,0.3058168888092041,,0.18285844098850892,0.2335272888724632,0.7134328358208956,1.8191486301194093
openml:507,regression,1995,6,block_shift,0.5,0.44416666666666665,2,source,0.0,tabicl_aware_ypow,0.6032238006591797,,0.18601187047468395,0.20686339952880228,0.7134328358208956,1.8191486301194093
openml:507,regression,1995,6,block_shift,0.5,0.44416666666666665,2,source,0.0,tabicl_aware_n32_ypow,0.6096529960632324,,0.18601187047468395,0.20686339952880228,0.7134328358208956,1.8191486301194093
openml:507,regression,2100,6,none,0.0,0.0,3,random,,tabicl_aware,0.358750581741333,,0.08770573428211308,0.7806223651040262,0.79,1.0884491283660158
openml:507,regression,2100,6,none,0.0,0.0,3,random,,tabicl_aware_n32,0.33939146995544434,,0.08767418233031994,0.7807801779897463,0.7933333333333333,1.0917612082989503
openml:507,regression,2100,6,none,0.0,0.0,3,random,,tabicl_aware_med,0.31256961822509766,,0.08825301797760655,0.7778759906169835,0.79,1.0884491283660158
openml:507,regression,2100,6,none,0.0,0.0,3,random,,tabicl_aware_ypow,0.6221754550933838,,0.08777953606302145,0.7802530101883868,0.79,1.0884491283660158
openml:507,regression,2100,6,none,0.0,0.0,3,random,,tabicl_aware_n32_ypow,0.6785316467285156,,0.08777061951824705,0.7802976512162525,0.7933333333333333,1.0917612082989503
openml:507,regression,2251,6,block,0.3,0.3333333333333333,3,source,2.0,tabicl_aware,0.3170294761657715,,0.13517707403356294,0.4986531192021365,0.855807743658211,2.047136029987606
openml:507,regression,2251,6,block,0.3,0.3333333333333333,3,source,2.0,tabicl_aware_n32,0.3374209403991699,,0.1350126169280551,0.4998722593985696,0.8584779706275033,2.0563988198249956
openml:507,regression,2251,6,block,0.3,0.3333333333333333,3,source,2.0,tabicl_aware_med,0.3119542598724365,,0.13459080336790238,0.5029924287628159,0.855807743658211,2.047136029987606
openml:507,regression,2251,6,block,0.3,0.3333333333333333,3,source,2.0,tabicl_aware_ypow,0.6166505813598633,,0.13574936070696955,0.4943991215237037,0.855807743658211,2.047136029987606
openml:507,regression,2251,6,block,0.3,0.3333333333333333,3,source,2.0,tabicl_aware_n32_ypow,0.7110636234283447,,0.1356611862352695,0.4950557229477621,0.8584779706275033,2.0563988198249956
openml:507,regression,1969,6,block,0.5,0.5,3,source,0.0,tabicl_aware,0.31740832328796387,,0.17278521788047385,0.26484292637574114,0.8496605237633366,2.211247204725486
openml:507,regression,1969,6,block,0.5,0.5,3,source,0.0,tabicl_aware_n32,0.3419504165649414,,0.17569365664834014,0.23988529587026575,0.8525703200775946,2.2718095029014242
openml:507,regression,1969,6,block,0.5,0.5,3,source,0.0,tabicl_aware_med,0.31607913970947266,,0.17015939182959647,0.2870175830364413,0.8496605237633366,2.211247204725486
openml:507,regression,1969,6,block,0.5,0.5,3,source,0.0,tabicl_aware_ypow,0.6295876502990723,,0.17281732799952942,0.2645696602376252,0.8496605237633366,2.211247204725486
openml:507,regression,1969,6,block,0.5,0.5,3,source,0.0,tabicl_aware_n32_ypow,0.681718111038208,,0.17546035161033785,0.24190268054578257,0.8525703200775946,2.2718095029014242
openml:507,regression,2251,6,block_shift,0.3,0.3333333333333333,3,source,2.0,tabicl_aware,0.3171987533569336,,0.2000678566892697,-0.09821374016750672,0.8304405874499332,2.526431274737109
openml:507,regression,2251,6,block_shift,0.3,0.3333333333333333,3,source,2.0,tabicl_aware_n32,0.3368690013885498,,0.21525270623608633,-0.2712456339570075,0.829105473965287,2.594670921997952
openml:507,regression,2251,6,block_shift,0.3,0.3333333333333333,3,source,2.0,tabicl_aware_med,0.312119722366333,,0.17791408884791282,0.13153381053665325,0.8304405874499332,2.526431274737109
openml:507,regression,2251,6,block_shift,0.3,0.3333333333333333,3,source,2.0,tabicl_aware_ypow,0.6601951122283936,,0.2134806307282541,-0.25040064299357767,0.8304405874499332,2.526431274737109
openml:507,regression,2251,6,block_shift,0.3,0.3333333333333333,3,source,2.0,tabicl_aware_n32_ypow,0.6726846694946289,,0.22968102936555543,-0.4473797279284968,0.829105473965287,2.594670921997952
openml:507,regression,1969,6,block_shift,0.5,0.5,3,source,0.0,tabicl_aware,0.3129005432128906,,0.19215936248843044,0.09073584879012497,0.8341416100872939,2.3122820731720597
openml:507,regression,1969,6,block_shift,0.5,0.5,3,source,0.0,tabicl_aware_n32,0.30913472175598145,,0.19215936248843044,0.09073584879012497,0.8341416100872939,2.3122820731720597
openml:507,regression,1969,6,block_shift,0.5,0.5,3,source,0.0,tabicl_aware_med,0.3091397285461426,,0.1921534828440157,0.09079149081587767,0.8341416100872939,2.3122820731720597
openml:507,regression,1969,6,block_shift,0.5,0.5,3,source,0.0,tabicl_aware_ypow,0.6140668392181396,,0.1921476223967203,0.09084694947543814,0.8341416100872939,2.3122820731720597
openml:507,regression,1969,6,block_shift,0.5,0.5,3,source,0.0,tabicl_aware_n32_ypow,0.6191122531890869,,0.1921476223967203,0.09084694947543814,0.8341416100872939,2.3122820731720597
openml:507,regression,2100,6,none,0.0,0.0,4,random,,tabicl_aware,0.31647229194641113,,0.10932375473897318,0.7376242102764139,0.7733333333333333,0.9384266366981809
openml:507,regression,2100,6,none,0.0,0.0,4,random,,tabicl_aware_n32,0.33734726905822754,,0.10951268493649277,0.7367165659453295,0.7744444444444445,0.9392732498617905
openml:507,regression,2100,6,none,0.0,0.0,4,random,,tabicl_aware_med,0.3129463195800781,,0.11037083509337821,0.7325741791620111,0.7733333333333333,0.9384266366981809
openml:507,regression,2100,6,none,0.0,0.0,4,random,,tabicl_aware_ypow,0.6656427383422852,,0.10979467415802203,0.7353589391714325,0.7733333333333333,0.9384266366981809
openml:507,regression,2100,6,none,0.0,0.0,4,random,,tabicl_aware_n32_ypow,0.6745531558990479,,0.10993871251221138,0.7346641246600931,0.7744444444444445,0.9392732498617905
openml:507,regression,2002,6,block,0.3,0.3333333333333333,4,source,0.0,tabicl_aware,0.3138861656188965,,0.1575994679360068,0.4477056711154841,0.8837675350701403,1.854951279657537
openml:507,regression,2002,6,block,0.3,0.3333333333333333,4,source,0.0,tabicl_aware_n32,0.33345818519592285,,0.15730628726627718,0.4497586147251711,0.8857715430861723,1.8529493763048195
openml:507,regression,2002,6,block,0.3,0.3333333333333333,4,source,0.0,tabicl_aware_med,0.3107602596282959,,0.15689319983173627,0.45264469592815126,0.8837675350701403,1.854951279657537
openml:507,regression,2002,6,block,0.3,0.3333333333333333,4,source,0.0,tabicl_aware_ypow,0.615344762802124,,0.15769321795605937,0.44704839726342327,0.8837675350701403,1.854951279657537
openml:507,regression,2002,6,block,0.3,0.3333333333333333,4,source,0.0,tabicl_aware_n32_ypow,0.666236162185669,,0.15737987748877397,0.44924367208500593,0.8857715430861723,1.8529493763048195
openml:507,regression,2428,6,block,0.5,0.5,4,source,4.0,tabicl_aware,0.3585529327392578,,0.2086722818961742,0.1312649172165241,0.7622377622377622,1.8681596706104175
openml:507,regression,2428,6,block,0.5,0.5,4,source,4.0,tabicl_aware_n32,0.34811902046203613,,0.20874921241291772,0.1306242517900088,0.7657342657342657,1.8629899923437665
openml:507,regression,2428,6,block,0.5,0.5,4,source,4.0,tabicl_aware_med,0.3206946849822998,,0.20862548418093604,0.13165452582139303,0.7622377622377622,1.8681596706104175
openml:507,regression,2428,6,block,0.5,0.5,4,source,4.0,tabicl_aware_ypow,0.6290888786315918,,0.2086627540444736,0.1313442472549473,0.7622377622377622,1.8681596706104175
openml:507,regression,2428,6,block,0.5,0.5,4,source,4.0,tabicl_aware_n32_ypow,0.6872186660766602,,0.2087313570691255,0.1307729693713613,0.7657342657342657,1.8629899923437665
openml:507,regression,2002,6,block_shift,0.3,0.3333333333333333,4,source,0.0,tabicl_aware,0.31296205520629883,,0.2110876678847307,0.009198139389308135,0.6673346693386774,1.5932979441102904
openml:507,regression,2002,6,block_shift,0.3,0.3333333333333333,4,source,0.0,tabicl_aware_n32,0.32093071937561035,,0.21155968511746837,0.0047620825952735535,0.6653306613226453,1.5849992852909627
openml:507,regression,2002,6,block_shift,0.3,0.3333333333333333,4,source,0.0,tabicl_aware_med,0.3094308376312256,,0.21954015099740717,-0.07173893160156553,0.6673346693386774,1.5932979441102904
openml:507,regression,2002,6,block_shift,0.3,0.3333333333333333,4,source,0.0,tabicl_aware_ypow,0.6106927394866943,,0.21057138511351922,0.01403886149379785,0.6673346693386774,1.5932979441102904
openml:507,regression,2002,6,block_shift,0.3,0.3333333333333333,4,source,0.0,tabicl_aware_n32_ypow,0.68105149269104,,0.21109749778058967,0.009105858243967035,0.6653306613226453,1.5849992852909627
openml:507,regression,2428,6,block_shift,0.5,0.5,4,source,4.0,tabicl_aware,0.3226466178894043,,0.2056397607286864,0.15633115919232343,0.763986013986014,1.672577946709491
openml:507,regression,2428,6,block_shift,0.5,0.5,4,source,4.0,tabicl_aware_n32,0.34729647636413574,,0.20495087023180245,0.16197425025931855,0.7762237762237763,1.6909057047892966
openml:507,regression,2428,6,block_shift,0.5,0.5,4,source,4.0,tabicl_aware_med,0.31843137741088867,,0.21112047628536448,0.11076091356708206,0.763986013986014,1.672577946709491
openml:507,regression,2428,6,block_shift,0.5,0.5,4,source,4.0,tabicl_aware_ypow,0.6250848770141602,,0.2054589933633774,0.15781375927040897,0.763986013986014,1.672577946709491
openml:507,regression,2428,6,block_shift,0.5,0.5,4,source,4.0,tabicl_aware_n32_ypow,0.6876652240753174,,0.20480375322538605,0.1631769149806016,0.7762237762237763,1.6909057047892966
openml:560,regression,176,14,none,0.0,0.0,0,random,,tabicl_aware,0.28801536560058594,,1.7425525323993383,0.9572846524896155,0.8947368421052632,0.052639508289071775
openml:560,regression,176,14,none,0.0,0.0,0,random,,tabicl_aware_n32,0.3381919860839844,,1.7557925523125706,0.9566330789037505,0.8947368421052632,0.05289612966044463
openml:560,regression,176,14,none,0.0,0.0,0,random,,tabicl_aware_med,0.27362751960754395,,1.8662309611507772,0.9510059924069296,0.8947368421052632,0.052639508289071775
openml:560,regression,176,14,none,0.0,0.0,0,random,,tabicl_aware_ypow,0.578749418258667,,1.7621820760746305,0.9563168705221733,0.8947368421052632,0.052639508289071775
openml:560,regression,176,14,none,0.0,0.0,0,random,,tabicl_aware_n32_ypow,0.6488571166992188,,1.773439353943298,0.955756969412179,0.8947368421052632,0.05289612966044463
openml:560,regression,139,14,block,0.3,0.24631519274376418,0,source,1.0,tabicl_aware,0.27991199493408203,,6.868079702238622,0.35215903532288384,0.23008849557522124,0.5435899981604624
openml:560,regression,139,14,block,0.3,0.24631519274376418,0,source,1.0,tabicl_aware_n32,0.30762505531311035,,6.804534714726401,0.3640915126656724,0.2831858407079646,0.5990482564491456
openml:560,regression,139,14,block,0.3,0.24631519274376418,0,source,1.0,tabicl_aware_med,0.26737427711486816,,7.2560284397784445,0.2769044216891321,0.23008849557522124,0.5435899981604624
openml:560,regression,139,14,block,0.3,0.24631519274376418,0,source,1.0,tabicl_aware_ypow,0.5285708904266357,,6.870909411145575,0.3516250930639049,0.23008849557522124,0.5435899981604624
openml:560,regression,139,14,block,0.3,0.24631519274376418,0,source,1.0,tabicl_aware_n32_ypow,0.6085667610168457,,6.804546961736518,0.3640892236084442,0.2831858407079646,0.5990482564491456
openml:560,regression,205,14,block,0.5,0.5,0,source,1.0,tabicl_aware,0.276064395904541,,4.232681668955059,0.6430360807684807,0.851063829787234,1.731753634831847
openml:560,regression,205,14,block,0.5,0.5,0,source,1.0,tabicl_aware_n32,0.3205833435058594,,4.275273962388177,0.6358158787556709,0.8723404255319149,1.7514361075333318
openml:560,regression,205,14,block,0.5,0.5,0,source,1.0,tabicl_aware_med,0.3136932849884033,,4.26859711307533,0.6369525094186219,0.851063829787234,1.731753634831847
openml:560,regression,205,14,block,0.5,0.5,0,source,1.0,tabicl_aware_ypow,0.5457367897033691,,4.235968230139704,0.6424815201728307,0.851063829787234,1.731753634831847
openml:560,regression,205,14,block,0.5,0.5,0,source,1.0,tabicl_aware_n32_ypow,0.6377060413360596,,4.283000402687327,0.6344983540581356,0.8723404255319149,1.7514361075333318
openml:560,regression,139,14,block_shift,0.3,0.20691609977324263,0,source,1.0,tabicl_aware,0.27812695503234863,,3.1299859172573954,0.8654503661060481,0.7256637168141593,0.8148419955642012
openml:560,regression,139,14,block_shift,0.3,0.20691609977324263,0,source,1.0,tabicl_aware_n32,0.31450772285461426,,3.118775731261914,0.8664124313624164,0.7433628318584071,0.8087133468182656
openml:560,regression,139,14,block_shift,0.3,0.20691609977324263,0,source,1.0,tabicl_aware_med,0.27398014068603516,,3.1777550612847643,0.8613120938089419,0.7256637168141593,0.8148419955642012
openml:560,regression,139,14,block_shift,0.3,0.20691609977324263,0,source,1.0,tabicl_aware_ypow,0.5414021015167236,,3.1378079721261636,0.8647770278062652,0.7256637168141593,0.8148419955642012
openml:560,regression,139,14,block_shift,0.3,0.20691609977324263,0,source,1.0,tabicl_aware_n32_ypow,0.6625254154205322,,3.1284670159673897,0.865580921342226,0.7433628318584071,0.8087133468182656
openml:560,regression,205,14,block_shift,0.5,0.5,0,source,1.0,tabicl_aware,0.2804093360900879,,2.269833007587933,0.897344807691521,0.9361702127659575,1.180949708248951
openml:560,regression,205,14,block_shift,0.5,0.5,0,source,1.0,tabicl_aware_n32,0.3264601230621338,,2.2682067574665408,0.8974918521782238,0.9361702127659575,1.1958421402825226
openml:560,regression,205,14,block_shift,0.5,0.5,0,source,1.0,tabicl_aware_med,0.27803564071655273,,2.2338856051712903,0.9005705663263232,0.9361702127659575,1.180949708248951
openml:560,regression,205,14,block_shift,0.5,0.5,0,source,1.0,tabicl_aware_ypow,0.548163652420044,,2.276447784777051,0.8967456176563204,0.9361702127659575,1.180949708248951
openml:560,regression,205,14,block_shift,0.5,0.5,0,source,1.0,tabicl_aware_n32_ypow,0.6487176418304443,,2.2742116032080717,0.8969483740230987,0.9361702127659575,1.1958421402825226
openml:560,regression,176,14,none,0.0,0.0,1,random,,tabicl_aware,0.2793848514556885,,1.9098711891740638,0.9442743520458009,0.7763157894736842,0.05470852754609394
openml:560,regression,176,14,none,0.0,0.0,1,random,,tabicl_aware_n32,0.3203122615814209,,1.9071710036248049,0.9444318110648678,0.8157894736842105,0.053922784152408955
openml:560,regression,176,14,none,0.0,0.0,1,random,,tabicl_aware_med,0.275007963180542,,1.93375469151863,0.9428719062186162,0.7763157894736842,0.05470852754609394
openml:560,regression,176,14,none,0.0,0.0,1,random,,tabicl_aware_ypow,0.5838935375213623,,1.8628327704197762,0.946985494977383,0.7763157894736842,0.05470852754609394
openml:560,regression,176,14,none,0.0,0.0,1,random,,tabicl_aware_n32_ypow,0.6390242576599121,,1.8628618389617253,0.9469838404366091,0.8157894736842105,0.053922784152408955
openml:560,regression,179,14,block,0.3,0.2857142857142857,1,source,1.0,tabicl_aware,0.27867674827575684,,4.280685345242159,0.7008454782915557,0.9041095890410958,1.834781986550063
openml:560,regression,179,14,block,0.3,0.2857142857142857,1,source,1.0,tabicl_aware_n32,0.31955933570861816,,4.295601185693112,0.6987570672953616,0.9041095890410958,1.828631601726635
openml:560,regression,179,14,block,0.3,0.2857142857142857,1,source,1.0,tabicl_aware_med,0.2757561206817627,,4.302377572178052,0.6978058855756031,0.9041095890410958,1.834781986550063
openml:560,regression,179,14,block,0.3,0.2857142857142857,1,source,1.0,tabicl_aware_ypow,0.5451955795288086,,4.272845621882689,0.7019402287351029,0.9041095890410958,1.834781986550063
openml:560,regression,179,14,block,0.3,0.2857142857142857,1,source,1.0,tabicl_aware_n32_ypow,0.6372683048248291,,4.287413696943478,0.6999043211924278,0.9041095890410958,1.828631601726635
openml:560,regression,176,14,block,0.5,0.45294784580498865,1,source,2.0,tabicl_aware,0.2782864570617676,,6.488800826106871,0.36504860434445086,0.631578947368421,1.5045936931182966
openml:560,regression,176,14,block,0.5,0.45294784580498865,1,source,2.0,tabicl_aware_n32,0.31176304817199707,,6.395965971009059,0.38308705452340164,0.631578947368421,1.5229606749228963
openml:560,regression,176,14,block,0.5,0.45294784580498865,1,source,2.0,tabicl_aware_med,0.27391982078552246,,6.515118167013068,0.3598876756774405,0.631578947368421,1.5045936931182966
openml:560,regression,176,14,block,0.5,0.45294784580498865,1,source,2.0,tabicl_aware_ypow,0.5800595283508301,,6.486082970195126,0.365580395977957,0.631578947368421,1.5045936931182966
openml:560,regression,176,14,block,0.5,0.45294784580498865,1,source,2.0,tabicl_aware_n32_ypow,0.6149635314941406,,6.394434552646058,0.38338244030688273,0.631578947368421,1.5229606749228963
openml:560,regression,179,14,block_shift,0.3,0.2857142857142857,1,source,1.0,tabicl_aware,0.27930641174316406,,2.346003609700048,0.9101482972250138,0.8082191780821918,0.8129422907697395
openml:560,regression,179,14,block_shift,0.3,0.2857142857142857,1,source,1.0,tabicl_aware_n32,0.3201112747192383,,2.3862837654013953,0.9070363572579551,0.821917808219178,0.792988572697251
openml:560,regression,179,14,block_shift,0.3,0.2857142857142857,1,source,1.0,tabicl_aware_med,0.2813742160797119,,2.318349183363169,0.9122541354514198,0.8082191780821918,0.8129422907697395
openml:560,regression,179,14,block_shift,0.3,0.2857142857142857,1,source,1.0,tabicl_aware_ypow,0.5551843643188477,,2.368083559066961,0.9084490184150108,0.8082191780821918,0.8129422907697395
openml:560,regression,179,14,block_shift,0.3,0.2857142857142857,1,source,1.0,tabicl_aware_n32_ypow,0.6473314762115479,,2.4159554277647257,0.9047101166850917,0.821917808219178,0.792988572697251
openml:560,regression,176,14,block_shift,0.5,0.45408163265306123,1,source,2.0,tabicl_aware,0.31577563285827637,,6.0362216750648,0.45053256838547073,0.7894736842105263,1.8154630961476281
openml:560,regression,176,14,block_shift,0.5,0.45408163265306123,1,source,2.0,tabicl_aware_n32,0.3090784549713135,,5.923178416545788,0.47092014741764754,0.7894736842105263,1.8269812974436999
openml:560,regression,176,14,block_shift,0.5,0.45408163265306123,1,source,2.0,tabicl_aware_med,0.275437593460083,,6.068289944858466,0.44467881536145426,0.7894736842105263,1.8154630961476281
openml:560,regression,176,14,block_shift,0.5,0.45408163265306123,1,source,2.0,tabicl_aware_ypow,0.5396981239318848,,6.0038146105258,0.45641665537388154,0.7894736842105263,1.8154630961476281
openml:560,regression,176,14,block_shift,0.5,0.45408163265306123,1,source,2.0,tabicl_aware_n32_ypow,0.611454963684082,,5.9013202874767465,0.4748178376331236,0.7894736842105263,1.8269812974436999
openml:560,regression,176,14,none,0.0,0.0,2,random,,tabicl_aware,0.2781860828399658,,1.9657713366609617,0.9249366226464231,0.8947368421052632,0.052203532257231
openml:560,regression,176,14,none,0.0,0.0,2,random,,tabicl_aware_n32,0.3202633857727051,,1.9453327302561247,0.9264894127575228,0.9342105263157895,0.05321267276427757
openml:560,regression,176,14,none,0.0,0.0,2,random,,tabicl_aware_med,0.27567100524902344,,2.0373672052976253,0.9193692449212453,0.8947368421052632,0.052203532257231
openml:560,regression,176,14,none,0.0,0.0,2,random,,tabicl_aware_ypow,0.5420031547546387,,1.9767028007968712,0.9240994610610876,0.8947368421052632,0.052203532257231
openml:560,regression,176,14,none,0.0,0.0,2,random,,tabicl_aware_n32_ypow,0.6782612800598145,,1.9570954534954599,0.9255977412227138,0.9342105263157895,0.05321267276427757
openml:560,regression,117,14,block,0.3,0.2193877551020408,2,source,0.0,tabicl_aware,0.2773284912109375,,8.210239091649683,0.19380683910258778,0.07407407407407407,0.3384353825576069
openml:560,regression,117,14,block,0.3,0.2193877551020408,2,source,0.0,tabicl_aware_n32,0.31658291816711426,,7.625964038310099,0.30446817487999456,0.2074074074074074,0.6129449187112683
openml:560,regression,117,14,block,0.3,0.2193877551020408,2,source,0.0,tabicl_aware_med,0.27380895614624023,,8.480425357048395,0.13987261998530964,0.07407407407407407,0.3384353825576069
openml:560,regression,117,14,block,0.3,0.2193877551020408,2,source,0.0,tabicl_aware_ypow,0.539928674697876,,8.210076986479804,0.1938386741777114,0.07407407407407407,0.3384353825576069
openml:560,regression,117,14,block,0.3,0.2193877551020408,2,source,0.0,tabicl_aware_n32_ypow,0.6221756935119629,,7.6272385657832364,0.3042356669653641,0.2074074074074074,0.6129449187112683
openml:560,regression,179,14,block,0.5,0.42857142857142855,2,source,2.0,tabicl_aware,0.2792947292327881,,6.479214154904276,0.40419351907908707,0.6712328767123288,1.7177951937934284
openml:560,regression,179,14,block,0.5,0.42857142857142855,2,source,2.0,tabicl_aware_n32,0.31246066093444824,,6.109491720017714,0.4702503059131987,0.7123287671232876,1.7340802279588106
openml:560,regression,179,14,block,0.5,0.42857142857142855,2,source,2.0,tabicl_aware_med,0.275010347366333,,6.473437600822676,0.4052554299980887,0.6712328767123288,1.7177951937934284
openml:560,regression,179,14,block,0.5,0.42857142857142855,2,source,2.0,tabicl_aware_ypow,0.5863516330718994,,6.48442918980983,0.40323401937016423,0.6712328767123288,1.7177951937934284
openml:560,regression,179,14,block,0.5,0.42857142857142855,2,source,2.0,tabicl_aware_n32_ypow,0.6229767799377441,,6.1174709051937874,0.46886566333496005,0.7123287671232876,1.7340802279588106
openml:560,regression,117,14,block_shift,0.3,0.24744897959183673,2,source,0.0,tabicl_aware,0.27785658836364746,,8.701222502654325,0.09450084503707823,0.3111111111111111,0.9363266356958017
openml:560,regression,117,14,block_shift,0.3,0.24744897959183673,2,source,0.0,tabicl_aware_n32,0.30517125129699707,,8.737466489857061,0.0869416195289856,0.28888888888888886,0.8399594906146177
openml:560,regression,117,14,block_shift,0.3,0.24744897959183673,2,source,0.0,tabicl_aware_med,0.2730879783630371,,8.728633289183707,0.08878681140749567,0.3111111111111111,0.9363266356958017
openml:560,regression,117,14,block_shift,0.3,0.24744897959183673,2,source,0.0,tabicl_aware_ypow,0.5392203330993652,,8.701676468862539,0.09440635791391727,0.3111111111111111,0.9363266356958017
openml:560,regression,117,14,block_shift,0.3,0.24744897959183673,2,source,0.0,tabicl_aware_n32_ypow,0.6021595001220703,,8.737719153175686,0.08688881252907865,0.28888888888888886,0.8399594906146177
openml:560,regression,179,14,block_shift,0.5,0.4532312925170068,2,source,2.0,tabicl_aware,0.27750325202941895,,7.371705257366067,0.2287476887723423,0.6301369863013698,1.7503844628244585
openml:560,regression,179,14,block_shift,0.5,0.4532312925170068,2,source,2.0,tabicl_aware_n32,0.3142538070678711,,7.279608078905358,0.2478983350614793,0.6164383561643836,1.8453402194307422
openml:560,regression,179,14,block_shift,0.5,0.4532312925170068,2,source,2.0,tabicl_aware_med,0.27514100074768066,,7.38634286917192,0.22568177666067535,0.6301369863013698,1.7503844628244585
openml:560,regression,179,14,block_shift,0.5,0.4532312925170068,2,source,2.0,tabicl_aware_ypow,0.585395097732544,,7.373259333006889,0.22842246937505906,0.6301369863013698,1.7503844628244585
openml:560,regression,179,14,block_shift,0.5,0.4532312925170068,2,source,2.0,tabicl_aware_n32_ypow,0.6316835880279541,,7.286246181896958,0.24652606211977401,0.6164383561643836,1.8453402194307422
openml:560,regression,176,14,none,0.0,0.0,3,random,,tabicl_aware,0.27965283393859863,,1.8531714739555545,0.9483824506632372,0.9210526315789473,0.11214876405930911
openml:560,regression,176,14,none,0.0,0.0,3,random,,tabicl_aware_n32,0.3222839832305908,,1.8683157339974745,0.9475353583175943,0.9210526315789473,0.11346555116437736
openml:560,regression,176,14,none,0.0,0.0,3,random,,tabicl_aware_med,0.2795600891113281,,1.9835912271896803,0.940861469823462,0.9210526315789473,0.11214876405930911
openml:560,regression,176,14,none,0.0,0.0,3,random,,tabicl_aware_ypow,0.549771785736084,,1.9005561133313311,0.9457090349240574,0.9210526315789473,0.11214876405930911
openml:560,regression,176,14,none,0.0,0.0,3,random,,tabicl_aware_n32_ypow,0.649289608001709,,1.9162720494422367,0.9448074450377104,0.9210526315789473,0.11346555116437736
openml:560,regression,199,14,block,0.3,0.26700680272108845,3,source,0.0,tabicl_aware,0.316373348236084,,1.0299378552421479,0.9817335944108087,0.7547169811320755,0.26883679487824863
openml:560,regression,199,14,block,0.3,0.26700680272108845,3,source,0.0,tabicl_aware_n32,0.32943010330200195,,1.0399124238313946,0.9813780743528184,0.8301886792452831,0.28977934929484545
openml:560,regression,199,14,block,0.3,0.26700680272108845,3,source,0.0,tabicl_aware_med,0.28673553466796875,,0.857179482066293,0.9873475511946999,0.7547169811320755,0.26883679487824863
openml:560,regression,199,14,block,0.3,0.26700680272108845,3,source,0.0,tabicl_aware_ypow,0.5544545650482178,,1.009962308608193,0.982435273671323,0.7547169811320755,0.26883679487824863
openml:560,regression,199,14,block,0.3,0.26700680272108845,3,source,0.0,tabicl_aware_n32_ypow,0.6469266414642334,,1.024223094770052,0.981935739667837,0.8301886792452831,0.28977934929484545
openml:560,regression,168,14,block,0.5,0.4537981859410431,3,source,0.0,tabicl_aware,0.2796337604522705,,6.3720432693623685,0.4627775306146007,0.7738095238095238,1.772724783250402
openml:560,regression,168,14,block,0.5,0.4537981859410431,3,source,0.0,tabicl_aware_n32,0.31381797790527344,,6.444908326006601,0.45042087942435216,0.7857142857142857,1.7935825293397514
openml:560,regression,168,14,block,0.5,0.4537981859410431,3,source,0.0,tabicl_aware_med,0.274829626083374,,6.336928452822495,0.46868222675568794,0.7738095238095238,1.772724783250402
openml:560,regression,168,14,block,0.5,0.4537981859410431,3,source,0.0,tabicl_aware_ypow,0.5401475429534912,,6.370907651076921,0.462968999903163,0.7738095238095238,1.772724783250402
openml:560,regression,168,14,block,0.5,0.4537981859410431,3,source,0.0,tabicl_aware_n32_ypow,0.6610093116760254,,6.4482670219404605,0.4498479154528482,0.7857142857142857,1.7935825293397514
openml:560,regression,199,14,block_shift,0.3,0.2857142857142857,3,source,0.0,tabicl_aware,0.282299280166626,,1.891936581677715,0.9383626151756522,0.7547169811320755,0.6940793197242499
openml:560,regression,199,14,block_shift,0.3,0.2857142857142857,3,source,0.0,tabicl_aware_n32,0.3276054859161377,,2.001312567913771,0.9310298929390658,0.7358490566037735,0.6947960911965695
openml:560,regression,199,14,block_shift,0.3,0.2857142857142857,3,source,0.0,tabicl_aware_med,0.2779805660247803,,1.765836583226132,0.9463052190889909,0.7547169811320755,0.6940793197242499
openml:560,regression,199,14,block_shift,0.3,0.2857142857142857,3,source,0.0,tabicl_aware_ypow,0.5510015487670898,,1.9017049987226733,0.9377244816756755,0.7547169811320755,0.6940793197242499
openml:560,regression,199,14,block_shift,0.3,0.2857142857142857,3,source,0.0,tabicl_aware_n32_ypow,0.6530570983886719,,2.009672028468921,0.9304525148460502,0.7358490566037735,0.6947960911965695
openml:560,regression,168,14,block_shift,0.5,0.4552154195011338,3,source,0.0,tabicl_aware,0.28015756607055664,,6.445815416996338,0.45026616710719525,0.7857142857142857,1.8898477333769046
openml:560,regression,168,14,block_shift,0.5,0.4552154195011338,3,source,0.0,tabicl_aware_n32,0.3145601749420166,,6.446216736808278,0.4501977115489485,0.7619047619047619,1.8580555164574524
openml:560,regression,168,14,block_shift,0.5,0.4552154195011338,3,source,0.0,tabicl_aware_med,0.2738349437713623,,6.471473668260667,0.4458809089086029,0.7857142857142857,1.8898477333769046
openml:560,regression,168,14,block_shift,0.5,0.4552154195011338,3,source,0.0,tabicl_aware_ypow,0.5870428085327148,,6.45448180449958,0.4487869410218497,0.7857142857142857,1.8898477333769046
openml:560,regression,168,14,block_shift,0.5,0.4552154195011338,3,source,0.0,tabicl_aware_n32_ypow,0.6225800514221191,,6.451416330828285,0.4493103998875221,0.7619047619047619,1.8580555164574524
openml:560,regression,176,14,none,0.0,0.0,4,random,,tabicl_aware,0.2805800437927246,,0.6374630142003647,0.9937583064379342,0.868421052631579,0.09813962581203894
openml:560,regression,176,14,none,0.0,0.0,4,random,,tabicl_aware_n32,0.3208036422729492,,0.6273299411361444,0.9939551644391766,0.8552631578947368,0.0984684052549375
openml:560,regression,176,14,none,0.0,0.0,4,random,,tabicl_aware_med,0.27493739128112793,,0.5793913799292149,0.9948437196961021,0.868421052631579,0.09813962581203894
openml:560,regression,176,14,none,0.0,0.0,4,random,,tabicl_aware_ypow,0.5408942699432373,,0.6102822222282918,0.9942792377783595,0.868421052631579,0.09813962581203894
openml:560,regression,176,14,none,0.0,0.0,4,random,,tabicl_aware_n32_ypow,0.636141300201416,,0.6017233140037407,0.9944385743367439,0.8552631578947368,0.0984684052549375
openml:560,regression,175,14,block,0.3,0.2857142857142857,4,source,1.0,tabicl_aware,0.28102588653564453,,1.4544851143700026,0.9671358753625247,0.961038961038961,0.29944759082340827
openml:560,regression,175,14,block,0.3,0.2857142857142857,4,source,1.0,tabicl_aware_n32,0.3188769817352295,,1.469546044613011,0.9664517474651924,0.974025974025974,0.30567142049769624
openml:560,regression,175,14,block,0.3,0.2857142857142857,4,source,1.0,tabicl_aware_med,0.31377458572387695,,1.363928407273627,0.9711007443637151,0.961038961038961,0.29944759082340827
openml:560,regression,175,14,block,0.3,0.2857142857142857,4,source,1.0,tabicl_aware_ypow,0.5456719398498535,,1.4753953283904542,0.9661841494719879,0.961038961038961,0.29944759082340827
openml:560,regression,175,14,block,0.3,0.2857142857142857,4,source,1.0,tabicl_aware_n32_ypow,0.6368274688720703,,1.491164542489687,0.9654574302050148,0.974025974025974,0.30567142049769624
openml:560,regression,204,14,block,0.5,0.5,4,source,0.0,tabicl_aware,0.2822108268737793,,1.646473014744422,0.9604301377014309,0.875,0.3950477808796867
openml:560,regression,204,14,block,0.5,0.5,4,source,0.0,tabicl_aware_n32,0.3224494457244873,,1.5479416322832529,0.9650244569441015,0.875,0.3647712290354068
openml:560,regression,204,14,block,0.5,0.5,4,source,0.0,tabicl_aware_med,0.27756738662719727,,1.3192631542498254,0.9745950601474775,0.875,0.3950477808796867
openml:560,regression,204,14,block,0.5,0.5,4,source,0.0,tabicl_aware_ypow,0.546236515045166,,1.6520954812798616,0.9601594255871817,0.875,0.3950477808796867
openml:560,regression,204,14,block,0.5,0.5,4,source,0.0,tabicl_aware_n32_ypow,0.6783952713012695,,1.5335012599187972,0.9656739699029202,0.875,0.3647712290354068
openml:560,regression,175,14,block_shift,0.3,0.2857142857142857,4,source,1.0,tabicl_aware,0.280825138092041,,3.056719015704903,0.8548508340806646,0.8051948051948052,1.1756890714261927
openml:560,regression,175,14,block_shift,0.3,0.2857142857142857,4,source,1.0,tabicl_aware_n32,0.3268904685974121,,3.1123818588135683,0.8495163703825317,0.7922077922077922,1.1836917367174864
openml:560,regression,175,14,block_shift,0.3,0.2857142857142857,4,source,1.0,tabicl_aware_med,0.27857160568237305,,3.1267888022807453,0.8481199948697666,0.8051948051948052,1.1756890714261927
openml:560,regression,175,14,block_shift,0.3,0.2857142857142857,4,source,1.0,tabicl_aware_ypow,0.5468664169311523,,3.0718864110896056,0.8534068042108908,0.8051948051948052,1.1756890714261927
openml:560,regression,175,14,block_shift,0.3,0.2857142857142857,4,source,1.0,tabicl_aware_n32_ypow,0.6460142135620117,,3.1286140650273615,0.8479426232295952,0.7922077922077922,1.1836917367174864
openml:560,regression,204,14,block_shift,0.5,0.47250566893424034,4,source,0.0,tabicl_aware,0.28363752365112305,,6.131940601329287,0.45115314082545566,0.4791666666666667,1.0592928379821147
openml:560,regression,204,14,block_shift,0.5,0.47250566893424034,4,source,0.0,tabicl_aware_n32,0.32404565811157227,,6.150059684359072,0.44790480723619774,0.4583333333333333,1.033729214782183
openml:560,regression,204,14,block_shift,0.5,0.47250566893424034,4,source,0.0,tabicl_aware_med,0.2792487144470215,,6.041962130175808,0.46714223063091065,0.4791666666666667,1.0592928379821147
openml:560,regression,204,14,block_shift,0.5,0.47250566893424034,4,source,0.0,tabicl_aware_ypow,0.5906774997711182,,6.133581430650313,0.45085937264745646,0.4791666666666667,1.0592928379821147
openml:560,regression,204,14,block_shift,0.5,0.47250566893424034,4,source,0.0,tabicl_aware_n32_ypow,0.6425597667694092,,6.153107747213598,0.4473574181208452,0.4583333333333333,1.033729214782183
