dataset,task,n_train,n_features,mechanism,rate,actual_rate,seed,split,held_out_source,model,seconds,error,acc,logloss,auc,rmse,r2,coverage80,width80
breast_cancer,classification,398,30,none,0.0,0.0,0,random,,tabicl_impute,1.5544099807739258,,0.9766081871345029,0.06760689145416986,0.9956191588785047,,,,
breast_cancer,classification,398,30,none,0.0,0.0,0,random,,tabicl_aware,0.4025406837463379,,0.9883040935672515,0.06306923828936967,0.9966413551401869,,,,
breast_cancer,classification,398,30,none,0.0,0.0,0,random,,catboost,1.068453073501587,,0.9649122807017544,0.10222740564783224,0.9902161214953271,,,,
breast_cancer,classification,398,30,block,0.3,0.25061511423550087,0,random,,tabicl_impute,0.29233455657958984,,0.9707602339181286,0.09116685322458584,0.9931366822429907,,,,
breast_cancer,classification,398,30,block,0.3,0.25061511423550087,0,random,,tabicl_aware,0.33552026748657227,,0.9824561403508771,0.09125296243818158,0.9928446261682243,,,,
breast_cancer,classification,398,30,block,0.3,0.25061511423550087,0,random,,catboost,0.40440845489501953,,0.9532163742690059,0.13631493979037435,0.985981308411215,,,,
breast_cancer,classification,398,30,block,0.5,0.4859988283538371,0,random,,tabicl_impute,0.2189185619354248,,0.9766081871345029,0.09705961156715781,0.9912383177570093,,,,
breast_cancer,classification,398,30,block,0.5,0.4859988283538371,0,random,,tabicl_aware,0.34798192977905273,,0.9707602339181286,0.09758112404089764,0.9905081775700935,,,,
breast_cancer,classification,398,30,block,0.5,0.4859988283538371,0,random,,catboost,0.3889896869659424,,0.9532163742690059,0.12934479157934,0.983498831775701,,,,
breast_cancer,classification,398,30,block_shift,0.3,0.283128295254833,0,random,,tabicl_impute,0.2251288890838623,,0.9532163742690059,0.11165750728140768,0.9894859813084113,,,,
breast_cancer,classification,398,30,block_shift,0.3,0.283128295254833,0,random,,tabicl_aware,0.3064441680908203,,0.9590643274853801,0.11722266585752365,0.9884637850467289,,,,
breast_cancer,classification,398,30,block_shift,0.3,0.283128295254833,0,random,,catboost,0.41360044479370117,,0.9415204678362573,0.16248780767474594,0.9855432242990654,,,,
breast_cancer,classification,398,30,block_shift,0.5,0.49279437609841825,0,random,,tabicl_impute,0.22408413887023926,,0.9532163742690059,0.1258403087011544,0.990070093457944,,,,
breast_cancer,classification,398,30,block_shift,0.5,0.49279437609841825,0,random,,tabicl_aware,0.30301642417907715,,0.9532163742690059,0.13065370160686968,0.9905081775700935,,,,
breast_cancer,classification,398,30,block_shift,0.5,0.49279437609841825,0,random,,catboost,0.40280652046203613,,0.9415204678362573,0.19754588282900742,0.9799941588785046,,,,
breast_cancer,classification,398,30,none,0.0,0.0,1,random,,tabicl_impute,0.22787117958068848,,0.9532163742690059,0.08575637829523897,0.9931366822429907,,,,
breast_cancer,classification,398,30,none,0.0,0.0,1,random,,tabicl_aware,0.3051724433898926,,0.9649122807017544,0.08698214689075598,0.9926985981308412,,,,
breast_cancer,classification,398,30,none,0.0,0.0,1,random,,catboost,0.38810014724731445,,0.9707602339181286,0.08424755747681414,0.9957651869158879,,,,
breast_cancer,classification,398,30,block,0.3,0.2886350322202695,1,random,,tabicl_impute,0.2233905792236328,,0.9707602339181286,0.07746909338761308,0.9951810747663551,,,,
breast_cancer,classification,398,30,block,0.3,0.2886350322202695,1,random,,tabicl_aware,0.30701208114624023,,0.9707602339181286,0.07179888115261317,0.9954731308411215,,,,
breast_cancer,classification,398,30,block,0.3,0.2886350322202695,1,random,,catboost,0.4087064266204834,,0.9766081871345029,0.08609569262358058,0.9945969626168224,,,,
breast_cancer,classification,398,30,block,0.5,0.4677211482132396,1,random,,tabicl_impute,0.22256970405578613,,0.9590643274853801,0.10521615826596778,0.9910922897196262,,,,
breast_cancer,classification,398,30,block,0.5,0.4677211482132396,1,random,,tabicl_aware,0.3089160919189453,,0.9473684210526315,0.09942587097743842,0.9929906542056075,,,,
breast_cancer,classification,398,30,block,0.5,0.4677211482132396,1,random,,catboost,0.40192484855651855,,0.9473684210526315,0.12590120175443298,0.9894859813084111,,,,
breast_cancer,classification,398,30,block_shift,0.3,0.2895137668424136,1,random,,tabicl_impute,0.22424983978271484,,0.9649122807017544,0.10555137596108333,0.9908002336448598,,,,
breast_cancer,classification,398,30,block_shift,0.3,0.2895137668424136,1,random,,tabicl_aware,0.30925536155700684,,0.9532163742690059,0.11109452326799218,0.990070093457944,,,,
breast_cancer,classification,398,30,block_shift,0.3,0.2895137668424136,1,random,,catboost,0.4118220806121826,,0.9473684210526315,0.1390252360545659,0.9894859813084111,,,,
breast_cancer,classification,398,30,block_shift,0.5,0.4545401288810779,1,random,,tabicl_impute,0.22496819496154785,,0.9239766081871345,0.1317491101878629,0.9891939252336448,,,,
breast_cancer,classification,398,30,block_shift,0.5,0.4545401288810779,1,random,,tabicl_aware,0.345320463180542,,0.9473684210526315,0.12371897646769082,0.9896320093457944,,,,
breast_cancer,classification,398,30,block_shift,0.5,0.4545401288810779,1,random,,catboost,0.39531826972961426,,0.9590643274853801,0.1350670566907406,0.9878796728971962,,,,
breast_cancer,classification,398,30,none,0.0,0.0,2,random,,tabicl_impute,0.22886347770690918,,0.9707602339181286,0.04525282092996222,0.9982476635514018,,,,
breast_cancer,classification,398,30,none,0.0,0.0,2,random,,tabicl_aware,0.3079099655151367,,0.9707602339181286,0.0452175476952926,0.9986857476635514,,,,
breast_cancer,classification,398,30,none,0.0,0.0,2,random,,catboost,0.3857455253601074,,0.9883040935672515,0.03192124400626812,0.9994158878504673,,,,
breast_cancer,classification,398,30,block,0.3,0.26719390743995314,2,random,,tabicl_impute,0.22311639785766602,,0.9824561403508771,0.04314885323471291,0.9994158878504673,,,,
breast_cancer,classification,398,30,block,0.3,0.26719390743995314,2,random,,tabicl_aware,0.3036642074584961,,0.9883040935672515,0.04863673667043832,0.9989778037383178,,,,
breast_cancer,classification,398,30,block,0.3,0.26719390743995314,2,random,,catboost,0.40770936012268066,,0.9824561403508771,0.03789436998201892,0.9995619158878505,,,,
breast_cancer,classification,398,30,block,0.5,0.4555360281195079,2,random,,tabicl_impute,0.21886610984802246,,0.9883040935672515,0.03740076750578802,0.9995619158878505,,,,
breast_cancer,classification,398,30,block,0.5,0.4555360281195079,2,random,,tabicl_aware,0.3030376434326172,,0.9941520467836257,0.038130748333417556,0.9994158878504673,,,,
breast_cancer,classification,398,30,block,0.5,0.4555360281195079,2,random,,catboost,0.38105177879333496,,0.9824561403508771,0.03876832435011853,0.9992698598130841,,,,
breast_cancer,classification,398,30,block_shift,0.3,0.21745752782659636,2,random,,tabicl_impute,0.2187504768371582,,0.9766081871345029,0.07000111048008,0.9979556074766355,,,,
breast_cancer,classification,398,30,block_shift,0.3,0.21745752782659636,2,random,,tabicl_aware,0.29987049102783203,,0.9766081871345029,0.06966989208136018,0.9976635514018691,,,,
breast_cancer,classification,398,30,block_shift,0.3,0.21745752782659636,2,random,,catboost,0.41510486602783203,,0.9766081871345029,0.05987740559219739,0.997517523364486,,,,
breast_cancer,classification,398,30,block_shift,0.5,0.47685998828353837,2,random,,tabicl_impute,0.2192831039428711,,0.9941520467836257,0.051186659665684725,1.0,,,,
breast_cancer,classification,398,30,block_shift,0.5,0.47685998828353837,2,random,,tabicl_aware,0.3013784885406494,,0.9941520467836257,0.04989982781717926,1.0,,,,
breast_cancer,classification,398,30,block_shift,0.5,0.47685998828353837,2,random,,catboost,0.37186241149902344,,0.9766081871345029,0.06048846884616461,0.9979556074766355,,,,
breast_cancer,classification,398,30,none,0.0,0.0,3,random,,tabicl_impute,0.22194123268127441,,0.9649122807017544,0.09655373090790954,0.9941588785046729,,,,
breast_cancer,classification,398,30,none,0.0,0.0,3,random,,tabicl_aware,0.29905223846435547,,0.9590643274853801,0.08689142259045447,0.9951810747663552,,,,
breast_cancer,classification,398,30,none,0.0,0.0,3,random,,catboost,0.3857419490814209,,0.9590643274853801,0.09239252084032869,0.9959112149532711,,,,
breast_cancer,classification,398,30,block,0.3,0.3,3,random,,tabicl_impute,0.2204127311706543,,0.9883040935672515,0.04772069376474459,0.9998539719626168,,,,
breast_cancer,classification,398,30,block,0.3,0.3,3,random,,tabicl_aware,0.30370044708251953,,0.9766081871345029,0.051033824426370986,0.9989778037383178,,,,
breast_cancer,classification,398,30,block,0.3,0.3,3,random,,catboost,0.4051053524017334,,0.9707602339181286,0.07952262864105057,0.9970794392523364,,,,
breast_cancer,classification,398,30,block,0.5,0.4678968951376684,3,random,,tabicl_impute,0.25644540786743164,,0.9824561403508771,0.06310967281781639,0.997517523364486,,,,
breast_cancer,classification,398,30,block,0.5,0.4678968951376684,3,random,,tabicl_aware,0.3038027286529541,,0.9707602339181286,0.07228003146979439,0.9963492990654206,,,,
breast_cancer,classification,398,30,block,0.5,0.4678968951376684,3,random,,catboost,0.3820493221282959,,0.9590643274853801,0.08673056531396844,0.9951810747663552,,,,
breast_cancer,classification,398,30,block_shift,0.3,0.3,3,random,,tabicl_impute,0.21834897994995117,,0.9766081871345029,0.08455369053202089,0.9941588785046729,,,,
breast_cancer,classification,398,30,block_shift,0.3,0.3,3,random,,tabicl_aware,0.3026447296142578,,0.9766081871345029,0.07844667613485662,0.9959112149532711,,,,
breast_cancer,classification,398,30,block_shift,0.3,0.3,3,random,,catboost,0.4147639274597168,,0.9473684210526315,0.13947523901291708,0.9887558411214954,,,,
breast_cancer,classification,398,30,block_shift,0.5,0.4450497949619215,3,random,,tabicl_impute,0.21811151504516602,,0.9824561403508771,0.084843484105014,0.9948890186915887,,,,
breast_cancer,classification,398,30,block_shift,0.5,0.4450497949619215,3,random,,tabicl_aware,0.30242204666137695,,0.9590643274853801,0.09866862406497566,0.993428738317757,,,,
breast_cancer,classification,398,30,block_shift,0.5,0.4450497949619215,3,random,,catboost,0.40775227546691895,,0.9473684210526315,0.13103642708569518,0.9899240654205608,,,,
breast_cancer,classification,398,30,none,0.0,0.0,4,random,,tabicl_impute,0.2210836410522461,,0.9941520467836257,0.03010230277782952,1.0,,,,
breast_cancer,classification,398,30,none,0.0,0.0,4,random,,tabicl_aware,0.3014180660247803,,0.9941520467836257,0.028721478371065243,1.0,,,,
breast_cancer,classification,398,30,none,0.0,0.0,4,random,,catboost,0.3711068630218506,,0.9824561403508771,0.05446864075112399,0.9979556074766355,,,,
breast_cancer,classification,398,30,block,0.3,0.28904510837727004,4,random,,tabicl_impute,0.2192234992980957,,0.9766081871345029,0.05088232535060908,0.9986857476635514,,,,
breast_cancer,classification,398,30,block,0.3,0.28904510837727004,4,random,,tabicl_aware,0.3049581050872803,,0.9824561403508771,0.052007314115506215,0.9988317757009346,,,,
breast_cancer,classification,398,30,block,0.3,0.28904510837727004,4,random,,catboost,0.41781020164489746,,0.9649122807017544,0.08151446173076844,0.9960572429906542,,,,
breast_cancer,classification,398,30,block,0.5,0.5,4,random,,tabicl_impute,0.21929168701171875,,0.9707602339181286,0.07029413572612556,0.9969334112149533,,,,
breast_cancer,classification,398,30,block,0.5,0.5,4,random,,tabicl_aware,0.3030698299407959,,0.9707602339181286,0.07123652554397868,0.9969334112149533,,,,
breast_cancer,classification,398,30,block,0.5,0.5,4,random,,catboost,0.38733339309692383,,0.9649122807017544,0.08575105674403932,0.9956191588785047,,,,
breast_cancer,classification,398,30,block_shift,0.3,0.3,4,random,,tabicl_impute,0.22106361389160156,,0.9532163742690059,0.0868636775293111,0.9951810747663552,,,,
breast_cancer,classification,398,30,block_shift,0.3,0.3,4,random,,tabicl_aware,0.30359458923339844,,0.9649122807017544,0.07309079047078688,0.9973714953271028,,,,
breast_cancer,classification,398,30,block_shift,0.3,0.3,4,random,,catboost,0.4130268096923828,,0.935672514619883,0.1556357264278031,0.9924065420560748,,,,
breast_cancer,classification,398,30,block_shift,0.5,0.48734622144112477,4,random,,tabicl_impute,0.21839594841003418,,0.9824561403508771,0.06750463837458474,0.997517523364486,,,,
breast_cancer,classification,398,30,block_shift,0.5,0.48734622144112477,4,random,,tabicl_aware,0.30098843574523926,,0.9824561403508771,0.06235188671074923,0.9986857476635514,,,,
breast_cancer,classification,398,30,block_shift,0.5,0.48734622144112477,4,random,,catboost,0.3785820007324219,,0.9590643274853801,0.11925385780173661,0.9925525700934579,,,,
wine,classification,124,13,none,0.0,0.0,0,random,,tabicl_impute,0.18988704681396484,,1.0,0.009828143715761415,1.0,,,,
wine,classification,124,13,none,0.0,0.0,0,random,,tabicl_aware,0.310971736907959,,1.0,0.006550396555888599,1.0,,,,
wine,classification,124,13,none,0.0,0.0,0,random,,catboost,0.2096691131591797,,1.0,0.0529660567230378,1.0,,,,
wine,classification,124,13,block,0.3,0.2662057044079516,0,random,,tabicl_impute,0.19046425819396973,,1.0,0.014583346421673263,1.0,,,,
wine,classification,124,13,block,0.3,0.2662057044079516,0,random,,tabicl_aware,0.2706737518310547,,1.0,0.010205088797274496,1.0,,,,
wine,classification,124,13,block,0.3,0.2662057044079516,0,random,,catboost,0.21187162399291992,,1.0,0.03986025945546468,1.0,,,,
wine,classification,124,13,block,0.5,0.44857389801210024,0,random,,tabicl_impute,0.18926692008972168,,0.9629629629629629,0.1101857344258076,0.9960297932520156,,,,
wine,classification,124,13,block,0.5,0.44857389801210024,0,random,,tabicl_aware,0.26906609535217285,,0.9444444444444444,0.11966043481488352,0.995974395974396,,,,
wine,classification,124,13,block,0.5,0.44857389801210024,0,random,,catboost,0.2101120948791504,,0.9259259259259259,0.21342330148141986,0.9895877784766673,,,,
wine,classification,124,13,block_shift,0.3,0.2662057044079516,0,random,,tabicl_impute,0.19033312797546387,,1.0,0.028783446650802687,1.0,,,,
wine,classification,124,13,block_shift,0.3,0.2662057044079516,0,random,,tabicl_aware,0.26755237579345703,,1.0,0.02965606916859755,1.0,,,,
wine,classification,124,13,block_shift,0.3,0.2662057044079516,0,random,,catboost,0.23579049110412598,,0.9629629629629629,0.10269785659126117,0.9995189995189996,,,,
wine,classification,124,13,block_shift,0.5,0.46153846153846156,0,random,,tabicl_impute,0.19121623039245605,,0.9814814814814815,0.1176733235516451,0.9995189995189996,,,,
wine,classification,124,13,block_shift,0.5,0.46153846153846156,0,random,,tabicl_aware,0.2702913284301758,,0.9629629629629629,0.10098908763385323,0.9995189995189996,,,,
wine,classification,124,13,block_shift,0.5,0.46153846153846156,0,random,,catboost,0.22977542877197266,,0.9259259259259259,0.25516076785754893,0.9865171865171866,,,,
wine,classification,124,13,none,0.0,0.0,1,random,,tabicl_impute,0.18865752220153809,,0.9814814814814815,0.027829676923156476,1.0,,,,
wine,classification,124,13,none,0.0,0.0,1,random,,tabicl_aware,0.27015209197998047,,0.9814814814814815,0.03798624432134594,1.0,,,,
wine,classification,124,13,none,0.0,0.0,1,random,,catboost,0.20846080780029297,,0.9814814814814815,0.12881691069314985,0.9970137886804554,,,,
wine,classification,124,13,block,0.3,0.287381158167675,1,random,,tabicl_impute,0.18989062309265137,,0.9814814814814815,0.05930374800122408,0.9995189995189996,,,,
wine,classification,124,13,block,0.3,0.287381158167675,1,random,,tabicl_aware,0.27164626121520996,,0.9629629629629629,0.07144855064974144,0.9995189995189996,,,,
wine,classification,124,13,block,0.3,0.287381158167675,1,random,,catboost,0.21108746528625488,,0.9074074074074074,0.2363635748756029,0.9824985713874602,,,,
wine,classification,124,13,block,0.5,0.4373379429559205,1,random,,tabicl_impute,0.1894700527191162,,0.9444444444444444,0.09841647367115745,1.0,,,,
wine,classification,124,13,block,0.5,0.4373379429559205,1,random,,tabicl_aware,0.27112841606140137,,0.9444444444444444,0.08941984826456277,1.0,,,,
wine,classification,124,13,block,0.5,0.4373379429559205,1,random,,catboost,0.21370840072631836,,0.9814814814814815,0.11950954982143079,0.995123189567634,,,,
wine,classification,124,13,block_shift,0.3,0.27787381158167673,1,random,,tabicl_impute,0.22966742515563965,,0.9444444444444444,0.21396199899103618,0.9890513807180473,,,,
wine,classification,124,13,block_shift,0.3,0.27787381158167673,1,random,,tabicl_aware,0.2747344970703125,,0.9074074074074074,0.2044913467826326,0.9880225741336851,,,,
wine,classification,124,13,block_shift,0.3,0.27787381158167673,1,random,,catboost,0.23465704917907715,,0.9259259259259259,0.28730045276896526,0.9739419017196794,,,,
wine,classification,124,13,block_shift,0.5,0.4131374243733794,1,random,,tabicl_impute,0.18799448013305664,,0.9629629629629629,0.1179505289004985,0.9980425952648174,,,,
wine,classification,124,13,block_shift,0.5,0.4131374243733794,1,random,,tabicl_aware,0.2688021659851074,,0.9629629629629629,0.0964370636465941,0.9995189995189996,,,,
wine,classification,124,13,block_shift,0.5,0.4131374243733794,1,random,,catboost,0.23740363121032715,,0.9814814814814815,0.12010133377340265,0.9995189995189996,,,,
wine,classification,124,13,none,0.0,0.0,2,random,,tabicl_impute,0.19469070434570312,,0.9814814814814815,0.03456587567230308,1.0,,,,
wine,classification,124,13,none,0.0,0.0,2,random,,tabicl_aware,0.27002882957458496,,0.9814814814814815,0.051610825250444796,1.0,,,,
wine,classification,124,13,none,0.0,0.0,2,random,,catboost,0.19031810760498047,,0.9444444444444444,0.1856370749122552,0.9943203915426136,,,,
wine,classification,124,13,block,0.3,0.23076923076923078,2,random,,tabicl_impute,0.18917298316955566,,0.9444444444444444,0.11488941268638582,0.9980091924536368,,,,
wine,classification,124,13,block,0.3,0.23076923076923078,2,random,,tabicl_aware,0.2730379104614258,,0.9629629629629629,0.06718345105808263,1.0,,,,
wine,classification,124,13,block,0.3,0.23076923076923078,2,random,,catboost,0.22405171394348145,,0.9259259259259259,0.24541118482573396,0.9892439864662087,,,,
wine,classification,124,13,block,0.5,0.43215211754537597,2,random,,tabicl_impute,0.19353985786437988,,0.9074074074074074,0.2645887178287103,0.9865795726906837,,,,
wine,classification,124,13,block,0.5,0.43215211754537597,2,random,,tabicl_aware,0.27439093589782715,,0.9259259259259259,0.2025605191435615,0.9900687789576678,,,,
wine,classification,124,13,block,0.5,0.43215211754537597,2,random,,catboost,0.20927119255065918,,0.8703703703703703,0.44001671896224054,0.960416743750077,,,,
wine,classification,124,13,block_shift,0.3,0.27095937770095074,2,random,,tabicl_impute,0.19202184677124023,,0.9629629629629629,0.11398076246478575,0.9955373844262733,,,,
wine,classification,124,13,block_shift,0.3,0.27095937770095074,2,random,,tabicl_aware,0.2719552516937256,,0.9629629629629629,0.11818901668640122,0.9945753834642724,,,,
wine,classification,124,13,block_shift,0.3,0.27095937770095074,2,random,,catboost,0.24261856079101562,,0.9259259259259259,0.2534809422080039,0.9793233515455738,,,,
wine,classification,124,13,block_shift,0.5,0.43215211754537597,2,random,,tabicl_impute,0.1932368278503418,,0.8518518518518519,0.47866497711262296,0.9463508713508714,,,,
wine,classification,124,13,block_shift,0.5,0.43215211754537597,2,random,,tabicl_aware,0.27427148818969727,,0.8888888888888888,0.4562085331634492,0.9457476679698903,,,,
wine,classification,124,13,block_shift,0.5,0.43215211754537597,2,random,,catboost,0.23361754417419434,,0.8333333333333334,0.5183726429058083,0.9263926402815291,,,,
wine,classification,124,13,none,0.0,0.0,3,random,,tabicl_impute,0.19536542892456055,,1.0,0.0048889001303297356,1.0,,,,
wine,classification,124,13,none,0.0,0.0,3,random,,tabicl_aware,0.3145778179168701,,1.0,0.008357064022067996,1.0,,,,
wine,classification,124,13,none,0.0,0.0,3,random,,catboost,0.209486722946167,,1.0,0.03354117518816149,1.0,,,,
wine,classification,124,13,block,0.3,0.3076923076923077,3,random,,tabicl_impute,0.18846416473388672,,1.0,0.014101095611339324,1.0,,,,
wine,classification,124,13,block,0.3,0.3076923076923077,3,random,,tabicl_aware,0.2693309783935547,,1.0,0.014709987368505883,1.0,,,,
wine,classification,124,13,block,0.3,0.3076923076923077,3,random,,catboost,0.2043147087097168,,0.9814814814814815,0.05538497014029148,1.0,,,,
wine,classification,124,13,block,0.5,0.46153846153846156,3,random,,tabicl_impute,0.19036865234375,,0.9629629629629629,0.10218823811016414,1.0,,,,
wine,classification,124,13,block,0.5,0.46153846153846156,3,random,,tabicl_aware,0.2578420639038086,,0.9629629629629629,0.09727916430147718,0.9980091924536368,,,,
wine,classification,124,13,block,0.5,0.46153846153846156,3,random,,catboost,0.1978604793548584,,0.9444444444444444,0.2132744889023219,0.9841069424402757,,,,
wine,classification,124,13,block_shift,0.3,0.3076923076923077,3,random,,tabicl_impute,0.19086146354675293,,0.9814814814814815,0.04956330121402438,1.0,,,,
wine,classification,124,13,block_shift,0.3,0.3076923076923077,3,random,,tabicl_aware,0.2597160339355469,,0.9629629629629629,0.04964083860776078,0.9995189995189996,,,,
wine,classification,124,13,block_shift,0.3,0.3076923076923077,3,random,,catboost,0.22943592071533203,,0.9629629629629629,0.20758265171158338,0.9819473736140404,,,,
wine,classification,124,13,block_shift,0.5,0.43604148660328435,3,random,,tabicl_impute,0.19099092483520508,,0.9814814814814815,0.03176598225112323,1.0,,,,
wine,classification,124,13,block_shift,0.5,0.43604148660328435,3,random,,tabicl_aware,0.2604062557220459,,0.9814814814814815,0.05427125203732685,1.0,,,,
wine,classification,124,13,block_shift,0.5,0.43604148660328435,3,random,,catboost,0.232269287109375,,0.9814814814814815,0.048922485433452116,1.0,,,,
wine,classification,124,13,none,0.0,0.0,4,random,,tabicl_impute,0.1901559829711914,,0.9814814814814815,0.025558260210747634,1.0,,,,
wine,classification,124,13,none,0.0,0.0,4,random,,tabicl_aware,0.26192736625671387,,0.9814814814814815,0.03145428695612497,1.0,,,,
wine,classification,124,13,none,0.0,0.0,4,random,,catboost,0.21047401428222656,,0.9629629629629629,0.0961999291686303,1.0,,,,
wine,classification,124,13,block,0.3,0.3076923076923077,4,random,,tabicl_impute,0.18891215324401855,,0.9629629629629629,0.19261919964841767,0.988048988048988,,,,
wine,classification,124,13,block,0.3,0.3076923076923077,4,random,,tabicl_aware,0.25917768478393555,,0.9629629629629629,0.15335235839969266,0.9932141932141931,,,,
wine,classification,124,13,block,0.3,0.3076923076923077,4,random,,catboost,0.21715974807739258,,0.9444444444444444,0.2467486178509701,0.9796275740720185,,,,
wine,classification,124,13,block,0.5,0.46153846153846156,4,random,,tabicl_impute,0.19087004661560059,,0.9259259259259259,0.12456654292796994,0.9975061975061975,,,,
wine,classification,124,13,block,0.5,0.46153846153846156,4,random,,tabicl_aware,0.2594783306121826,,0.9444444444444444,0.16298117269686027,0.996085190529635,,,,
wine,classification,124,13,block,0.5,0.46153846153846156,4,random,,catboost,0.2013392448425293,,0.8888888888888888,0.238455066619194,0.9888957750068861,,,,
wine,classification,124,13,block_shift,0.3,0.28003457216940364,4,random,,tabicl_impute,0.189910888671875,,0.9629629629629629,0.10625183707866201,0.9968475968475968,,,,
wine,classification,124,13,block_shift,0.3,0.28003457216940364,4,random,,tabicl_aware,0.3014211654663086,,0.9629629629629629,0.1095650340706839,0.9963665963665963,,,,
wine,classification,124,13,block_shift,0.3,0.28003457216940364,4,random,,catboost,0.23803257942199707,,0.9629629629629629,0.15834100978142973,0.9911125911125911,,,,
wine,classification,124,13,block_shift,0.5,0.46153846153846156,4,random,,tabicl_impute,0.18830323219299316,,0.9259259259259259,0.15404119663106425,0.9990045962268184,,,,
wine,classification,124,13,block_shift,0.5,0.46153846153846156,4,random,,tabicl_aware,0.25943660736083984,,0.9074074074074074,0.14263560563448327,0.9965327881994549,,,,
wine,classification,124,13,block_shift,0.5,0.46153846153846156,4,random,,catboost,0.2138988971710205,,0.9074074074074074,0.2060431586300797,0.991948791948792,,,,
diabetes,regression,309,10,none,0.0,0.0,0,random,,tabicl_impute,0.21090483665466309,,,,,55.49007289217688,0.49973510954525135,0.7669172932330827,1.7310171890189416
diabetes,regression,309,10,none,0.0,0.0,0,random,,tabicl_aware,0.293010950088501,,,,,56.02447269441887,0.49005306132001114,0.7593984962406015,1.6967912194311086
diabetes,regression,309,10,none,0.0,0.0,0,random,,catboost,0.1757957935333252,,,,,59.82022009416467,0.418612825561116,,
diabetes,regression,309,10,block,0.3,0.3,0,random,,tabicl_impute,0.20166683197021484,,,,,58.87064194183633,0.4369240519371951,0.7819548872180451,1.8226622672619723
diabetes,regression,309,10,block,0.3,0.3,0,random,,tabicl_aware,0.27362632751464844,,,,,58.90588817238773,0.4362496157468143,0.7819548872180451,1.774810481635586
diabetes,regression,309,10,block,0.3,0.3,0,random,,catboost,0.16675591468811035,,,,,59.57399228902702,0.4233891058246988,,
diabetes,regression,309,10,block,0.5,0.5,0,random,,tabicl_impute,0.2014014720916748,,,,,65.47045260603042,0.30359782271364655,0.7593984962406015,1.9435871543734828
diabetes,regression,309,10,block,0.5,0.5,0,random,,tabicl_aware,0.2746703624725342,,,,,65.47833625179676,0.30343009762822326,0.7218045112781954,1.888029152710676
diabetes,regression,309,10,block,0.5,0.5,0,random,,catboost,0.17618179321289062,,,,,69.38090577265692,0.21792326951955265,,
diabetes,regression,309,10,block_shift,0.3,0.3,0,random,,tabicl_impute,0.20359420776367188,,,,,58.950603831874545,0.4353934012352312,0.7894736842105263,1.8539418568907995
diabetes,regression,309,10,block_shift,0.3,0.3,0,random,,tabicl_aware,0.2709164619445801,,,,,59.11401766152312,0.43225883088874584,0.7744360902255639,1.8279371217651212
diabetes,regression,309,10,block_shift,0.3,0.3,0,random,,catboost,0.21081852912902832,,,,,60.13580985059318,0.412462269011018,,
diabetes,regression,309,10,block_shift,0.5,0.5,0,random,,tabicl_impute,0.20035719871520996,,,,,64.86557782885664,0.31640635592415267,0.7819548872180451,1.9550107220606054
diabetes,regression,309,10,block_shift,0.5,0.5,0,random,,tabicl_aware,0.2713015079498291,,,,,64.62419006173991,0.32148467685940296,0.7443609022556391,1.893524173700959
diabetes,regression,309,10,block_shift,0.5,0.5,0,random,,catboost,0.18448877334594727,,,,,68.76913984186382,0.2316543829204074,,
diabetes,regression,309,10,none,0.0,0.0,1,random,,tabicl_impute,0.2009296417236328,,,,,57.080034754049066,0.44259399991567994,0.7669172932330827,1.722600177233775
diabetes,regression,309,10,none,0.0,0.0,1,random,,tabicl_aware,0.2713608741760254,,,,,57.174812720374646,0.44074138480453273,0.7518796992481203,1.6745028789597132
diabetes,regression,309,10,none,0.0,0.0,1,random,,catboost,0.16538572311401367,,,,,58.831645086753454,0.40785895379889814,,
diabetes,regression,309,10,block,0.3,0.266289592760181,1,random,,tabicl_impute,0.20798230171203613,,,,,59.5149197420148,0.39402475062112785,0.7819548872180451,1.8262671288480041
diabetes,regression,309,10,block,0.3,0.266289592760181,1,random,,tabicl_aware,0.31545066833496094,,,,,59.672052372900396,0.39082070751416176,0.7518796992481203,1.7850997214020763
diabetes,regression,309,10,block,0.3,0.266289592760181,1,random,,catboost,0.16583681106567383,,,,,63.13763244566331,0.31800723621100213,,
diabetes,regression,309,10,block,0.5,0.40226244343891404,1,random,,tabicl_impute,0.19937944412231445,,,,,61.326418527722396,0.3565743252352893,0.7744360902255639,1.8339476480790124
diabetes,regression,309,10,block,0.5,0.40226244343891404,1,random,,tabicl_aware,0.27994608879089355,,,,,61.364083430465215,0.3557837358571099,0.7368421052631579,1.7635141153705693
diabetes,regression,309,10,block,0.5,0.40226244343891404,1,random,,catboost,0.17288899421691895,,,,,63.08071004021756,0.3192363975689638,,
diabetes,regression,309,10,block_shift,0.3,0.26380090497737557,1,random,,tabicl_impute,0.19621920585632324,,,,,58.384111365745525,0.4168335504805285,0.7669172932330827,1.7929251372617703
diabetes,regression,309,10,block_shift,0.3,0.26380090497737557,1,random,,tabicl_aware,0.2776949405670166,,,,,58.47249213424117,0.41506664135293647,0.7819548872180451,1.782954013888302
diabetes,regression,309,10,block_shift,0.3,0.26380090497737557,1,random,,catboost,0.19690489768981934,,,,,63.72399841494484,0.3052809340923933,,
diabetes,regression,309,10,block_shift,0.5,0.5,1,random,,tabicl_impute,0.20030665397644043,,,,,64.07248678170404,0.2976617165064487,0.7819548872180451,2.0031527818391464
diabetes,regression,309,10,block_shift,0.5,0.5,1,random,,tabicl_aware,0.2836005687713623,,,,,62.76235523009716,0.3260903941887896,0.7744360902255639,1.9028875081027672
diabetes,regression,309,10,block_shift,0.5,0.5,1,random,,catboost,0.21207690238952637,,,,,66.15066811558823,0.2513623729039173,,
diabetes,regression,309,10,none,0.0,0.0,2,random,,tabicl_impute,0.20152068138122559,,,,,57.140776516748524,0.4591589488712109,0.7518796992481203,1.786914434296781
diabetes,regression,309,10,none,0.0,0.0,2,random,,tabicl_aware,0.27805423736572266,,,,,57.32868008992409,0.45559606200529146,0.7443609022556391,1.7222127771234301
diabetes,regression,309,10,none,0.0,0.0,2,random,,catboost,0.1791849136352539,,,,,60.57583475342699,0.3921783188675436,,
diabetes,regression,309,10,block,0.3,0.252262443438914,2,random,,tabicl_impute,0.20469260215759277,,,,,59.01071945729529,0.42318148592070126,0.8120300751879699,1.864825156412589
diabetes,regression,309,10,block,0.3,0.252262443438914,2,random,,tabicl_aware,0.2713186740875244,,,,,58.71787918713785,0.4288921964356157,0.7894736842105263,1.8281276359999836
diabetes,regression,309,10,block,0.3,0.252262443438914,2,random,,catboost,0.17972898483276367,,,,,59.14439634824159,0.4205651937676139,,
diabetes,regression,309,10,block,0.5,0.46289592760181,2,random,,tabicl_impute,0.19997859001159668,,,,,66.8328380170446,0.26012699929262195,0.7518796992481203,2.005671247212245
diabetes,regression,309,10,block,0.5,0.46289592760181,2,random,,tabicl_aware,0.27199363708496094,,,,,65.18824975359553,0.296091817187635,0.7593984962406015,1.9495205944206975
diabetes,regression,309,10,block,0.5,0.46289592760181,2,random,,catboost,0.1183156967163086,,,,,70.86690966529729,0.16811295406050453,,
diabetes,regression,309,10,block_shift,0.3,0.2,2,random,,tabicl_impute,0.2006666660308838,,,,,58.19508629104984,0.4390166064871961,0.8270676691729323,1.82952570223934
diabetes,regression,309,10,block_shift,0.3,0.2,2,random,,tabicl_aware,0.27103614807128906,,,,,58.32184496328391,0.4365701128441002,0.8120300751879699,1.772431614946617
diabetes,regression,309,10,block_shift,0.3,0.2,2,random,,catboost,0.2113323211669922,,,,,61.26666488419239,0.37823560086770436,,
diabetes,regression,309,10,block_shift,0.5,0.43710407239819005,2,random,,tabicl_impute,0.19939517974853516,,,,,64.08943917189421,0.31962191784755356,0.7969924812030075,2.1273075268958554
diabetes,regression,309,10,block_shift,0.5,0.43710407239819005,2,random,,tabicl_aware,0.2715027332305908,,,,,62.94898755436187,0.3436207077936074,0.7518796992481203,2.035699526230196
diabetes,regression,309,10,block_shift,0.5,0.43710407239819005,2,random,,catboost,0.20600056648254395,,,,,69.37739803550967,0.20271537728140598,,
diabetes,regression,309,10,none,0.0,0.0,3,random,,tabicl_impute,0.23664498329162598,,,,,50.200833731099856,0.5423192707478017,0.8796992481203008,1.949746612637376
diabetes,regression,309,10,none,0.0,0.0,3,random,,tabicl_aware,0.2726624011993408,,,,,50.10829882625388,0.5440049961233523,0.8721804511278195,1.9268120774421038
diabetes,regression,309,10,none,0.0,0.0,3,random,,catboost,0.1759812831878662,,,,,54.66469048621737,0.45730658265100355,,
diabetes,regression,309,10,block,0.3,0.3,3,random,,tabicl_impute,0.20156240463256836,,,,,55.4173358005417,0.4422596649999575,0.8345864661654135,2.058352736796043
diabetes,regression,309,10,block,0.3,0.3,3,random,,tabicl_aware,0.27379536628723145,,,,,55.148029765032796,0.4476672824361986,0.8345864661654135,2.0067181596647874
diabetes,regression,309,10,block,0.3,0.3,3,random,,catboost,0.15688848495483398,,,,,56.05517948368802,0.4293467935820029,,
diabetes,regression,309,10,block,0.5,0.4276018099547511,3,random,,tabicl_impute,0.2027757167816162,,,,,62.563482018194556,0.28914243378621796,0.8345864661654135,2.3184061260240374
diabetes,regression,309,10,block,0.5,0.4276018099547511,3,random,,tabicl_aware,0.27138471603393555,,,,,60.7939984068729,0.3287841822820192,0.8421052631578947,2.264378199404404
diabetes,regression,309,10,block,0.5,0.4276018099547511,3,random,,catboost,0.16930866241455078,,,,,66.0603960062293,0.20745649273097744,,
diabetes,regression,309,10,block_shift,0.3,0.3,3,random,,tabicl_impute,0.19965815544128418,,,,,59.46437802531264,0.357823323378761,0.8345864661654135,2.0443510562381646
diabetes,regression,309,10,block_shift,0.3,0.3,3,random,,tabicl_aware,0.2733895778656006,,,,,58.68748825406964,0.374493521306023,0.8270676691729323,2.000512600694062
diabetes,regression,309,10,block_shift,0.3,0.3,3,random,,catboost,0.20292091369628906,,,,,59.455845176607426,0.3580076086082673,,
diabetes,regression,309,10,block_shift,0.5,0.4671945701357466,3,random,,tabicl_impute,0.19916176795959473,,,,,61.57289317548345,0.31147472378124574,0.8646616541353384,2.290388165044575
diabetes,regression,309,10,block_shift,0.5,0.4671945701357466,3,random,,tabicl_aware,0.271151065826416,,,,,60.73904594837083,0.3299970746709483,0.8646616541353384,2.259702336012684
diabetes,regression,309,10,block_shift,0.5,0.4671945701357466,3,random,,catboost,0.20317935943603516,,,,,69.52145637398347,0.12223453545312335,,
diabetes,regression,309,10,none,0.0,0.0,4,random,,tabicl_impute,0.20004773139953613,,,,,59.03447660809401,0.4658255283909145,0.7593984962406015,1.6929645683170675
diabetes,regression,309,10,none,0.0,0.0,4,random,,tabicl_aware,0.2718522548675537,,,,,59.44683869434334,0.45833693432097544,0.7518796992481203,1.632308454582187
diabetes,regression,309,10,none,0.0,0.0,4,random,,catboost,0.17679953575134277,,,,,63.84842203406696,0.37515538460242925,,
diabetes,regression,309,10,block,0.3,0.2660633484162896,4,random,,tabicl_impute,0.2040858268737793,,,,,63.81723239609635,0.375765702497852,0.7593984962406015,1.8814629760571748
diabetes,regression,309,10,block,0.3,0.2660633484162896,4,random,,tabicl_aware,0.2762770652770996,,,,,63.12525425597455,0.38922960850740074,0.7593984962406015,1.8293773503189683
diabetes,regression,309,10,block,0.3,0.2660633484162896,4,random,,catboost,0.1732332706451416,,,,,65.65592969954608,0.3392767254175474,,
diabetes,regression,309,10,block,0.5,0.4819004524886878,4,random,,tabicl_impute,0.20804357528686523,,,,,70.52824685464256,0.23757369490594316,0.7593984962406015,1.9991133639191168
diabetes,regression,309,10,block,0.5,0.4819004524886878,4,random,,tabicl_aware,0.27434468269348145,,,,,70.75762232851686,0.2326064290901141,0.7518796992481203,1.9148583714363854
diabetes,regression,309,10,block,0.5,0.4819004524886878,4,random,,catboost,0.16126132011413574,,,,,74.38785368282129,0.15184397592975685,,
diabetes,regression,309,10,block_shift,0.3,0.3,4,random,,tabicl_impute,0.206223726272583,,,,,61.444439228105466,0.4213221427223367,0.7593984962406015,1.8413338687082623
diabetes,regression,309,10,block_shift,0.3,0.3,4,random,,tabicl_aware,0.2747340202331543,,,,,60.09249406678055,0.4465069739121693,0.7744360902255639,1.775728301933511
diabetes,regression,309,10,block_shift,0.3,0.3,4,random,,catboost,0.2032783031463623,,,,,62.44664310196834,0.40229087061392077,,
diabetes,regression,309,10,block_shift,0.5,0.5,4,random,,tabicl_impute,0.2382493019104004,,,,,69.29150317011057,0.2640782133094992,0.6992481203007519,1.8691095568725844
diabetes,regression,309,10,block_shift,0.5,0.5,4,random,,tabicl_aware,0.2751126289367676,,,,,69.66391250094473,0.25614648688816133,0.7218045112781954,1.8245947051811666
diabetes,regression,309,10,block_shift,0.5,0.5,4,random,,catboost,0.20957207679748535,,,,,73.22579020712023,0.17813624372447445,,
openml:31,classification,700,20,none,0.0,0.0,0,random,,tabicl_impute,0.2340559959411621,,0.78,0.451708045081146,0.8355555555555556,,,,
openml:31,classification,700,20,none,0.0,0.0,0,random,,tabicl_aware,0.3113744258880615,,0.7833333333333333,0.45131869932488333,0.8393650793650793,,,,
openml:31,classification,700,20,none,0.0,0.0,0,random,,catboost,0.2781343460083008,,0.7666666666666667,0.5321151045006128,0.7991534391534391,,,,
openml:31,classification,700,20,block,0.3,0.27515,0,random,,tabicl_impute,0.23190760612487793,,0.7866666666666666,0.474010342797367,0.8126455026455027,,,,
openml:31,classification,700,20,block,0.3,0.27515,0,random,,tabicl_aware,0.3111763000488281,,0.7766666666666666,0.4682992866258286,0.8212698412698413,,,,
openml:31,classification,700,20,block,0.3,0.27515,0,random,,catboost,0.2763352394104004,,0.7566666666666667,0.5671543490723818,0.7517989417989418,,,,
openml:31,classification,700,20,block,0.5,0.5,0,random,,tabicl_impute,0.23155999183654785,,0.7033333333333334,0.5511895283766036,0.7066137566137567,,,,
openml:31,classification,700,20,block,0.5,0.5,0,random,,tabicl_aware,0.3152000904083252,,0.7133333333333334,0.559194993803741,0.692857142857143,,,,
openml:31,classification,700,20,block,0.5,0.5,0,random,,catboost,0.2778499126434326,,0.7133333333333334,0.6394822343586681,0.6496825396825396,,,,
openml:31,classification,700,20,block_shift,0.3,0.27515,0,random,,tabicl_impute,0.23213577270507812,,0.7566666666666667,0.5152965327080895,0.7633333333333333,,,,
openml:31,classification,700,20,block_shift,0.3,0.27515,0,random,,tabicl_aware,0.31202006340026855,,0.75,0.5181560329614079,0.7621693121693122,,,,
openml:31,classification,700,20,block_shift,0.3,0.27515,0,random,,catboost,0.2911982536315918,,0.7333333333333333,0.6128796877143318,0.6932804232804233,,,,
openml:31,classification,700,20,block_shift,0.5,0.48935,0,random,,tabicl_impute,0.2319333553314209,,0.71,0.5569022714151702,0.7068253968253968,,,,
openml:31,classification,700,20,block_shift,0.5,0.48935,0,random,,tabicl_aware,0.3119032382965088,,0.7066666666666667,0.5618644976476113,0.6966137566137566,,,,
openml:31,classification,700,20,block_shift,0.5,0.48935,0,random,,catboost,0.28638172149658203,,0.68,0.6814948168145848,0.6405026455026455,,,,
openml:31,classification,700,20,none,0.0,0.0,1,random,,tabicl_impute,0.2324657440185547,,0.7766666666666666,0.4645870268180814,0.8243386243386245,,,,
openml:31,classification,700,20,none,0.0,0.0,1,random,,tabicl_aware,0.31168627738952637,,0.7766666666666666,0.4625371040222669,0.8283597883597883,,,,
openml:31,classification,700,20,none,0.0,0.0,1,random,,catboost,0.2757842540740967,,0.79,0.5156855488475127,0.80994708994709,,,,
openml:31,classification,700,20,block,0.3,0.2832,1,random,,tabicl_impute,0.2313394546508789,,0.76,0.49773866479825357,0.7852910052910053,,,,
openml:31,classification,700,20,block,0.3,0.2832,1,random,,tabicl_aware,0.3548007011413574,,0.7566666666666667,0.4920655606075864,0.7957671957671957,,,,
openml:31,classification,700,20,block,0.3,0.2832,1,random,,catboost,0.2794773578643799,,0.7133333333333334,0.6352622624815237,0.7247619047619047,,,,
openml:31,classification,700,20,block,0.5,0.4316,1,random,,tabicl_impute,0.23032188415527344,,0.7233333333333334,0.515560466422282,0.7666666666666668,,,,
openml:31,classification,700,20,block,0.5,0.4316,1,random,,tabicl_aware,0.3108189105987549,,0.7233333333333334,0.5170689753716632,0.7636507936507937,,,,
openml:31,classification,700,20,block,0.5,0.4316,1,random,,catboost,0.2596273422241211,,0.72,0.5610166244995735,0.7668783068783069,,,,
openml:31,classification,700,20,block_shift,0.3,0.3,1,random,,tabicl_impute,0.23431849479675293,,0.73,0.5224763567399978,0.7632804232804232,,,,
openml:31,classification,700,20,block_shift,0.3,0.3,1,random,,tabicl_aware,0.31836748123168945,,0.7333333333333333,0.5215926868494871,0.7632275132275133,,,,
openml:31,classification,700,20,block_shift,0.3,0.3,1,random,,catboost,0.28228092193603516,,0.69,0.6984510909202053,0.6703703703703704,,,,
openml:31,classification,700,20,block_shift,0.5,0.434,1,random,,tabicl_impute,0.23034095764160156,,0.7133333333333334,0.5337572697306527,0.754920634920635,,,,
openml:31,classification,700,20,block_shift,0.5,0.434,1,random,,tabicl_aware,0.31162166595458984,,0.7233333333333334,0.5295959878273194,0.7617460317460318,,,,
openml:31,classification,700,20,block_shift,0.5,0.434,1,random,,catboost,0.283339262008667,,0.7233333333333334,0.5847804764670318,0.725026455026455,,,,
openml:31,classification,700,20,none,0.0,0.0,2,random,,tabicl_impute,0.2338850498199463,,0.7866666666666666,0.4631143422437406,0.822857142857143,,,,
openml:31,classification,700,20,none,0.0,0.0,2,random,,tabicl_aware,0.3118629455566406,,0.79,0.4603118968214946,0.8265608465608466,,,,
openml:31,classification,700,20,none,0.0,0.0,2,random,,catboost,0.27349257469177246,,0.7766666666666666,0.4908016371688312,0.8126984126984127,,,,
openml:31,classification,700,20,block,0.3,0.2746,2,random,,tabicl_impute,0.23162555694580078,,0.7833333333333333,0.47576405760770074,0.8145502645502645,,,,
openml:31,classification,700,20,block,0.3,0.2746,2,random,,tabicl_aware,0.3112297058105469,,0.78,0.4715163965567191,0.8197354497354498,,,,
openml:31,classification,700,20,block,0.3,0.2746,2,random,,catboost,0.2768361568450928,,0.74,0.5348329930756214,0.7834920634920636,,,,
openml:31,classification,700,20,block,0.5,0.45015,2,random,,tabicl_impute,0.23389482498168945,,0.7266666666666667,0.5503167742327022,0.7146560846560848,,,,
openml:31,classification,700,20,block,0.5,0.45015,2,random,,tabicl_aware,0.3100450038909912,,0.72,0.5467328906656436,0.7166137566137566,,,,
openml:31,classification,700,20,block,0.5,0.45015,2,random,,catboost,0.2744419574737549,,0.6733333333333333,0.6759747471790982,0.6424867724867726,,,,
openml:31,classification,700,20,block_shift,0.3,0.3,2,random,,tabicl_impute,0.23092985153198242,,0.7533333333333333,0.5183044394024782,0.7643915343915344,,,,
openml:31,classification,700,20,block_shift,0.3,0.3,2,random,,tabicl_aware,0.3098604679107666,,0.7566666666666667,0.5141415653984753,0.7661904761904762,,,,
openml:31,classification,700,20,block_shift,0.3,0.3,2,random,,catboost,0.36443305015563965,,0.7,0.6372392948380595,0.6856613756613757,,,,
openml:31,classification,700,20,block_shift,0.5,0.48355,2,random,,tabicl_impute,0.23302626609802246,,0.75,0.5358437512246449,0.7374603174603175,,,,
openml:31,classification,700,20,block_shift,0.5,0.48355,2,random,,tabicl_aware,0.35839247703552246,,0.76,0.529214668232644,0.7421693121693121,,,,
openml:31,classification,700,20,block_shift,0.5,0.48355,2,random,,catboost,0.28957676887512207,,0.7233333333333334,0.6075695788572093,0.7025396825396827,,,,
openml:31,classification,700,20,none,0.0,0.0,3,random,,tabicl_impute,0.23233723640441895,,0.7866666666666666,0.5072088970338138,0.7725396825396824,,,,
openml:31,classification,700,20,none,0.0,0.0,3,random,,tabicl_aware,0.31116604804992676,,0.78,0.5030394837291451,0.7775661375661375,,,,
openml:31,classification,700,20,none,0.0,0.0,3,random,,catboost,0.2756834030151367,,0.7766666666666666,0.5714117448387641,0.784973544973545,,,,
openml:31,classification,700,20,block,0.3,0.3,3,random,,tabicl_impute,0.23243308067321777,,0.73,0.5597769129887294,0.7062962962962963,,,,
openml:31,classification,700,20,block,0.3,0.3,3,random,,tabicl_aware,0.3129875659942627,,0.7366666666666667,0.5526109972648515,0.7112169312169313,,,,
openml:31,classification,700,20,block,0.3,0.3,3,random,,catboost,0.27651524543762207,,0.72,0.6499168151845438,0.7112698412698413,,,,
openml:31,classification,700,20,block,0.5,0.467,3,random,,tabicl_impute,0.23308920860290527,,0.74,0.5732847212974834,0.6774603174603174,,,,
openml:31,classification,700,20,block,0.5,0.467,3,random,,tabicl_aware,0.31134724617004395,,0.7433333333333333,0.5661600669967027,0.6887301587301587,,,,
openml:31,classification,700,20,block,0.5,0.467,3,random,,catboost,0.275620698928833,,0.7066666666666667,0.6409616002262001,0.6652910052910053,,,,
openml:31,classification,700,20,block_shift,0.3,0.3,3,random,,tabicl_impute,0.2327899932861328,,0.7366666666666667,0.5402671813771752,0.7307936507936509,,,,
openml:31,classification,700,20,block_shift,0.3,0.3,3,random,,tabicl_aware,0.31292080879211426,,0.75,0.5404140074533941,0.7321693121693121,,,,
openml:31,classification,700,20,block_shift,0.3,0.3,3,random,,catboost,0.28619885444641113,,0.76,0.5961297040867829,0.744920634920635,,,,
openml:31,classification,700,20,block_shift,0.5,0.4844,3,random,,tabicl_impute,0.23055744171142578,,0.7233333333333334,0.565750284693924,0.6887830687830689,,,,
openml:31,classification,700,20,block_shift,0.5,0.4844,3,random,,tabicl_aware,0.31192827224731445,,0.7266666666666667,0.5685045644266872,0.6828042328042329,,,,
openml:31,classification,700,20,block_shift,0.5,0.4844,3,random,,catboost,0.29481053352355957,,0.6766666666666666,0.6330396412223369,0.6817989417989417,,,,
openml:31,classification,700,20,none,0.0,0.0,4,random,,tabicl_impute,0.23964142799377441,,0.7466666666666667,0.4685279424707422,0.8142328042328042,,,,
openml:31,classification,700,20,none,0.0,0.0,4,random,,tabicl_aware,0.311657190322876,,0.75,0.4690702257833189,0.8123809523809524,,,,
openml:31,classification,700,20,none,0.0,0.0,4,random,,catboost,0.27419090270996094,,0.7533333333333333,0.5289923056391965,0.8036507936507937,,,,
openml:31,classification,700,20,block,0.3,0.3,4,random,,tabicl_impute,0.23060989379882812,,0.7066666666666667,0.5436675601544153,0.7252910052910053,,,,
openml:31,classification,700,20,block,0.3,0.3,4,random,,tabicl_aware,0.31482577323913574,,0.7033333333333334,0.5440298307124358,0.7244444444444444,,,,
openml:31,classification,700,20,block,0.3,0.3,4,random,,catboost,0.27258872985839844,,0.7233333333333334,0.609606818417619,0.7073544973544973,,,,
openml:31,classification,700,20,block,0.5,0.5,4,random,,tabicl_impute,0.23229074478149414,,0.72,0.538228005297892,0.7441269841269842,,,,
openml:31,classification,700,20,block,0.5,0.5,4,random,,tabicl_aware,0.35175275802612305,,0.7133333333333334,0.5306312399754569,0.7494179894179894,,,,
openml:31,classification,700,20,block,0.5,0.5,4,random,,catboost,0.2775287628173828,,0.6933333333333334,0.5658988031664679,0.7513756613756615,,,,
openml:31,classification,700,20,block_shift,0.3,0.2841,4,random,,tabicl_impute,0.23148775100708008,,0.77,0.45792046520632196,0.824021164021164,,,,
openml:31,classification,700,20,block_shift,0.3,0.2841,4,random,,tabicl_aware,0.3124349117279053,,0.7766666666666666,0.4605025977458298,0.8226455026455026,,,,
openml:31,classification,700,20,block_shift,0.3,0.2841,4,random,,catboost,0.28417444229125977,,0.7433333333333333,0.5449399663534461,0.785079365079365,,,,
openml:31,classification,700,20,block_shift,0.5,0.4896,4,random,,tabicl_impute,0.22980093955993652,,0.7266666666666667,0.5325927228451438,0.7458201058201059,,,,
openml:31,classification,700,20,block_shift,0.5,0.4896,4,random,,tabicl_aware,0.31211090087890625,,0.7233333333333334,0.5239547516696383,0.7396825396825398,,,,
openml:31,classification,700,20,block_shift,0.5,0.4896,4,random,,catboost,0.2886166572570801,,0.6966666666666667,0.5902169117394902,0.7243915343915345,,,,
openml:1590,classification,2100,14,none,0.0,0.0,0,random,,tabicl_impute,0.31566452980041504,,0.8611111111111112,0.3040684781556162,0.9066037334392465,,,,
openml:1590,classification,2100,14,none,0.0,0.0,0,random,,tabicl_aware,0.40123867988586426,,0.8588888888888889,0.3029848311420191,0.9083910181849131,,,,
openml:1590,classification,2100,14,none,0.0,0.0,0,random,,catboost,0.36428070068359375,,0.8433333333333334,0.3397449075232371,0.8893656557632841,,,,
openml:1590,classification,2100,14,block,0.3,0.216,0,random,,tabicl_impute,0.2562844753265381,,0.8711111111111111,0.30834685960881403,0.9035965559306647,,,,
openml:1590,classification,2100,14,block,0.3,0.216,0,random,,tabicl_aware,0.3441431522369385,,0.8611111111111112,0.3100474142178771,0.9050859598853869,,,,
openml:1590,classification,2100,14,block,0.3,0.216,0,random,,catboost,0.34111976623535156,,0.8377777777777777,0.3497655875686954,0.8819540979885955,,,,
openml:1590,classification,2100,14,block,0.5,0.5,0,random,,tabicl_impute,0.24962258338928223,,0.8311111111111111,0.3746420084448376,0.8540738744361541,,,,
openml:1590,classification,2100,14,block,0.5,0.5,0,random,,tabicl_aware,0.34093546867370605,,0.8277777777777777,0.3708377548636377,0.8603683792448013,,,,
openml:1590,classification,2100,14,block,0.5,0.5,0,random,,catboost,0.38965725898742676,,0.8311111111111111,0.38375462650753117,0.8462084030752645,,,,
openml:1590,classification,2100,14,block_shift,0.3,0.24914285714285714,0,random,,tabicl_impute,0.24994850158691406,,0.8444444444444444,0.3292032826331189,0.8936742886323017,,,,
openml:1590,classification,2100,14,block_shift,0.3,0.24914285714285714,0,random,,tabicl_aware,0.3368828296661377,,0.8544444444444445,0.3247752777949112,0.8971353797270843,,,,
openml:1590,classification,2100,14,block_shift,0.3,0.24914285714285714,0,random,,catboost,0.4464578628540039,,0.8433333333333334,0.35757565347222176,0.8783227892989872,,,,
openml:1590,classification,2100,14,block_shift,0.5,0.5,0,random,,tabicl_impute,0.24921393394470215,,0.8011111111111111,0.4331236026726395,0.811193225339726,,,,
openml:1590,classification,2100,14,block_shift,0.5,0.5,0,random,,tabicl_aware,0.3370974063873291,,0.8022222222222222,0.4175363004753208,0.8180622145309087,,,,
openml:1590,classification,2100,14,block_shift,0.5,0.5,0,random,,catboost,0.4578237533569336,,0.7944444444444444,0.4428010332041954,0.7954161820193479,,,,
openml:1590,classification,2100,14,none,0.0,0.0,1,random,,tabicl_impute,0.2589588165283203,,0.8733333333333333,0.2941219179164892,0.9123734006638485,,,,
openml:1590,classification,2100,14,none,0.0,0.0,1,random,,tabicl_aware,0.3825373649597168,,0.8655555555555555,0.2957033038558863,0.9118662940792647,,,,
openml:1590,classification,2100,14,none,0.0,0.0,1,random,,catboost,0.37267637252807617,,0.8611111111111112,0.31220459532277467,0.9028128457544895,,,,
openml:1590,classification,2100,14,block,0.3,0.2857142857142857,1,random,,tabicl_impute,0.26218581199645996,,0.8566666666666667,0.3051465387088405,0.9041710403132004,,,,
openml:1590,classification,2100,14,block,0.3,0.2857142857142857,1,random,,tabicl_aware,0.35007429122924805,,0.8666666666666667,0.3063613530855229,0.9042100485120146,,,,
openml:1590,classification,2100,14,block,0.3,0.2857142857142857,1,random,,catboost,0.35537147521972656,,0.8488888888888889,0.3185157310099228,0.8968587761354931,,,,
openml:1590,classification,2100,14,block,0.5,0.4756190476190476,1,random,,tabicl_impute,0.2614452838897705,,0.84,0.34532916608433173,0.875890096172941,,,,
openml:1590,classification,2100,14,block,0.5,0.4756190476190476,1,random,,tabicl_aware,0.34438157081604004,,0.8422222222222222,0.34151169468157566,0.8793582796675082,,,,
openml:1590,classification,2100,14,block,0.5,0.4756190476190476,1,random,,catboost,0.3723111152648926,,0.8377777777777777,0.36027797576871823,0.8619109761979062,,,,
openml:1590,classification,2100,14,block_shift,0.3,0.2618333333333333,1,random,,tabicl_impute,0.24894428253173828,,0.8533333333333334,0.32936042451376907,0.8900358875429091,,,,
openml:1590,classification,2100,14,block_shift,0.3,0.2618333333333333,1,random,,tabicl_aware,0.3393070697784424,,0.8544444444444445,0.3236737590381847,0.8946317626031943,,,,
openml:1590,classification,2100,14,block_shift,0.3,0.2618333333333333,1,random,,catboost,0.3819892406463623,,0.8455555555555555,0.35148773202173783,0.8761950693636699,,,,
openml:1590,classification,2100,14,block_shift,0.5,0.4756190476190476,1,random,,tabicl_impute,0.24916958808898926,,0.8422222222222222,0.34228077446898736,0.8799398564498284,,,,
openml:1590,classification,2100,14,block_shift,0.5,0.4756190476190476,1,random,,tabicl_aware,0.341522216796875,,0.8411111111111111,0.3401781050136903,0.880659735027944,,,,
openml:1590,classification,2100,14,block_shift,0.5,0.4756190476190476,1,random,,catboost,0.44988059997558594,,0.8288888888888889,0.3682817434847934,0.8598683650600017,,,,
openml:1590,classification,2100,14,none,0.0,0.0,2,random,,tabicl_impute,0.2543056011199951,,0.8722222222222222,0.288551821079258,0.9164373457403048,,,,
openml:1590,classification,2100,14,none,0.0,0.0,2,random,,tabicl_aware,0.3372621536254883,,0.8711111111111111,0.29067662811281425,0.9157990297597095,,,,
openml:1590,classification,2100,14,none,0.0,0.0,2,random,,catboost,0.3667283058166504,,0.8477777777777777,0.3265286929967714,0.8960821583591023,,,,
openml:1590,classification,2100,14,block,0.3,0.21428571428571427,2,random,,tabicl_impute,0.25214600563049316,,0.8744444444444445,0.29177073329542885,0.9136039320264404,,,,
openml:1590,classification,2100,14,block,0.3,0.21428571428571427,2,random,,tabicl_aware,0.3422887325286865,,0.8755555555555555,0.29167139656990754,0.9145223977985191,,,,
openml:1590,classification,2100,14,block,0.3,0.21428571428571427,2,random,,catboost,0.3738710880279541,,0.8622222222222222,0.32168425709603077,0.8961247127578087,,,,
openml:1590,classification,2100,14,block,0.5,0.5,2,random,,tabicl_impute,0.25234556198120117,,0.8288888888888889,0.35782729341065417,0.8678331300178729,,,,
openml:1590,classification,2100,14,block,0.5,0.5,2,random,,tabicl_aware,0.342681884765625,,0.8266666666666667,0.35465748421818744,0.8717694118982098,,,,
openml:1590,classification,2100,14,block,0.5,0.5,2,random,,catboost,0.37738847732543945,,0.8188888888888889,0.3727923449180292,0.8537405316462878,,,,
openml:1590,classification,2100,14,block_shift,0.3,0.2507857142857143,2,random,,tabicl_impute,0.2508504390716553,,0.8488888888888889,0.3166715823848236,0.9000503560384692,,,,
openml:1590,classification,2100,14,block_shift,0.3,0.2507857142857143,2,random,,tabicl_aware,0.3914675712585449,,0.8544444444444445,0.31514419472051564,0.9008837130131351,,,,
openml:1590,classification,2100,14,block_shift,0.3,0.2507857142857143,2,random,,catboost,0.35547804832458496,,0.85,0.34166154889463396,0.8873726914238702,,,,
openml:1590,classification,2100,14,block_shift,0.5,0.4522857142857143,2,random,,tabicl_impute,0.2528543472290039,,0.8433333333333334,0.3509293426998869,0.8751241169962267,,,,
openml:1590,classification,2100,14,block_shift,0.5,0.4522857142857143,2,random,,tabicl_aware,0.340045690536499,,0.8466666666666667,0.34939946812900924,0.8758652727736957,,,,
openml:1590,classification,2100,14,block_shift,0.5,0.4522857142857143,2,random,,catboost,0.45273423194885254,,0.8466666666666667,0.369550606072623,0.86215921019036,,,,
openml:1590,classification,2100,14,none,0.0,0.0,3,random,,tabicl_impute,0.25360846519470215,,0.86,0.2970396216767025,0.9116677068853016,,,,
openml:1590,classification,2100,14,none,0.0,0.0,3,random,,tabicl_aware,0.3441009521484375,,0.86,0.29830287719389403,0.9118627478793725,,,,
openml:1590,classification,2100,14,none,0.0,0.0,3,random,,catboost,0.3738522529602051,,0.8466666666666667,0.3332169923162539,0.8932522908451302,,,,
openml:1590,classification,2100,14,block,0.3,0.2857142857142857,3,random,,tabicl_impute,0.2535741329193115,,0.8588888888888889,0.3123505441504873,0.9004723538256405,,,,
openml:1590,classification,2100,14,block,0.3,0.2857142857142857,3,random,,tabicl_aware,0.34435200691223145,,0.8622222222222222,0.3184517390141716,0.8965786263440099,,,,
openml:1590,classification,2100,14,block,0.3,0.2857142857142857,3,random,,catboost,0.37094640731811523,,0.8411111111111111,0.3457411151111748,0.8797838236545718,,,,
openml:1590,classification,2100,14,block,0.5,0.4276190476190476,3,random,,tabicl_impute,0.257798433303833,,0.8266666666666667,0.3739143428580329,0.8560242843768617,,,,
openml:1590,classification,2100,14,block,0.5,0.4276190476190476,3,random,,tabicl_aware,0.345569372177124,,0.8266666666666667,0.37354656781123396,0.856627138358535,,,,
openml:1590,classification,2100,14,block,0.5,0.4276190476190476,3,random,,catboost,0.366194486618042,,0.8177777777777778,0.3841717410822821,0.8522582200913501,,,,
openml:1590,classification,2100,14,block_shift,0.3,0.2857142857142857,3,random,,tabicl_impute,0.25043773651123047,,0.8577777777777778,0.3250380541440792,0.8913692587023745,,,,
openml:1590,classification,2100,14,block_shift,0.3,0.2857142857142857,3,random,,tabicl_aware,0.37106847763061523,,0.8555555555555555,0.3200363463942103,0.8959119407642769,,,,
openml:1590,classification,2100,14,block_shift,0.3,0.2857142857142857,3,random,,catboost,0.3942697048187256,,0.8511111111111112,0.3452045913506803,0.8775497177224886,,,,
openml:1590,classification,2100,14,block_shift,0.5,0.45280952380952383,3,random,,tabicl_impute,0.24829316139221191,,0.8411111111111111,0.3628865832979367,0.8645741723169451,,,,
openml:1590,classification,2100,14,block_shift,0.5,0.45280952380952383,3,random,,tabicl_aware,0.33963608741760254,,0.8466666666666667,0.3613755512382922,0.862666316774944,,,,
openml:1590,classification,2100,14,block_shift,0.5,0.45280952380952383,3,random,,catboost,0.39215564727783203,,0.8177777777777778,0.3937669263706276,0.8457473970892793,,,,
openml:1590,classification,2100,14,none,0.0,0.0,4,random,,tabicl_impute,0.25218796730041504,,0.86,0.29257412192103655,0.9145826831966865,,,,
openml:1590,classification,2100,14,none,0.0,0.0,4,random,,tabicl_aware,0.337756872177124,,0.8588888888888889,0.2924681224911723,0.9154160401713525,,,,
openml:1590,classification,2100,14,none,0.0,0.0,4,random,,catboost,0.3653278350830078,,0.8477777777777777,0.3176025918905408,0.9009120826122726,,,,
openml:1590,classification,2100,14,block,0.3,0.2857142857142857,4,random,,tabicl_impute,0.2512788772583008,,0.8511111111111112,0.3495680361991781,0.877719935317314,,,,
openml:1590,classification,2100,14,block,0.3,0.2857142857142857,4,random,,tabicl_aware,0.38838982582092285,,0.85,0.35051312351478214,0.8771170813356408,,,,
openml:1590,classification,2100,14,block,0.3,0.2857142857142857,4,random,,catboost,0.3014354705810547,,0.8333333333333334,0.36162593636632706,0.867889869216148,,,,
openml:1590,classification,2100,14,block,0.5,0.48595238095238097,4,random,,tabicl_impute,0.25328731536865234,,0.8355555555555556,0.35485795411891446,0.8700601435501715,,,,
openml:1590,classification,2100,14,block,0.5,0.48595238095238097,4,random,,tabicl_aware,0.344740629196167,,0.8377777777777777,0.34971847359548774,0.8754822831853386,,,,
openml:1590,classification,2100,14,block,0.5,0.48595238095238097,4,random,,catboost,0.38219285011291504,,0.8233333333333334,0.38572485197795714,0.8494141677778093,,,,
openml:1590,classification,2100,14,block_shift,0.3,0.2857142857142857,4,random,,tabicl_impute,0.2528879642486572,,0.8477777777777777,0.3269928787186781,0.8931281738489035,,,,
openml:1590,classification,2100,14,block_shift,0.3,0.2857142857142857,4,random,,tabicl_aware,0.3417084217071533,,0.8477777777777777,0.3251572495678978,0.8958161933671878,,,,
openml:1590,classification,2100,14,block_shift,0.3,0.2857142857142857,4,random,,catboost,0.37077808380126953,,0.8344444444444444,0.3653607644588032,0.8721382166869982,,,,
openml:1590,classification,2100,14,block_shift,0.5,0.5,4,random,,tabicl_impute,0.24968242645263672,,0.8422222222222222,0.36246436642008006,0.8640386961332236,,,,
openml:1590,classification,2100,14,block_shift,0.5,0.5,4,random,,tabicl_aware,0.340181827545166,,0.8344444444444444,0.3622260963221505,0.865024539703254,,,,
openml:1590,classification,2100,14,block_shift,0.5,0.5,4,random,,catboost,0.45184779167175293,,0.8288888888888889,0.37710727942541983,0.8517050129081677,,,,
openml:531,regression,354,13,none,0.0,0.0,0,random,,tabicl_impute,0.20788359642028809,,,,,3.4073673358061884,0.8683433345396456,0.8421052631578947,0.5755899519474612
openml:531,regression,354,13,none,0.0,0.0,0,random,,tabicl_aware,0.2801787853240967,,,,,3.341019111394841,0.8734206504867875,0.8092105263157895,0.5502218463816333
openml:531,regression,354,13,none,0.0,0.0,0,random,,catboost,0.1994152069091797,,,,,3.24099931317918,0.8808859976284427,,
openml:531,regression,354,13,block,0.3,0.3076923076923077,0,random,,tabicl_impute,0.20526552200317383,,,,,4.063908313785893,0.8127194215196581,0.8026315789473685,0.8707022659422498
openml:531,regression,354,13,block,0.3,0.3076923076923077,0,random,,tabicl_aware,0.2849268913269043,,,,,3.893798393568227,0.8280699209248814,0.8092105263157895,0.8611383979317281
openml:531,regression,354,13,block,0.3,0.3076923076923077,0,random,,catboost,0.21651959419250488,,,,,3.742739245316628,0.8411511474987784,,
openml:531,regression,354,13,block,0.5,0.46153846153846156,0,random,,tabicl_impute,0.2071523666381836,,,,,4.696514977170352,0.7498754254222488,0.7960526315789473,0.9741260731294485
openml:531,regression,354,13,block,0.5,0.46153846153846156,0,random,,tabicl_aware,0.28054022789001465,,,,,4.509906280274665,0.7693571618261026,0.8026315789473685,0.9287405056347877
openml:531,regression,354,13,block,0.5,0.46153846153846156,0,random,,catboost,0.21382570266723633,,,,,4.434484856701129,0.7770069682873402,,
openml:531,regression,354,13,block_shift,0.3,0.23076923076923078,0,random,,tabicl_impute,0.20719671249389648,,,,,4.504662385820432,0.7698932100147172,0.8092105263157895,0.978785836119178
openml:531,regression,354,13,block_shift,0.3,0.23076923076923078,0,random,,tabicl_aware,0.28163576126098633,,,,,4.5477049516293535,0.7654748076689082,0.8157894736842105,0.9403075517678012
openml:531,regression,354,13,block_shift,0.3,0.23076923076923078,0,random,,catboost,0.23523759841918945,,,,,4.572991989362656,0.7628594510143525,,
openml:531,regression,354,13,block_shift,0.5,0.46153846153846156,0,random,,tabicl_impute,0.20506715774536133,,,,,3.776922085736204,0.8382363299965788,0.8289473684210527,1.0640844611218474
openml:531,regression,354,13,block_shift,0.5,0.46153846153846156,0,random,,tabicl_aware,0.32420778274536133,,,,,3.8224941241610164,0.834309124513147,0.7960526315789473,0.9950306205284952
openml:531,regression,354,13,block_shift,0.5,0.46153846153846156,0,random,,catboost,0.2175590991973877,,,,,4.578884352634171,0.7622479395591777,,
openml:531,regression,354,13,none,0.0,0.0,1,random,,tabicl_impute,0.20647621154785156,,,,,2.7680792029059345,0.9054522778994303,0.8223684210526315,0.6498066019510961
openml:531,regression,354,13,none,0.0,0.0,1,random,,tabicl_aware,0.27802276611328125,,,,,2.831501642064638,0.9010700747670033,0.7894736842105263,0.6151013677533701
openml:531,regression,354,13,none,0.0,0.0,1,random,,catboost,0.20195293426513672,,,,,2.9217150626739516,0.8946657119380619,,
openml:531,regression,354,13,block,0.3,0.3076923076923077,1,random,,tabicl_impute,0.2051706314086914,,,,,4.325415026216647,0.7691395092855078,0.7697368421052632,0.8824623865713728
openml:531,regression,354,13,block,0.3,0.3076923076923077,1,random,,tabicl_aware,0.282578706741333,,,,,4.26183650693758,0.7758763866012285,0.7368421052631579,0.877478374967998
openml:531,regression,354,13,block,0.3,0.3076923076923077,1,random,,catboost,0.21181583404541016,,,,,4.192242202335863,0.7831363433224591,,
openml:531,regression,354,13,block,0.5,0.4350866524779568,1,random,,tabicl_impute,0.20843887329101562,,,,,5.7749546698256875,0.5884797559836299,0.6907894736842105,0.8954623757715842
openml:531,regression,354,13,block,0.5,0.4350866524779568,1,random,,tabicl_aware,0.2800273895263672,,,,,5.891115924052631,0.5717580748380371,0.6907894736842105,0.8511387629841285
openml:531,regression,354,13,block,0.5,0.4350866524779568,1,random,,catboost,0.19809508323669434,,,,,5.91780579169344,0.5678689605227307,,
openml:531,regression,354,13,block_shift,0.3,0.28412891456369715,1,random,,tabicl_impute,0.2072772979736328,,,,,4.241487263864694,0.778011549528443,0.8026315789473685,1.0172658267303853
openml:531,regression,354,13,block_shift,0.3,0.28412891456369715,1,random,,tabicl_aware,0.28228020668029785,,,,,4.259019327054335,0.7761725912301937,0.7828947368421053,0.9421089191270463
openml:531,regression,354,13,block_shift,0.3,0.28412891456369715,1,random,,catboost,0.22986960411071777,,,,,4.752008431914055,0.7213567991254202,,
openml:531,regression,354,13,block_shift,0.5,0.4350866524779568,1,random,,tabicl_impute,0.20724248886108398,,,,,5.096135900357138,0.6795383627916638,0.6644736842105263,0.888804349855787
openml:531,regression,354,13,block_shift,0.5,0.4350866524779568,1,random,,tabicl_aware,0.2784450054168701,,,,,4.912157975702544,0.7022589635232532,0.6578947368421053,0.8451228203962386
openml:531,regression,354,13,block_shift,0.5,0.4350866524779568,1,random,,catboost,0.21796751022338867,,,,,5.50203629756453,0.6264567031317255,,
openml:531,regression,354,13,none,0.0,0.0,2,random,,tabicl_impute,0.20850658416748047,,,,,2.8561410371855143,0.872510889965936,0.75,0.6574281223965665
openml:531,regression,354,13,none,0.0,0.0,2,random,,tabicl_aware,0.2784688472747803,,,,,2.825438420415212,0.8752370934435925,0.7302631578947368,0.6148612215825144
openml:531,regression,354,13,none,0.0,0.0,2,random,,catboost,0.20036888122558594,,,,,2.8126887840158967,0.8763605245905307,,
openml:531,regression,354,13,block,0.3,0.233201581027668,2,random,,tabicl_impute,0.20557451248168945,,,,,3.2391527467980654,0.836025374578661,0.8421052631578947,0.8686037693465812
openml:531,regression,354,13,block,0.3,0.233201581027668,2,random,,tabicl_aware,0.2811102867126465,,,,,3.216940909049894,0.8382665100286028,0.8223684210526315,0.8649933647057597
openml:531,regression,354,13,block,0.3,0.233201581027668,2,random,,catboost,0.2090156078338623,,,,,3.644056751257555,0.7924684858137525,,
openml:531,regression,354,13,block,0.5,0.43402249923989056,2,random,,tabicl_impute,0.20489001274108887,,,,,4.775876244115271,0.6435325166703642,0.7828947368421053,1.2840859593340008
openml:531,regression,354,13,block,0.5,0.43402249923989056,2,random,,tabicl_aware,0.2829630374908447,,,,,4.706671182383307,0.6537884850885936,0.7236842105263158,1.1884546466064572
openml:531,regression,354,13,block,0.5,0.43402249923989056,2,random,,catboost,0.20140528678894043,,,,,5.1433400013563215,0.5865678368715086,,
openml:531,regression,354,13,block_shift,0.3,0.3076923076923077,2,random,,tabicl_impute,0.24370288848876953,,,,,5.340105089788771,0.5543300024102077,0.8092105263157895,1.3413078267648588
openml:531,regression,354,13,block_shift,0.3,0.3076923076923077,2,random,,tabicl_aware,0.28435850143432617,,,,,5.310592666454028,0.5592424363519578,0.7763157894736842,1.2527021566446845
openml:531,regression,354,13,block_shift,0.3,0.3076923076923077,2,random,,catboost,0.23390603065490723,,,,,5.422927748094699,0.5403985106656077,,
openml:531,regression,354,13,block_shift,0.5,0.4378230465186987,2,random,,tabicl_impute,0.20685172080993652,,,,,5.82320055450558,0.47004708366727743,0.8157894736842105,1.428414635902158
openml:531,regression,354,13,block_shift,0.5,0.4378230465186987,2,random,,tabicl_aware,0.281632661819458,,,,,5.8426845233901386,0.46649478958675816,0.7763157894736842,1.3369295121979556
openml:531,regression,354,13,block_shift,0.5,0.4378230465186987,2,random,,catboost,0.23049712181091309,,,,,5.873886703038531,0.4607813286693152,,
openml:531,regression,354,13,none,0.0,0.0,3,random,,tabicl_impute,0.20538902282714844,,,,,2.4672892141542158,0.9220558052443847,0.7763157894736842,0.6000729827200585
openml:531,regression,354,13,none,0.0,0.0,3,random,,tabicl_aware,0.27739620208740234,,,,,2.402636474425122,0.9260871776783409,0.7697368421052632,0.5651890672108629
openml:531,regression,354,13,none,0.0,0.0,3,random,,catboost,0.19918036460876465,,,,,2.7856270557759846,0.9006450296357418,,
openml:531,regression,354,13,block,0.3,0.3076923076923077,3,random,,tabicl_impute,0.20648670196533203,,,,,3.9395281600593557,0.8012843495313543,0.7763157894736842,0.9479366624090259
openml:531,regression,354,13,block,0.3,0.3076923076923077,3,random,,tabicl_aware,0.28122615814208984,,,,,3.819479096980072,0.8132107280077878,0.7763157894736842,0.9149506047362542
openml:531,regression,354,13,block,0.3,0.3076923076923077,3,random,,catboost,0.18683719635009766,,,,,3.8573813509280193,0.8094851613574997,,
openml:531,regression,354,13,block,0.5,0.46153846153846156,3,random,,tabicl_impute,0.20601868629455566,,,,,4.291805941774646,0.7641565562947181,0.756578947368421,1.0173144975087933
openml:531,regression,354,13,block,0.5,0.46153846153846156,3,random,,tabicl_aware,0.28016185760498047,,,,,4.230497591375989,0.7708464664189854,0.7697368421052632,0.9690151108840837
openml:531,regression,354,13,block,0.5,0.46153846153846156,3,random,,catboost,0.21000289916992188,,,,,4.721767156596916,0.7145350526003527,,
openml:531,regression,354,13,block_shift,0.3,0.3076923076923077,3,random,,tabicl_impute,0.2093372344970703,,,,,3.9718405503724767,0.7980112111570822,0.8421052631578947,1.123218353234994
openml:531,regression,354,13,block_shift,0.3,0.3076923076923077,3,random,,tabicl_aware,0.28338050842285156,,,,,4.085339826051085,0.7863022104943198,0.7960526315789473,1.0488235562501307
openml:531,regression,354,13,block_shift,0.3,0.3076923076923077,3,random,,catboost,0.20659661293029785,,,,,4.222740319927389,0.7716860728090884,,
openml:531,regression,354,13,block_shift,0.5,0.43645484949832775,3,random,,tabicl_impute,0.20346426963806152,,,,,4.9994685300530675,0.6799695278461944,0.7631578947368421,1.4153224905581512
openml:531,regression,354,13,block_shift,0.5,0.43645484949832775,3,random,,tabicl_aware,0.280773401260376,,,,,4.659053862780979,0.7220676388916611,0.7763157894736842,1.318449187807631
openml:531,regression,354,13,block_shift,0.5,0.43645484949832775,3,random,,catboost,0.23165011405944824,,,,,5.506009274218074,0.6118339649963717,,
openml:531,regression,354,13,none,0.0,0.0,4,random,,tabicl_impute,0.20563578605651855,,,,,2.0629269266512185,0.9398761174264949,0.8223684210526315,0.6236956708821503
openml:531,regression,354,13,none,0.0,0.0,4,random,,tabicl_aware,0.2805135250091553,,,,,2.0851580695261456,0.938573284382151,0.7697368421052632,0.5841003440912836
openml:531,regression,354,13,none,0.0,0.0,4,random,,catboost,0.19911623001098633,,,,,2.3248571103702416,0.9236389555607809,,
openml:531,regression,354,13,block,0.3,0.2818485861964123,4,random,,tabicl_impute,0.20626544952392578,,,,,3.0763388201592288,0.8662949962714664,0.8092105263157895,0.912081111965789
openml:531,regression,354,13,block,0.3,0.2818485861964123,4,random,,tabicl_aware,0.2831428050994873,,,,,3.073144865057219,0.8665724859215489,0.8026315789473685,0.8643023085100743
openml:531,regression,354,13,block,0.3,0.2818485861964123,4,random,,catboost,0.19624114036560059,,,,,3.6868116421053045,0.8079646288249388,,
openml:531,regression,354,13,block,0.5,0.46153846153846156,4,random,,tabicl_impute,0.24445652961730957,,,,,4.669147038441942,0.6919973662500587,0.7894736842105263,1.2160115710345734
openml:531,regression,354,13,block,0.5,0.46153846153846156,4,random,,tabicl_aware,0.28265380859375,,,,,4.513246366146367,0.7122221185901569,0.7894736842105263,1.1569896759846992
openml:531,regression,354,13,block,0.5,0.46153846153846156,4,random,,catboost,0.19578051567077637,,,,,4.689995968277306,0.68924060484608,,
openml:531,regression,354,13,block_shift,0.3,0.3076923076923077,4,random,,tabicl_impute,0.2126312255859375,,,,,3.8434346745925927,0.7913019762377292,0.8026315789473685,0.9893810648745899
openml:531,regression,354,13,block_shift,0.3,0.3076923076923077,4,random,,tabicl_aware,0.2906069755554199,,,,,3.642793339568762,0.8125228268573944,0.8223684210526315,0.972455726010863
openml:531,regression,354,13,block_shift,0.3,0.3076923076923077,4,random,,catboost,0.23369407653808594,,,,,4.160121530525452,0.7554929619613338,,
openml:531,regression,354,13,block_shift,0.5,0.46153846153846156,4,random,,tabicl_impute,0.20622038841247559,,,,,3.804633271875389,0.7954945285722448,0.8092105263157895,1.0254203962543098
openml:531,regression,354,13,block_shift,0.5,0.46153846153846156,4,random,,tabicl_aware,0.2859039306640625,,,,,3.843947733758094,0.7912462544213594,0.7894736842105263,0.9634559250619464
openml:531,regression,354,13,block_shift,0.5,0.46153846153846156,4,random,,catboost,0.22510147094726562,,,,,3.9255100843228363,0.7822934360231399,,
openml:1461,classification,2100,16,none,0.0,0.0,0,random,,tabicl_impute,0.2564737796783447,,0.9044444444444445,0.20386180456915207,0.9317304994388327,,,,
openml:1461,classification,2100,16,none,0.0,0.0,0,random,,tabicl_aware,0.3458073139190674,,0.9011111111111111,0.20700265095852485,0.930549710063599,,,,
openml:1461,classification,2100,16,none,0.0,0.0,0,random,,catboost,0.3159787654876709,,0.8933333333333333,0.24355305144119663,0.917987747848859,,,,
openml:1461,classification,2100,16,block,0.3,0.2805,0,random,,tabicl_impute,0.262127161026001,,0.9,0.2502895975576306,0.8785540591096147,,,,
openml:1461,classification,2100,16,block,0.3,0.2805,0,random,,tabicl_aware,0.3568229675292969,,0.9,0.2492704281258519,0.8799920501309391,,,,
openml:1461,classification,2100,16,block,0.3,0.2805,0,random,,catboost,0.4251368045806885,,0.8811111111111111,0.2910254480111052,0.8423003179947623,,,,
openml:1461,classification,2100,16,block,0.5,0.4873125,0,random,,tabicl_impute,0.26101088523864746,,0.8966666666666666,0.2779916696617964,0.8321291619902731,,,,
openml:1461,classification,2100,16,block,0.5,0.4873125,0,random,,tabicl_aware,0.3523228168487549,,0.8911111111111111,0.28278050683987577,0.825459455667789,,,,
openml:1461,classification,2100,16,block,0.5,0.4873125,0,random,,catboost,0.37793827056884766,,0.8766666666666667,0.3159440416744154,0.7974186307519641,,,,
openml:1461,classification,2100,16,block_shift,0.3,0.2805,0,random,,tabicl_impute,0.2610902786254883,,0.8944444444444445,0.2736494546736252,0.8357884399551067,,,,
openml:1461,classification,2100,16,block_shift,0.3,0.2805,0,random,,tabicl_aware,0.35213398933410645,,0.89,0.2715885056080962,0.8409266273849607,,,,
openml:1461,classification,2100,16,block_shift,0.3,0.2805,0,random,,catboost,0.3912467956542969,,0.89,0.30447177224943434,0.8130494762439208,,,,
openml:1461,classification,2100,16,block_shift,0.5,0.5,0,random,,tabicl_impute,0.259171724319458,,0.9011111111111111,0.2709466068148921,0.8420898802843247,,,,
openml:1461,classification,2100,16,block_shift,0.5,0.5,0,random,,tabicl_aware,0.39909863471984863,,0.8988888888888888,0.27041145757335944,0.8408272540216986,,,,
openml:1461,classification,2100,16,block_shift,0.5,0.5,0,random,,catboost,0.38725709915161133,,0.8877777777777778,0.30448854081903,0.809495417134306,,,,
openml:1461,classification,2100,16,none,0.0,0.0,1,random,,tabicl_impute,0.25798773765563965,,0.91,0.20193867215169634,0.9360503179947625,,,,
openml:1461,classification,2100,16,none,0.0,0.0,1,random,,tabicl_aware,0.3457982540130615,,0.9044444444444445,0.20833764407414074,0.9298307145529368,,,,
openml:1461,classification,2100,16,none,0.0,0.0,1,random,,catboost,0.3624916076660156,,0.9077777777777778,0.2407485247346849,0.910388608305275,,,,
openml:1461,classification,2100,16,block,0.3,0.3125,1,random,,tabicl_impute,0.2618367671966553,,0.9022222222222223,0.2640046192667627,0.8552422371866817,,,,
openml:1461,classification,2100,16,block,0.3,0.3125,1,random,,tabicl_aware,0.3525104522705078,,0.8933333333333333,0.2612030401017481,0.8627069304152637,,,,
openml:1461,classification,2100,16,block,0.3,0.3125,1,random,,catboost,0.3678901195526123,,0.89,0.3243018596151043,0.7938528806584361,,,,
openml:1461,classification,2100,16,block,0.5,0.4786666666666667,1,random,,tabicl_impute,0.2609560489654541,,0.8844444444444445,0.3132788265260235,0.7668233258511037,,,,
openml:1461,classification,2100,16,block,0.5,0.4786666666666667,1,random,,tabicl_aware,0.3537027835845947,,0.8877777777777778,0.3003737517126919,0.8030069210624767,,,,
openml:1461,classification,2100,16,block,0.5,0.4786666666666667,1,random,,catboost,0.3889791965484619,,0.8811111111111111,0.3268292299999645,0.75215114104003,,,,
openml:1461,classification,2100,16,block_shift,0.3,0.3125,1,random,,tabicl_impute,0.26477503776550293,,0.8988888888888888,0.3016808917980302,0.7698629816685372,,,,
openml:1461,classification,2100,16,block_shift,0.3,0.3125,1,random,,tabicl_aware,0.3542451858520508,,0.8955555555555555,0.29550523180607413,0.7909125982042648,,,,
openml:1461,classification,2100,16,block_shift,0.3,0.3125,1,random,,catboost,0.45284318923950195,,0.89,0.33765754350560717,0.7368944070332959,,,,
openml:1461,classification,2100,16,block_shift,0.5,0.4392083333333333,1,random,,tabicl_impute,0.26305174827575684,,0.9055555555555556,0.2624753490897356,0.8563821081182194,,,,
openml:1461,classification,2100,16,block_shift,0.5,0.4392083333333333,1,random,,tabicl_aware,0.35253357887268066,,0.9066666666666666,0.2578909232256845,0.8662142255892257,,,,
openml:1461,classification,2100,16,block_shift,0.5,0.4392083333333333,1,random,,catboost,0.4563639163970947,,0.8955555555555555,0.2810278551998796,0.8343855218855217,,,,
openml:1461,classification,2100,16,none,0.0,0.0,2,random,,tabicl_impute,0.2606019973754883,,0.8955555555555555,0.2170850881733261,0.9211150860456415,,,,
openml:1461,classification,2100,16,none,0.0,0.0,2,random,,tabicl_aware,0.34555912017822266,,0.8944444444444445,0.21892843873916226,0.9199635241301908,,,,
openml:1461,classification,2100,16,none,0.0,0.0,2,random,,catboost,0.37750792503356934,,0.8922222222222222,0.2640545318552877,0.8976103628881407,,,,
openml:1461,classification,2100,16,block,0.3,0.2805625,2,random,,tabicl_impute,0.26116490364074707,,0.8766666666666667,0.2980038030732353,0.8079814347175458,,,,
openml:1461,classification,2100,16,block,0.3,0.2805625,2,random,,tabicl_aware,0.3445873260498047,,0.8755555555555555,0.30085344945446113,0.8074027310138421,,,,
openml:1461,classification,2100,16,block,0.3,0.2805625,2,random,,catboost,0.3718101978302002,,0.8777777777777778,0.3280694215015751,0.793899644594089,,,,
openml:1461,classification,2100,16,block,0.5,0.4165625,2,random,,tabicl_impute,0.2603912353515625,,0.88,0.30712116183179483,0.7875689768050879,,,,
openml:1461,classification,2100,16,block,0.5,0.4165625,2,random,,tabicl_aware,0.3966972827911377,,0.8811111111111111,0.3053228921834565,0.7887088477366255,,,,
openml:1461,classification,2100,16,block,0.5,0.4165625,2,random,,catboost,0.37552428245544434,,0.8733333333333333,0.3558322718811299,0.7300434904601572,,,,
openml:1461,classification,2100,16,block_shift,0.3,0.25,2,random,,tabicl_impute,0.26253342628479004,,0.8822222222222222,0.2758324425572385,0.847152076318743,,,,
openml:1461,classification,2100,16,block_shift,0.3,0.25,2,random,,tabicl_aware,0.35529112815856934,,0.8811111111111111,0.28074872543212065,0.8429959315375982,,,,
openml:1461,classification,2100,16,block_shift,0.3,0.25,2,random,,catboost,0.38909125328063965,,0.8733333333333333,0.3124771218245116,0.8229634306023194,,,,
openml:1461,classification,2100,16,block_shift,0.5,0.479125,2,random,,tabicl_impute,0.2588033676147461,,0.8922222222222222,0.2967285784905631,0.8086010568649458,,,,
openml:1461,classification,2100,16,block_shift,0.5,0.479125,2,random,,tabicl_aware,0.35367608070373535,,0.8922222222222222,0.2943869256395489,0.813780162738496,,,,
openml:1461,classification,2100,16,block_shift,0.5,0.479125,2,random,,catboost,0.45126986503601074,,0.8877777777777778,0.3205128553647765,0.7854236812570146,,,,
openml:1461,classification,2100,16,none,0.0,0.0,3,random,,tabicl_impute,0.26847100257873535,,0.8966666666666666,0.21292207688050685,0.922979797979798,,,,
openml:1461,classification,2100,16,none,0.0,0.0,3,random,,tabicl_aware,0.34708237648010254,,0.9,0.21610364330168774,0.9217171717171717,,,,
openml:1461,classification,2100,16,none,0.0,0.0,3,random,,catboost,0.3748595714569092,,0.9055555555555556,0.22410012748142674,0.9185021511410401,,,,
openml:1461,classification,2100,16,block,0.3,0.3125,3,random,,tabicl_impute,0.26255249977111816,,0.8877777777777778,0.2704208317428283,0.8543128039655817,,,,
openml:1461,classification,2100,16,block,0.3,0.3125,3,random,,tabicl_aware,0.35359930992126465,,0.89,0.2686435717670782,0.8609240553684999,,,,
openml:1461,classification,2100,16,block,0.3,0.3125,3,random,,catboost,0.3685760498046875,,0.8988888888888888,0.2855731473936261,0.8354494014216236,,,,
openml:1461,classification,2100,16,block,0.5,0.43666666666666665,3,random,,tabicl_impute,0.2595834732055664,,0.8844444444444445,0.2849593399545187,0.8319654882154883,,,,
openml:1461,classification,2100,16,block,0.5,0.43666666666666665,3,random,,tabicl_aware,0.3532748222351074,,0.8833333333333333,0.2773975768656188,0.8444105405910962,,,,
openml:1461,classification,2100,16,block,0.5,0.43666666666666665,3,random,,catboost,0.3808610439300537,,0.8833333333333333,0.3084576872264254,0.7967054807332585,,,,
openml:1461,classification,2100,16,block_shift,0.3,0.3125,3,random,,tabicl_impute,0.2612781524658203,,0.8955555555555555,0.26372181241125897,0.8634668443696221,,,,
openml:1461,classification,2100,16,block_shift,0.3,0.3125,3,random,,tabicl_aware,0.35376405715942383,,0.8955555555555555,0.26362906890578686,0.865693976805088,,,,
openml:1461,classification,2100,16,block_shift,0.3,0.3125,3,random,,catboost,0.3852722644805908,,0.8866666666666667,0.31014033857202045,0.8263888888888888,,,,
openml:1461,classification,2100,16,block_shift,0.5,0.4793541666666667,3,random,,tabicl_impute,0.25943446159362793,,0.8977777777777778,0.2534179744832065,0.8751870557426115,,,,
openml:1461,classification,2100,16,block_shift,0.5,0.4793541666666667,3,random,,tabicl_aware,0.3558237552642822,,0.8944444444444445,0.2527359778017622,0.8786417414889636,,,,
openml:1461,classification,2100,16,block_shift,0.5,0.4793541666666667,3,random,,catboost,0.3923337459564209,,0.8844444444444445,0.2669499871453361,0.8689674523007855,,,,
openml:1461,classification,2100,16,none,0.0,0.0,4,random,,tabicl_impute,0.25829124450683594,,0.9111111111111111,0.1897052221339101,0.940931303778526,,,,
openml:1461,classification,2100,16,none,0.0,0.0,4,random,,tabicl_aware,0.3902294635772705,,0.91,0.1947382171341045,0.9372369528619529,,,,
openml:1461,classification,2100,16,none,0.0,0.0,4,random,,catboost,0.35719799995422363,,0.8944444444444445,0.23876292401190755,0.9108094837261504,,,,
openml:1461,classification,2100,16,block,0.3,0.291625,4,random,,tabicl_impute,0.26110196113586426,,0.8966666666666666,0.21279580200126963,0.9236228020950243,,,,
openml:1461,classification,2100,16,block,0.3,0.291625,4,random,,tabicl_aware,0.35675978660583496,,0.8955555555555555,0.2187431145001841,0.9181981855592967,,,,
openml:1461,classification,2100,16,block,0.3,0.291625,4,random,,catboost,0.36920619010925293,,0.8944444444444445,0.24834120813016708,0.8950617283950617,,,,
openml:1461,classification,2100,16,block,0.5,0.487375,4,random,,tabicl_impute,0.25918102264404297,,0.8922222222222222,0.2923953177556215,0.8086945847362513,,,,
openml:1461,classification,2100,16,block,0.5,0.487375,4,random,,tabicl_aware,0.3543391227722168,,0.8833333333333333,0.30044663602010785,0.8007213337074448,,,,
openml:1461,classification,2100,16,block,0.5,0.487375,4,random,,catboost,0.37215733528137207,,0.8788888888888889,0.3314515434445481,0.7636433782267116,,,,
openml:1461,classification,2100,16,block_shift,0.3,0.3125,4,random,,tabicl_impute,0.2643582820892334,,0.8988888888888888,0.25588538411763695,0.8652088009726898,,,,
openml:1461,classification,2100,16,block_shift,0.3,0.3125,4,random,,tabicl_aware,0.35631489753723145,,0.8955555555555555,0.25688598220896985,0.8635369902731014,,,,
openml:1461,classification,2100,16,block_shift,0.3,0.3125,4,random,,catboost,0.331592321395874,,0.8855555555555555,0.291053120665535,0.8340231013842124,,,,
openml:1461,classification,2100,16,block_shift,0.5,0.5,4,random,,tabicl_impute,0.26177978515625,,0.8855555555555555,0.33487728263949446,0.7001145716423494,,,,
openml:1461,classification,2100,16,block_shift,0.5,0.5,4,random,,tabicl_aware,0.35389041900634766,,0.8844444444444445,0.3381001497496047,0.6951459034792369,,,,
openml:1461,classification,2100,16,block_shift,0.5,0.5,4,random,,catboost,0.5307943820953369,,0.87,0.3603123643385894,0.6735760381593716,,,,
openml:1494,classification,738,41,none,0.0,0.0,0,random,,tabicl_impute,0.280900239944458,,0.8927444794952681,0.33882942540442346,0.9220293724966623,,,,
openml:1494,classification,738,41,none,0.0,0.0,0,random,,tabicl_aware,0.36869335174560547,,0.886435331230284,0.3333976958414067,0.9223854027592345,,,,
openml:1494,classification,738,41,none,0.0,0.0,0,random,,catboost,0.3615756034851074,,0.861198738170347,0.4103531416595283,0.904138851802403,,,,
openml:1494,classification,738,41,block,0.3,0.24392555773898972,0,random,,tabicl_impute,0.27855634689331055,,0.8548895899053628,0.3709290571672855,0.9097908322207388,,,,
openml:1494,classification,738,41,block,0.3,0.24392555773898972,0,random,,tabicl_aware,0.379199743270874,,0.8548895899053628,0.369480467309419,0.9082331998219848,,,,
openml:1494,classification,738,41,block,0.3,0.24392555773898972,0,random,,catboost,0.3796083927154541,,0.8517350157728707,0.42779538951023416,0.8941255006675567,,,,
openml:1494,classification,738,41,block,0.5,0.48271876083689746,0,random,,tabicl_impute,0.275632381439209,,0.832807570977918,0.40532843487539816,0.8892745883400088,,,,
openml:1494,classification,738,41,block,0.5,0.48271876083689746,0,random,,tabicl_aware,0.24488115310668945,BracketError: The algorithm terminated without finding a valid bracket. Consider trying different initial points.,,,,,,,
openml:1494,classification,738,41,block,0.5,0.48271876083689746,0,random,,catboost,0.3624100685119629,,0.8296529968454258,0.48000488215425346,0.8683133066310637,,,,
openml:1494,classification,738,41,block_shift,0.3,0.25608600161831,0,random,,tabicl_impute,0.32001328468322754,,0.8138801261829653,0.38787527440525965,0.8967957276368491,,,,
openml:1494,classification,738,41,block_shift,0.3,0.25608600161831,0,random,,tabicl_aware,0.3854045867919922,,0.8170347003154574,0.37205888329836956,0.9027592345349355,,,,
openml:1494,classification,738,41,block_shift,0.3,0.25608600161831,0,random,,catboost,0.422609806060791,,0.8296529968454258,0.45647530084982596,0.8822429906542055,,,,
openml:1494,classification,738,41,block_shift,0.5,0.4779794243440065,0,random,,tabicl_impute,0.2791275978088379,,0.8517350157728707,0.4200906900736524,0.886070315976858,,,,
openml:1494,classification,738,41,block_shift,0.5,0.4779794243440065,0,random,,tabicl_aware,0.37985920906066895,,0.8548895899053628,0.40069657314099283,0.8918113039608366,,,,
openml:1494,classification,738,41,block_shift,0.5,0.4779794243440065,0,random,,catboost,0.40259861946105957,,0.8170347003154574,0.4922161777699576,0.8605251446372941,,,,
openml:1494,classification,738,41,none,0.0,0.0,1,random,,tabicl_impute,0.27918457984924316,,0.861198738170347,0.3051941621680034,0.9344904316866933,,,,
openml:1494,classification,738,41,none,0.0,0.0,1,random,,tabicl_aware,0.3709394931793213,,0.8738170347003155,0.30517655571922986,0.9344904316866933,,,,
openml:1494,classification,738,41,none,0.0,0.0,1,random,,catboost,0.363034725189209,,0.8359621451104101,0.3939601362864099,0.9183800623052959,,,,
openml:1494,classification,738,41,block,0.3,0.28442954571725815,1,random,,tabicl_impute,0.27863121032714844,,0.8706624605678234,0.33332525603100516,0.9228749443702715,,,,
openml:1494,classification,738,41,block,0.3,0.28442954571725815,1,random,,tabicl_aware,0.37873029708862305,,0.8643533123028391,0.3383255867810163,0.9228749443702714,,,,
openml:1494,classification,738,41,block,0.3,0.28442954571725815,1,random,,catboost,0.3549613952636719,,0.8264984227129337,0.4300574575115966,0.9017356475300401,,,,
openml:1494,classification,738,41,block,0.5,0.4384695410935152,1,random,,tabicl_impute,0.2790400981903076,,0.8454258675078864,0.3434510266549099,0.9161548731642191,,,,
openml:1494,classification,738,41,block,0.5,0.4384695410935152,1,random,,tabicl_aware,0.37590646743774414,,0.8454258675078864,0.35309067681610795,0.913529149977748,,,,
openml:1494,classification,738,41,block,0.5,0.4384695410935152,1,random,,catboost,0.3649759292602539,,0.8233438485804416,0.4207747049346875,0.898931909212283,,,,
openml:1494,classification,738,41,block_shift,0.3,0.2926829268292683,1,random,,tabicl_impute,0.27729320526123047,,0.8580441640378549,0.36279807876311404,0.9033377837116154,,,,
openml:1494,classification,738,41,block_shift,0.3,0.2926829268292683,1,random,,tabicl_aware,0.3753085136413574,,0.8580441640378549,0.357206148697242,0.9054294615042279,,,,
openml:1494,classification,738,41,block_shift,0.3,0.2926829268292683,1,random,,catboost,0.39583277702331543,,0.8170347003154574,0.4408806577876751,0.8788607031597686,,,,
openml:1494,classification,738,41,block_shift,0.5,0.4473702462143105,1,random,,tabicl_impute,0.28162097930908203,,0.8296529968454258,0.3556669302095254,0.9101913662661326,,,,
openml:1494,classification,738,41,block_shift,0.5,0.4473702462143105,1,random,,tabicl_aware,0.3740391731262207,,0.8454258675078864,0.3518095253313465,0.9130841121495328,,,,
openml:1494,classification,738,41,block_shift,0.5,0.4473702462143105,1,random,,catboost,0.40534114837646484,,0.8107255520504731,0.4414885434967477,0.8811748998664887,,,,
openml:1494,classification,738,41,none,0.0,0.0,2,random,,tabicl_impute,0.277571439743042,,0.8832807570977917,0.24420808786997555,0.9598575878949711,,,,
openml:1494,classification,738,41,none,0.0,0.0,2,random,,tabicl_aware,0.3680887222290039,,0.8958990536277602,0.25212396061014075,0.9564307966177125,,,,
openml:1494,classification,738,41,none,0.0,0.0,2,random,,catboost,0.3166952133178711,,0.861198738170347,0.3119500102003014,0.9393858477970628,,,,
openml:1494,classification,738,41,block,0.3,0.2559472893307132,2,random,,tabicl_impute,0.2795751094818115,,0.8927444794952681,0.24918653046285247,0.9599020916777927,,,,
openml:1494,classification,738,41,block,0.3,0.2559472893307132,2,random,,tabicl_aware,0.4192042350769043,,0.886435331230284,0.25882959007188716,0.9550956831330664,,,,
openml:1494,classification,738,41,block,0.3,0.2559472893307132,2,random,,catboost,0.33939504623413086,,0.8517350157728707,0.3134165732143433,0.9399198931909213,,,,
openml:1494,classification,738,41,block,0.5,0.4473702462143105,2,random,,tabicl_impute,0.28336548805236816,,0.8706624605678234,0.2867952879600834,0.9438807298620383,,,,
openml:1494,classification,738,41,block,0.5,0.4473702462143105,2,random,,tabicl_aware,0.37786388397216797,,0.8706624605678234,0.2882123734376398,0.9437472185135736,,,,
openml:1494,classification,738,41,block,0.5,0.4473702462143105,2,random,,catboost,0.38439416885375977,,0.8643533123028391,0.32650908785758775,0.9317311971517579,,,,
openml:1494,classification,738,41,block_shift,0.3,0.23185758871806728,2,random,,tabicl_impute,0.27779698371887207,,0.8832807570977917,0.2674645592439171,0.9538495772140632,,,,
openml:1494,classification,738,41,block_shift,0.3,0.23185758871806728,2,random,,tabicl_aware,0.37879276275634766,,0.8832807570977917,0.26580153636681836,0.9553627058299956,,,,
openml:1494,classification,738,41,block_shift,0.3,0.23185758871806728,2,random,,catboost,0.417447566986084,,0.8675078864353313,0.34662277825063903,0.9296840231419671,,,,
openml:1494,classification,738,41,block_shift,0.5,0.4318344700034678,2,random,,tabicl_impute,0.2781534194946289,,0.8359621451104101,0.3330141320042338,0.9217178460169114,,,,
openml:1494,classification,738,41,block_shift,0.5,0.4318344700034678,2,random,,tabicl_aware,0.37728238105773926,,0.8454258675078864,0.3293020020444054,0.9242990654205607,,,,
openml:1494,classification,738,41,block_shift,0.5,0.4318344700034678,2,random,,catboost,0.41400623321533203,,0.8170347003154574,0.40436927083058954,0.8942145082331998,,,,
openml:1494,classification,738,41,none,0.0,0.0,3,random,,tabicl_impute,0.27625536918640137,,0.8927444794952681,0.25888574206082177,0.9514463729417001,,,,
openml:1494,classification,738,41,none,0.0,0.0,3,random,,tabicl_aware,0.36891841888427734,,0.886435331230284,0.26819998140598456,0.9479305740987983,,,,
openml:1494,classification,738,41,none,0.0,0.0,3,random,,catboost,0.328782320022583,,0.886435331230284,0.2866835304934857,0.946995994659546,,,,
openml:1494,classification,738,41,block,0.3,0.2926829268292683,3,random,,tabicl_impute,0.27726149559020996,,0.8832807570977917,0.3046481263253588,0.9360480640854473,,,,
openml:1494,classification,738,41,block,0.3,0.2926829268292683,3,random,,tabicl_aware,0.3772256374359131,,0.889589905362776,0.3098632556894604,0.9318647085002225,,,,
openml:1494,classification,738,41,block,0.3,0.2926829268292683,3,random,,catboost,0.3568305969238281,,0.8643533123028391,0.34258072717914045,0.9313751668891855,,,,
openml:1494,classification,738,41,block,0.5,0.44762455207490465,3,random,,tabicl_impute,0.27631425857543945,,0.8580441640378549,0.3201381738263568,0.9298175344904316,,,,
openml:1494,classification,738,41,block,0.5,0.44762455207490465,3,random,,tabicl_aware,0.37651991844177246,,0.889589905362776,0.2973097406249106,0.9400979083222074,,,,
openml:1494,classification,738,41,block,0.5,0.44762455207490465,3,random,,catboost,0.35357141494750977,,0.8769716088328076,0.32794215638672153,0.9279928793947485,,,,
openml:1494,classification,738,41,block_shift,0.3,0.2926829268292683,3,random,,tabicl_impute,0.27878451347351074,,0.8643533123028391,0.31372021432717845,0.9344014241210503,,,,
openml:1494,classification,738,41,block_shift,0.3,0.2926829268292683,3,random,,tabicl_aware,0.3781723976135254,,0.8485804416403786,0.32184462971438665,0.9301290609701826,,,,
openml:1494,classification,738,41,block_shift,0.3,0.2926829268292683,3,random,,catboost,0.40488147735595703,,0.8454258675078864,0.36350428524251166,0.9166889185580774,,,,
openml:1494,classification,738,41,block_shift,0.5,0.4551612530343313,3,random,,tabicl_impute,0.2776494026184082,,0.8801261829652997,0.332358236706088,0.9236315086782376,,,,
openml:1494,classification,738,41,block_shift,0.5,0.4551612530343313,3,random,,tabicl_aware,0.41982603073120117,,0.8706624605678234,0.3283634161997787,0.9261682242990653,,,,
openml:1494,classification,738,41,block_shift,0.5,0.4551612530343313,3,random,,catboost,0.46018362045288086,,0.8517350157728707,0.3394293037518527,0.9186025812194036,,,,
openml:1494,classification,738,41,none,0.0,0.0,4,random,,tabicl_impute,0.27993202209472656,,0.889589905362776,0.2544242934190587,0.9588340008900758,,,,
openml:1494,classification,738,41,none,0.0,0.0,4,random,,tabicl_aware,0.36861371994018555,,0.8958990536277602,0.2626437838544588,0.9556297285269248,,,,
openml:1494,classification,738,41,none,0.0,0.0,4,random,,catboost,0.35822486877441406,,0.8675078864353313,0.31348345350164974,0.9400979083222074,,,,
openml:1494,classification,738,41,block,0.3,0.28463761414865335,4,random,,tabicl_impute,0.2780282497406006,,0.886435331230284,0.30167465862764536,0.9412550066755675,,,,
openml:1494,classification,738,41,block,0.3,0.28463761414865335,4,random,,tabicl_aware,0.3789663314819336,,0.886435331230284,0.30203980610121856,0.943613707165109,,,,
openml:1494,classification,738,41,block,0.3,0.28463761414865335,4,random,,catboost,0.38336181640625,,0.861198738170347,0.3392482757438574,0.9298175344904317,,,,
openml:1494,classification,738,41,block,0.5,0.47823373020460064,4,random,,tabicl_impute,0.2815854549407959,,0.8801261829652997,0.313293308978066,0.9317311971517579,,,,
openml:1494,classification,738,41,block,0.5,0.47823373020460064,4,random,,tabicl_aware,0.37828707695007324,,0.8927444794952681,0.31112918760247615,0.9322652425456164,,,,
openml:1494,classification,738,41,block,0.5,0.47823373020460064,4,random,,catboost,0.36003708839416504,,0.8643533123028391,0.35766707278719806,0.9138851802403204,,,,
openml:1494,classification,738,41,block_shift,0.3,0.2767310137556352,4,random,,tabicl_impute,0.2818472385406494,,0.8517350157728707,0.32851427750716794,0.9275923453493548,,,,
openml:1494,classification,738,41,block_shift,0.3,0.2767310137556352,4,random,,tabicl_aware,0.3797569274902344,,0.8548895899053628,0.32731145115754684,0.9281708945260347,,,,
openml:1494,classification,738,41,block_shift,0.3,0.2767310137556352,4,random,,catboost,0.38595151901245117,,0.8548895899053628,0.3682941099786803,0.9169559412550067,,,,
openml:1494,classification,738,41,block_shift,0.5,0.47310137556351867,4,random,,tabicl_impute,0.2768740653991699,,0.8517350157728707,0.35584987286683645,0.9095683133066311,,,,
openml:1494,classification,738,41,block_shift,0.5,0.47310137556351867,4,random,,tabicl_aware,0.37956857681274414,,0.8517350157728707,0.3610477084295199,0.9077436582109479,,,,
openml:1494,classification,738,41,block_shift,0.5,0.47310137556351867,4,random,,catboost,0.42086315155029297,,0.8170347003154574,0.41521464553392173,0.8856697819314642,,,,
openml:40701,classification,2100,20,none,0.0,0.0,0,random,,tabicl_impute,0.2682788372039795,,0.96,0.13032119974975448,0.9405323364333662,,,,
openml:40701,classification,2100,20,none,0.0,0.0,0,random,,tabicl_aware,0.3611021041870117,,0.9588888888888889,0.13411356063548496,0.9248759817053915,,,,
openml:40701,classification,2100,20,none,0.0,0.0,0,random,,catboost,0.4007577896118164,,0.9588888888888889,0.15220756765802407,0.9298468997972926,,,,
openml:40701,classification,2100,20,block,0.3,0.2256,0,random,,tabicl_impute,0.2705657482147217,,0.96,0.1398840345103625,0.9329027920669037,,,,
openml:40701,classification,2100,20,block,0.3,0.2256,0,random,,tabicl_aware,0.36865663528442383,,0.9566666666666667,0.1476170163805233,0.9235466685681107,,,,
openml:40701,classification,2100,20,block,0.3,0.2256,0,random,,catboost,0.3960871696472168,,0.9533333333333334,0.17447306059445492,0.9171140153405792,,,,
openml:40701,classification,2100,20,block,0.5,0.4903,0,random,,tabicl_impute,0.27297306060791016,,0.8988888888888888,0.28555269308562337,0.8139063470882439,,,,
openml:40701,classification,2100,20,block,0.5,0.4903,0,random,,tabicl_aware,0.41244077682495117,,0.9055555555555556,0.28360720403441325,0.8189740351020158,,,,
openml:40701,classification,2100,20,block,0.5,0.4903,0,random,,catboost,0.5050780773162842,,0.8866666666666667,0.32062953336000566,0.7776532784630898,,,,
openml:40701,classification,2100,20,block_shift,0.3,0.2232,0,random,,tabicl_impute,0.2720792293548584,,0.9388888888888889,0.18847075099598082,0.913508062462438,,,,
openml:40701,classification,2100,20,block_shift,0.3,0.2232,0,random,,tabicl_aware,0.3591914176940918,,0.9411111111111111,0.19453625409041203,0.90222672683379,,,,
openml:40701,classification,2100,20,block_shift,0.3,0.2232,0,random,,catboost,0.45951366424560547,,0.9288888888888889,0.20315686898691854,0.9119495574049363,,,,
openml:40701,classification,2100,20,block_shift,0.5,0.5,0,random,,tabicl_impute,0.26859021186828613,,0.89,0.3280921057763693,0.7538427845290361,,,,
openml:40701,classification,2100,20,block_shift,0.5,0.5,0,random,,tabicl_aware,0.3679943084716797,,0.89,0.32253634925216584,0.7753817318760123,,,,
openml:40701,classification,2100,20,block_shift,0.5,0.5,0,random,,catboost,0.5396647453308105,,0.8822222222222222,0.3504291165758257,0.7264670829471025,,,,
openml:40701,classification,2100,20,none,0.0,0.0,1,random,,tabicl_impute,0.2699434757232666,,0.9677777777777777,0.11844889594659312,0.9480094316709844,,,,
openml:40701,classification,2100,20,none,0.0,0.0,1,random,,tabicl_aware,0.35977649688720703,,0.9633333333333334,0.12224272283442847,0.9458033112046632,,,,
openml:40701,classification,2100,20,none,0.0,0.0,1,random,,catboost,0.3986551761627197,,0.96,0.14431343552470166,0.935880829015544,,,,
openml:40701,classification,2100,20,block,0.3,0.3,1,random,,tabicl_impute,0.2685694694519043,,0.9311111111111111,0.2246792954072997,0.8704916207901554,,,,
openml:40701,classification,2100,20,block,0.3,0.3,1,random,,tabicl_aware,0.3692655563354492,,0.94,0.21578803413081535,0.8690900259067358,,,,
openml:40701,classification,2100,20,block,0.3,0.3,1,random,,catboost,0.4672811031341553,,0.9244444444444444,0.2456943706958645,0.8516029792746113,,,,
openml:40701,classification,2100,20,block,0.5,0.4341333333333333,1,random,,tabicl_impute,0.2809896469116211,,0.8933333333333333,0.29424926005297397,0.805056873380829,,,,
openml:40701,classification,2100,20,block,0.5,0.4341333333333333,1,random,,tabicl_aware,0.37253689765930176,,0.8977777777777778,0.2910932364659084,0.808866985103627,,,,
openml:40701,classification,2100,20,block,0.5,0.4341333333333333,1,random,,catboost,0.43601346015930176,,0.8911111111111111,0.33345131634448066,0.7647344559585493,,,,
openml:40701,classification,2100,20,block_shift,0.3,0.3,1,random,,tabicl_impute,0.27797818183898926,,0.9055555555555556,0.27061971838804627,0.8657707253886012,,,,
openml:40701,classification,2100,20,block_shift,0.3,0.3,1,random,,tabicl_aware,0.37383508682250977,,0.9055555555555556,0.2711907069509529,0.8582011010362696,,,,
openml:40701,classification,2100,20,block_shift,0.3,0.3,1,random,,catboost,0.48120903968811035,,0.8944444444444445,0.2970248031751955,0.8209399287564767,,,,
openml:40701,classification,2100,20,block_shift,0.5,0.43421666666666664,1,random,,tabicl_impute,0.2721710205078125,,0.9122222222222223,0.22249079304321515,0.90813228626943,,,,
openml:40701,classification,2100,20,block_shift,0.5,0.43421666666666664,1,random,,tabicl_aware,0.36934542655944824,,0.9177777777777778,0.21277318455843441,0.9126103060233162,,,,
openml:40701,classification,2100,20,block_shift,0.5,0.43421666666666664,1,random,,catboost,0.48241305351257324,,0.9144444444444444,0.24356881086658905,0.8774692357512954,,,,
openml:40701,classification,2100,20,none,0.0,0.0,2,random,,tabicl_impute,0.2691061496734619,,0.9522222222222222,0.14598495923217117,0.9280632691062176,,,,
openml:40701,classification,2100,20,none,0.0,0.0,2,random,,tabicl_aware,0.40216636657714844,,0.9577777777777777,0.13949847177144276,0.9277799141839378,,,,
openml:40701,classification,2100,20,none,0.0,0.0,2,random,,catboost,0.4046933650970459,,0.9555555555555556,0.16505079773856415,0.9205695433937823,,,,
openml:40701,classification,2100,20,block,0.3,0.2,2,random,,tabicl_impute,0.26860785484313965,,0.9577777777777777,0.1497360120439051,0.9248805861398963,,,,
openml:40701,classification,2100,20,block,0.3,0.2,2,random,,tabicl_aware,0.3663344383239746,,0.9566666666666667,0.14523061927852504,0.9263934990284974,,,,
openml:40701,classification,2100,20,block,0.3,0.2,2,random,,catboost,0.4250497817993164,,0.9477777777777778,0.16931180210772803,0.9244656735751294,,,,
openml:40701,classification,2100,20,block,0.5,0.4665,2,random,,tabicl_impute,0.27169156074523926,,0.8944444444444445,0.29921947883790545,0.8088366256476685,,,,
openml:40701,classification,2100,20,block,0.5,0.4665,2,random,,tabicl_aware,0.36476922035217285,,0.8977777777777778,0.2979245423001286,0.8104203772668394,,,,
openml:40701,classification,2100,20,block,0.5,0.4665,2,random,,catboost,0.46144723892211914,,0.8955555555555555,0.32384821975682776,0.783071567357513,,,,
openml:40701,classification,2100,20,block_shift,0.3,0.27445,2,random,,tabicl_impute,0.27135491371154785,,0.9333333333333333,0.1825373811917448,0.9152110994170984,,,,
openml:40701,classification,2100,20,block_shift,0.3,0.27445,2,random,,tabicl_aware,0.3670918941497803,,0.9388888888888889,0.17682072425661116,0.9155602331606217,,,,
openml:40701,classification,2100,20,block_shift,0.3,0.27445,2,random,,catboost,0.47373270988464355,,0.9311111111111111,0.20406992258040743,0.9040135200777202,,,,
openml:40701,classification,2100,20,block_shift,0.5,0.4833,2,random,,tabicl_impute,0.2695801258087158,,0.8888888888888888,0.30507738140552826,0.7937732755829014,,,,
openml:40701,classification,2100,20,block_shift,0.5,0.4833,2,random,,tabicl_aware,0.3677175045013428,,0.8977777777777778,0.30056589078387697,0.7990963001943003,,,,
openml:40701,classification,2100,20,block_shift,0.5,0.4833,2,random,,catboost,0.4847452640533447,,0.8933333333333333,0.3139661431966837,0.8028760524611398,,,,
openml:40701,classification,2100,20,none,0.0,0.0,3,random,,tabicl_impute,0.2706937789916992,,0.9522222222222222,0.1631486240074748,0.9074981409988694,,,,
openml:40701,classification,2100,20,none,0.0,0.0,3,random,,tabicl_aware,0.3597407341003418,,0.9522222222222222,0.16373011179197583,0.9070295708508622,,,,
openml:40701,classification,2100,20,none,0.0,0.0,3,random,,catboost,0.39656877517700195,,0.9566666666666667,0.17627203426947194,0.9053488301025762,,,,
openml:40701,classification,2100,20,block,0.3,0.28768333333333335,3,random,,tabicl_impute,0.2720777988433838,,0.93,0.22399267513193205,0.8824041723115787,,,,
openml:40701,classification,2100,20,block,0.3,0.28768333333333335,3,random,,tabicl_aware,0.36773085594177246,,0.9344444444444444,0.2184366474230408,0.8902578154444796,,,,
openml:40701,classification,2100,20,block,0.3,0.28768333333333335,3,random,,catboost,0.40198588371276855,,0.94,0.23253485923689582,0.858155667152214,,,,
openml:40701,classification,2100,20,block,0.5,0.45088333333333336,3,random,,tabicl_impute,0.26994943618774414,,0.9033333333333333,0.2785980461589114,0.8485296065029388,,,,
openml:40701,classification,2100,20,block,0.5,0.45088333333333336,3,random,,tabicl_aware,0.36731743812561035,,0.9055555555555556,0.2789912387588569,0.843573967872386,,,,
openml:40701,classification,2100,20,block,0.5,0.45088333333333336,3,random,,catboost,0.405881404876709,,0.8922222222222222,0.29190946693588327,0.8298377321204837,,,,
openml:40701,classification,2100,20,block_shift,0.3,0.3,3,random,,tabicl_impute,0.27031970024108887,,0.93,0.21873908051704707,0.8749172362510313,,,,
openml:40701,classification,2100,20,block_shift,0.3,0.3,3,random,,tabicl_aware,0.41346096992492676,,0.9311111111111111,0.22125033004609432,0.8768373552271037,,,,
openml:40701,classification,2100,20,block_shift,0.3,0.3,3,random,,catboost,0.46230030059814453,,0.9222222222222223,0.24367526573552642,0.8549673528842531,,,,
openml:40701,classification,2100,20,block_shift,0.5,0.4511,3,random,,tabicl_impute,0.2706167697906494,,0.8988888888888888,0.2979922657404692,0.8183883224170071,,,,
openml:40701,classification,2100,20,block_shift,0.5,0.4511,3,random,,tabicl_aware,0.36859846115112305,,0.9022222222222223,0.2935938151002999,0.8202626030090353,,,,
openml:40701,classification,2100,20,block_shift,0.5,0.4511,3,random,,catboost,0.5294256210327148,,0.8966666666666666,0.3293721543238035,0.777215267237779,,,,
openml:40701,classification,2100,20,none,0.0,0.0,4,random,,tabicl_impute,0.26993393898010254,,0.9644444444444444,0.1301846060316679,0.9436799054710658,,,,
openml:40701,classification,2100,20,none,0.0,0.0,4,random,,tabicl_aware,0.3599741458892822,,0.9655555555555555,0.1281851476154573,0.9375528414704953,,,,
openml:40701,classification,2100,20,none,0.0,0.0,4,random,,catboost,0.3991549015045166,,0.9577777777777777,0.1451244033134258,0.9409601613511119,,,,
openml:40701,classification,2100,20,block,0.3,0.2833333333333333,4,random,,tabicl_impute,0.2687187194824219,,0.9477777777777778,0.16708296900578,0.9344052724327958,,,,
openml:40701,classification,2100,20,block,0.3,0.2833333333333333,4,random,,tabicl_aware,0.3701140880584717,,0.9466666666666667,0.16122109911197338,0.922151144431655,,,,
openml:40701,classification,2100,20,block,0.3,0.2833333333333333,4,random,,catboost,0.4618856906890869,,0.9411111111111111,0.1798069729202437,0.9234193397235437,,,,
openml:40701,classification,2100,20,block,0.5,0.48015,4,random,,tabicl_impute,0.2714245319366455,,0.8922222222222222,0.29501234011930705,0.8358476535840522,,,,
openml:40701,classification,2100,20,block,0.5,0.48015,4,random,,tabicl_aware,0.36862683296203613,,0.8911111111111111,0.2929698851324914,0.8328885312363122,,,,
openml:40701,classification,2100,20,block,0.5,0.48015,4,random,,catboost,0.461057186126709,,0.8911111111111111,0.3123488136829651,0.8106874738975868,,,,
openml:40701,classification,2100,20,block_shift,0.3,0.2833,4,random,,tabicl_impute,0.27163219451904297,,0.9222222222222223,0.2350107423731987,0.8942915932403663,,,,
openml:40701,classification,2100,20,block_shift,0.3,0.2833,4,random,,tabicl_aware,0.36079907417297363,,0.9266666666666666,0.23112120644669643,0.8907416650538346,,,,
openml:40701,classification,2100,20,block_shift,0.3,0.2833,4,random,,catboost,0.4700932502746582,,0.9277777777777778,0.24202148365436918,0.8657852115186765,,,,
openml:40701,classification,2100,20,block_shift,0.5,0.5,4,random,,tabicl_impute,0.26917219161987305,,0.8933333333333333,0.30270220226801003,0.7918173391327377,,,,
openml:40701,classification,2100,20,block_shift,0.5,0.5,4,random,,tabicl_aware,0.37131571769714355,,0.8922222222222222,0.30602499595197274,0.7840910248444042,,,,
openml:40701,classification,2100,20,block_shift,0.5,0.5,4,random,,catboost,0.4760005474090576,,0.8877777777777778,0.31745570738689355,0.7699014984058429,,,,
openml:1063,classification,365,21,none,0.0,0.0,0,random,,tabicl_impute,0.20888376235961914,,0.8471337579617835,0.3310776928220561,0.880625,,,,
openml:1063,classification,365,21,none,0.0,0.0,0,random,,tabicl_aware,0.2905566692352295,,0.8535031847133758,0.3280096224949153,0.881375,,,,
openml:1063,classification,365,21,none,0.0,0.0,0,random,,catboost,0.2708759307861328,,0.821656050955414,0.4268656861796162,0.841625,,,,
openml:1063,classification,365,21,block,0.3,0.26126619230067505,0,random,,tabicl_impute,0.21112751960754395,,0.8535031847133758,0.3464027985952884,0.8755000000000001,,,,
openml:1063,classification,365,21,block,0.3,0.26126619230067505,0,random,,tabicl_aware,0.3313775062561035,,0.8471337579617835,0.3330744475691912,0.8835,,,,
openml:1063,classification,365,21,block,0.3,0.26126619230067505,0,random,,catboost,0.2640097141265869,,0.8343949044585988,0.46187045788760667,0.81425,,,,
openml:1063,classification,365,21,block,0.5,0.46734172596241563,0,random,,tabicl_impute,0.21258902549743652,,0.821656050955414,0.3372501502830166,0.8795000000000001,,,,
openml:1063,classification,365,21,block,0.5,0.46734172596241563,0,random,,tabicl_aware,0.2919013500213623,,0.8407643312101911,0.33601479827781305,0.87675,,,,
openml:1063,classification,365,21,block,0.5,0.46734172596241563,0,random,,catboost,0.25879430770874023,,0.821656050955414,0.45568101941399614,0.821,,,,
openml:1063,classification,365,21,block_shift,0.3,0.21364714468162743,0,random,,tabicl_impute,0.21109938621520996,,0.8471337579617835,0.3424346809402711,0.881,,,,
openml:1063,classification,365,21,block_shift,0.3,0.21364714468162743,0,random,,tabicl_aware,0.29179978370666504,,0.8407643312101911,0.3360197708620254,0.88575,,,,
openml:1063,classification,365,21,block_shift,0.3,0.21364714468162743,0,random,,catboost,0.34214329719543457,,0.821656050955414,0.45067218381471486,0.849,,,,
openml:1063,classification,365,21,block_shift,0.5,0.47619047619047616,0,random,,tabicl_impute,0.20876240730285645,,0.8598726114649682,0.34351851859538,0.8865000000000001,,,,
openml:1063,classification,365,21,block_shift,0.5,0.47619047619047616,0,random,,tabicl_aware,0.2929568290710449,,0.8598726114649682,0.3300581167107579,0.89325,,,,
openml:1063,classification,365,21,block_shift,0.5,0.47619047619047616,0,random,,catboost,0.28646254539489746,,0.8343949044585988,0.4320298387253871,0.8535,,,,
openml:1063,classification,365,21,none,0.0,0.0,1,random,,tabicl_impute,0.21076226234436035,,0.8535031847133758,0.34918948359858654,0.8667499999999999,,,,
openml:1063,classification,365,21,none,0.0,0.0,1,random,,tabicl_aware,0.2906606197357178,,0.8598726114649682,0.3522222884042099,0.8564999999999999,,,,
openml:1063,classification,365,21,none,0.0,0.0,1,random,,catboost,0.27314209938049316,,0.8343949044585988,0.3895504195439,0.8454999999999999,,,,
openml:1063,classification,365,21,block,0.3,0.2857142857142857,1,random,,tabicl_impute,0.21172642707824707,,0.8535031847133758,0.3510649807855609,0.8656250000000001,,,,
openml:1063,classification,365,21,block,0.3,0.2857142857142857,1,random,,tabicl_aware,0.29315757751464844,,0.8535031847133758,0.35582317748884335,0.857875,,,,
openml:1063,classification,365,21,block,0.3,0.2857142857142857,1,random,,catboost,0.2559778690338135,,0.8280254777070064,0.42777287647524964,0.8051250000000001,,,,
openml:1063,classification,365,21,block,0.5,0.41224229155263636,1,random,,tabicl_impute,0.2095317840576172,,0.8343949044585988,0.36406278617301935,0.852375,,,,
openml:1063,classification,365,21,block,0.5,0.41224229155263636,1,random,,tabicl_aware,0.29282498359680176,,0.8280254777070064,0.36374423240232806,0.8451249999999999,,,,
openml:1063,classification,365,21,block,0.5,0.41224229155263636,1,random,,catboost,0.26337599754333496,,0.7961783439490446,0.46436776202751845,0.813875,,,,
openml:1063,classification,365,21,block_shift,0.3,0.2857142857142857,1,random,,tabicl_impute,0.215470552444458,,0.8471337579617835,0.36056065027435796,0.84725,,,,
openml:1063,classification,365,21,block_shift,0.3,0.2857142857142857,1,random,,tabicl_aware,0.2926809787750244,,0.8535031847133758,0.3571803482985236,0.8525,,,,
openml:1063,classification,365,21,block_shift,0.3,0.2857142857142857,1,random,,catboost,0.34240221977233887,,0.8343949044585988,0.45574251658802817,0.81575,,,,
openml:1063,classification,365,21,block_shift,0.5,0.4439883232986681,1,random,,tabicl_impute,0.21008801460266113,,0.8152866242038217,0.38218231677617753,0.82475,,,,
openml:1063,classification,365,21,block_shift,0.5,0.4439883232986681,1,random,,tabicl_aware,0.33602309226989746,,0.8343949044585988,0.3735405697305943,0.8330000000000001,,,,
openml:1063,classification,365,21,block_shift,0.5,0.4439883232986681,1,random,,catboost,0.32303285598754883,,0.8089171974522293,0.5905598882260475,0.74275,,,,
openml:1063,classification,365,21,none,0.0,0.0,2,random,,tabicl_impute,0.20960640907287598,,0.8280254777070064,0.3639643285813552,0.853625,,,,
openml:1063,classification,365,21,none,0.0,0.0,2,random,,tabicl_aware,0.2920823097229004,,0.8280254777070064,0.3646571289420112,0.8508749999999998,,,,
openml:1063,classification,365,21,none,0.0,0.0,2,random,,catboost,0.2750058174133301,,0.8598726114649682,0.4895893841773082,0.783625,,,,
openml:1063,classification,365,21,block,0.3,0.262269658821383,2,random,,tabicl_impute,0.21040821075439453,,0.8343949044585988,0.36725774266920685,0.859125,,,,
openml:1063,classification,365,21,block,0.3,0.262269658821383,2,random,,tabicl_aware,0.290452241897583,,0.8343949044585988,0.3677551184758805,0.8538749999999998,,,,
openml:1063,classification,365,21,block,0.3,0.262269658821383,2,random,,catboost,0.2637777328491211,,0.8152866242038217,0.5148738876219418,0.780875,,,,
openml:1063,classification,365,21,block,0.5,0.4603174603174603,2,random,,tabicl_impute,0.21031641960144043,,0.8407643312101911,0.36097356143515713,0.8492500000000001,,,,
openml:1063,classification,365,21,block,0.5,0.4603174603174603,2,random,,tabicl_aware,0.29143333435058594,,0.8471337579617835,0.35530176036556516,0.86125,,,,
openml:1063,classification,365,21,block,0.5,0.4603174603174603,2,random,,catboost,0.26514649391174316,,0.821656050955414,0.45425242747921113,0.775375,,,,
openml:1063,classification,365,21,block_shift,0.3,0.23809523809523808,2,random,,tabicl_impute,0.21121549606323242,,0.8598726114649682,0.38775673319550524,0.8185,,,,
openml:1063,classification,365,21,block_shift,0.3,0.23809523809523808,2,random,,tabicl_aware,0.29163193702697754,,0.8343949044585988,0.378714104960687,0.83525,,,,
openml:1063,classification,365,21,block_shift,0.3,0.23809523809523808,2,random,,catboost,0.3451805114746094,,0.8280254777070064,0.5219687925866783,0.8105,,,,
openml:1063,classification,365,21,block_shift,0.5,0.4430760810071155,2,random,,tabicl_impute,0.2099924087524414,,0.8407643312101911,0.3830478476250593,0.8285,,,,
openml:1063,classification,365,21,block_shift,0.5,0.4430760810071155,2,random,,tabicl_aware,0.29360485076904297,,0.8407643312101911,0.3794686622494506,0.84025,,,,
openml:1063,classification,365,21,block_shift,0.5,0.4430760810071155,2,random,,catboost,0.3271596431732178,,0.7961783439490446,0.5289587092092736,0.78375,,,,
openml:1063,classification,365,21,none,0.0,0.0,3,random,,tabicl_impute,0.2089223861694336,,0.8280254777070064,0.4644640563263574,0.768125,,,,
openml:1063,classification,365,21,none,0.0,0.0,3,random,,tabicl_aware,0.29189300537109375,,0.8152866242038217,0.47741736975956583,0.752875,,,,
openml:1063,classification,365,21,none,0.0,0.0,3,random,,catboost,0.270977258682251,,0.802547770700637,0.5933929872941058,0.710375,,,,
openml:1063,classification,365,21,block,0.3,0.2857142857142857,3,random,,tabicl_impute,0.21812105178833008,,0.8089171974522293,0.4688766758163194,0.767625,,,,
openml:1063,classification,365,21,block,0.3,0.2857142857142857,3,random,,tabicl_aware,0.29244065284729004,,0.8089171974522293,0.48017995171970784,0.761875,,,,
openml:1063,classification,365,21,block,0.3,0.2857142857142857,3,random,,catboost,0.2641313076019287,,0.7898089171974523,0.6115618975920446,0.7226250000000001,,,,
openml:1063,classification,365,21,block,0.5,0.47619047619047616,3,random,,tabicl_impute,0.2094264030456543,,0.7898089171974523,0.4950974776733988,0.765625,,,,
openml:1063,classification,365,21,block,0.5,0.47619047619047616,3,random,,tabicl_aware,0.33505749702453613,,0.802547770700637,0.4948157688854739,0.768625,,,,
openml:1063,classification,365,21,block,0.5,0.47619047619047616,3,random,,catboost,0.260545015335083,,0.7898089171974523,0.6848505486818596,0.6723750000000002,,,,
openml:1063,classification,365,21,block_shift,0.3,0.2857142857142857,3,random,,tabicl_impute,0.21065187454223633,,0.8152866242038217,0.4555188445466275,0.7855,,,,
openml:1063,classification,365,21,block_shift,0.3,0.2857142857142857,3,random,,tabicl_aware,0.295443058013916,,0.8280254777070064,0.45287035474180926,0.787,,,,
openml:1063,classification,365,21,block_shift,0.3,0.2857142857142857,3,random,,catboost,0.3500254154205322,,0.7961783439490446,0.6896260448300143,0.77425,,,,
openml:1063,classification,365,21,block_shift,0.5,0.44590403211092866,3,random,,tabicl_impute,0.21207165718078613,,0.7898089171974523,0.49997062167396994,0.7697499999999999,,,,
openml:1063,classification,365,21,block_shift,0.5,0.44590403211092866,3,random,,tabicl_aware,0.2934000492095947,,0.7961783439490446,0.48917713692712095,0.77075,,,,
openml:1063,classification,365,21,block_shift,0.5,0.44590403211092866,3,random,,catboost,0.32816028594970703,,0.802547770700637,0.7845305630459704,0.68425,,,,
openml:1063,classification,365,21,none,0.0,0.0,4,random,,tabicl_impute,0.20716118812561035,,0.8089171974522293,0.3924731091184826,0.8455,,,,
openml:1063,classification,365,21,none,0.0,0.0,4,random,,tabicl_aware,0.2891049385070801,,0.8089171974522293,0.391555456544187,0.83325,,,,
openml:1063,classification,365,21,none,0.0,0.0,4,random,,catboost,0.2728993892669678,,0.821656050955414,0.5488921093990955,0.73475,,,,
openml:1063,classification,365,21,block,0.3,0.2857142857142857,4,random,,tabicl_impute,0.21195745468139648,,0.8152866242038217,0.3863624026232766,0.8344999999999999,,,,
openml:1063,classification,365,21,block,0.3,0.2857142857142857,4,random,,tabicl_aware,0.2922830581665039,,0.802547770700637,0.38930409563588014,0.839,,,,
openml:1063,classification,365,21,block,0.3,0.2857142857142857,4,random,,catboost,0.22340154647827148,,0.821656050955414,0.5602637700997611,0.7182499999999999,,,,
openml:1063,classification,365,21,block,0.5,0.46734172596241563,4,random,,tabicl_impute,0.2115955352783203,,0.8152866242038217,0.39108450471962103,0.836375,,,,
openml:1063,classification,365,21,block,0.5,0.46734172596241563,4,random,,tabicl_aware,0.2920522689819336,,0.8152866242038217,0.38685869310308174,0.8258749999999999,,,,
openml:1063,classification,365,21,block,0.5,0.46734172596241563,4,random,,catboost,0.28420138359069824,,0.802547770700637,0.5165085997934028,0.756125,,,,
openml:1063,classification,365,21,block_shift,0.3,0.2857142857142857,4,random,,tabicl_impute,0.2130599021911621,,0.8343949044585988,0.3780951323180967,0.82225,,,,
openml:1063,classification,365,21,block_shift,0.3,0.2857142857142857,4,random,,tabicl_aware,0.2938199043273926,,0.8407643312101911,0.3709865399283477,0.8302499999999999,,,,
openml:1063,classification,365,21,block_shift,0.3,0.2857142857142857,4,random,,catboost,0.3598499298095703,,0.8280254777070064,0.4544572095919104,0.8240000000000001,,,,
openml:1063,classification,365,21,block_shift,0.5,0.47619047619047616,4,random,,tabicl_impute,0.20863628387451172,,0.8343949044585988,0.3893825454808771,0.8325,,,,
openml:1063,classification,365,21,block_shift,0.5,0.47619047619047616,4,random,,tabicl_aware,0.2917656898498535,,0.821656050955414,0.3799167856210352,0.84075,,,,
openml:1063,classification,365,21,block_shift,0.5,0.47619047619047616,4,random,,catboost,0.32489442825317383,,0.802547770700637,0.565866629413593,0.7535,,,,
openml:40994,classification,378,18,none,0.0,0.0,0,random,,tabicl_impute,0.2047569751739502,,0.9567901234567902,0.12042802622423297,0.9700772200772201,,,,
openml:40994,classification,378,18,none,0.0,0.0,0,random,,tabicl_aware,0.3274405002593994,,0.9567901234567902,0.11156878543275667,0.9753861003861003,,,,
openml:40994,classification,378,18,none,0.0,0.0,0,random,,catboost,0.34125709533691406,,0.9382716049382716,0.16776535016478308,0.9444980694980695,,,,
openml:40994,classification,378,18,block,0.3,0.2222222222222222,0,random,,tabicl_impute,0.20563888549804688,,0.9320987654320988,0.1359517051822073,0.9613899613899614,,,,
openml:40994,classification,378,18,block,0.3,0.2222222222222222,0,random,,tabicl_aware,0.2877213954925537,,0.9444444444444444,0.13350897845024087,0.9638030888030888,,,,
openml:40994,classification,378,18,block,0.3,0.2222222222222222,0,random,,catboost,0.32790589332580566,,0.9259259259259259,0.21227023888460167,0.9237451737451738,,,,
openml:40994,classification,378,18,block,0.5,0.4897119341563786,0,random,,tabicl_impute,0.21256804466247559,,0.9074074074074074,0.21456514862746784,0.847007722007722,,,,
openml:40994,classification,378,18,block,0.5,0.4897119341563786,0,random,,tabicl_aware,0.2945258617401123,,0.9074074074074074,0.21715105131211246,0.859073359073359,,,,
openml:40994,classification,378,18,block,0.5,0.4897119341563786,0,random,,catboost,0.31710100173950195,,0.8950617283950617,0.37741449411288464,0.6833976833976835,,,,
openml:40994,classification,378,18,block_shift,0.3,0.2222222222222222,0,random,,tabicl_impute,0.2043149471282959,,0.9382716049382716,0.1612324870937428,0.9348455598455598,,,,
openml:40994,classification,378,18,block_shift,0.3,0.2222222222222222,0,random,,tabicl_aware,0.28921031951904297,,0.9320987654320988,0.16753458350422162,0.9353281853281853,,,,
openml:40994,classification,378,18,block_shift,0.3,0.2222222222222222,0,random,,catboost,0.33472633361816406,,0.9320987654320988,0.26700447864885274,0.8513513513513513,,,,
openml:40994,classification,378,18,block_shift,0.5,0.4897119341563786,0,random,,tabicl_impute,0.20539474487304688,,0.9074074074074074,0.22048634889274232,0.8861003861003862,,,,
openml:40994,classification,378,18,block_shift,0.5,0.4897119341563786,0,random,,tabicl_aware,0.2904548645019531,,0.9135802469135802,0.21779742352516962,0.8904440154440154,,,,
openml:40994,classification,378,18,block_shift,0.5,0.4897119341563786,0,random,,catboost,0.3242306709289551,,0.9197530864197531,0.2844713808741189,0.8286679536679538,,,,
openml:40994,classification,378,18,none,0.0,0.0,1,random,,tabicl_impute,0.21118974685668945,,0.9567901234567902,0.12582510200391836,0.9555984555984556,,,,
openml:40994,classification,378,18,none,0.0,0.0,1,random,,tabicl_aware,0.28479647636413574,,0.9320987654320988,0.12722251316689803,0.9599420849420849,,,,
openml:40994,classification,378,18,none,0.0,0.0,1,random,,catboost,0.33347249031066895,,0.9382716049382716,0.20511632945744274,0.9338803088803088,,,,
openml:40994,classification,378,18,block,0.3,0.2777777777777778,1,random,,tabicl_impute,0.20554280281066895,,0.8950617283950617,0.20956997945513056,0.9010617760617761,,,,
openml:40994,classification,378,18,block,0.3,0.2777777777777778,1,random,,tabicl_aware,0.289060115814209,,0.9012345679012346,0.2157384496051618,0.8841698841698842,,,,
openml:40994,classification,378,18,block,0.3,0.2777777777777778,1,random,,catboost,0.3235633373260498,,0.8950617283950617,0.3312353317376783,0.8378378378378379,,,,
openml:40994,classification,378,18,block,0.5,0.4617283950617284,1,random,,tabicl_impute,0.20648932456970215,,0.9135802469135802,0.23762501135006842,0.8243243243243243,,,,
openml:40994,classification,378,18,block,0.5,0.4617283950617284,1,random,,tabicl_aware,0.29091405868530273,,0.9135802469135802,0.2475389767591336,0.7982625482625483,,,,
openml:40994,classification,378,18,block,0.5,0.4617283950617284,1,random,,catboost,0.32944369316101074,,0.9074074074074074,0.3485149519292059,0.693050193050193,,,,
openml:40994,classification,378,18,block_shift,0.3,0.2777777777777778,1,random,,tabicl_impute,0.2061305046081543,,0.9074074074074074,0.20936256166712577,0.8972007722007722,,,,
openml:40994,classification,378,18,block_shift,0.3,0.2777777777777778,1,random,,tabicl_aware,0.33248019218444824,,0.9197530864197531,0.21575008888483893,0.875,,,,
openml:40994,classification,378,18,block_shift,0.3,0.2777777777777778,1,random,,catboost,0.3342890739440918,,0.9135802469135802,0.31437310920047645,0.8334942084942085,,,,
openml:40994,classification,378,18,block_shift,0.5,0.4808641975308642,1,random,,tabicl_impute,0.20466136932373047,,0.9135802469135802,0.22429215101684644,0.8407335907335908,,,,
openml:40994,classification,378,18,block_shift,0.5,0.4808641975308642,1,random,,tabicl_aware,0.2900397777557373,,0.9259259259259259,0.21887282114825096,0.8610038610038611,,,,
openml:40994,classification,378,18,block_shift,0.5,0.4808641975308642,1,random,,catboost,0.32947802543640137,,0.9012345679012346,0.3204200117757277,0.7823359073359073,,,,
openml:40994,classification,378,18,none,0.0,0.0,2,random,,tabicl_impute,0.2073051929473877,,0.9259259259259259,0.13614135290892254,0.9618725868725869,,,,
openml:40994,classification,378,18,none,0.0,0.0,2,random,,tabicl_aware,0.2843301296234131,,0.9444444444444444,0.12273559152344256,0.9691119691119691,,,,
openml:40994,classification,378,18,none,0.0,0.0,2,random,,catboost,0.3470327854156494,,0.9382716049382716,0.17059512415166359,0.9642857142857143,,,,
openml:40994,classification,378,18,block,0.3,0.25020576131687244,2,random,,tabicl_impute,0.20621728897094727,,0.9259259259259259,0.18575103528540707,0.9121621621621622,,,,
openml:40994,classification,378,18,block,0.3,0.25020576131687244,2,random,,tabicl_aware,0.28820347785949707,,0.9197530864197531,0.18601390468292778,0.9145752895752894,,,,
openml:40994,classification,378,18,block,0.3,0.25020576131687244,2,random,,catboost,0.3317697048187256,,0.9259259259259259,0.2806533280594223,0.8503861003861003,,,,
openml:40994,classification,378,18,block,0.5,0.4596707818930041,2,random,,tabicl_impute,0.20455145835876465,,0.9135802469135802,0.21940170014480748,0.862934362934363,,,,
openml:40994,classification,378,18,block,0.5,0.4596707818930041,2,random,,tabicl_aware,0.28906822204589844,,0.9135802469135802,0.22370134398480823,0.8542471042471045,,,,
openml:40994,classification,378,18,block,0.5,0.4596707818930041,2,random,,catboost,0.3303952217102051,,0.9012345679012346,0.3205019944073061,0.7958494208494209,,,,
openml:40994,classification,378,18,block_shift,0.3,0.2777777777777778,2,random,,tabicl_impute,0.2044374942779541,,0.9629629629629629,0.12535264359769638,0.9715250965250964,,,,
openml:40994,classification,378,18,block_shift,0.3,0.2777777777777778,2,random,,tabicl_aware,0.2886981964111328,,0.9691358024691358,0.126314053928635,0.9676640926640926,,,,
openml:40994,classification,378,18,block_shift,0.3,0.2777777777777778,2,random,,catboost,0.3334071636199951,,0.9382716049382716,0.1697331031547779,0.9498069498069498,,,,
openml:40994,classification,378,18,block_shift,0.5,0.4630658436213992,2,random,,tabicl_impute,0.20573759078979492,,0.9197530864197531,0.20109572352153082,0.8957528957528957,,,,
openml:40994,classification,378,18,block_shift,0.5,0.4630658436213992,2,random,,tabicl_aware,0.2902796268463135,,0.9197530864197531,0.19768446619350824,0.9039575289575291,,,,
openml:40994,classification,378,18,block_shift,0.5,0.4630658436213992,2,random,,catboost,0.3173210620880127,,0.9197530864197531,0.31704441214368184,0.791023166023166,,,,
openml:40994,classification,378,18,none,0.0,0.0,3,random,,tabicl_impute,0.2067267894744873,,0.9691358024691358,0.078260123898665,0.9898648648648649,,,,
openml:40994,classification,378,18,none,0.0,0.0,3,random,,tabicl_aware,0.29020047187805176,,0.9567901234567902,0.08118556624657634,0.9893822393822393,,,,
openml:40994,classification,378,18,none,0.0,0.0,3,random,,catboost,0.3496978282928467,,0.9629629629629629,0.09776984086747702,0.984073359073359,,,,
openml:40994,classification,378,18,block,0.3,0.2777777777777778,3,random,,tabicl_impute,0.2055659294128418,,0.9691358024691358,0.11239919899226708,0.9753861003861003,,,,
openml:40994,classification,378,18,block,0.3,0.2777777777777778,3,random,,tabicl_aware,0.33315539360046387,,0.9629629629629629,0.1141123313973902,0.9753861003861004,,,,
openml:40994,classification,378,18,block,0.3,0.2777777777777778,3,random,,catboost,0.3185863494873047,,0.9506172839506173,0.1262738098316453,0.9613899613899614,,,,
openml:40994,classification,378,18,block,0.5,0.5,3,random,,tabicl_impute,0.20557451248168945,,0.9074074074074074,0.25322675963825836,0.7958494208494209,,,,
openml:40994,classification,378,18,block,0.5,0.5,3,random,,tabicl_aware,0.2895395755767822,,0.9135802469135802,0.25602037500058594,0.7707528957528957,,,,
openml:40994,classification,378,18,block,0.5,0.5,3,random,,catboost,0.3251955509185791,,0.9135802469135802,0.2964136474908298,0.7804054054054053,,,,
openml:40994,classification,378,18,block_shift,0.3,0.2777777777777778,3,random,,tabicl_impute,0.2058861255645752,,0.9506172839506173,0.14295153348614142,0.9527027027027027,,,,
openml:40994,classification,378,18,block_shift,0.3,0.2777777777777778,3,random,,tabicl_aware,0.2916889190673828,,0.9382716049382716,0.1541873007202214,0.9512548262548262,,,,
openml:40994,classification,378,18,block_shift,0.3,0.2777777777777778,3,random,,catboost,0.3258779048919678,,0.9197530864197531,0.24576280577102502,0.9054054054054054,,,,
openml:40994,classification,378,18,block_shift,0.5,0.4596707818930041,3,random,,tabicl_impute,0.20470690727233887,,0.9259259259259259,0.21568852341237452,0.8667953667953668,,,,
openml:40994,classification,378,18,block_shift,0.5,0.4596707818930041,3,random,,tabicl_aware,0.2862727642059326,,0.9259259259259259,0.21261489062595024,0.8812741312741313,,,,
openml:40994,classification,378,18,block_shift,0.5,0.4596707818930041,3,random,,catboost,0.3263285160064697,,0.9259259259259259,0.2952997750038817,0.7625482625482626,,,,
openml:40994,classification,378,18,none,0.0,0.0,4,random,,tabicl_impute,0.20565271377563477,,0.9629629629629629,0.14360978971049856,0.927123552123552,,,,
openml:40994,classification,378,18,none,0.0,0.0,4,random,,tabicl_aware,0.2865126132965088,,0.9506172839506173,0.15272624065738716,0.9242277992277992,,,,
openml:40994,classification,378,18,none,0.0,0.0,4,random,,catboost,0.35121679306030273,,0.9506172839506173,0.181612167091506,0.9068532818532818,,,,
openml:40994,classification,378,18,block,0.3,0.2777777777777778,4,random,,tabicl_impute,0.20711731910705566,,0.9320987654320988,0.21296207122100377,0.8735521235521235,,,,
openml:40994,classification,378,18,block,0.3,0.2777777777777778,4,random,,tabicl_aware,0.29277801513671875,,0.9382716049382716,0.2207954451811984,0.877895752895753,,,,
openml:40994,classification,378,18,block,0.3,0.2777777777777778,4,random,,catboost,0.33203792572021484,,0.9259259259259259,0.2965457658308982,0.8194980694980696,,,,
openml:40994,classification,378,18,block,0.5,0.48878600823045265,4,random,,tabicl_impute,0.20396804809570312,,0.9259259259259259,0.24304408058141308,0.8252895752895753,,,,
openml:40994,classification,378,18,block,0.5,0.48878600823045265,4,random,,tabicl_aware,0.2902951240539551,,0.9259259259259259,0.25719899329879536,0.817084942084942,,,,
openml:40994,classification,378,18,block,0.5,0.48878600823045265,4,random,,catboost,0.3220236301422119,,0.9074074074074074,0.36884887494682106,0.6679536679536681,,,,
openml:40994,classification,378,18,block_shift,0.3,0.25925925925925924,4,random,,tabicl_impute,0.2075939178466797,,0.9197530864197531,0.23127986462692202,0.8465250965250966,,,,
openml:40994,classification,378,18,block_shift,0.3,0.25925925925925924,4,random,,tabicl_aware,0.2918663024902344,,0.9197530864197531,0.2416251273162981,0.8455598455598455,,,,
openml:40994,classification,378,18,block_shift,0.3,0.25925925925925924,4,random,,catboost,0.33248209953308105,,0.9074074074074074,0.2996401397180627,0.7958494208494209,,,,
openml:40994,classification,378,18,block_shift,0.5,0.5,4,random,,tabicl_impute,0.20466041564941406,,0.9135802469135802,0.229041641471468,0.8392857142857142,,,,
openml:40994,classification,378,18,block_shift,0.5,0.5,4,random,,tabicl_aware,0.33376383781433105,,0.9197530864197531,0.22276794331140246,0.8610038610038612,,,,
openml:40994,classification,378,18,block_shift,0.5,0.5,4,random,,catboost,0.32267308235168457,,0.9259259259259259,0.30535340943605993,0.7688223938223938,,,,
openml:1480,classification,408,10,none,0.0,0.0,0,random,,tabicl_impute,0.20114421844482422,,0.7257142857142858,0.5056086233285354,0.75552,,,,
openml:1480,classification,408,10,none,0.0,0.0,0,random,,tabicl_aware,0.279282808303833,,0.7142857142857143,0.5008588580178586,0.7484799999999999,,,,
openml:1480,classification,408,10,none,0.0,0.0,0,random,,catboost,0.24648356437683105,,0.68,0.656185437411995,0.692,,,,
openml:1480,classification,408,10,block,0.3,0.3,0,random,,tabicl_impute,0.19947600364685059,,0.7257142857142858,0.5262344482130094,0.7057599999999999,,,,
openml:1480,classification,408,10,block,0.3,0.3,0,random,,tabicl_aware,0.277385950088501,,0.7257142857142858,0.5237413182849238,0.70976,,,,
openml:1480,classification,408,10,block,0.3,0.3,0,random,,catboost,0.22369837760925293,,0.68,0.6379256405618311,0.69008,,,,
openml:1480,classification,408,10,block,0.5,0.5,0,random,,tabicl_impute,0.20646095275878906,,0.7142857142857143,0.5619717724547186,0.6439999999999999,,,,
openml:1480,classification,408,10,block,0.5,0.5,0,random,,tabicl_aware,0.2874765396118164,,0.72,0.5486733341834162,0.6648000000000001,,,,
openml:1480,classification,408,10,block,0.5,0.5,0,random,,catboost,0.23422503471374512,,0.6457142857142857,0.7211132160473533,0.6236799999999999,,,,
openml:1480,classification,408,10,block_shift,0.3,0.2502572898799314,0,random,,tabicl_impute,0.20418906211853027,,0.6914285714285714,0.525930162315302,0.71616,,,,
openml:1480,classification,408,10,block_shift,0.3,0.2502572898799314,0,random,,tabicl_aware,0.2850992679595947,,0.6742857142857143,0.5290314418351084,0.71168,,,,
openml:1480,classification,408,10,block_shift,0.3,0.2502572898799314,0,random,,catboost,0.3183579444885254,,0.6914285714285714,0.7444156025022717,0.65152,,,,
openml:1480,classification,408,10,block_shift,0.5,0.5,0,random,,tabicl_impute,0.19928526878356934,,0.72,0.5479428068398889,0.6606400000000001,,,,
openml:1480,classification,408,10,block_shift,0.5,0.5,0,random,,tabicl_aware,0.2809793949127197,,0.72,0.5479594045246854,0.652,,,,
openml:1480,classification,408,10,block_shift,0.5,0.5,0,random,,catboost,0.28977370262145996,,0.68,0.6623103930168146,0.6630400000000001,,,,
openml:1480,classification,408,10,none,0.0,0.0,1,random,,tabicl_impute,0.19846653938293457,,0.7485714285714286,0.45815912334517356,0.80752,,,,
openml:1480,classification,408,10,none,0.0,0.0,1,random,,tabicl_aware,0.2777385711669922,,0.7142857142857143,0.4855275600989174,0.77232,,,,
openml:1480,classification,408,10,none,0.0,0.0,1,random,,catboost,0.24858689308166504,,0.7028571428571428,0.6201697198460122,0.7369600000000001,,,,
openml:1480,classification,408,10,block,0.3,0.3,1,random,,tabicl_impute,0.19971919059753418,,0.7371428571428571,0.49665883607138955,0.75936,,,,
openml:1480,classification,408,10,block,0.3,0.3,1,random,,tabicl_aware,0.2794630527496338,,0.7085714285714285,0.49494536330961036,0.76352,,,,
openml:1480,classification,408,10,block,0.3,0.3,1,random,,catboost,0.22419166564941406,,0.6971428571428572,0.6719701531119573,0.7,,,,
openml:1480,classification,408,10,block,0.5,0.5,1,random,,tabicl_impute,0.20099234580993652,,0.7142857142857143,0.5259870904551504,0.6985600000000001,,,,
openml:1480,classification,408,10,block,0.5,0.5,1,random,,tabicl_aware,0.32606053352355957,,0.7371428571428571,0.5083181932939347,0.72512,,,,
openml:1480,classification,408,10,block,0.5,0.5,1,random,,catboost,0.24361085891723633,,0.6628571428571428,0.6853841384465195,0.66048,,,,
openml:1480,classification,408,10,block_shift,0.3,0.3,1,random,,tabicl_impute,0.19969916343688965,,0.7485714285714286,0.5064686606069753,0.74624,,,,
openml:1480,classification,408,10,block_shift,0.3,0.3,1,random,,tabicl_aware,0.2794339656829834,,0.7314285714285714,0.5009399558870271,0.75232,,,,
openml:1480,classification,408,10,block_shift,0.3,0.3,1,random,,catboost,0.3086695671081543,,0.7028571428571428,0.5984755138558021,0.73136,,,,
openml:1480,classification,408,10,block_shift,0.5,0.4327615780445969,1,random,,tabicl_impute,0.2088155746459961,,0.6971428571428572,0.5322911884291297,0.7024,,,,
openml:1480,classification,408,10,block_shift,0.5,0.4327615780445969,1,random,,tabicl_aware,0.2838113307952881,,0.6914285714285714,0.5228400260619854,0.71856,,,,
openml:1480,classification,408,10,block_shift,0.5,0.4327615780445969,1,random,,catboost,0.32378697395324707,,0.6971428571428572,0.7147832374155009,0.64304,,,,
openml:1480,classification,408,10,none,0.0,0.0,2,random,,tabicl_impute,0.20803403854370117,,0.7485714285714286,0.47746879012430016,0.78208,,,,
openml:1480,classification,408,10,none,0.0,0.0,2,random,,tabicl_aware,0.2838139533996582,,0.7428571428571429,0.4984779317055031,0.76528,,,,
openml:1480,classification,408,10,none,0.0,0.0,2,random,,catboost,0.24536585807800293,,0.7028571428571428,0.5741636139718619,0.7627200000000001,,,,
openml:1480,classification,408,10,block,0.3,0.2,2,random,,tabicl_impute,0.19970965385437012,,0.7142857142857143,0.5158770804798579,0.7382399999999999,,,,
openml:1480,classification,408,10,block,0.3,0.2,2,random,,tabicl_aware,0.2816810607910156,,0.7257142857142858,0.5136581986148812,0.74592,,,,
openml:1480,classification,408,10,block,0.3,0.2,2,random,,catboost,0.24504876136779785,,0.7428571428571429,0.5522909895128506,0.7664,,,,
openml:1480,classification,408,10,block,0.5,0.39502572898799315,2,random,,tabicl_impute,0.20020270347595215,,0.7314285714285714,0.5411539032040936,0.72112,,,,
openml:1480,classification,408,10,block,0.5,0.39502572898799315,2,random,,tabicl_aware,0.27941155433654785,,0.7542857142857143,0.5315762254897495,0.7326400000000001,,,,
openml:1480,classification,408,10,block,0.5,0.39502572898799315,2,random,,catboost,0.24302268028259277,,0.7085714285714285,0.7174186779074196,0.6828799999999999,,,,
openml:1480,classification,408,10,block_shift,0.3,0.20085763293310463,2,random,,tabicl_impute,0.1985933780670166,,0.6685714285714286,0.5578819763185484,0.67344,,,,
openml:1480,classification,408,10,block_shift,0.3,0.20085763293310463,2,random,,tabicl_aware,0.28022122383117676,,0.7085714285714285,0.5615092131261021,0.66656,,,,
openml:1480,classification,408,10,block_shift,0.3,0.20085763293310463,2,random,,catboost,0.2996518611907959,,0.6857142857142857,0.7274527621222807,0.64368,,,,
openml:1480,classification,408,10,block_shift,0.5,0.4667238421955403,2,random,,tabicl_impute,0.19839906692504883,,0.7257142857142858,0.5379145210255596,0.72048,,,,
openml:1480,classification,408,10,block_shift,0.5,0.4667238421955403,2,random,,tabicl_aware,0.2817091941833496,,0.72,0.5329371907547117,0.71472,,,,
openml:1480,classification,408,10,block_shift,0.5,0.4667238421955403,2,random,,catboost,0.32528138160705566,,0.6971428571428572,0.692192625328203,0.6731199999999999,,,,
openml:1480,classification,408,10,none,0.0,0.0,3,random,,tabicl_impute,0.1998610496520996,,0.7028571428571428,0.4945506623234009,0.77088,,,,
openml:1480,classification,408,10,none,0.0,0.0,3,random,,tabicl_aware,0.3210430145263672,,0.72,0.512037810674602,0.75136,,,,
openml:1480,classification,408,10,none,0.0,0.0,3,random,,catboost,0.24440908432006836,,0.7142857142857143,0.6890080883422262,0.7273599999999999,,,,
openml:1480,classification,408,10,block,0.3,0.3,3,random,,tabicl_impute,0.20049738883972168,,0.7085714285714285,0.5235184590216837,0.7424000000000001,,,,
openml:1480,classification,408,10,block,0.3,0.3,3,random,,tabicl_aware,0.28063511848449707,,0.7085714285714285,0.5242982579442197,0.7375999999999999,,,,
openml:1480,classification,408,10,block,0.3,0.3,3,random,,catboost,0.23010945320129395,,0.72,0.6492636253180181,0.71248,,,,
openml:1480,classification,408,10,block,0.5,0.4332761578044597,3,random,,tabicl_impute,0.2002878189086914,,0.7028571428571428,0.5226161577847216,0.74432,,,,
openml:1480,classification,408,10,block,0.5,0.4332761578044597,3,random,,tabicl_aware,0.2801859378814697,,0.7028571428571428,0.5228590814513235,0.74448,,,,
openml:1480,classification,408,10,block,0.5,0.4332761578044597,3,random,,catboost,0.23628520965576172,,0.6914285714285714,0.6535084344744826,0.71248,,,,
openml:1480,classification,408,10,block_shift,0.3,0.3,3,random,,tabicl_impute,0.19906306266784668,,0.7142857142857143,0.5400793230250212,0.7171199999999999,,,,
openml:1480,classification,408,10,block_shift,0.3,0.3,3,random,,tabicl_aware,0.2796292304992676,,0.7085714285714285,0.540254727443301,0.71312,,,,
openml:1480,classification,408,10,block_shift,0.3,0.3,3,random,,catboost,0.2742950916290283,,0.6914285714285714,0.731874172309098,0.66928,,,,
openml:1480,classification,408,10,block_shift,0.5,0.46500857632933107,3,random,,tabicl_impute,0.19807958602905273,,0.7142857142857143,0.5277479425786854,0.7303999999999999,,,,
openml:1480,classification,408,10,block_shift,0.5,0.46500857632933107,3,random,,tabicl_aware,0.2807278633117676,,0.72,0.5279858606271466,0.71072,,,,
openml:1480,classification,408,10,block_shift,0.5,0.46500857632933107,3,random,,catboost,0.3181145191192627,,0.6857142857142857,0.6709208808371685,0.68048,,,,
openml:1480,classification,408,10,none,0.0,0.0,4,random,,tabicl_impute,0.19774794578552246,,0.6857142857142857,0.5142289674276421,0.7420800000000001,,,,
openml:1480,classification,408,10,none,0.0,0.0,4,random,,tabicl_aware,0.27664804458618164,,0.7028571428571428,0.5070294385187616,0.7456,,,,
openml:1480,classification,408,10,none,0.0,0.0,4,random,,catboost,0.24699115753173828,,0.68,0.6726253762305291,0.72176,,,,
openml:1480,classification,408,10,block,0.3,0.3,4,random,,tabicl_impute,0.19923806190490723,,0.7142857142857143,0.52929085385353,0.74064,,,,
openml:1480,classification,408,10,block,0.3,0.3,4,random,,tabicl_aware,0.2791886329650879,,0.7085714285714285,0.5256028442738953,0.72656,,,,
openml:1480,classification,408,10,block,0.3,0.3,4,random,,catboost,0.2315530776977539,,0.7028571428571428,0.7517039393081048,0.6795199999999999,,,,
openml:1480,classification,408,10,block,0.5,0.5,4,random,,tabicl_impute,0.19977188110351562,,0.7142857142857143,0.5442527510825068,0.71824,,,,
openml:1480,classification,408,10,block,0.5,0.5,4,random,,tabicl_aware,0.2804567813873291,,0.7257142857142858,0.5253862023675172,0.73264,,,,
openml:1480,classification,408,10,block,0.5,0.5,4,random,,catboost,0.23086786270141602,,0.6971428571428572,0.6644244256627007,0.7031999999999999,,,,
openml:1480,classification,408,10,block_shift,0.3,0.3,4,random,,tabicl_impute,0.20188164710998535,,0.7142857142857143,0.5318446722330045,0.71312,,,,
openml:1480,classification,408,10,block_shift,0.3,0.3,4,random,,tabicl_aware,0.32790398597717285,,0.7142857142857143,0.5161904653387488,0.7369600000000001,,,,
openml:1480,classification,408,10,block_shift,0.3,0.3,4,random,,catboost,0.31990480422973633,,0.72,0.6538742825824948,0.71856,,,,
openml:1480,classification,408,10,block_shift,0.5,0.5,4,random,,tabicl_impute,0.19791698455810547,,0.7371428571428571,0.5260548497302726,0.72496,,,,
openml:1480,classification,408,10,block_shift,0.5,0.5,4,random,,tabicl_aware,0.28051161766052246,,0.7314285714285714,0.5115164437290335,0.74464,,,,
openml:1480,classification,408,10,block_shift,0.5,0.5,4,random,,catboost,0.3192479610443115,,0.7257142857142858,0.6065140311730408,0.72432,,,,
openml:37,classification,537,8,none,0.0,0.0,0,random,,tabicl_impute,0.20493555068969727,,0.7835497835497836,0.4626140579394716,0.8507818930041152,,,,
openml:37,classification,537,8,none,0.0,0.0,0,random,,tabicl_aware,0.28331804275512695,,0.7792207792207793,0.46362049178720666,0.8502057613168724,,,,
openml:37,classification,537,8,none,0.0,0.0,0,random,,catboost,0.26477503776550293,,0.7359307359307359,0.5592164624975452,0.8182716049382716,,,,
openml:37,classification,537,8,block,0.3,0.18798828125,0,random,,tabicl_impute,0.20605063438415527,,0.7705627705627706,0.47772351729047685,0.8365432098765432,,,,
openml:37,classification,537,8,block,0.3,0.18798828125,0,random,,tabicl_aware,0.2856614589691162,,0.7662337662337663,0.4775759433194872,0.8332510288065844,,,,
openml:37,classification,537,8,block,0.3,0.18798828125,0,random,,catboost,0.2740366458892822,,0.7575757575757576,0.5472011378013977,0.8069135802469135,,,,
openml:37,classification,537,8,block,0.5,0.4737955729166667,0,random,,tabicl_impute,0.20492267608642578,,0.70995670995671,0.5471678415627261,0.7624691358024691,,,,
openml:37,classification,537,8,block,0.5,0.4737955729166667,0,random,,tabicl_aware,0.2846689224243164,,0.7229437229437229,0.5385236198174009,0.7743209876543209,,,,
openml:37,classification,537,8,block,0.5,0.4737955729166667,0,random,,catboost,0.263202428817749,,0.7012987012987013,0.7051324098879711,0.6781893004115227,,,,
openml:37,classification,537,8,block_shift,0.3,0.18701171875,0,random,,tabicl_impute,0.20492148399353027,,0.7402597402597403,0.5312286612231039,0.785843621399177,,,,
openml:37,classification,537,8,block_shift,0.3,0.18701171875,0,random,,tabicl_aware,0.287520170211792,,0.7359307359307359,0.526877638402286,0.7914403292181069,,,,
openml:37,classification,537,8,block_shift,0.3,0.18701171875,0,random,,catboost,0.35045862197875977,,0.70995670995671,0.6474725312369398,0.7529218106995883,,,,
openml:37,classification,537,8,block_shift,0.5,0.5,0,random,,tabicl_impute,0.2035081386566162,,0.6796536796536796,0.6283721003767979,0.6621399176954732,,,,
openml:37,classification,537,8,block_shift,0.5,0.5,0,random,,tabicl_aware,0.28507232666015625,,0.6796536796536796,0.6317728142041436,0.6646090534979424,,,,
openml:37,classification,537,8,block_shift,0.5,0.5,0,random,,catboost,0.3379373550415039,,0.670995670995671,0.7496296086618625,0.6576954732510287,,,,
openml:37,classification,537,8,none,0.0,0.0,1,random,,tabicl_impute,0.20589947700500488,,0.7835497835497836,0.4637040806351563,0.8413168724279835,,,,
openml:37,classification,537,8,none,0.0,0.0,1,random,,tabicl_aware,0.28578805923461914,,0.7835497835497836,0.47423624977294465,0.8362139917695474,,,,
openml:37,classification,537,8,none,0.0,0.0,1,random,,catboost,0.26491284370422363,,0.7489177489177489,0.6127799579042992,0.8065843621399176,,,,
openml:37,classification,537,8,block,0.3,0.20979817708333334,1,random,,tabicl_impute,0.2041492462158203,,0.7748917748917749,0.4586360516822721,0.8430452674897119,,,,
openml:37,classification,537,8,block,0.3,0.20979817708333334,1,random,,tabicl_aware,0.32739782333374023,,0.7619047619047619,0.4702180116984427,0.8379423868312758,,,,
openml:37,classification,537,8,block,0.3,0.20979817708333334,1,random,,catboost,0.26479673385620117,,0.7316017316017316,0.6108809598000211,0.8036213991769547,,,,
openml:37,classification,537,8,block,0.5,0.5,1,random,,tabicl_impute,0.2037661075592041,,0.70995670995671,0.5400000630275044,0.7660905349794238,,,,
openml:37,classification,537,8,block,0.5,0.5,1,random,,tabicl_aware,0.28919148445129395,,0.7142857142857143,0.5395554278566219,0.7707818930041153,,,,
openml:37,classification,537,8,block,0.5,0.5,1,random,,catboost,0.2956814765930176,,0.7316017316017316,0.5650653560749478,0.7813991769547325,,,,
openml:37,classification,537,8,block_shift,0.3,0.25,1,random,,tabicl_impute,0.2037210464477539,,0.7619047619047619,0.5231752811065368,0.7862551440329218,,,,
openml:37,classification,537,8,block_shift,0.3,0.25,1,random,,tabicl_aware,0.28630876541137695,,0.7619047619047619,0.5224116931911952,0.7906995884773662,,,,
openml:37,classification,537,8,block_shift,0.3,0.25,1,random,,catboost,0.3257906436920166,,0.7272727272727273,0.6042716897542675,0.7634567901234567,,,,
openml:37,classification,537,8,block_shift,0.5,0.4173177083333333,1,random,,tabicl_impute,0.20284748077392578,,0.696969696969697,0.546455255043617,0.7587654320987655,,,,
openml:37,classification,537,8,block_shift,0.5,0.4173177083333333,1,random,,tabicl_aware,0.286130428314209,,0.6926406926406926,0.5436141377604106,0.7668312757201645,,,,
openml:37,classification,537,8,block_shift,0.5,0.4173177083333333,1,random,,catboost,0.33696460723876953,,0.696969696969697,0.6163187491992971,0.7493004115226336,,,,
openml:37,classification,537,8,none,0.0,0.0,2,random,,tabicl_impute,0.2053823471069336,,0.7705627705627706,0.4542312602077188,0.854238683127572,,,,
openml:37,classification,537,8,none,0.0,0.0,2,random,,tabicl_aware,0.283221960067749,,0.7662337662337663,0.45369656604834,0.8556378600823045,,,,
openml:37,classification,537,8,none,0.0,0.0,2,random,,catboost,0.26413536071777344,,0.8051948051948052,0.5250252052292825,0.8483127572016461,,,,
openml:37,classification,537,8,block,0.3,0.25,2,random,,tabicl_impute,0.20389723777770996,,0.7619047619047619,0.47966306658241403,0.8325925925925927,,,,
openml:37,classification,537,8,block,0.3,0.25,2,random,,tabicl_aware,0.2872343063354492,,0.7662337662337663,0.4772105430134696,0.8355555555555555,,,,
openml:37,classification,537,8,block,0.3,0.25,2,random,,catboost,0.26227235794067383,,0.7619047619047619,0.5687080285139336,0.8209053497942387,,,,
openml:37,classification,537,8,block,0.5,0.4143880208333333,2,random,,tabicl_impute,0.20565581321716309,,0.696969696969697,0.5586478123594124,0.7533333333333333,,,,
openml:37,classification,537,8,block,0.5,0.4143880208333333,2,random,,tabicl_aware,0.28707242012023926,,0.70995670995671,0.5576708962806952,0.7575308641975308,,,,
openml:37,classification,537,8,block,0.5,0.4143880208333333,2,random,,catboost,0.2814478874206543,,0.7186147186147186,0.6774507687470878,0.7254320987654321,,,,
openml:37,classification,537,8,block_shift,0.3,0.18766276041666666,2,random,,tabicl_impute,0.20505356788635254,,0.7532467532467533,0.46859557999305085,0.8422222222222222,,,,
openml:37,classification,537,8,block_shift,0.3,0.18766276041666666,2,random,,tabicl_aware,0.28650689125061035,,0.7445887445887446,0.4661430031144072,0.8450205761316872,,,,
openml:37,classification,537,8,block_shift,0.3,0.18766276041666666,2,random,,catboost,0.28441834449768066,,0.7835497835497836,0.5182321293858864,0.8470781893004115,,,,
openml:37,classification,537,8,block_shift,0.5,0.4560546875,2,random,,tabicl_impute,0.20210647583007812,,0.7012987012987013,0.5723347477964718,0.7237037037037037,,,,
openml:37,classification,537,8,block_shift,0.5,0.4560546875,2,random,,tabicl_aware,0.33214259147644043,,0.683982683982684,0.5729412601847222,0.731687242798354,,,,
openml:37,classification,537,8,block_shift,0.5,0.4560546875,2,random,,catboost,0.3262341022491455,,0.658008658008658,0.6915741362920562,0.6864197530864198,,,,
openml:37,classification,537,8,none,0.0,0.0,3,random,,tabicl_impute,0.20558476448059082,,0.7792207792207793,0.46664594219975297,0.8480658436213991,,,,
openml:37,classification,537,8,none,0.0,0.0,3,random,,tabicl_aware,0.28519105911254883,,0.7705627705627706,0.46864083724510675,0.8463374485596707,,,,
openml:37,classification,537,8,none,0.0,0.0,3,random,,catboost,0.26777195930480957,,0.7445887445887446,0.6025700472742609,0.8162962962962963,,,,
openml:37,classification,537,8,block,0.3,0.25,3,random,,tabicl_impute,0.20365619659423828,,0.7619047619047619,0.472833830357052,0.8365432098765433,,,,
openml:37,classification,537,8,block,0.3,0.25,3,random,,tabicl_aware,0.2864961624145508,,0.7619047619047619,0.47362680315246924,0.840164609053498,,,,
openml:37,classification,537,8,block,0.3,0.25,3,random,,catboost,0.2813596725463867,,0.7316017316017316,0.5675520759304037,0.8174485596707819,,,,
openml:37,classification,537,8,block,0.5,0.5,3,random,,tabicl_impute,0.20500969886779785,,0.7186147186147186,0.5380245671065538,0.785679012345679,,,,
openml:37,classification,537,8,block,0.5,0.5,3,random,,tabicl_aware,0.2866852283477783,,0.7186147186147186,0.5390611207365871,0.7852674897119342,,,,
openml:37,classification,537,8,block,0.5,0.5,3,random,,catboost,0.2796347141265869,,0.7229437229437229,0.6429500848076561,0.7585185185185185,,,,
openml:37,classification,537,8,block_shift,0.3,0.25,3,random,,tabicl_impute,0.20686864852905273,,0.7575757575757576,0.4863790545575366,0.8291358024691358,,,,
openml:37,classification,537,8,block_shift,0.3,0.25,3,random,,tabicl_aware,0.287738561630249,,0.7619047619047619,0.4829368271771328,0.8376131687242798,,,,
openml:37,classification,537,8,block_shift,0.3,0.25,3,random,,catboost,0.27850794792175293,,0.7402597402597403,0.5709423601831989,0.8111111111111111,,,,
openml:37,classification,537,8,block_shift,0.5,0.4195963541666667,3,random,,tabicl_impute,0.20430588722229004,,0.70995670995671,0.5574455232198118,0.7655967078189301,,,,
openml:37,classification,537,8,block_shift,0.5,0.4195963541666667,3,random,,tabicl_aware,0.28626227378845215,,0.7186147186147186,0.5557824287875941,0.7716049382716048,,,,
openml:37,classification,537,8,block_shift,0.5,0.4195963541666667,3,random,,catboost,0.32501792907714844,,0.6666666666666666,0.7361062723314478,0.7093004115226337,,,,
openml:37,classification,537,8,none,0.0,0.0,4,random,,tabicl_impute,0.20399713516235352,,0.7489177489177489,0.4701471995205789,0.8432921810699588,,,,
openml:37,classification,537,8,none,0.0,0.0,4,random,,tabicl_aware,0.285062313079834,,0.7532467532467533,0.46974315612392065,0.8434567901234568,,,,
openml:37,classification,537,8,none,0.0,0.0,4,random,,catboost,0.2626228332519531,,0.7748917748917749,0.5246898232817032,0.8413991769547324,,,,
openml:37,classification,537,8,block,0.3,0.25,4,random,,tabicl_impute,0.20476412773132324,,0.7359307359307359,0.51353134741214,0.8046090534979424,,,,
openml:37,classification,537,8,block,0.3,0.25,4,random,,tabicl_aware,0.2860400676727295,,0.7445887445887446,0.5102505187303562,0.8103703703703704,,,,
openml:37,classification,537,8,block,0.3,0.25,4,random,,catboost,0.25530147552490234,,0.7316017316017316,0.6346588624507747,0.7847736625514403,,,,
openml:37,classification,537,8,block,0.5,0.5,4,random,,tabicl_impute,0.20410609245300293,,0.7142857142857143,0.5041638969585726,0.8091358024691359,,,,
openml:37,classification,537,8,block,0.5,0.5,4,random,,tabicl_aware,0.3293759822845459,,0.7186147186147186,0.4981380046993704,0.8180246913580247,,,,
openml:37,classification,537,8,block,0.5,0.5,4,random,,catboost,0.2669670581817627,,0.7142857142857143,0.625047681515418,0.7832921810699588,,,,
openml:37,classification,537,8,block_shift,0.3,0.25,4,random,,tabicl_impute,0.2036876678466797,,0.7142857142857143,0.5069129157572948,0.8100411522633745,,,,
openml:37,classification,537,8,block_shift,0.3,0.25,4,random,,tabicl_aware,0.2838778495788574,,0.7056277056277056,0.4955440250735273,0.8175720164609053,,,,
openml:37,classification,537,8,block_shift,0.3,0.25,4,random,,catboost,0.32619667053222656,,0.6796536796536796,0.6472397737737812,0.7584362139917695,,,,
openml:37,classification,537,8,block_shift,0.5,0.5,4,random,,tabicl_impute,0.20393753051757812,,0.70995670995671,0.5679680608648469,0.7389300411522634,,,,
openml:37,classification,537,8,block_shift,0.5,0.5,4,random,,tabicl_aware,0.28520631790161133,,0.7142857142857143,0.55185165541838,0.7564609053497942,,,,
openml:37,classification,537,8,block_shift,0.5,0.5,4,random,,catboost,0.3055257797241211,,0.7056277056277056,0.6176775186888687,0.7565432098765432,,,,
openml:1067,classification,1476,21,none,0.0,0.0,0,random,,tabicl_impute,0.24835419654846191,,0.8625592417061612,0.31685748451875034,0.8481594506961664,,,,
openml:1067,classification,1476,21,none,0.0,0.0,0,random,,tabicl_aware,0.3352787494659424,,0.8625592417061612,0.3211341972834923,0.845517833301545,,,,
openml:1067,classification,1476,21,none,0.0,0.0,0,random,,catboost,0.36516880989074707,,0.8515007898894155,0.36986100960537466,0.8066946404730116,,,,
openml:1067,classification,1476,21,block,0.3,0.23809523809523808,0,random,,tabicl_impute,0.24520468711853027,,0.8515007898894155,0.34046167073078504,0.8236791913026893,,,,
openml:1067,classification,1476,21,block,0.3,0.23809523809523808,0,random,,tabicl_aware,0.3324718475341797,,0.8515007898894155,0.34546528420140965,0.8216669845508298,,,,
openml:1067,classification,1476,21,block,0.3,0.23809523809523808,0,random,,catboost,0.3801300525665283,,0.8483412322274881,0.3736243375997509,0.7926378027846652,,,,
openml:1067,classification,1476,21,block,0.5,0.46623315044367675,0,random,,tabicl_impute,0.24919462203979492,,0.8562401263823065,0.34985469377217526,0.8143238603852755,,,,
openml:1067,classification,1476,21,block,0.5,0.46623315044367675,0,random,,tabicl_aware,0.34286928176879883,,0.8483412322274881,0.3512117488051192,0.8094030135418653,,,,
openml:1067,classification,1476,21,block,0.5,0.46623315044367675,0,random,,catboost,0.34575939178466797,,0.8451816745655608,0.4153022629326408,0.7729258058363533,,,,
openml:1067,classification,1476,21,block_shift,0.3,0.262457946668473,0,random,,tabicl_impute,0.24772024154663086,,0.8483412322274881,0.36376186994243787,0.7865725729544155,,,,
openml:1067,classification,1476,21,block_shift,0.3,0.262457946668473,0,random,,tabicl_aware,0.34273433685302734,,0.8530805687203792,0.36469071043850754,0.783415983215716,,,,
openml:1067,classification,1476,21,block_shift,0.3,0.262457946668473,0,random,,catboost,0.4539923667907715,,0.8499210110584519,0.38489098769861463,0.7806790005721914,,,,
openml:1067,classification,1476,21,block_shift,0.5,0.47619047619047616,0,random,,tabicl_impute,0.2478024959564209,,0.8436018957345972,0.37022484914775494,0.7799542246805263,,,,
openml:1067,classification,1476,21,block_shift,0.5,0.47619047619047616,0,random,,tabicl_aware,0.3398885726928711,,0.8483412322274881,0.3612177243071011,0.7916746137707418,,,,
openml:1067,classification,1476,21,block_shift,0.5,0.47619047619047616,0,random,,catboost,0.45035433769226074,,0.8499210110584519,0.4053329562518546,0.75636086210185,,,,
openml:1067,classification,1476,21,none,0.0,0.0,1,random,,tabicl_impute,0.2465038299560547,,0.8609794628751974,0.31161889506641555,0.8561129124547016,,,,
openml:1067,classification,1476,21,none,0.0,0.0,1,random,,tabicl_aware,0.3768339157104492,,0.8546603475513428,0.31180165423097117,0.8548445546442875,,,,
openml:1067,classification,1476,21,none,0.0,0.0,1,random,,catboost,0.3565208911895752,,0.8546603475513428,0.35704231253598645,0.8150390997520504,,,,
openml:1067,classification,1476,21,block,0.3,0.2857142857142857,1,random,,tabicl_impute,0.24906086921691895,,0.8578199052132701,0.3363502877691725,0.8217814228495136,,,,
openml:1067,classification,1476,21,block,0.3,0.2857142857142857,1,random,,tabicl_aware,0.3442511558532715,,0.8625592417061612,0.3302191314721016,0.829219912263971,,,,
openml:1067,classification,1476,21,block,0.3,0.2857142857142857,1,random,,catboost,0.35771775245666504,,0.8609794628751974,0.36518019487438064,0.7974442113293916,,,,
openml:1067,classification,1476,21,block,0.5,0.429406850459482,1,random,,tabicl_impute,0.24849724769592285,,0.8625592417061612,0.33423018947668226,0.8252717909593744,,,,
openml:1067,classification,1476,21,block,0.5,0.429406850459482,1,random,,tabicl_aware,0.3414151668548584,,0.8609794628751974,0.3334733881990442,0.8257581537287813,,,,
openml:1067,classification,1476,21,block,0.5,0.429406850459482,1,random,,catboost,0.40377378463745117,,0.8530805687203792,0.3763789646181953,0.77745565515926,,,,
openml:1067,classification,1476,21,block_shift,0.3,0.270021901600849,1,random,,tabicl_impute,0.2503938674926758,,0.8451816745655608,0.35903751646395077,0.789395384321953,,,,
openml:1067,classification,1476,21,block_shift,0.3,0.270021901600849,1,random,,tabicl_aware,0.346360445022583,,0.8483412322274881,0.3553658434711078,0.7929048254815946,,,,
openml:1067,classification,1476,21,block_shift,0.3,0.270021901600849,1,random,,catboost,0.46247386932373047,,0.8404423380726699,0.39363619165762226,0.7646957848559985,,,,
openml:1067,classification,1476,21,block_shift,0.5,0.46108514529567163,1,random,,tabicl_impute,0.2471468448638916,,0.8467614533965245,0.35270569367114335,0.7999904634751096,,,,
openml:1067,classification,1476,21,block_shift,0.5,0.46108514529567163,1,random,,tabicl_aware,0.34613752365112305,,0.8515007898894155,0.35010417515769443,0.8008868968148006,,,,
openml:1067,classification,1476,21,block_shift,0.5,0.46108514529567163,1,random,,catboost,0.5216643810272217,,0.8467614533965245,0.37596910635369185,0.7850658020217434,,,,
openml:1067,classification,1476,21,none,0.0,0.0,2,random,,tabicl_impute,0.2452106475830078,,0.8688783570300158,0.29142334277934445,0.8806790005721916,,,,
openml:1067,classification,1476,21,none,0.0,0.0,2,random,,tabicl_aware,0.3340952396392822,,0.8672985781990521,0.2952630931787392,0.8725252717909594,,,,
openml:1067,classification,1476,21,none,0.0,0.0,2,random,,catboost,0.3479616641998291,,0.8562401263823065,0.3448209488006606,0.8189490749570857,,,,
openml:1067,classification,1476,21,block,0.3,0.23809523809523808,2,random,,tabicl_impute,0.24710392951965332,,0.8704581358609794,0.3069065633820303,0.8577436582109479,,,,
openml:1067,classification,1476,21,block,0.3,0.23809523809523808,2,random,,tabicl_aware,0.34749698638916016,,0.8688783570300158,0.3035003315086858,0.8638565706656494,,,,
openml:1067,classification,1476,21,block,0.3,0.23809523809523808,2,random,,catboost,0.41177797317504883,,0.8593996840442338,0.3583578764659554,0.803642952508106,,,,
openml:1067,classification,1476,21,block,0.5,0.4289778500304816,2,random,,tabicl_impute,0.25008201599121094,,0.8593996840442338,0.33423892970252184,0.8239080679000572,,,,
openml:1067,classification,1476,21,block,0.5,0.4289778500304816,2,random,,tabicl_aware,0.3406996726989746,,0.8625592417061612,0.3313210077288588,0.8275891665077245,,,,
openml:1067,classification,1476,21,block,0.5,0.4289778500304816,2,random,,catboost,0.3684391975402832,,0.8436018957345972,0.39486981153455897,0.7518119397291627,,,,
openml:1067,classification,1476,21,block_shift,0.3,0.2619160513897356,2,random,,tabicl_impute,0.2494831085205078,,0.8641390205371248,0.33278168406231545,0.8219530802975397,,,,
openml:1067,classification,1476,21,block_shift,0.3,0.2619160513897356,2,random,,tabicl_aware,0.3802478313446045,,0.8704581358609794,0.3300268742854642,0.8243467480450124,,,,
openml:1067,classification,1476,21,block_shift,0.3,0.2619160513897356,2,random,,catboost,0.4511737823486328,,0.8609794628751974,0.38186912613041335,0.7676330345222201,,,,
openml:1067,classification,1476,21,block_shift,0.5,0.444128338865181,2,random,,tabicl_impute,0.24872827529907227,,0.8562401263823065,0.34395876741020504,0.8105283234789242,,,,
openml:1067,classification,1476,21,block_shift,0.5,0.444128338865181,2,random,,tabicl_aware,0.34306859970092773,,0.8578199052132701,0.34217418628887913,0.8128838451268358,,,,
openml:1067,classification,1476,21,block_shift,0.5,0.444128338865181,2,random,,catboost,0.5126988887786865,,0.8562401263823065,0.37348055065331537,0.7734312416555408,,,,
openml:1067,classification,1476,21,none,0.0,0.0,3,random,,tabicl_impute,0.24830174446105957,,0.8751974723538705,0.33392622321592497,0.8300495899294297,,,,
openml:1067,classification,1476,21,none,0.0,0.0,3,random,,tabicl_aware,0.3349785804748535,,0.8720379146919431,0.34060629666482783,0.8276273126072858,,,,
openml:1067,classification,1476,21,none,0.0,0.0,3,random,,catboost,0.35410165786743164,,0.8467614533965245,0.379600390149893,0.7971485790577915,,,,
openml:1067,classification,1476,21,block,0.3,0.2857142857142857,3,random,,tabicl_impute,0.24631857872009277,,0.8546603475513428,0.3642687712200121,0.7911787144764448,,,,
openml:1067,classification,1476,21,block,0.3,0.2857142857142857,3,random,,tabicl_aware,0.3431389331817627,,0.8546603475513428,0.36448331067108447,0.7965287049399199,,,,
openml:1067,classification,1476,21,block,0.3,0.2857142857142857,3,random,,catboost,0.37511563301086426,,0.8641390205371248,0.39784361479607927,0.7732309746328438,,,,
openml:1067,classification,1476,21,block,0.5,0.41084693716272663,3,random,,tabicl_impute,0.2497715950012207,,0.8562401263823065,0.35022601181035395,0.8080297539576577,,,,
openml:1067,classification,1476,21,block,0.5,0.41084693716272663,3,random,,tabicl_aware,0.34221935272216797,,0.8562401263823065,0.3535163696920099,0.8032519549876025,,,,
openml:1067,classification,1476,21,block,0.5,0.41084693716272663,3,random,,catboost,0.3890819549560547,,0.8420221169036335,0.3935163703914273,0.7777894335304215,,,,
openml:1067,classification,1476,21,block_shift,0.3,0.2857142857142857,3,random,,tabicl_impute,0.24966859817504883,,0.8562401263823065,0.3752021317291618,0.7688632462330727,,,,
openml:1067,classification,1476,21,block_shift,0.3,0.2857142857142857,3,random,,tabicl_aware,0.3433346748352051,,0.8641390205371248,0.36546014107352515,0.7798397863818425,,,,
openml:1067,classification,1476,21,block_shift,0.3,0.2857142857142857,3,random,,catboost,0.46550607681274414,,0.8483412322274881,0.3946921938490818,0.7726683196643143,,,,
openml:1067,classification,1476,21,block_shift,0.5,0.4600465126780916,3,random,,tabicl_impute,0.24633169174194336,,0.8483412322274881,0.36710328459707736,0.7794773984360099,,,,
openml:1067,classification,1476,21,block_shift,0.5,0.4600465126780916,3,random,,tabicl_aware,0.3423776626586914,,0.8499210110584519,0.36846774373551405,0.7769692923898532,,,,
openml:1067,classification,1476,21,block_shift,0.5,0.4600465126780916,3,random,,catboost,0.5227086544036865,,0.8578199052132701,0.3948486256379871,0.7488079343887087,,,,
openml:1067,classification,1476,21,none,0.0,0.0,4,random,,tabicl_impute,0.2471766471862793,,0.8641390205371248,0.34641075880801964,0.8197596795727636,,,,
openml:1067,classification,1476,21,none,0.0,0.0,4,random,,tabicl_aware,0.33424806594848633,,0.8641390205371248,0.3507898629391772,0.8178142284951364,,,,
openml:1067,classification,1476,21,none,0.0,0.0,4,random,,catboost,0.339069128036499,,0.8451816745655608,0.4160766922104102,0.7664791150104902,,,,
openml:1067,classification,1476,21,block,0.3,0.2857142857142857,4,random,,tabicl_impute,0.2476351261138916,,0.8436018957345972,0.368558395435814,0.7877741750905971,,,,
openml:1067,classification,1476,21,block,0.3,0.2857142857142857,4,random,,tabicl_aware,0.3855605125427246,,0.8499210110584519,0.3685122495331593,0.7928952889567041,,,,
openml:1067,classification,1476,21,block,0.3,0.2857142857142857,4,random,,catboost,0.37052202224731445,,0.8325434439178515,0.4034696135091534,0.7601754720579821,,,,
openml:1067,classification,1476,21,block,0.5,0.46650409808304544,4,random,,tabicl_impute,0.25020599365234375,,0.8404423380726699,0.3786635601072549,0.7683864199885562,,,,
openml:1067,classification,1476,21,block,0.5,0.46650409808304544,4,random,,tabicl_aware,0.34295082092285156,,0.8388625592417062,0.37434553380384084,0.7757676902536715,,,,
openml:1067,classification,1476,21,block,0.5,0.46650409808304544,4,random,,catboost,0.39684414863586426,,0.8388625592417062,0.42817180269549815,0.7510013351134847,,,,
openml:1067,classification,1476,21,block_shift,0.3,0.2857142857142857,4,random,,tabicl_impute,0.2501044273376465,,0.8467614533965245,0.3864942392206586,0.7531470532138089,,,,
openml:1067,classification,1476,21,block_shift,0.3,0.2857142857142857,4,random,,tabicl_aware,0.34256696701049805,,0.8451816745655608,0.3854123746696911,0.7560461567804692,,,,
openml:1067,classification,1476,21,block_shift,0.3,0.2857142857142857,4,random,,catboost,0.4523460865020752,,0.8325434439178515,0.4311450575224979,0.7367537669273316,,,,
openml:1067,classification,1476,21,block_shift,0.5,0.47619047619047616,4,random,,tabicl_impute,0.24559521675109863,,0.8341232227488151,0.4007633656084729,0.7270646576387564,,,,
openml:1067,classification,1476,21,block_shift,0.5,0.47619047619047616,4,random,,tabicl_aware,0.3411824703216553,,0.8388625592417062,0.3973520376662147,0.7317280183101278,,,,
openml:1067,classification,1476,21,block_shift,0.5,0.47619047619047616,4,random,,catboost,0.5199844837188721,,0.8214849921011058,0.459380013558163,0.7089071142475682,,,,
openml:23,classification,1031,9,none,0.0,0.0,0,random,,tabicl_impute,0.20688915252685547,,0.5746606334841629,0.8633673756434004,0.7627213357470692,,,,
openml:23,classification,1031,9,none,0.0,0.0,0,random,,tabicl_aware,0.2898061275482178,,0.579185520361991,0.8667139410739358,0.7582681860234709,,,,
openml:23,classification,1031,9,none,0.0,0.0,0,random,,catboost,0.22835469245910645,,0.5520361990950227,0.9109825109175311,0.7451239717696948,,,,
openml:23,classification,1031,9,block,0.3,0.2769857433808554,0,random,,tabicl_impute,0.20984172821044922,,0.49321266968325794,0.9381437427613338,0.7094984662536264,,,,
openml:23,classification,1031,9,block,0.3,0.2769857433808554,0,random,,tabicl_aware,0.29343605041503906,,0.49321266968325794,0.93961186439389,0.707475516079581,,,,
openml:23,classification,1031,9,block,0.3,0.2769857433808554,0,random,,catboost,0.24534130096435547,,0.48868778280542985,1.0105414756005255,0.6809847038361717,,,,
openml:23,classification,1031,9,block,0.5,0.4444444444444444,0,random,,tabicl_impute,0.21005558967590332,,0.5,0.9635425194170512,0.6884164764610873,,,,
openml:23,classification,1031,9,block,0.5,0.4444444444444444,0,random,,tabicl_aware,0.296863317489624,,0.5,0.9653534151512743,0.6839405105436128,,,,
openml:23,classification,1031,9,block,0.5,0.4444444444444444,0,random,,catboost,0.21646523475646973,,0.504524886877828,1.0001668381601296,0.6791539247934762,,,,
openml:23,classification,1031,9,block_shift,0.3,0.16429056347589951,0,random,,tabicl_impute,0.2094433307647705,,0.5588235294117647,0.8791590844400297,0.7511149140278407,,,,
openml:23,classification,1031,9,block_shift,0.3,0.16429056347589951,0,random,,tabicl_aware,0.2967684268951416,,0.5452488687782805,0.8823696530350412,0.7481023268388961,,,,
openml:23,classification,1031,9,block_shift,0.3,0.16429056347589951,0,random,,catboost,0.39418911933898926,,0.5135746606334841,0.9751338736666398,0.7060308669558215,,,,
openml:23,classification,1031,9,block_shift,0.5,0.4213622991627065,0,random,,tabicl_impute,0.2093808650970459,,0.4683257918552036,0.9805187341937777,0.6650486748713518,,,,
openml:23,classification,1031,9,block_shift,0.5,0.4213622991627065,0,random,,tabicl_aware,0.33713507652282715,,0.4479638009049774,0.9770132437924466,0.6683786054471553,,,,
openml:23,classification,1031,9,block_shift,0.5,0.4213622991627065,0,random,,catboost,0.39392518997192383,,0.47737556561085975,1.0408753018102705,0.6437384635995662,,,,
openml:23,classification,1031,9,none,0.0,0.0,1,random,,tabicl_impute,0.21147680282592773,,0.5633484162895928,0.8859160338260227,0.7471924345528366,,,,
openml:23,classification,1031,9,none,0.0,0.0,1,random,,tabicl_aware,0.296461820602417,,0.5542986425339367,0.8903605963691575,0.7429000994419007,,,,
openml:23,classification,1031,9,none,0.0,0.0,1,random,,catboost,0.22993993759155273,,0.5226244343891403,0.942904439938747,0.7294903188535278,,,,
openml:23,classification,1031,9,block,0.3,0.3333333333333333,1,random,,tabicl_impute,0.21448516845703125,,0.5113122171945701,0.9436679503768552,0.7050966895661283,,,,
openml:23,classification,1031,9,block,0.3,0.3333333333333333,1,random,,tabicl_aware,0.29718017578125,,0.5135746606334841,0.9417327933313989,0.7064064197366541,,,,
openml:23,classification,1031,9,block,0.3,0.3333333333333333,1,random,,catboost,0.23073410987854004,,0.48642533936651583,1.0256860642766892,0.6686503299039025,,,,
openml:23,classification,1031,9,block,0.5,0.3690880289658294,1,random,,tabicl_impute,0.20917773246765137,,0.4841628959276018,0.9582911711142378,0.6932413026625208,,,,
openml:23,classification,1031,9,block,0.5,0.3690880289658294,1,random,,tabicl_aware,0.2945425510406494,,0.497737556561086,0.959406736401448,0.6950351196722465,,,,
openml:23,classification,1031,9,block,0.5,0.3690880289658294,1,random,,catboost,0.23131275177001953,,0.4819004524886878,1.0080948177360043,0.6755144623570885,,,,
openml:23,classification,1031,9,block_shift,0.3,0.29622086444897033,1,random,,tabicl_impute,0.209456205368042,,0.46153846153846156,0.9821354822246781,0.669423215352062,,,,
openml:23,classification,1031,9,block_shift,0.3,0.29622086444897033,1,random,,tabicl_aware,0.29065489768981934,,0.47058823529411764,0.9886368752511762,0.6632395016946413,,,,
openml:23,classification,1031,9,block_shift,0.3,0.29622086444897033,1,random,,catboost,0.42684388160705566,,0.4638009049773756,1.0387448119145257,0.6493468653264803,,,,
openml:23,classification,1031,9,block_shift,0.5,0.406653088934148,1,random,,tabicl_impute,0.2105998992919922,,0.4819004524886878,0.9916845037001776,0.6634543637177972,,,,
openml:23,classification,1031,9,block_shift,0.5,0.406653088934148,1,random,,tabicl_aware,0.2935619354248047,,0.5067873303167421,0.9795281778563352,0.6750777981334338,,,,
openml:23,classification,1031,9,block_shift,0.5,0.406653088934148,1,random,,catboost,0.4070303440093994,,0.4819004524886878,1.0245971058928471,0.6578334210557228,,,,
openml:23,classification,1031,9,none,0.0,0.0,2,random,,tabicl_impute,0.20890045166015625,,0.5520361990950227,0.9043422442493236,0.7391922630690466,,,,
openml:23,classification,1031,9,none,0.0,0.0,2,random,,tabicl_aware,0.291705846786499,,0.5520361990950227,0.9060579365746461,0.736963295794531,,,,
openml:23,classification,1031,9,none,0.0,0.0,2,random,,catboost,0.22849369049072266,,0.5316742081447964,0.9629096281345962,0.7190372262127055,,,,
openml:23,classification,1031,9,block,0.3,0.2784189484800483,2,random,,tabicl_impute,0.2114255428314209,,0.5407239819004525,0.9331408643787997,0.7144147379749465,,,,
openml:23,classification,1031,9,block,0.3,0.2784189484800483,2,random,,tabicl_aware,0.29188084602355957,,0.5271493212669683,0.9369198749852929,0.7120878676043804,,,,
openml:23,classification,1031,9,block,0.3,0.2784189484800483,2,random,,catboost,0.23049592971801758,,0.5203619909502263,0.9907388780270069,0.6863311686349508,,,,
openml:23,classification,1031,9,block,0.5,0.3694651882024591,2,random,,tabicl_impute,0.2106480598449707,,0.43665158371040724,1.0291043136872051,0.6272135758950864,,,,
openml:23,classification,1031,9,block,0.5,0.3694651882024591,2,random,,tabicl_aware,0.3366861343383789,,0.502262443438914,1.0065638255322122,0.6500592451702041,,,,
openml:23,classification,1031,9,block,0.5,0.3694651882024591,2,random,,catboost,0.1864943504333496,,0.45475113122171945,1.0769838560564815,0.6196766831141782,,,,
openml:23,classification,1031,9,block_shift,0.3,0.3333333333333333,2,random,,tabicl_impute,0.20973873138427734,,0.4819004524886878,0.9743083867307862,0.6699373469136565,,,,
openml:23,classification,1031,9,block_shift,0.3,0.3333333333333333,2,random,,tabicl_aware,0.2920718193054199,,0.5180995475113123,0.9581487983548976,0.6875344076918867,,,,
openml:23,classification,1031,9,block_shift,0.3,0.3333333333333333,2,random,,catboost,0.416456937789917,,0.48642533936651583,1.007139224648972,0.6673684101740159,,,,
openml:23,classification,1031,9,block_shift,0.5,0.4074074074074074,2,random,,tabicl_impute,0.20885133743286133,,0.49547511312217196,0.9816995208277067,0.669459828218607,,,,
openml:23,classification,1031,9,block_shift,0.5,0.4074074074074074,2,random,,tabicl_aware,0.29233455657958984,,0.502262443438914,0.9872401388443726,0.6655899624521152,,,,
openml:23,classification,1031,9,block_shift,0.5,0.4074074074074074,2,random,,catboost,0.3964357376098633,,0.4321266968325792,1.0578002381428702,0.627928916362177,,,,
openml:23,classification,1031,9,none,0.0,0.0,3,random,,tabicl_impute,0.21208834648132324,,0.5746606334841629,0.8609678090290603,0.7759113800810967,,,,
openml:23,classification,1031,9,none,0.0,0.0,3,random,,tabicl_aware,0.29175519943237305,,0.5904977375565611,0.8742320210637706,0.7656324354813019,,,,
openml:23,classification,1031,9,none,0.0,0.0,3,random,,catboost,0.22990989685058594,,0.5746606334841629,0.9022618850920332,0.7498026151394847,,,,
openml:23,classification,1031,9,block,0.3,0.3333333333333333,3,random,,tabicl_impute,0.2111046314239502,,0.502262443438914,0.9422063464225879,0.7047386503356347,,,,
openml:23,classification,1031,9,block,0.3,0.3333333333333333,3,random,,tabicl_aware,0.2944521903991699,,0.5158371040723982,0.9316281115062105,0.7147622738004865,,,,
openml:23,classification,1031,9,block,0.3,0.3333333333333333,3,random,,catboost,0.24384498596191406,,0.4796380090497738,0.9869920428596801,0.6786777999457559,,,,
openml:23,classification,1031,9,block,0.5,0.3672022327826808,3,random,,tabicl_impute,0.21135330200195312,,0.5565610859728507,0.9050858539551361,0.7451640190888528,,,,
openml:23,classification,1031,9,block,0.5,0.3672022327826808,3,random,,tabicl_aware,0.29511404037475586,,0.5565610859728507,0.9073899139165132,0.7437888192667726,,,,
openml:23,classification,1031,9,block,0.5,0.3672022327826808,3,random,,catboost,0.2371203899383545,,0.5271493212669683,0.962114058498989,0.7139139946597154,,,,
openml:23,classification,1031,9,block_shift,0.3,0.3333333333333333,3,random,,tabicl_impute,0.21073675155639648,,0.5565610859728507,0.9145796429225077,0.7295809175922418,,,,
openml:23,classification,1031,9,block_shift,0.3,0.3333333333333333,3,random,,tabicl_aware,0.2942204475402832,,0.5565610859728507,0.9140036913736227,0.7316160054630628,,,,
openml:23,classification,1031,9,block_shift,0.3,0.3333333333333333,3,random,,catboost,0.3893923759460449,,0.5158371040723982,0.9742163467552397,0.7006916059712451,,,,
openml:23,classification,1031,9,block_shift,0.5,0.40929320359055593,3,random,,tabicl_impute,0.20917820930480957,,0.45701357466063347,0.9751913279280575,0.6698439898732135,,,,
openml:23,classification,1031,9,block_shift,0.5,0.40929320359055593,3,random,,tabicl_aware,0.2933783531188965,,0.45248868778280543,0.9694316231456593,0.679436382859743,,,,
openml:23,classification,1031,9,block_shift,0.5,0.40929320359055593,3,random,,catboost,0.41669273376464844,,0.4751131221719457,1.0213735637984633,0.6428014866041677,,,,
openml:23,classification,1031,9,none,0.0,0.0,4,random,,tabicl_impute,0.21086668968200684,,0.5859728506787331,0.869165324216285,0.7583403527754552,,,,
openml:23,classification,1031,9,none,0.0,0.0,4,random,,tabicl_aware,0.33339524269104004,,0.5633484162895928,0.87441813388546,0.7539189636602645,,,,
openml:23,classification,1031,9,none,0.0,0.0,4,random,,catboost,0.22851037979125977,,0.5407239819004525,0.9459156006321712,0.7269254514963013,,,,
openml:23,classification,1031,9,block,0.3,0.3333333333333333,4,random,,tabicl_impute,0.20878052711486816,,0.497737556561086,0.965104356180494,0.6820783703786689,,,,
openml:23,classification,1031,9,block,0.3,0.3333333333333333,4,random,,tabicl_aware,0.293032169342041,,0.49321266968325794,0.9603382341869232,0.6866632243115663,,,,
openml:23,classification,1031,9,block,0.3,0.3333333333333333,4,random,,catboost,0.17658019065856934,,0.47058823529411764,1.0124692311164205,0.6687737251043601,,,,
openml:23,classification,1031,9,block,0.5,0.42181489024666213,4,random,,tabicl_impute,0.2087841033935547,,0.48868778280542985,0.983994314539524,0.6581049913585169,,,,
openml:23,classification,1031,9,block,0.5,0.42181489024666213,4,random,,tabicl_aware,0.2927365303039551,,0.48642533936651583,0.9824535695432358,0.6625663357584232,,,,
openml:23,classification,1031,9,block,0.5,0.42181489024666213,4,random,,catboost,0.21999621391296387,,0.4660633484162896,1.03813595652109,0.6423011190211462,,,,
openml:23,classification,1031,9,block_shift,0.3,0.3333333333333333,4,random,,tabicl_impute,0.21640777587890625,,0.5090497737556561,0.9673305014630953,0.6822344294637994,,,,
openml:23,classification,1031,9,block_shift,0.3,0.3333333333333333,4,random,,tabicl_aware,0.293133020401001,,0.5158371040723982,0.9608774531487766,0.6886946228584999,,,,
openml:23,classification,1031,9,block_shift,0.3,0.3333333333333333,4,random,,catboost,0.3366708755493164,,0.45701357466063347,1.0341116614311643,0.65447940187038,,,,
openml:23,classification,1031,9,block_shift,0.5,0.4444444444444444,4,random,,tabicl_impute,0.20662283897399902,,0.5429864253393665,0.9316440809234344,0.7050076660001247,,,,
openml:23,classification,1031,9,block_shift,0.5,0.4444444444444444,4,random,,tabicl_aware,0.2903931140899658,,0.5361990950226244,0.9317539460257772,0.7045235319894528,,,,
openml:23,classification,1031,9,block_shift,0.5,0.4444444444444444,4,random,,catboost,0.4056556224822998,,0.48868778280542985,0.9748314925444498,0.678055353636062,,,,
openml:507,regression,2100,6,none,0.0,0.0,0,random,,tabicl_impute,0.23470449447631836,,,,,0.10612938474276191,0.7562691299135524,0.79,0.9482926937022143
openml:507,regression,2100,6,none,0.0,0.0,0,random,,tabicl_aware,0.30996084213256836,,,,,0.11246533934016686,0.7262988376517939,0.7788888888888889,0.9507028456657158
openml:507,regression,2100,6,none,0.0,0.0,0,random,,catboost,0.25605344772338867,,,,,0.1265606639602128,0.6533934744508454,,
openml:507,regression,2100,6,block,0.3,0.248,0,random,,tabicl_impute,0.23367929458618164,,,,,0.12436350413850322,0.665323555317765,0.7844444444444445,1.1007593089519006
openml:507,regression,2100,6,block,0.3,0.248,0,random,,tabicl_aware,0.3108937740325928,,,,,0.12933733843520775,0.6380179085347207,0.78,1.1032256076824551
openml:507,regression,2100,6,block,0.3,0.248,0,random,,catboost,0.3343009948730469,,,,,0.14045761028572334,0.5730964206713567,,
openml:507,regression,2100,6,block,0.5,0.5,0,random,,tabicl_impute,0.23425006866455078,,,,,0.16630950779716416,0.40148725585323053,0.7977777777777778,1.5571334017887963
openml:507,regression,2100,6,block,0.5,0.5,0,random,,tabicl_aware,0.313873291015625,,,,,0.16633544462485572,0.40130055898173456,0.8,1.5210414281231082
openml:507,regression,2100,6,block,0.5,0.5,0,random,,catboost,0.33132076263427734,,,,,0.17456109264702666,0.3406224611826334,,
openml:507,regression,2100,6,block_shift,0.3,0.252,0,random,,tabicl_impute,0.23401951789855957,,,,,0.16207363019656196,0.43158704800867453,0.7744444444444445,1.5665377773192013
openml:507,regression,2100,6,block_shift,0.3,0.252,0,random,,tabicl_aware,0.3526613712310791,,,,,0.16759549641564372,0.39219546772203795,0.7611111111111111,1.5238257532329709
openml:507,regression,2100,6,block_shift,0.3,0.252,0,random,,catboost,0.33734655380249023,,,,,0.16977958784639754,0.376250521208912,,
openml:507,regression,2100,6,block_shift,0.5,0.5,0,random,,tabicl_impute,0.23517060279846191,,,,,0.17436752084968254,0.3420840254377602,0.7733333333333333,1.6368570974484442
openml:507,regression,2100,6,block_shift,0.5,0.5,0,random,,tabicl_aware,0.31325840950012207,,,,,0.1738158221839764,0.34624073011560486,0.7677777777777778,1.6117088911683648
openml:507,regression,2100,6,block_shift,0.5,0.5,0,random,,catboost,0.31966185569763184,,,,,0.175361779392837,0.3345596475914857,,
openml:507,regression,2100,6,none,0.0,0.0,1,random,,tabicl_impute,0.24312424659729004,,,,,0.10499035408938201,0.7648778076996323,0.7777777777777778,0.9229277577928241
openml:507,regression,2100,6,none,0.0,0.0,1,random,,tabicl_aware,0.3150162696838379,,,,,0.111419311501356,0.7352013524718322,0.7777777777777778,0.9376862350021812
openml:507,regression,2100,6,none,0.0,0.0,1,random,,catboost,0.25842714309692383,,,,,0.12915410416049747,0.6441956573157313,,
openml:507,regression,2100,6,block,0.3,0.2776111111111111,1,random,,tabicl_impute,0.23523855209350586,,,,,0.12606953812629657,0.6609879422899035,0.7822222222222223,1.2445274526445405
openml:507,regression,2100,6,block,0.3,0.2776111111111111,1,random,,tabicl_aware,0.3065664768218994,,,,,0.13317598882572348,0.6216909925956717,0.7677777777777778,1.218682619928128
openml:507,regression,2100,6,block,0.3,0.2776111111111111,1,random,,catboost,0.3309669494628906,,,,,0.14579912523202346,0.5465758388136315,,
openml:507,regression,2100,6,block,0.5,0.5,1,random,,tabicl_impute,0.23286128044128418,,,,,0.1642541973832598,0.4245232603172009,0.7788888888888889,1.5014659967226223
openml:507,regression,2100,6,block,0.5,0.5,1,random,,tabicl_aware,0.3140075206756592,,,,,0.16465553118914875,0.42170761929133926,0.7577777777777778,1.4577632200794615
openml:507,regression,2100,6,block,0.5,0.5,1,random,,catboost,0.40558552742004395,,,,,0.16866051883756636,0.3932333735217127,,
openml:507,regression,2100,6,block_shift,0.3,0.3333333333333333,1,random,,tabicl_impute,0.2332775592803955,,,,,0.17199389119628392,0.3690123402061445,0.7766666666666666,1.543682251592671
openml:507,regression,2100,6,block_shift,0.3,0.3333333333333333,1,random,,tabicl_aware,0.31023311614990234,,,,,0.17120374960546167,0.3747965500183058,0.7566666666666667,1.4980864995841758
openml:507,regression,2100,6,block_shift,0.3,0.3333333333333333,1,random,,catboost,0.3059089183807373,,,,,0.171904993570734,0.3696644425335408,,
openml:507,regression,2100,6,block_shift,0.5,0.44283333333333336,1,random,,tabicl_impute,0.23366332054138184,,,,,0.16613478212901547,0.4112702882324806,0.78,1.595460695409168
openml:507,regression,2100,6,block_shift,0.5,0.44283333333333336,1,random,,tabicl_aware,0.3156111240386963,,,,,0.16731617659665537,0.40286753277056364,0.7633333333333333,1.567712839541362
openml:507,regression,2100,6,block_shift,0.5,0.44283333333333336,1,random,,catboost,0.3345458507537842,,,,,0.1728159573907693,0.36296615741699756,,
openml:507,regression,2100,6,none,0.0,0.0,2,random,,tabicl_impute,0.23471856117248535,,,,,0.11200270346268008,0.7344385353150367,0.7655555555555555,0.9107038518964928
openml:507,regression,2100,6,none,0.0,0.0,2,random,,tabicl_aware,0.3120546340942383,,,,,0.1182538815485816,0.7039678673436803,0.7655555555555555,0.9127390025219587
openml:507,regression,2100,6,none,0.0,0.0,2,random,,catboost,0.2567577362060547,,,,,0.1295277723585819,0.6448319938821154,,
openml:507,regression,2100,6,block,0.3,0.25183333333333335,2,random,,tabicl_impute,0.2314445972442627,,,,,0.13475149995503927,0.6156071857879042,0.7755555555555556,1.208493338649712
openml:507,regression,2100,6,block,0.3,0.25183333333333335,2,random,,tabicl_aware,0.31098508834838867,,,,,0.1380232470364165,0.5967145770963136,0.7777777777777778,1.2008596726700385
openml:507,regression,2100,6,block,0.3,0.25183333333333335,2,random,,catboost,0.33481931686401367,,,,,0.14735016423781302,0.5403690206389029,,
openml:507,regression,2100,6,block,0.5,0.44483333333333336,2,random,,tabicl_impute,0.2714214324951172,,,,,0.15545729357326663,0.4884003374207988,0.8044444444444444,1.4354567863672945
openml:507,regression,2100,6,block,0.5,0.44483333333333336,2,random,,tabicl_aware,0.31827712059020996,,,,,0.15801136487595385,0.4714516844747473,0.8,1.4049969905419506
openml:507,regression,2100,6,block,0.5,0.44483333333333336,2,random,,catboost,0.33768296241760254,,,,,0.16313991155715762,0.4365848909801764,,
openml:507,regression,2100,6,block_shift,0.3,0.16666666666666666,2,random,,tabicl_impute,0.23324322700500488,,,,,0.15359252467513781,0.500600385826104,0.8022222222222222,1.3823816157502717
openml:507,regression,2100,6,block_shift,0.3,0.16666666666666666,2,random,,tabicl_aware,0.3096444606781006,,,,,0.15545028306876318,0.48844647859289814,0.8022222222222222,1.339721200250889
openml:507,regression,2100,6,block_shift,0.3,0.16666666666666666,2,random,,catboost,0.3309142589569092,,,,,0.15330107822332303,0.5024938393623551,,
openml:507,regression,2100,6,block_shift,0.5,0.5,2,random,,tabicl_impute,0.23397612571716309,,,,,0.1753734206547055,0.3489181481030761,0.7744444444444445,1.7086026037558735
openml:507,regression,2100,6,block_shift,0.5,0.5,2,random,,tabicl_aware,0.3116486072540283,,,,,0.17691075565447995,0.33745326330822745,0.7744444444444445,1.68381989364644
openml:507,regression,2100,6,block_shift,0.5,0.5,2,random,,catboost,0.32981300354003906,,,,,0.18107286604156725,0.3059115851539277,,
openml:507,regression,2100,6,none,0.0,0.0,3,random,,tabicl_impute,0.23331260681152344,,,,,0.08414546952571238,0.798071393369823,0.7988888888888889,1.079273248091472
openml:507,regression,2100,6,none,0.0,0.0,3,random,,tabicl_aware,0.31052494049072266,,,,,0.08770573224594327,0.7806223752901358,0.79,1.0884491283660158
openml:507,regression,2100,6,none,0.0,0.0,3,random,,catboost,0.25539612770080566,,,,,0.10665277045072931,0.6756001423549352,,
openml:507,regression,2100,6,block,0.3,0.3333333333333333,3,random,,tabicl_impute,0.23391437530517578,,,,,0.12809805256035134,0.5320263210526391,0.7933333333333333,1.5961627879059468
openml:507,regression,2100,6,block,0.3,0.3333333333333333,3,random,,tabicl_aware,0.3066127300262451,,,,,0.1264594020257458,0.5439225286950916,0.7788888888888889,1.521820555219894
openml:507,regression,2100,6,block,0.3,0.3333333333333333,3,random,,catboost,0.33656811714172363,,,,,0.13437540212262644,0.4850371186473713,,
openml:507,regression,2100,6,block,0.5,0.4449444444444444,3,random,,tabicl_impute,0.23415040969848633,,,,,0.13254662286131141,0.49895849169637163,0.7966666666666666,1.7205888003116272
openml:507,regression,2100,6,block,0.5,0.4449444444444444,3,random,,tabicl_aware,0.31470680236816406,,,,,0.13297474126714626,0.49571659074012653,0.7911111111111111,1.6665802762972368
openml:507,regression,2100,6,block,0.5,0.4449444444444444,3,random,,catboost,0.31809473037719727,,,,,0.13919581937997552,0.4474281508176655,,
openml:507,regression,2100,6,block_shift,0.3,0.3333333333333333,3,random,,tabicl_impute,0.23500370979309082,,,,,0.14017734628596895,0.439607853396905,0.8211111111111111,1.8688371829843147
openml:507,regression,2100,6,block_shift,0.3,0.3333333333333333,3,random,,tabicl_aware,0.3097102642059326,,,,,0.13967533191145798,0.44361450880461717,0.8011111111111111,1.8094616586816845
openml:507,regression,2100,6,block_shift,0.3,0.3333333333333333,3,random,,catboost,0.3350706100463867,,,,,0.14616379498329146,0.39072130345986245,,
openml:507,regression,2100,6,block_shift,0.5,0.44272222222222224,3,random,,tabicl_impute,0.2342238426208496,,,,,0.15599646716185142,0.3059897281205225,0.82,2.1809377512553643
openml:507,regression,2100,6,block_shift,0.5,0.44272222222222224,3,random,,tabicl_aware,0.31379222869873047,,,,,0.15571455523850283,0.30849584877903136,0.8033333333333333,2.1125023701409185
openml:507,regression,2100,6,block_shift,0.5,0.44272222222222224,3,random,,catboost,0.32154273986816406,,,,,0.1596065923182497,0.2734959780802908,,
openml:507,regression,2100,6,none,0.0,0.0,4,random,,tabicl_impute,0.23314571380615234,,,,,0.10412348157390808,0.7619917326607231,0.7711111111111111,0.9205874375035686
openml:507,regression,2100,6,none,0.0,0.0,4,random,,tabicl_aware,0.3137013912200928,,,,,0.10932375583686146,0.7376242050065746,0.7733333333333333,0.9384266366981809
openml:507,regression,2100,6,none,0.0,0.0,4,random,,catboost,0.258333683013916,,,,,0.12412454889807095,0.661771619021329,,
openml:507,regression,2100,6,block,0.3,0.3333333333333333,4,random,,tabicl_impute,0.27008962631225586,,,,,0.14152337046954172,0.5603055270665176,0.7833333333333333,1.2291190790585929
openml:507,regression,2100,6,block,0.3,0.3333333333333333,4,random,,tabicl_aware,0.3136754035949707,,,,,0.1404216311478737,0.5671247977566283,0.7711111111111111,1.2119081022989269
openml:507,regression,2100,6,block,0.3,0.3333333333333333,4,random,,catboost,0.33708882331848145,,,,,0.14708811013155926,0.5250478955527966,,
openml:507,regression,2100,6,block,0.5,0.4663333333333333,4,random,,tabicl_impute,0.23286986351013184,,,,,0.1554933142637133,0.46921563542419553,0.8133333333333334,1.5685345767653858
openml:507,regression,2100,6,block,0.5,0.4663333333333333,4,random,,tabicl_aware,0.31389570236206055,,,,,0.15540156457046572,0.4698418351449235,0.7888888888888889,1.5189061214927566
openml:507,regression,2100,6,block,0.5,0.4663333333333333,4,random,,catboost,0.33535337448120117,,,,,0.1665459830363137,0.3910761213804631,,
openml:507,regression,2100,6,block_shift,0.3,0.3333333333333333,4,random,,tabicl_impute,0.23404526710510254,,,,,0.16415912129718083,0.40840469602559826,0.7522222222222222,1.559941655626972
openml:507,regression,2100,6,block_shift,0.3,0.3333333333333333,4,random,,tabicl_aware,0.3136570453643799,,,,,0.16371968647788993,0.4115677200720973,0.7533333333333333,1.5413910109320148
openml:507,regression,2100,6,block_shift,0.3,0.3333333333333333,4,random,,catboost,0.3323993682861328,,,,,0.16327429708515356,0.41476495325907425,,
openml:507,regression,2100,6,block_shift,0.5,0.5,4,random,,tabicl_impute,0.23621654510498047,,,,,0.16915115382150808,0.3718771254353056,0.7711111111111111,1.644990043023637
openml:507,regression,2100,6,block_shift,0.5,0.5,4,random,,tabicl_aware,0.31428074836730957,,,,,0.16924649623462537,0.3711688402490688,0.7588888888888888,1.6066092688212281
openml:507,regression,2100,6,block_shift,0.5,0.5,4,random,,catboost,0.33591628074645996,,,,,0.17058216837371346,0.36120436216317864,,
openml:189,regression,2100,8,none,0.0,0.0,0,random,,tabicl_impute,0.24112153053283691,,,,,0.07478182642301445,0.9184506496046216,0.8244444444444444,0.7404358944666238
openml:189,regression,2100,8,none,0.0,0.0,0,random,,tabicl_aware,0.31786108016967773,,,,,0.07395836216926659,0.9202367318333178,0.8144444444444444,0.7243353934218296
openml:189,regression,2100,8,none,0.0,0.0,0,random,,catboost,0.26319313049316406,,,,,0.11978439357874283,0.7907676430747315,,
openml:189,regression,2100,8,block,0.3,0.186,0,random,,tabicl_impute,0.23924732208251953,,,,,0.19272002850425446,0.45839573881728346,0.7966666666666666,1.8284444073663213
openml:189,regression,2100,8,block,0.3,0.186,0,random,,tabicl_aware,0.31244611740112305,,,,,0.19156460922902466,0.46487045896336454,0.7766666666666666,1.7885056369559054
openml:189,regression,2100,8,block,0.3,0.186,0,random,,catboost,0.33719515800476074,,,,,0.20186245912680778,0.4057906388803447,,
openml:189,regression,2100,8,block,0.5,0.5,0,random,,tabicl_impute,0.23896431922912598,,,,,0.22554700423271434,0.25817323887464405,0.7988888888888889,2.2280652994996237
openml:189,regression,2100,8,block,0.5,0.5,0,random,,tabicl_aware,0.3182988166809082,,,,,0.2255473256216213,0.25817112476931514,0.7844444444444445,2.172380362319051
openml:189,regression,2100,8,block,0.5,0.5,0,random,,catboost,0.3227863311767578,,,,,0.22931890459364118,0.2331541223030812,,
openml:189,regression,2100,8,block_shift,0.3,0.189,0,random,,tabicl_impute,0.23817038536071777,,,,,0.18846997482581726,0.48202032925385785,0.8033333333333333,1.8386613206489955
openml:189,regression,2100,8,block_shift,0.3,0.189,0,random,,tabicl_aware,0.31465959548950195,,,,,0.1870753212147129,0.48965793176456396,0.7844444444444445,1.789743843767551
openml:189,regression,2100,8,block_shift,0.3,0.189,0,random,,catboost,0.33321166038513184,,,,,0.2004910154144291,0.41383727039697216,,
openml:189,regression,2100,8,block_shift,0.5,0.5,0,random,,tabicl_impute,0.23835444450378418,,,,,0.23006242123639264,0.22817339916822155,0.8055555555555556,2.3334061992234765
openml:189,regression,2100,8,block_shift,0.5,0.5,0,random,,tabicl_aware,0.31650590896606445,,,,,0.2289565035996945,0.23557595591973035,0.7988888888888889,2.3004719465376167
openml:189,regression,2100,8,block_shift,0.5,0.5,0,random,,catboost,0.3379693031311035,,,,,0.23361505038748306,0.20415222451719128,,
openml:189,regression,2100,8,none,0.0,0.0,1,random,,tabicl_impute,0.2769794464111328,,,,,0.07836377185565283,0.9052795879046557,0.81,0.7514925963789395
openml:189,regression,2100,8,none,0.0,0.0,1,random,,tabicl_aware,0.31763505935668945,,,,,0.0775989987044308,0.9071193704321668,0.7933333333333333,0.7356003249639423
openml:189,regression,2100,8,none,0.0,0.0,1,random,,catboost,0.2700953483581543,,,,,0.12220488124144772,0.7696490422217471,,
openml:189,regression,2100,8,block,0.3,0.25,1,random,,tabicl_impute,0.2405996322631836,,,,,0.1923085075435174,0.429560079639134,0.8122222222222222,1.952473073490082
openml:189,regression,2100,8,block,0.3,0.25,1,random,,tabicl_aware,0.3141345977783203,,,,,0.19070049644947154,0.43905980259911515,0.7955555555555556,1.899550959924201
openml:189,regression,2100,8,block,0.3,0.25,1,random,,catboost,0.31736135482788086,,,,,0.20474867338453545,0.3533711029460117,,
openml:189,regression,2100,8,block,0.5,0.457125,1,random,,tabicl_impute,0.23743009567260742,,,,,0.21170054609147704,0.30871541549652615,0.8411111111111111,2.315327837757625
openml:189,regression,2100,8,block,0.5,0.457125,1,random,,tabicl_aware,0.3190128803253174,,,,,0.2121626808171649,0.30569402221404174,0.8388888888888889,2.2718588271138733
openml:189,regression,2100,8,block,0.5,0.457125,1,random,,catboost,0.3426854610443115,,,,,0.21595604039508667,0.28064440191291207,,
openml:189,regression,2100,8,block_shift,0.3,0.25,1,random,,tabicl_impute,0.24035191535949707,,,,,0.17773366160374374,0.5127495016005681,0.8355555555555556,1.7972746459266982
openml:189,regression,2100,8,block_shift,0.3,0.25,1,random,,tabicl_aware,0.3137516975402832,,,,,0.17549640088987134,0.5249390374900756,0.8155555555555556,1.7192737888054332
openml:189,regression,2100,8,block_shift,0.3,0.25,1,random,,catboost,0.3362395763397217,,,,,0.19401831678269876,0.4193714578919512,,
openml:189,regression,2100,8,block_shift,0.5,0.4573333333333333,1,random,,tabicl_impute,0.2406775951385498,,,,,0.21351445018846085,0.29681846073843643,0.8155555555555556,2.2381317889134706
openml:189,regression,2100,8,block_shift,0.5,0.4573333333333333,1,random,,tabicl_aware,0.3186354637145996,,,,,0.2130101384759554,0.3001363053562962,0.8044444444444444,2.1838809691867755
openml:189,regression,2100,8,block_shift,0.5,0.4573333333333333,1,random,,catboost,0.3450660705566406,,,,,0.21824828324984163,0.2652923055747922,,
openml:189,regression,2100,8,none,0.0,0.0,2,random,,tabicl_impute,0.2389068603515625,,,,,0.07825038726707546,0.9133475921122014,0.8044444444444444,0.7223156592306601
openml:189,regression,2100,8,none,0.0,0.0,2,random,,tabicl_aware,0.31813931465148926,,,,,0.07670027594768215,0.9167466923448737,0.8022222222222222,0.7123114709159072
openml:189,regression,2100,8,none,0.0,0.0,2,random,,catboost,0.26279330253601074,,,,,0.12220189441360264,0.7886688476106877,,
openml:189,regression,2100,8,block,0.3,0.188875,2,random,,tabicl_impute,0.24373126029968262,,,,,0.1577209111599676,0.6479647123582117,0.7944444444444444,1.4079920655488178
openml:189,regression,2100,8,block,0.3,0.188875,2,random,,tabicl_aware,0.3177762031555176,,,,,0.1570394185543989,0.651000341991639,0.7788888888888889,1.3612246839832147
openml:189,regression,2100,8,block,0.3,0.188875,2,random,,catboost,0.336881160736084,,,,,0.1794392560871379,0.5443382598467266,,
openml:189,regression,2100,8,block,0.5,0.5,2,random,,tabicl_impute,0.23797178268432617,,,,,0.23289521126134452,0.23241096589640886,0.8033333333333333,2.2874904202355397
openml:189,regression,2100,8,block,0.5,0.5,2,random,,tabicl_aware,0.3187527656555176,,,,,0.2337466715508185,0.22678812547800287,0.8055555555555556,2.238217885471943
openml:189,regression,2100,8,block,0.5,0.5,2,random,,catboost,0.4116203784942627,,,,,0.23679490651623905,0.20649008616629438,,
openml:189,regression,2100,8,block_shift,0.3,0.25,2,random,,tabicl_impute,0.23952627182006836,,,,,0.18484009391941392,0.5164960735972568,0.78,1.6965033112903845
openml:189,regression,2100,8,block_shift,0.3,0.25,2,random,,tabicl_aware,0.31211090087890625,,,,,0.1851199060604853,0.5150311027931587,0.7666666666666667,1.6705997245194557
openml:189,regression,2100,8,block_shift,0.3,0.25,2,random,,catboost,0.34120988845825195,,,,,0.19390721096284208,0.4678971760854116,,
openml:189,regression,2100,8,block_shift,0.5,0.458625,2,random,,tabicl_impute,0.2767956256866455,,,,,0.2180326997785314,0.32725433325887865,0.8077777777777778,2.1535487524410244
openml:189,regression,2100,8,block_shift,0.5,0.458625,2,random,,tabicl_aware,0.3222367763519287,,,,,0.21875134117997186,0.32281225055911333,0.7944444444444444,2.1035405356328885
openml:189,regression,2100,8,block_shift,0.5,0.458625,2,random,,catboost,0.4161083698272705,,,,,0.22509518569210432,0.2829654918556471,,
openml:189,regression,2100,8,none,0.0,0.0,3,random,,tabicl_impute,0.23859548568725586,,,,,0.07497734355968472,0.9169173161434983,0.8188888888888889,0.7385797303823359
openml:189,regression,2100,8,none,0.0,0.0,3,random,,tabicl_aware,0.3147251605987549,,,,,0.07368918118118095,0.9197476275340798,0.8122222222222222,0.7310448433440042
openml:189,regression,2100,8,none,0.0,0.0,3,random,,catboost,0.24490880966186523,,,,,0.11741407688450481,0.7962532196640566,,
openml:189,regression,2100,8,block,0.3,0.25,3,random,,tabicl_impute,0.23716115951538086,,,,,0.16732317086399368,0.5862265782720828,0.8411111111111111,1.7109388233496823
openml:189,regression,2100,8,block,0.3,0.25,3,random,,tabicl_aware,0.3121936321258545,,,,,0.16838483909023677,0.5809591219620455,0.7955555555555556,1.6271602651530226
openml:189,regression,2100,8,block,0.3,0.25,3,random,,catboost,0.334423303604126,,,,,0.18550722316420348,0.4914050217466105,,
openml:189,regression,2100,8,block,0.5,0.45925,3,random,,tabicl_impute,0.23985838890075684,,,,,0.23265264748582123,0.20004341715367713,0.8288888888888889,2.408498927038646
openml:189,regression,2100,8,block,0.5,0.45925,3,random,,tabicl_aware,0.31926727294921875,,,,,0.2330476488683125,0.19732475307759767,0.8177777777777778,2.3543888003772793
openml:189,regression,2100,8,block,0.5,0.45925,3,random,,catboost,0.33308887481689453,,,,,0.23341918127219502,0.19476340923614244,,
openml:189,regression,2100,8,block_shift,0.3,0.25,3,random,,tabicl_impute,0.2408905029296875,,,,,0.19262451033007713,0.451630219121846,0.8355555555555556,1.9662370561476674
openml:189,regression,2100,8,block_shift,0.3,0.25,3,random,,tabicl_aware,0.31351304054260254,,,,,0.19228478191711396,0.4535628133788102,0.8177777777777778,1.8840628379321191
openml:189,regression,2100,8,block_shift,0.3,0.25,3,random,,catboost,0.26190686225891113,,,,,0.20577226286699365,0.3742165321315146,,
openml:189,regression,2100,8,block_shift,0.5,0.4570416666666667,3,random,,tabicl_impute,0.2377638816833496,,,,,0.21593519156027893,0.3108761651821633,0.7988888888888889,2.1457812949335984
openml:189,regression,2100,8,block_shift,0.5,0.4570416666666667,3,random,,tabicl_aware,0.32097601890563965,,,,,0.2165943164394037,0.3066627537962038,0.7877777777777778,2.110302043205347
openml:189,regression,2100,8,block_shift,0.5,0.4570416666666667,3,random,,catboost,0.34575676918029785,,,,,0.22257472274673934,0.26784657096345976,,
openml:189,regression,2100,8,none,0.0,0.0,4,random,,tabicl_impute,0.2378993034362793,,,,,0.07821730949258,0.912899453270614,0.8,0.740029791770449
openml:189,regression,2100,8,none,0.0,0.0,4,random,,tabicl_aware,0.3140835762023926,,,,,0.07585007434509175,0.9180918425353297,0.8011111111111111,0.7290789497272488
openml:189,regression,2100,8,none,0.0,0.0,4,random,,catboost,0.2627573013305664,,,,,0.11809372753179545,0.8014505003964387,,
openml:189,regression,2100,8,block,0.3,0.25,4,random,,tabicl_impute,0.23929238319396973,,,,,0.19628697794715555,0.4514728704270987,0.8133333333333334,1.9232413175727097
openml:189,regression,2100,8,block,0.3,0.25,4,random,,tabicl_aware,0.3191547393798828,,,,,0.19715182149166338,0.44662858338132005,0.7922222222222223,1.8707833831495009
openml:189,regression,2100,8,block,0.3,0.25,4,random,,catboost,0.34235334396362305,,,,,0.2067263875833473,0.3915751183901789,,
openml:189,regression,2100,8,block,0.5,0.5,4,random,,tabicl_impute,0.2436213493347168,,,,,0.22688291109201003,0.2671439006557832,0.8044444444444444,2.223517343255588
openml:189,regression,2100,8,block,0.5,0.5,4,random,,tabicl_aware,0.3213963508605957,,,,,0.22704592006018764,0.2660904495070726,0.7888888888888889,2.1703572739164763
openml:189,regression,2100,8,block,0.5,0.5,4,random,,catboost,0.4148521423339844,,,,,0.2359982007661961,0.20707425514513222,,
openml:189,regression,2100,8,block_shift,0.3,0.25,4,random,,tabicl_impute,0.27881383895874023,,,,,0.20869881194563222,0.37990948483474074,0.7811111111111111,1.9910877463859689
openml:189,regression,2100,8,block_shift,0.3,0.25,4,random,,tabicl_aware,0.31450843811035156,,,,,0.20762894856191105,0.386250792567462,0.7688888888888888,1.9218577384559146
openml:189,regression,2100,8,block_shift,0.3,0.25,4,random,,catboost,0.3385035991668701,,,,,0.22062687770344602,0.307002013493083,,
openml:189,regression,2100,8,block_shift,0.5,0.5,4,random,,tabicl_impute,0.24089407920837402,,,,,0.2279605545128639,0.26016555983195866,0.7877777777777778,2.190297050911628
openml:189,regression,2100,8,block_shift,0.5,0.5,4,random,,tabicl_aware,0.31942224502563477,,,,,0.22690669941286995,0.2669902149516925,0.7844444444444445,2.16954696254492
openml:189,regression,2100,8,block_shift,0.5,0.5,4,random,,catboost,0.33524370193481445,,,,,0.2318479407834298,0.23471778447489644,,
openml:42225,regression,2100,9,none,0.0,0.0,0,random,,tabicl_impute,0.2422199249267578,,,,,691.5969855524091,0.9682890695638321,0.8188888888888889,0.23308246250542042
openml:42225,regression,2100,9,none,0.0,0.0,0,random,,tabicl_aware,0.3238708972930908,,,,,666.7611662413268,0.9705257069837134,0.8155555555555556,0.2317458020548928
openml:42225,regression,2100,9,none,0.0,0.0,0,random,,catboost,0.2502250671386719,,,,,770.7449101033419,0.960615609180192,,
openml:42225,regression,2100,9,block,0.3,0.27644444444444444,0,random,,tabicl_impute,0.2431807518005371,,,,,751.6218960041734,0.9625457031453292,0.8233333333333334,0.24841144478851135
openml:42225,regression,2100,9,block,0.3,0.27644444444444444,0,random,,tabicl_aware,0.3193683624267578,,,,,779.7800051297121,0.9596868261421346,0.8111111111111111,0.24736753486850505
openml:42225,regression,2100,9,block,0.3,0.27644444444444444,0,random,,catboost,0.2649102210998535,,,,,921.9447336516188,0.9436475791918195,,
openml:42225,regression,2100,9,block,0.5,0.42188888888888887,0,random,,tabicl_impute,0.24397683143615723,,,,,1282.6917104431352,0.8909194352584264,0.8144444444444444,0.4916851083370031
openml:42225,regression,2100,9,block,0.5,0.42188888888888887,0,random,,tabicl_aware,0.3236534595489502,,,,,1258.971821149314,0.8949164294483688,0.8055555555555556,0.47906370700202217
openml:42225,regression,2100,9,block,0.5,0.42188888888888887,0,random,,catboost,0.27814602851867676,,,,,1358.1057023647602,0.8777159125245422,,
openml:42225,regression,2100,9,block_shift,0.3,0.27644444444444444,0,random,,tabicl_impute,0.24431252479553223,,,,,1235.0803555048792,0.8988669209261644,0.8122222222222222,0.443217042593776
openml:42225,regression,2100,9,block_shift,0.3,0.27644444444444444,0,random,,tabicl_aware,0.3186984062194824,,,,,1228.2769916246536,0.8999780228996198,0.7922222222222223,0.4385701858261863
openml:42225,regression,2100,9,block_shift,0.3,0.27644444444444444,0,random,,catboost,0.24548053741455078,,,,,1263.2880768673162,0.8941946578255976,,
openml:42225,regression,2100,9,block_shift,0.5,0.42288888888888887,0,random,,tabicl_impute,0.240692138671875,,,,,1248.5438841447146,0.8966500133378379,0.7888888888888889,0.5368335641080371
openml:42225,regression,2100,9,block_shift,0.5,0.42288888888888887,0,random,,tabicl_aware,0.3241431713104248,,,,,1268.6618577022948,0.8932925927568709,0.7888888888888889,0.5295186354557757
openml:42225,regression,2100,9,block_shift,0.5,0.42288888888888887,0,random,,catboost,0.3327181339263916,,,,,1441.9565756253849,0.862149874665361,,
openml:42225,regression,2100,9,none,0.0,0.0,1,random,,tabicl_impute,0.2448897361755371,,,,,562.8712723223273,0.979140309432746,0.8,0.21598714765556415
openml:42225,regression,2100,9,none,0.0,0.0,1,random,,tabicl_aware,0.32176923751831055,,,,,538.9725040194527,0.9808740544899005,0.7944444444444444,0.21291958931513366
openml:42225,regression,2100,9,none,0.0,0.0,1,random,,catboost,0.2539401054382324,,,,,589.0063788438044,0.9771582333508089,,
openml:42225,regression,2100,9,block,0.3,0.3333333333333333,1,random,,tabicl_impute,0.24468255043029785,,,,,1103.691188197746,0.919798065353295,0.7988888888888889,0.44954700223977184
openml:42225,regression,2100,9,block,0.3,0.3333333333333333,1,random,,tabicl_aware,0.3243215084075928,,,,,1080.7088608222725,0.9231034033683914,0.7933333333333333,0.446368030155359
openml:42225,regression,2100,9,block,0.3,0.3333333333333333,1,random,,catboost,0.2220759391784668,,,,,1177.9400336112005,0.9086442140627847,,
openml:42225,regression,2100,9,block,0.5,0.4063333333333333,1,random,,tabicl_impute,0.2871091365814209,,,,,1136.517406316281,0.9149563527797426,0.7866666666666666,0.4684079991009411
openml:42225,regression,2100,9,block,0.5,0.4063333333333333,1,random,,tabicl_aware,0.3346896171569824,,,,,1115.1720947106885,0.9181208206911777,0.7777777777777778,0.45692129534442527
openml:42225,regression,2100,9,block,0.5,0.4063333333333333,1,random,,catboost,0.25815868377685547,,,,,1224.6924307285476,0.9012484862667265,,
openml:42225,regression,2100,9,block_shift,0.3,0.3333333333333333,1,random,,tabicl_impute,0.24405908584594727,,,,,887.4083567393001,0.9481514372128479,0.8244444444444444,0.4406937911323434
openml:42225,regression,2100,9,block_shift,0.3,0.3333333333333333,1,random,,tabicl_aware,0.3192787170410156,,,,,910.5364927518053,0.945413605858567,0.8088888888888889,0.4194781961895366
openml:42225,regression,2100,9,block_shift,0.3,0.3333333333333333,1,random,,catboost,0.3339378833770752,,,,,932.9910932115321,0.942688115395045,,
openml:42225,regression,2100,9,block_shift,0.5,0.4065185185185185,1,random,,tabicl_impute,0.24330902099609375,,,,,1010.269870781589,0.932800739064242,0.7933333333333333,0.4317899630414246
openml:42225,regression,2100,9,block_shift,0.5,0.4065185185185185,1,random,,tabicl_aware,0.32639336585998535,,,,,1008.0769316174683,0.9330921541759395,0.7844444444444445,0.42287479624504565
openml:42225,regression,2100,9,block_shift,0.5,0.4065185185185185,1,random,,catboost,0.267331600189209,,,,,1069.9743709064724,0.9246234172548734,,
openml:42225,regression,2100,9,none,0.0,0.0,2,random,,tabicl_impute,0.24349665641784668,,,,,695.5525202144297,0.9699183329786134,0.8211111111111111,0.23443672968069185
openml:42225,regression,2100,9,none,0.0,0.0,2,random,,tabicl_aware,0.32179999351501465,,,,,702.9504063205768,0.9692750337020938,0.8155555555555556,0.23963509522437432
openml:42225,regression,2100,9,none,0.0,0.0,2,random,,catboost,0.2541038990020752,,,,,788.8019533727928,0.9613118469356454,,
openml:42225,regression,2100,9,block,0.3,0.3333333333333333,2,random,,tabicl_impute,0.24381136894226074,,,,,999.0901333001704,0.9379343393333074,0.8088888888888889,0.33408746381689686
openml:42225,regression,2100,9,block,0.3,0.3333333333333333,2,random,,tabicl_aware,0.32315778732299805,,,,,1023.5463595745656,0.9348586014264668,0.7833333333333333,0.32493212845892566
openml:42225,regression,2100,9,block,0.3,0.3333333333333333,2,random,,catboost,0.3353583812713623,,,,,1091.6464744128061,0.9259020700155517,,
openml:42225,regression,2100,9,block,0.5,0.4444444444444444,2,random,,tabicl_impute,0.24356842041015625,,,,,1312.479608443948,0.8928907022614729,0.7844444444444445,0.5187917644553982
openml:42225,regression,2100,9,block,0.5,0.4444444444444444,2,random,,tabicl_aware,0.3267855644226074,,,,,1328.1372835985194,0.8903198642159297,0.7822222222222223,0.516559547246773
openml:42225,regression,2100,9,block,0.5,0.4444444444444444,2,random,,catboost,0.3037838935852051,,,,,1384.703061477029,0.8807782897948291,,
openml:42225,regression,2100,9,block_shift,0.3,0.3333333333333333,2,random,,tabicl_impute,0.2441396713256836,,,,,1400.3844830492785,0.8780626865184783,0.7855555555555556,0.5669266152380352
openml:42225,regression,2100,9,block_shift,0.3,0.3333333333333333,2,random,,tabicl_aware,0.31828761100769043,,,,,1429.035424295875,0.8730221317090734,0.7722222222222223,0.5532829203704148
openml:42225,regression,2100,9,block_shift,0.3,0.3333333333333333,2,random,,catboost,0.3311746120452881,,,,,1470.2823049400279,0.8655863100721102,,
openml:42225,regression,2100,9,block_shift,0.5,0.4076666666666667,2,random,,tabicl_impute,0.24447321891784668,,,,,1248.7923783680221,0.9030333210511431,0.7777777777777778,0.48746952659937676
openml:42225,regression,2100,9,block_shift,0.5,0.4076666666666667,2,random,,tabicl_aware,0.3206920623779297,,,,,1259.0427750333106,0.9014349349288377,0.7777777777777778,0.4790012310130788
openml:42225,regression,2100,9,block_shift,0.5,0.4076666666666667,2,random,,catboost,0.3401205539703369,,,,,1294.3292748273022,0.8958326560521034,,
openml:42225,regression,2100,9,none,0.0,0.0,3,random,,tabicl_impute,0.24304461479187012,,,,,542.3036798238916,0.9810634562769347,0.8266666666666667,0.21989161866350357
openml:42225,regression,2100,9,none,0.0,0.0,3,random,,tabicl_aware,0.3202674388885498,,,,,545.9023483566956,0.9808113006953217,0.8188888888888889,0.22123135407371727
openml:42225,regression,2100,9,none,0.0,0.0,3,random,,catboost,0.25078248977661133,,,,,657.1613479088,0.9721926479212492,,
openml:42225,regression,2100,9,block,0.3,0.3333333333333333,3,random,,tabicl_impute,0.28068113327026367,,,,,789.7182077653341,0.959843124450453,0.83,0.3528706613419203
openml:42225,regression,2100,9,block,0.3,0.3333333333333333,3,random,,tabicl_aware,0.3246474266052246,,,,,830.8950343278365,0.9555462974482924,0.8144444444444444,0.34975682154799076
openml:42225,regression,2100,9,block,0.3,0.3333333333333333,3,random,,catboost,0.2613399028778076,,,,,957.2952166601993,0.9409924762369872,,
openml:42225,regression,2100,9,block,0.5,0.3715185185185185,3,random,,tabicl_impute,0.2435159683227539,,,,,1193.6869760598433,0.9082520174941664,0.82,0.5290718174824892
openml:42225,regression,2100,9,block,0.5,0.3715185185185185,3,random,,tabicl_aware,0.3253211975097656,,,,,1199.3445119670132,0.907380268721877,0.81,0.5225245330262999
openml:42225,regression,2100,9,block,0.5,0.3715185185185185,3,random,,catboost,0.3319973945617676,,,,,1262.1768661377725,0.8974215708682576,,
openml:42225,regression,2100,9,block_shift,0.3,0.3333333333333333,3,random,,tabicl_impute,0.2419116497039795,,,,,935.8646991967234,0.9436048515463934,0.8022222222222222,0.42647097283267216
openml:42225,regression,2100,9,block_shift,0.3,0.3333333333333333,3,random,,tabicl_aware,0.3305518627166748,,,,,941.0724671678989,0.9429754656995257,0.7777777777777778,0.41972216198829165
openml:42225,regression,2100,9,block_shift,0.3,0.3333333333333333,3,random,,catboost,0.3328583240509033,,,,,1089.5245086801397,0.9235654663129091,,
openml:42225,regression,2100,9,block_shift,0.5,0.40625925925925926,3,random,,tabicl_impute,0.24460482597351074,,,,,889.6514578803301,0.949036951136899,0.81,0.4535645323423982
openml:42225,regression,2100,9,block_shift,0.5,0.40625925925925926,3,random,,tabicl_aware,0.32859158515930176,,,,,909.2122870296749,0.946771257729559,0.8088888888888889,0.4489067203967027
openml:42225,regression,2100,9,block_shift,0.5,0.40625925925925926,3,random,,catboost,0.3385028839111328,,,,,1073.7118626721315,0.9257680080009301,,
openml:42225,regression,2100,9,none,0.0,0.0,4,random,,tabicl_impute,0.24431133270263672,,,,,600.7103799767939,0.9769201387270087,0.7844444444444445,0.22747220910097618
openml:42225,regression,2100,9,none,0.0,0.0,4,random,,tabicl_aware,0.3317272663116455,,,,,652.9161305584327,0.9727342330974702,0.7755555555555556,0.23916347153674503
openml:42225,regression,2100,9,none,0.0,0.0,4,random,,catboost,0.25531625747680664,,,,,691.732864702583,0.9693958909462893,,
openml:42225,regression,2100,9,block,0.3,0.3333333333333333,4,random,,tabicl_impute,0.24737048149108887,,,,,1210.0174653631855,0.9063546538815299,0.7922222222222223,0.4419211315459056
openml:42225,regression,2100,9,block,0.3,0.3333333333333333,4,random,,tabicl_aware,0.33085060119628906,,,,,1186.8009120235079,0.909913717845892,0.7777777777777778,0.43258594078240065
openml:42225,regression,2100,9,block,0.3,0.3333333333333333,4,random,,catboost,0.26038360595703125,,,,,1319.9889199575662,0.8885593869024005,,
openml:42225,regression,2100,9,block,0.5,0.4444444444444444,4,random,,tabicl_impute,0.25052595138549805,,,,,1169.514185471275,0.9125189657150873,0.8,0.42392338412350117
openml:42225,regression,2100,9,block,0.5,0.4444444444444444,4,random,,tabicl_aware,0.33205628395080566,,,,,1170.449020679391,0.9123790562776266,0.7866666666666666,0.4099813536197832
openml:42225,regression,2100,9,block,0.5,0.4444444444444444,4,random,,catboost,0.26027965545654297,,,,,1202.870309725967,0.9074576482212762,,
openml:42225,regression,2100,9,block_shift,0.3,0.3333333333333333,4,random,,tabicl_impute,0.24838805198669434,,,,,1231.0083257441465,0.9030774343893955,0.79,0.4900819248406296
openml:42225,regression,2100,9,block_shift,0.3,0.3333333333333333,4,random,,tabicl_aware,0.33225464820861816,,,,,1285.658684436424,0.8942806956410304,0.7711111111111111,0.48737048823454376
openml:42225,regression,2100,9,block_shift,0.3,0.3333333333333333,4,random,,catboost,0.25787353515625,,,,,1357.2346176227172,0.8821816930288461,,
openml:42225,regression,2100,9,block_shift,0.5,0.422,4,random,,tabicl_impute,0.24832987785339355,,,,,1096.4962829665867,0.9231016097092517,0.7844444444444445,0.47325347654370886
openml:42225,regression,2100,9,block_shift,0.5,0.422,4,random,,tabicl_aware,0.3312251567840576,,,,,1125.0124140964942,0.9190498699586332,0.7844444444444445,0.4686345350700185
openml:42225,regression,2100,9,block_shift,0.5,0.422,4,random,,catboost,0.33327412605285645,,,,,1249.6442517663857,0.9001206487286397,,
openml:44970,regression,635,6,none,0.0,0.0,0,random,,tabicl_impute,0.2581636905670166,,,,,0.8499922057946595,0.6498722742988245,0.8168498168498168,1.2674969417349309
openml:44970,regression,635,6,none,0.0,0.0,0,random,,tabicl_aware,0.2918837070465088,,,,,0.8599540751042278,0.6416172202157544,0.7948717948717948,1.2134513663018163
openml:44970,regression,635,6,none,0.0,0.0,0,random,,catboost,0.19362282752990723,,,,,0.8558584929358574,0.6450227297786408,,
openml:44970,regression,635,6,block,0.3,0.25073421439060206,0,random,,tabicl_impute,0.21352410316467285,,,,,1.0545147513866044,0.4611077538607993,0.8058608058608059,1.6917059459097603
openml:44970,regression,635,6,block,0.3,0.25073421439060206,0,random,,tabicl_aware,0.28667402267456055,,,,,1.0549963809076042,0.4606153839143817,0.7765567765567766,1.6281811335875838
openml:44970,regression,635,6,block,0.3,0.25073421439060206,0,random,,catboost,0.22481727600097656,,,,,1.1089411845301107,0.40404476128389744,,
openml:44970,regression,635,6,block,0.5,0.5,0,random,,tabicl_impute,0.21091008186340332,,,,,1.015769630334211,0.499980358739083,0.8021978021978022,1.6925759782977012
openml:44970,regression,635,6,block,0.5,0.5,0,random,,tabicl_aware,0.2877371311187744,,,,,1.0167942264259735,0.49897112093575546,0.7948717948717948,1.6446100072847072
openml:44970,regression,635,6,block,0.5,0.5,0,random,,catboost,0.23060894012451172,,,,,1.0327508597626245,0.48312235840999207,,
openml:44970,regression,635,6,block_shift,0.3,0.25073421439060206,0,random,,tabicl_impute,0.21517276763916016,,,,,1.0220512727567608,0.49377687226448974,0.7948717948717948,1.6071826811600551
openml:44970,regression,635,6,block_shift,0.3,0.25073421439060206,0,random,,tabicl_aware,0.2820014953613281,,,,,1.0171828211337837,0.49858808497797635,0.7765567765567766,1.5610663173449266
openml:44970,regression,635,6,block_shift,0.3,0.25073421439060206,0,random,,catboost,0.27245068550109863,,,,,1.053275257889496,0.4623738544483562,,
openml:44970,regression,635,6,block_shift,0.5,0.5,0,random,,tabicl_impute,0.2154078483581543,,,,,1.0234050630762666,0.49243491639743675,0.8205128205128205,1.7832044073659898
openml:44970,regression,635,6,block_shift,0.5,0.5,0,random,,tabicl_aware,0.2887699604034424,,,,,1.021488625825153,0.49433407814641506,0.8021978021978022,1.7191230863454605
openml:44970,regression,635,6,block_shift,0.5,0.5,0,random,,catboost,0.23366022109985352,,,,,1.0635901368368936,0.45179218977205826,,
openml:44970,regression,635,6,none,0.0,0.0,1,random,,tabicl_impute,0.21293377876281738,,,,,0.8278229751896901,0.6786071834927645,0.8131868131868132,1.2419554009635831
openml:44970,regression,635,6,none,0.0,0.0,1,random,,tabicl_aware,0.28571033477783203,,,,,0.8389785321362229,0.6698867844905372,0.7985347985347986,1.1999405638582554
openml:44970,regression,635,6,none,0.0,0.0,1,random,,catboost,0.1972792148590088,,,,,0.869665858601042,0.6452960243755475,,
openml:44970,regression,635,6,block,0.3,0.3333333333333333,1,random,,tabicl_impute,0.22121191024780273,,,,,1.0839549761591676,0.4489592692178829,0.7692307692307693,1.625810512407942
openml:44970,regression,635,6,block,0.3,0.3333333333333333,1,random,,tabicl_aware,0.29363393783569336,,,,,1.0903205121742705,0.44246828184898324,0.7326007326007326,1.5453075864008232
openml:44970,regression,635,6,block,0.3,0.3333333333333333,1,random,,catboost,0.20277118682861328,,,,,1.0881540594849286,0.4446816972063863,,
openml:44970,regression,635,6,block,0.5,0.4430983847283407,1,random,,tabicl_impute,0.21573305130004883,,,,,1.1381786341862372,0.39244993438634845,0.8241758241758241,1.9279551947739204
openml:44970,regression,635,6,block,0.5,0.4430983847283407,1,random,,tabicl_aware,0.2926640510559082,,,,,1.1476113686158644,0.3823379788597554,0.8058608058608059,1.8945008858311587
openml:44970,regression,635,6,block,0.5,0.4430983847283407,1,random,,catboost,0.2311089038848877,,,,,1.148651806436767,0.38121751202424525,,
openml:44970,regression,635,6,block_shift,0.3,0.3333333333333333,1,random,,tabicl_impute,0.21775007247924805,,,,,1.0568898247210152,0.4761334750397639,0.8131868131868132,1.7211097798826953
openml:44970,regression,635,6,block_shift,0.3,0.3333333333333333,1,random,,tabicl_aware,0.28995847702026367,,,,,1.064328470422329,0.46873332623663233,0.7838827838827839,1.6549398198153573
openml:44970,regression,635,6,block_shift,0.3,0.3333333333333333,1,random,,catboost,0.260786771774292,,,,,1.0635557250412457,0.46950448823710234,,
openml:44970,regression,635,6,block_shift,0.5,0.4430983847283407,1,random,,tabicl_impute,0.25148439407348633,,,,,1.1284561545708105,0.40278515629580347,0.8058608058608059,1.7849406568591135
openml:44970,regression,635,6,block_shift,0.5,0.4430983847283407,1,random,,tabicl_aware,0.28794264793395996,,,,,1.1251605309244912,0.4062683600055744,0.8021978021978022,1.7633628357671416
openml:44970,regression,635,6,block_shift,0.5,0.4430983847283407,1,random,,catboost,0.25021958351135254,,,,,1.1518397247002499,0.3777780617810288,,
openml:44970,regression,635,6,none,0.0,0.0,2,random,,tabicl_impute,0.21296262741088867,,,,,0.8546487924967225,0.6774828474748902,0.8278388278388278,1.2610344926768273
openml:44970,regression,635,6,none,0.0,0.0,2,random,,tabicl_aware,0.28476500511169434,,,,,0.8469352573772261,0.6832782594952908,0.8168498168498168,1.222059504261125
openml:44970,regression,635,6,none,0.0,0.0,2,random,,catboost,0.1980907917022705,,,,,0.8711087418380252,0.6649403008987561,,
openml:44970,regression,635,6,block,0.3,0.2512848751835536,2,random,,tabicl_impute,0.21266674995422363,,,,,0.9407226803765621,0.6092484767934638,0.8021978021978022,1.385694015759178
openml:44970,regression,635,6,block,0.3,0.2512848751835536,2,random,,tabicl_aware,0.28638529777526855,,,,,0.9377534316924772,0.6117112799378361,0.7875457875457875,1.338006579701836
openml:44970,regression,635,6,block,0.3,0.2512848751835536,2,random,,catboost,0.1936023235321045,,,,,0.9747710934489774,0.5804509580325978,,
openml:44970,regression,635,6,block,0.5,0.5,2,random,,tabicl_impute,0.21206164360046387,,,,,1.129361443020722,0.4368250057265728,0.8205128205128205,1.7630305215621576
openml:44970,regression,635,6,block,0.5,0.5,2,random,,tabicl_aware,0.28608202934265137,,,,,1.1294323413929988,0.43675429418609724,0.8131868131868132,1.7275354583862097
openml:44970,regression,635,6,block,0.5,0.5,2,random,,catboost,0.19622325897216797,,,,,1.1392868133891463,0.4268826033046501,,
openml:44970,regression,635,6,block_shift,0.3,0.3333333333333333,2,random,,tabicl_impute,0.21173763275146484,,,,,0.995986089287112,0.5619900304334688,0.8131868131868132,1.5488496028530618
openml:44970,regression,635,6,block_shift,0.3,0.3333333333333333,2,random,,tabicl_aware,0.28554201126098633,,,,,0.9847761861213138,0.5717942192625987,0.8058608058608059,1.495092992135013
openml:44970,regression,635,6,block_shift,0.3,0.3333333333333333,2,random,,catboost,0.26926302909851074,,,,,1.0149537091923435,0.5451481973991888,,
openml:44970,regression,635,6,block_shift,0.5,0.4440161527165932,2,random,,tabicl_impute,0.2138988971710205,,,,,1.0546634356351585,0.5088600866127371,0.8278388278388278,1.6163882415869522
openml:44970,regression,635,6,block_shift,0.5,0.4440161527165932,2,random,,tabicl_aware,0.28740811347961426,,,,,1.0613678188015065,0.5025959913302533,0.8168498168498168,1.5931074141993704
openml:44970,regression,635,6,block_shift,0.5,0.4440161527165932,2,random,,catboost,0.24525070190429688,,,,,1.084919312193228,0.48027652930415066,,
openml:44970,regression,635,6,none,0.0,0.0,3,random,,tabicl_impute,0.21203398704528809,,,,,0.8107683726725179,0.698977041352753,0.7948717948717948,1.2443885916765836
openml:44970,regression,635,6,none,0.0,0.0,3,random,,tabicl_aware,0.283815860748291,,,,,0.8217214961517394,0.6907887271229525,0.7655677655677655,1.174515456265621
openml:44970,regression,635,6,none,0.0,0.0,3,random,,catboost,0.19228029251098633,,,,,0.8494984448206133,0.6695306407463335,,
openml:44970,regression,635,6,block,0.3,0.3333333333333333,3,random,,tabicl_impute,0.21227622032165527,,,,,0.9581285396225607,0.5796088397517736,0.7765567765567766,1.5321125587544353
openml:44970,regression,635,6,block,0.3,0.3333333333333333,3,random,,tabicl_aware,0.2837553024291992,,,,,0.9635436281167155,0.5748435327986543,0.7728937728937729,1.486857062959514
openml:44970,regression,635,6,block,0.3,0.3333333333333333,3,random,,catboost,0.1875758171081543,,,,,0.9862342999742378,0.5545835754304443,,
openml:44970,regression,635,6,block,0.5,0.44713656387665196,3,random,,tabicl_impute,0.2144167423248291,,,,,1.0999907301217902,0.44590520230917585,0.7985347985347986,1.7598133826628661
openml:44970,regression,635,6,block,0.5,0.44713656387665196,3,random,,tabicl_aware,0.28494906425476074,,,,,1.1050724196626898,0.44077381043023767,0.7838827838827839,1.6956179769692235
openml:44970,regression,635,6,block,0.5,0.44713656387665196,3,random,,catboost,0.18343210220336914,,,,,1.1288054567253354,0.4164954828688672,,
openml:44970,regression,635,6,block_shift,0.3,0.2881791483113069,3,random,,tabicl_impute,0.25385093688964844,,,,,1.033606902463108,0.5107657830524527,0.8241758241758241,1.7383693085476541
openml:44970,regression,635,6,block_shift,0.3,0.2881791483113069,3,random,,tabicl_aware,0.29227709770202637,,,,,1.0437396486887152,0.5011265575296229,0.7765567765567766,1.6305311656125365
openml:44970,regression,635,6,block_shift,0.3,0.2881791483113069,3,random,,catboost,0.19688177108764648,,,,,1.082215882913682,0.4636678526142941,,
openml:44970,regression,635,6,block_shift,0.5,0.5,3,random,,tabicl_impute,0.21099209785461426,,,,,1.1347559115613455,0.4103274247294696,0.7912087912087912,1.7798339505038627
openml:44970,regression,635,6,block_shift,0.5,0.5,3,random,,tabicl_aware,0.28788328170776367,,,,,1.1425062323495196,0.40224505474247374,0.7912087912087912,1.7276353323010771
openml:44970,regression,635,6,block_shift,0.5,0.5,3,random,,catboost,0.2308804988861084,,,,,1.1750655228991125,0.36768979635496657,,
openml:44970,regression,635,6,none,0.0,0.0,4,random,,tabicl_impute,0.21198439598083496,,,,,0.8218310907166482,0.6648243857474863,0.8241758241758241,1.3400554475511524
openml:44970,regression,635,6,none,0.0,0.0,4,random,,tabicl_aware,0.28201913833618164,,,,,0.8320888286831114,0.6564051366610315,0.7985347985347986,1.2594643600994544
openml:44970,regression,635,6,none,0.0,0.0,4,random,,catboost,0.19015812873840332,,,,,0.854070709030812,0.6380113653384335,,
openml:44970,regression,635,6,block,0.3,0.3333333333333333,4,random,,tabicl_impute,0.2100825309753418,,,,,0.9585821560430398,0.5439988262017768,0.8095238095238095,1.5494369330606113
openml:44970,regression,635,6,block,0.3,0.3333333333333333,4,random,,tabicl_aware,0.2851293087005615,,,,,0.9515195581788083,0.5506934820004974,0.7985347985347986,1.5004779605935938
openml:44970,regression,635,6,block,0.3,0.3333333333333333,4,random,,catboost,0.18985366821289062,,,,,0.9577081166359473,0.5448300148220246,,
openml:44970,regression,635,6,block,0.5,0.5,4,random,,tabicl_impute,0.21204257011413574,,,,,1.1080389869075031,0.3907193819332393,0.8021978021978022,1.8450431469616477
openml:44970,regression,635,6,block,0.5,0.5,4,random,,tabicl_aware,0.28447723388671875,,,,,1.1122187434101636,0.38611404241813774,0.8131868131868132,1.816234780603388
openml:44970,regression,635,6,block,0.5,0.5,4,random,,catboost,0.19285368919372559,,,,,1.116711838069567,0.3811441224979315,,
openml:44970,regression,635,6,block_shift,0.3,0.3333333333333333,4,random,,tabicl_impute,0.20941472053527832,,,,,1.03982303189851,0.4634302989196598,0.7728937728937729,1.7283583797066966
openml:44970,regression,635,6,block_shift,0.3,0.3333333333333333,4,random,,tabicl_aware,0.28598618507385254,,,,,1.0425455102287096,0.4606169130241071,0.7619047619047619,1.661668365307113
openml:44970,regression,635,6,block_shift,0.3,0.3333333333333333,4,random,,catboost,0.2607152462005615,,,,,1.1049864178614826,0.39407180774180306,,
openml:44970,regression,635,6,block_shift,0.5,0.5,4,random,,tabicl_impute,0.2124934196472168,,,,,1.161708621547453,0.3302669904902301,0.7545787545787546,1.8209029304515811
openml:44970,regression,635,6,block_shift,0.5,0.5,4,random,,tabicl_aware,0.28545141220092773,,,,,1.157326980922621,0.3353095548564532,0.73992673992674,1.7518494489488898
openml:44970,regression,635,6,block_shift,0.5,0.5,4,random,,catboost,0.24784350395202637,,,,,1.179335937095335,0.3097882548954126,,
openml:560,regression,176,14,none,0.0,0.0,0,random,,tabicl_impute,0.2002096176147461,,,,,2.1110152080489923,0.9373104851513746,0.7236842105263158,0.021498715189388982
openml:560,regression,176,14,none,0.0,0.0,0,random,,tabicl_aware,0.2711043357849121,,,,,1.7425524873235183,0.9572846546995106,0.8947368421052632,0.05263952242799031
openml:560,regression,176,14,none,0.0,0.0,0,random,,catboost,0.13370871543884277,,,,,1.678777545971828,0.9603540810874617,,
openml:560,regression,176,14,block,0.3,0.2536848072562358,0,random,,tabicl_impute,0.19982075691223145,,,,,4.976221910264675,0.6516533302332609,0.7763157894736842,0.9496790342346513
openml:560,regression,176,14,block,0.3,0.2536848072562358,0,random,,tabicl_aware,0.2749049663543701,,,,,4.732277049790459,0.6849695674663023,0.7631578947368421,0.9265570952009937
openml:560,regression,176,14,block,0.3,0.2536848072562358,0,random,,catboost,0.1548161506652832,,,,,5.211285234246286,0.6179661248591437,,
openml:560,regression,176,14,block,0.5,0.48667800453514737,0,random,,tabicl_impute,0.24177813529968262,,,,,5.3372667085709695,0.5992717168502436,0.6973684210526315,1.2356841323253582
openml:560,regression,176,14,block,0.5,0.48667800453514737,0,random,,tabicl_aware,0.27794623374938965,,,,,5.068722890840221,0.6385824126602969,0.6973684210526315,1.1264151765623525
openml:560,regression,176,14,block,0.5,0.48667800453514737,0,random,,catboost,0.1475379467010498,,,,,5.632364889612845,0.5537340516353972,,
openml:560,regression,176,14,block_shift,0.3,0.2857142857142857,0,random,,tabicl_impute,0.19959068298339844,,,,,2.459074491537486,0.9149340895812871,0.7105263157894737,0.5272365394188279
openml:560,regression,176,14,block_shift,0.3,0.2857142857142857,0,random,,tabicl_aware,0.27390027046203613,,,,,2.4246722936213274,0.917297567304049,0.6578947368421053,0.48807580709112247
openml:560,regression,176,14,block_shift,0.3,0.2857142857142857,0,random,,catboost,0.1750476360321045,,,,,2.4355784669838143,0.9165519031627046,,
openml:560,regression,176,14,block_shift,0.5,0.48327664399092973,0,random,,tabicl_impute,0.19881343841552734,,,,,2.1583237279383014,0.9344692172848461,0.7894736842105263,0.3100113699229257
openml:560,regression,176,14,block_shift,0.5,0.48327664399092973,0,random,,tabicl_aware,0.2752542495727539,,,,,2.0407611282064435,0.9414136378921967,0.6842105263157895,0.3056471382172003
openml:560,regression,176,14,block_shift,0.5,0.48327664399092973,0,random,,catboost,0.16400551795959473,,,,,1.9028789268299622,0.9490628668839042,,
openml:560,regression,176,14,none,0.0,0.0,1,random,,tabicl_impute,0.1994185447692871,,,,,2.0401134426561227,0.9364148635953846,0.6973684210526315,0.025275829425353835
openml:560,regression,176,14,none,0.0,0.0,1,random,,tabicl_aware,0.27295565605163574,,,,,1.909871210570571,0.9442743507971992,0.7763157894736842,0.05470852754609394
openml:560,regression,176,14,none,0.0,0.0,1,random,,catboost,0.14095783233642578,,,,,1.4150887106363963,0.9694075467687476,,
openml:560,regression,176,14,block,0.3,0.2857142857142857,1,random,,tabicl_impute,0.20143747329711914,,,,,3.3797856089879423,0.8254880075065081,0.7236842105263158,0.5350324459560377
openml:560,regression,176,14,block,0.3,0.2857142857142857,1,random,,tabicl_aware,0.27669525146484375,,,,,3.0940110054753394,0.8537517491328576,0.7631578947368421,0.526789234954409
openml:560,regression,176,14,block,0.3,0.2857142857142857,1,random,,catboost,0.15265631675720215,,,,,2.958356918851788,0.8662948575120204,,
openml:560,regression,176,14,block,0.5,0.427437641723356,1,random,,tabicl_impute,0.20193195343017578,,,,,4.90298435903965,0.6327447710912415,0.7368421052631579,1.089063712466611
openml:560,regression,176,14,block,0.5,0.427437641723356,1,random,,tabicl_aware,0.2726473808288574,,,,,4.683302540238493,0.6649177674848439,0.7894736842105263,1.0820013193540425
openml:560,regression,176,14,block,0.5,0.427437641723356,1,random,,catboost,0.15075373649597168,,,,,4.869231961849745,0.6377837746775796,,
openml:560,regression,176,14,block_shift,0.3,0.2857142857142857,1,random,,tabicl_impute,0.19938135147094727,,,,,3.7412746140545643,0.7861613783041567,0.7631578947368421,0.7351063745493319
openml:560,regression,176,14,block_shift,0.3,0.2857142857142857,1,random,,tabicl_aware,0.2771494388580322,,,,,3.4747439137481,0.8155440885443964,0.75,0.6609028589718342
openml:560,regression,176,14,block_shift,0.3,0.2857142857142857,1,random,,catboost,0.1511218547821045,,,,,3.7141431424003617,0.789251618997846,,
openml:560,regression,176,14,block_shift,0.5,0.45294784580498865,1,random,,tabicl_impute,0.19928407669067383,,,,,3.79743609750365,0.7796931905005087,0.7368421052631579,0.8913805349016092
openml:560,regression,176,14,block_shift,0.5,0.45294784580498865,1,random,,tabicl_aware,0.2721235752105713,,,,,3.805120828059521,0.7788006348623291,0.7105263157894737,0.8548451983917629
openml:560,regression,176,14,block_shift,0.5,0.45294784580498865,1,random,,catboost,0.1664566993713379,,,,,3.6825182766330293,0.7928252639507976,,
openml:560,regression,176,14,none,0.0,0.0,2,random,,tabicl_impute,0.19959473609924316,,,,,2.1723052108916723,0.9083349473181432,0.75,0.01957223012407687
openml:560,regression,176,14,none,0.0,0.0,2,random,,tabicl_aware,0.2716801166534424,,,,,1.965771327601431,0.9249366233383032,0.8947368421052632,0.0522035862548379
openml:560,regression,176,14,none,0.0,0.0,2,random,,catboost,0.15184497833251953,,,,,1.4320161532341291,0.9601656313597992,,
openml:560,regression,176,14,block,0.3,0.21428571428571427,2,random,,tabicl_impute,0.235304594039917,,,,,3.9084122534787458,0.7032690569677444,0.7894736842105263,0.9498943992143157
openml:560,regression,176,14,block,0.3,0.21428571428571427,2,random,,tabicl_aware,0.27691102027893066,,,,,3.9186387488852636,0.7017142119878275,0.7631578947368421,0.8671228133835853
openml:560,regression,176,14,block,0.3,0.21428571428571427,2,random,,catboost,0.13373279571533203,,,,,4.150470773673757,0.6653762017511151,,
openml:560,regression,176,14,block,0.5,0.4339569160997732,2,random,,tabicl_impute,0.19798707962036133,,,,,3.8285219032077697,0.715275803169036,0.8552631578947368,1.1051668605211058
openml:560,regression,176,14,block,0.5,0.4339569160997732,2,random,,tabicl_aware,0.274580717086792,,,,,3.7591890369713306,0.7254948887579716,0.8947368421052632,1.172749600731403
openml:560,regression,176,14,block,0.5,0.4339569160997732,2,random,,catboost,0.14990520477294922,,,,,4.3187201724215925,0.6376967457855564,,
openml:560,regression,176,14,block_shift,0.3,0.2857142857142857,2,random,,tabicl_impute,0.19833040237426758,,,,,4.064241767874458,0.6791358665444067,0.8157894736842105,1.1734677522885268
openml:560,regression,176,14,block_shift,0.3,0.2857142857142857,2,random,,tabicl_aware,0.277087926864624,,,,,3.8136564744113426,0.7174825713630475,0.7105263157894737,1.077039124949907
openml:560,regression,176,14,block_shift,0.3,0.2857142857142857,2,random,,catboost,0.17213010787963867,,,,,4.283067482588805,0.6436539587046683,,
openml:560,regression,176,14,block_shift,0.5,0.4532312925170068,2,random,,tabicl_impute,0.2053227424621582,,,,,4.806597480324361,0.551215743492097,0.75,1.4890485083362632
openml:560,regression,176,14,block_shift,0.5,0.4532312925170068,2,random,,tabicl_aware,0.2808859348297119,,,,,4.559669648571722,0.5961418401529828,0.7763157894736842,1.4725327504458383
openml:560,regression,176,14,block_shift,0.5,0.4532312925170068,2,random,,catboost,0.1674022674560547,,,,,4.765882174550081,0.5587865867883787,,
openml:560,regression,176,14,none,0.0,0.0,3,random,,tabicl_impute,0.1994314193725586,,,,,1.8706005176040306,0.9474069606956765,0.7763157894736842,0.07857999886055864
openml:560,regression,176,14,none,0.0,0.0,3,random,,tabicl_aware,0.28197145462036133,,,,,1.8531714477580439,0.9483824521226287,0.9210526315789473,0.11214874944449875
openml:560,regression,176,14,none,0.0,0.0,3,random,,catboost,0.15233087539672852,,,,,0.9659139470305953,0.9859769319152837,,
openml:560,regression,176,14,block,0.3,0.2857142857142857,3,random,,tabicl_impute,0.1993558406829834,,,,,3.2748890598712554,0.8388021097426572,0.8421052631578947,0.8151312260805784
openml:560,regression,176,14,block,0.3,0.2857142857142857,3,random,,tabicl_aware,0.2804903984069824,,,,,3.206783655973577,0.8454370167389703,0.8026315789473685,0.7826411581114955
openml:560,regression,176,14,block,0.3,0.2857142857142857,3,random,,catboost,0.12064599990844727,,,,,3.503621642717535,0.815498216138774,,
openml:560,regression,176,14,block,0.5,0.45096371882086167,3,random,,tabicl_impute,0.20563936233520508,,,,,3.980643562180869,0.7618378449410048,0.7763157894736842,0.5038408515941365
openml:560,regression,176,14,block,0.5,0.45096371882086167,3,random,,tabicl_aware,0.28636789321899414,,,,,3.7847878759032603,0.7846974089604613,0.8289473684210527,0.5322330436597538
openml:560,regression,176,14,block,0.5,0.45096371882086167,3,random,,catboost,0.14606523513793945,,,,,4.027654139041581,0.7561793366269722,,
openml:560,regression,176,14,block_shift,0.3,0.2857142857142857,3,random,,tabicl_impute,0.20912742614746094,,,,,4.015802154264005,0.7576121840929182,0.8157894736842105,1.080555473573829
openml:560,regression,176,14,block_shift,0.3,0.2857142857142857,3,random,,tabicl_aware,0.2807307243347168,,,,,4.163118604591115,0.7395023940646649,0.7368421052631579,1.0189208431023458
openml:560,regression,176,14,block_shift,0.3,0.2857142857142857,3,random,,catboost,0.16071653366088867,,,,,4.82047795545278,0.6507419934065715,,
openml:560,regression,176,14,block_shift,0.5,0.4537981859410431,3,random,,tabicl_impute,0.2015838623046875,,,,,5.412929654118642,0.5596166053752136,0.7105263157894737,1.3250983138769414
openml:560,regression,176,14,block_shift,0.5,0.4537981859410431,3,random,,tabicl_aware,0.2823805809020996,,,,,5.0133020666211845,0.6222417876195578,0.631578947368421,1.2242423260856872
openml:560,regression,176,14,block_shift,0.5,0.4537981859410431,3,random,,catboost,0.15547490119934082,,,,,5.4602226843200565,0.5518876858951483,,
openml:560,regression,176,14,none,0.0,0.0,4,random,,tabicl_impute,0.24184703826904297,,,,,0.7419485852658132,0.9915444846697113,0.6842105263157895,0.10214348527614094
openml:560,regression,176,14,none,0.0,0.0,4,random,,tabicl_aware,0.2738354206085205,,,,,0.6374633009453936,0.993758300822628,0.868421052631579,0.09813959626347868
openml:560,regression,176,14,none,0.0,0.0,4,random,,catboost,0.15189051628112793,,,,,1.4519486113896833,0.9676186500180938,,
openml:560,regression,176,14,block,0.3,0.2857142857142857,4,random,,tabicl_impute,0.19904327392578125,,,,,3.468577362977582,0.8152028666399552,0.8289473684210527,0.6675897946464703
openml:560,regression,176,14,block,0.3,0.2857142857142857,4,random,,tabicl_aware,0.27602696418762207,,,,,3.6227174016136527,0.7984135329528962,0.7631578947368421,0.6276055102592124
openml:560,regression,176,14,block,0.3,0.2857142857142857,4,random,,catboost,0.12769770622253418,,,,,3.9348017895342875,0.7621855828116885,,
openml:560,regression,176,14,block,0.5,0.5,4,random,,tabicl_impute,0.2007749080657959,,,,,2.728564459412372,0.8856434893984283,0.7894736842105263,0.5866588292642114
openml:560,regression,176,14,block,0.5,0.5,4,random,,tabicl_aware,0.27527475357055664,,,,,2.8325363489635977,0.8767623402475692,0.8289473684210527,0.5653733465879016
openml:560,regression,176,14,block,0.5,0.5,4,random,,catboost,0.13225269317626953,,,,,3.508340672019054,0.8109416010942665,,
openml:560,regression,176,14,block_shift,0.3,0.2602040816326531,4,random,,tabicl_impute,0.20197844505310059,,,,,3.5246835297692702,0.8091761220310962,0.7631578947368421,0.9015325424119645
openml:560,regression,176,14,block_shift,0.3,0.2602040816326531,4,random,,tabicl_aware,0.2747986316680908,,,,,3.445252876934392,0.8176798509392864,0.75,0.8156286725318015
openml:560,regression,176,14,block_shift,0.3,0.2602040816326531,4,random,,catboost,0.16957712173461914,,,,,3.9106977370290292,0.7650902951158189,,
openml:560,regression,176,14,block_shift,0.5,0.48412698412698413,4,random,,tabicl_impute,0.19898605346679688,,,,,3.2765214730663224,0.8351008199487929,0.8552631578947368,0.8739923977906925
openml:560,regression,176,14,block_shift,0.5,0.48412698412698413,4,random,,tabicl_aware,0.2727048397064209,,,,,3.2721889562845257,0.8355366212272956,0.8026315789473685,0.7947574606703691
openml:560,regression,176,14,block_shift,0.5,0.48412698412698413,4,random,,catboost,0.16221117973327637,,,,,4.266519614926886,0.7203982068227404,,
