dataset,task,n_train,n_features,mechanism,rate,actual_rate,seed,split,held_out_source,model,seconds,error,acc,logloss,auc,rmse,r2,coverage80,width80
breast_cancer,classification,398,30,none,0.0,0.0,0,random,,tabicl_impute,1.6103904247283936,,0.9766081871345029,0.06760688126087189,0.9956191588785047,,,,
breast_cancer,classification,398,30,none,0.0,0.0,0,random,,tabicl_indicator,0.43308329582214355,,0.9766081871345029,0.06760688126087189,0.9956191588785047,,,,
breast_cancer,classification,398,30,none,0.0,0.0,0,random,,tabicl_iterimpute,0.38492870330810547,,0.9766081871345029,0.06760688126087189,0.9956191588785047,,,,
breast_cancer,classification,398,30,none,0.0,0.0,0,random,,tabicl_knnimpute,0.3483281135559082,,0.9766081871345029,0.06760688126087189,0.9956191588785047,,,,
breast_cancer,classification,398,30,none,0.0,0.0,0,random,,tabicl_aware_zero,0.6987228393554688,,0.9766081871345029,0.06760688126087189,0.9956191588785047,,,,
breast_cancer,classification,398,30,none,0.0,0.0,0,random,,tabicl_aware,0.36192870140075684,,0.9824561403508771,0.064666248857975,0.9960572429906542,,,,
breast_cancer,classification,398,30,none,0.0,0.0,0,random,,xgboost,0.8463742733001709,,0.9590643274853801,0.1011410653591156,0.991676401869159,,,,
breast_cancer,classification,398,30,none,0.0,0.0,0,random,,catboost,0.48703575134277344,,0.9649122807017544,0.10222740564783224,0.9902161214953271,,,,
breast_cancer,classification,281,30,block,0.3,0.25061511423550087,0,source,0.0,tabicl_impute,0.2812962532043457,,0.9652777777777778,0.2064182013273239,0.9947530864197531,,,,
breast_cancer,classification,281,30,block,0.3,0.25061511423550087,0,source,0.0,tabicl_indicator,0.2876095771789551,,0.9652777777777778,0.2064182013273239,0.9947530864197531,,,,
breast_cancer,classification,281,30,block,0.3,0.25061511423550087,0,source,0.0,tabicl_iterimpute,0.3197755813598633,,0.9826388888888888,0.15319415926933289,0.9901748971193416,,,,
breast_cancer,classification,281,30,block,0.3,0.25061511423550087,0,source,0.0,tabicl_knnimpute,0.3129723072052002,,0.9513888888888888,0.11988881230354309,0.9932098765432099,,,,
breast_cancer,classification,281,30,block,0.3,0.25061511423550087,0,source,0.0,tabicl_aware_zero,0.29633331298828125,,0.96875,0.20980694890022278,0.9950102880658436,,,,
breast_cancer,classification,281,30,block,0.3,0.25061511423550087,0,source,0.0,tabicl_aware,0.35874128341674805,,0.96875,0.1728406548500061,0.9952674897119341,,,,
breast_cancer,classification,281,30,block,0.3,0.25061511423550087,0,source,0.0,xgboost,0.06265926361083984,,0.8368055555555556,0.408294677734375,0.9897633744855967,,,,
breast_cancer,classification,281,30,block,0.3,0.25061511423550087,0,source,0.0,catboost,0.37910914421081543,,0.6284722222222222,0.5898570041892726,0.9887860082304527,,,,
breast_cancer,classification,453,30,block,0.5,0.49279437609841825,0,source,2.0,tabicl_impute,0.3082141876220703,,0.9396551724137931,0.22577650845050812,0.9837527875119464,,,,
breast_cancer,classification,453,30,block,0.5,0.49279437609841825,0,source,2.0,tabicl_indicator,0.4626743793487549,,0.9224137931034483,0.2502860426902771,0.9837527875119465,,,,
breast_cancer,classification,453,30,block,0.5,0.49279437609841825,0,source,2.0,tabicl_iterimpute,0.4863746166229248,,0.8017241379310345,0.5118438601493835,0.8626951258362535,,,,
breast_cancer,classification,453,30,block,0.5,0.49279437609841825,0,source,2.0,tabicl_knnimpute,0.38175106048583984,,0.9310344827586207,0.20863580703735352,0.9783370500159286,,,,
breast_cancer,classification,453,30,block,0.5,0.49279437609841825,0,source,2.0,tabicl_aware_zero,0.38552284240722656,,0.9310344827586207,0.23992642760276794,0.9827970691302962,,,,
breast_cancer,classification,453,30,block,0.5,0.49279437609841825,0,source,2.0,tabicl_aware,0.40774965286254883,,0.9396551724137931,0.1684536635875702,0.9840713603058299,,,,
breast_cancer,classification,453,30,block,0.5,0.49279437609841825,0,source,2.0,xgboost,0.08073306083679199,,0.9051724137931034,0.2273293435573578,0.9745141764893278,,,,
breast_cancer,classification,453,30,block,0.5,0.49279437609841825,0,source,2.0,catboost,0.41855525970458984,,0.896551724137931,0.4940767199568278,0.9620898375278751,,,,
breast_cancer,classification,281,30,block_shift,0.3,0.2662565905096661,0,source,0.0,tabicl_impute,0.27046775817871094,,0.8611111111111112,0.29011452198028564,0.9789609053497943,,,,
breast_cancer,classification,281,30,block_shift,0.3,0.2662565905096661,0,source,0.0,tabicl_indicator,0.26846885681152344,,0.8611111111111112,0.29011452198028564,0.9789609053497943,,,,
breast_cancer,classification,281,30,block_shift,0.3,0.2662565905096661,0,source,0.0,tabicl_iterimpute,0.296252965927124,,0.8784722222222222,0.2600932717323303,0.9806069958847736,,,,
breast_cancer,classification,281,30,block_shift,0.3,0.2662565905096661,0,source,0.0,tabicl_knnimpute,0.29024505615234375,,0.7395833333333334,0.696524441242218,0.9661522633744856,,,,
breast_cancer,classification,281,30,block_shift,0.3,0.2662565905096661,0,source,0.0,tabicl_aware_zero,0.27795934677124023,,0.8368055555555556,0.34547725319862366,0.9746399176954733,,,,
breast_cancer,classification,281,30,block_shift,0.3,0.2662565905096661,0,source,0.0,tabicl_aware,0.3390781879425049,,0.84375,0.3181637227535248,0.979783950617284,,,,
breast_cancer,classification,281,30,block_shift,0.3,0.2662565905096661,0,source,0.0,xgboost,0.05048727989196777,,0.375,3.0819735527038574,0.9587448559670781,,,,
breast_cancer,classification,281,30,block_shift,0.3,0.2662565905096661,0,source,0.0,catboost,0.33988022804260254,,0.625,1.556388888634387,0.9433127572016461,,,,
breast_cancer,classification,453,30,block_shift,0.5,0.48728763913298184,0,source,2.0,tabicl_impute,0.30734896659851074,,0.8879310344827587,0.2525360584259033,0.9719655941382606,,,,
breast_cancer,classification,453,30,block_shift,0.5,0.48728763913298184,0,source,2.0,tabicl_indicator,0.3890495300292969,,0.896551724137931,0.25005510449409485,0.9741956036954443,,,,
breast_cancer,classification,453,30,block_shift,0.5,0.48728763913298184,0,source,2.0,tabicl_iterimpute,1.1892821788787842,,0.8362068965517241,0.4308200776576996,0.9662312838483593,,,,
breast_cancer,classification,453,30,block_shift,0.5,0.48728763913298184,0,source,2.0,tabicl_knnimpute,0.3556101322174072,,0.8706896551724138,0.2639707326889038,0.9684612934055432,,,,
breast_cancer,classification,453,30,block_shift,0.5,0.48728763913298184,0,source,2.0,tabicl_aware_zero,0.32165002822875977,,0.8879310344827587,0.25606226921081543,0.972284166932144,,,,
breast_cancer,classification,453,30,block_shift,0.5,0.48728763913298184,0,source,2.0,tabicl_aware,0.3852419853210449,,0.8879310344827587,0.2522819936275482,0.9713284485504937,,,,
breast_cancer,classification,453,30,block_shift,0.5,0.48728763913298184,0,source,2.0,xgboost,0.3530712127685547,,0.8879310344827587,0.3191320598125458,0.9640012742911755,,,,
breast_cancer,classification,453,30,block_shift,0.5,0.48728763913298184,0,source,2.0,catboost,0.4211916923522949,,0.8448275862068966,0.4444745329841518,0.9716470213443771,,,,
breast_cancer,classification,398,30,none,0.0,0.0,1,random,,tabicl_impute,0.3141012191772461,,0.9532163742690059,0.08575630933046341,0.9931366822429907,,,,
breast_cancer,classification,398,30,none,0.0,0.0,1,random,,tabicl_indicator,0.31796979904174805,,0.9532163742690059,0.08575630933046341,0.9931366822429907,,,,
breast_cancer,classification,398,30,none,0.0,0.0,1,random,,tabicl_iterimpute,0.34902238845825195,,0.9532163742690059,0.08575630933046341,0.9931366822429907,,,,
breast_cancer,classification,398,30,none,0.0,0.0,1,random,,tabicl_knnimpute,0.3162205219268799,,0.9532163742690059,0.08575630933046341,0.9931366822429907,,,,
breast_cancer,classification,398,30,none,0.0,0.0,1,random,,tabicl_aware_zero,0.314655065536499,,0.9532163742690059,0.08575630933046341,0.9931366822429907,,,,
breast_cancer,classification,398,30,none,0.0,0.0,1,random,,tabicl_aware,0.42169737815856934,,0.9590643274853801,0.0862879678606987,0.993428738317757,,,,
breast_cancer,classification,398,30,none,0.0,0.0,1,random,,xgboost,0.05974626541137695,,0.9766081871345029,0.08250546455383301,0.9940128504672897,,,,
breast_cancer,classification,398,30,none,0.0,0.0,1,random,,catboost,0.3890969753265381,,0.9707602339181286,0.08424755747681414,0.9957651869158879,,,,
breast_cancer,classification,373,30,block,0.3,0.2886350322202695,1,source,0.0,tabicl_impute,0.30200791358947754,,0.9795918367346939,0.107785165309906,0.9910087719298246,,,,
breast_cancer,classification,373,30,block,0.3,0.2886350322202695,1,source,0.0,tabicl_indicator,0.3691573143005371,,0.9744897959183674,0.11487355828285217,0.9911184210526316,,,,
breast_cancer,classification,373,30,block,0.3,0.2886350322202695,1,source,0.0,tabicl_iterimpute,0.634343147277832,,0.9336734693877551,0.32497480511665344,0.9798245614035088,,,,
breast_cancer,classification,373,30,block,0.3,0.2886350322202695,1,source,0.0,tabicl_knnimpute,0.34147119522094727,,0.9693877551020408,0.09168913215398788,0.9924342105263158,,,,
breast_cancer,classification,373,30,block,0.3,0.2886350322202695,1,source,0.0,tabicl_aware_zero,0.3086864948272705,,0.9795918367346939,0.0999792218208313,0.9926535087719299,,,,
breast_cancer,classification,373,30,block,0.3,0.2886350322202695,1,source,0.0,tabicl_aware,0.36655354499816895,,0.9744897959183674,0.09403005242347717,0.9911184210526316,,,,
breast_cancer,classification,373,30,block,0.3,0.2886350322202695,1,source,0.0,xgboost,0.06094646453857422,,0.9642857142857143,0.11194149404764175,0.9881578947368421,,,,
breast_cancer,classification,373,30,block,0.3,0.2886350322202695,1,source,0.0,catboost,0.3966538906097412,,0.9693877551020408,0.12368280789373688,0.9871710526315789,,,,
breast_cancer,classification,366,30,block,0.5,0.47855887521968365,1,source,0.0,tabicl_impute,0.3031439781188965,,0.8916256157635468,0.35847991704940796,0.9616465863453815,,,,
breast_cancer,classification,366,30,block,0.5,0.47855887521968365,1,source,0.0,tabicl_indicator,0.37334346771240234,,0.8768472906403941,0.38706913590431213,0.9669678714859438,,,,
breast_cancer,classification,366,30,block,0.5,0.47855887521968365,1,source,0.0,tabicl_iterimpute,0.7092034816741943,,0.896551724137931,0.4245981276035309,0.9273092369477911,,,,
breast_cancer,classification,366,30,block,0.5,0.47855887521968365,1,source,0.0,tabicl_knnimpute,0.33562493324279785,,0.9211822660098522,0.20249968767166138,0.9822289156626507,,,,
breast_cancer,classification,366,30,block,0.5,0.47855887521968365,1,source,0.0,tabicl_aware_zero,0.30016660690307617,,0.8866995073891626,0.3457675278186798,0.9764056224899599,,,,
breast_cancer,classification,366,30,block,0.5,0.47855887521968365,1,source,0.0,tabicl_aware,0.3598654270172119,,0.9064039408866995,0.2926231324672699,0.9838353413654619,,,,
breast_cancer,classification,366,30,block,0.5,0.47855887521968365,1,source,0.0,xgboost,0.07119107246398926,,0.4088669950738916,2.4993720054626465,0.9144578313253012,,,,
breast_cancer,classification,366,30,block,0.5,0.47855887521968365,1,source,0.0,catboost,0.3589630126953125,,0.5911330049261084,2.19870437727687,0.9314257028112449,,,,
breast_cancer,classification,373,30,block_shift,0.3,0.3,1,source,0.0,tabicl_impute,0.3000500202178955,,0.9540816326530612,0.1974475085735321,0.9780701754385965,,,,
breast_cancer,classification,373,30,block_shift,0.3,0.3,1,source,0.0,tabicl_indicator,0.35915255546569824,,0.9540816326530612,0.22203361988067627,0.9797149122807017,,,,
breast_cancer,classification,373,30,block_shift,0.3,0.3,1,source,0.0,tabicl_iterimpute,0.521730899810791,,0.9030612244897959,0.26525625586509705,0.9869517543859649,,,,
breast_cancer,classification,373,30,block_shift,0.3,0.3,1,source,0.0,tabicl_knnimpute,0.3391530513763428,,0.923469387755102,0.1807599812746048,0.9888157894736842,,,,
breast_cancer,classification,373,30,block_shift,0.3,0.3,1,source,0.0,tabicl_aware_zero,0.3089864253997803,,0.9489795918367347,0.21340763568878174,0.9775219298245614,,,,
breast_cancer,classification,373,30,block_shift,0.3,0.3,1,source,0.0,tabicl_aware,0.36784911155700684,,0.9387755102040817,0.20958459377288818,0.9783991228070175,,,,
breast_cancer,classification,373,30,block_shift,0.3,0.3,1,source,0.0,xgboost,0.06160998344421387,,0.5663265306122449,0.7965527176856995,0.9472587719298246,,,,
breast_cancer,classification,373,30,block_shift,0.3,0.3,1,source,0.0,catboost,0.4049112796783447,,0.8826530612244898,0.4753028174304677,0.9610745614035088,,,,
breast_cancer,classification,366,30,block_shift,0.5,0.44499121265377856,1,source,0.0,tabicl_impute,0.28992176055908203,,0.7931034482758621,0.4417377710342407,0.9759036144578312,,,,
breast_cancer,classification,366,30,block_shift,0.5,0.44499121265377856,1,source,0.0,tabicl_indicator,0.3833942413330078,,0.7536945812807881,0.48573431372642517,0.9772088353413654,,,,
breast_cancer,classification,366,30,block_shift,0.5,0.44499121265377856,1,source,0.0,tabicl_iterimpute,0.5663950443267822,,0.8719211822660099,0.45093366503715515,0.9185742971887549,,,,
breast_cancer,classification,366,30,block_shift,0.5,0.44499121265377856,1,source,0.0,tabicl_knnimpute,0.3236110210418701,,0.8571428571428571,0.38901787996292114,0.9528112449799198,,,,
breast_cancer,classification,366,30,block_shift,0.5,0.44499121265377856,1,source,0.0,tabicl_aware_zero,0.2947275638580322,,0.896551724137931,0.4194662868976593,0.9697791164658635,,,,
breast_cancer,classification,366,30,block_shift,0.5,0.44499121265377856,1,source,0.0,tabicl_aware,0.3541231155395508,,0.8866995073891626,0.36709046363830566,0.9680722891566265,,,,
breast_cancer,classification,366,30,block_shift,0.5,0.44499121265377856,1,source,0.0,xgboost,0.06162667274475098,,0.4088669950738916,1.7737690210342407,0.9635040160642571,,,,
breast_cancer,classification,366,30,block_shift,0.5,0.44499121265377856,1,source,0.0,catboost,0.37682604789733887,,0.7980295566502463,0.4916009640220297,0.9850401606425703,,,,
breast_cancer,classification,398,30,none,0.0,0.0,2,random,,tabicl_impute,0.30537867546081543,,0.9707602339181286,0.04525283724069595,0.9982476635514018,,,,
breast_cancer,classification,398,30,none,0.0,0.0,2,random,,tabicl_indicator,0.31009793281555176,,0.9707602339181286,0.04525283724069595,0.9982476635514018,,,,
breast_cancer,classification,398,30,none,0.0,0.0,2,random,,tabicl_iterimpute,0.34363365173339844,,0.9707602339181286,0.04525283724069595,0.9982476635514018,,,,
breast_cancer,classification,398,30,none,0.0,0.0,2,random,,tabicl_knnimpute,0.3113999366760254,,0.9707602339181286,0.04525283724069595,0.9982476635514018,,,,
breast_cancer,classification,398,30,none,0.0,0.0,2,random,,tabicl_aware_zero,0.31133556365966797,,0.9707602339181286,0.04525283724069595,0.9982476635514018,,,,
breast_cancer,classification,398,30,none,0.0,0.0,2,random,,tabicl_aware,0.3710167407989502,,0.9707602339181286,0.04192463681101799,0.9986857476635514,,,,
breast_cancer,classification,398,30,none,0.0,0.0,2,random,,xgboost,0.06180167198181152,,0.9766081871345029,0.043885376304388046,0.999123831775701,,,,
breast_cancer,classification,398,30,none,0.0,0.0,2,random,,catboost,0.39574480056762695,,0.9883040935672515,0.03192124400626812,0.9994158878504673,,,,
breast_cancer,classification,289,30,block,0.3,0.26719390743995314,2,source,1.0,tabicl_impute,0.27946949005126953,,0.9392857142857143,0.19544322788715363,0.9872416020671835,,,,
breast_cancer,classification,289,30,block,0.3,0.26719390743995314,2,source,1.0,tabicl_indicator,0.27442121505737305,,0.9392857142857143,0.19544322788715363,0.9872416020671835,,,,
breast_cancer,classification,289,30,block,0.3,0.26719390743995314,2,source,1.0,tabicl_iterimpute,0.2967064380645752,,0.95,0.12681083381175995,0.9885335917312661,,,,
breast_cancer,classification,289,30,block,0.3,0.26719390743995314,2,source,1.0,tabicl_knnimpute,0.29746508598327637,,0.9428571428571428,0.16433334350585938,0.9844961240310077,,,,
breast_cancer,classification,289,30,block,0.3,0.26719390743995314,2,source,1.0,tabicl_aware_zero,0.2742948532104492,,0.9428571428571428,0.19853417575359344,0.9885874246339362,,,,
breast_cancer,classification,289,30,block,0.3,0.26719390743995314,2,source,1.0,tabicl_aware,0.33800196647644043,,0.9428571428571428,0.16781455278396606,0.9887489233419465,,,,
breast_cancer,classification,289,30,block,0.3,0.26719390743995314,2,source,1.0,xgboost,0.04273796081542969,,0.7178571428571429,0.6780760288238525,0.9800818260120585,,,,
breast_cancer,classification,289,30,block,0.3,0.26719390743995314,2,source,1.0,catboost,0.36617302894592285,,0.7964285714285714,0.4138296543425903,0.9842269595176572,,,,
breast_cancer,classification,395,30,block,0.5,0.4555360281195079,2,source,2.0,tabicl_impute,0.2926607131958008,,0.8620689655172413,0.5089486837387085,0.9326599326599326,,,,
breast_cancer,classification,395,30,block,0.5,0.4555360281195079,2,source,2.0,tabicl_indicator,0.36093997955322266,,0.896551724137931,0.42371588945388794,0.9762906846240179,,,,
breast_cancer,classification,395,30,block,0.5,0.4555360281195079,2,source,2.0,tabicl_iterimpute,0.6942958831787109,,0.9195402298850575,0.4545113444328308,0.9790965207631874,,,,
breast_cancer,classification,395,30,block,0.5,0.4555360281195079,2,source,2.0,tabicl_knnimpute,0.33543848991394043,,0.9252873563218391,0.17033271491527557,0.9858305274971941,,,,
breast_cancer,classification,395,30,block,0.5,0.4555360281195079,2,source,2.0,tabicl_aware_zero,0.30200767517089844,,0.735632183908046,0.5217176079750061,0.9173681257014591,,,,
breast_cancer,classification,395,30,block,0.5,0.4555360281195079,2,source,2.0,tabicl_aware,0.35874009132385254,,0.8160919540229885,0.43242117762565613,0.9464085297418631,,,,
breast_cancer,classification,395,30,block,0.5,0.4555360281195079,2,source,2.0,xgboost,0.06660008430480957,,0.3793103448275862,2.2071330547332764,0.9833052749719416,,,,
breast_cancer,classification,395,30,block,0.5,0.4555360281195079,2,source,2.0,catboost,0.38487982749938965,,0.6206896551724138,1.3599756876029339,0.9783950617283951,,,,
breast_cancer,classification,289,30,block_shift,0.3,0.2338605741066198,2,source,1.0,tabicl_impute,0.2858397960662842,,0.95,0.13892193138599396,0.9906330749354005,,,,
breast_cancer,classification,289,30,block_shift,0.3,0.2338605741066198,2,source,1.0,tabicl_indicator,0.27509522438049316,,0.95,0.13892193138599396,0.9906330749354005,,,,
breast_cancer,classification,289,30,block_shift,0.3,0.2338605741066198,2,source,1.0,tabicl_iterimpute,0.30557990074157715,,0.9571428571428572,0.11755494028329849,0.9906869078380706,,,,
breast_cancer,classification,289,30,block_shift,0.3,0.2338605741066198,2,source,1.0,tabicl_knnimpute,0.2885444164276123,,0.9464285714285714,0.15134389698505402,0.9907945736434108,,,,
breast_cancer,classification,289,30,block_shift,0.3,0.2338605741066198,2,source,1.0,tabicl_aware_zero,0.2775425910949707,,0.95,0.14894908666610718,0.9906869078380707,,,,
breast_cancer,classification,289,30,block_shift,0.3,0.2338605741066198,2,source,1.0,tabicl_aware,0.33765149116516113,,0.95,0.14452964067459106,0.9910637381567614,,,,
breast_cancer,classification,289,30,block_shift,0.3,0.2338605741066198,2,source,1.0,xgboost,0.045673370361328125,,0.7821428571428571,0.47330665588378906,0.969745908699397,,,,
breast_cancer,classification,289,30,block_shift,0.3,0.2338605741066198,2,source,1.0,catboost,0.39748167991638184,,0.8,0.37091949559375437,0.9700689061154177,,,,
breast_cancer,classification,395,30,block_shift,0.5,0.46397188049209137,2,source,2.0,tabicl_impute,0.3019707202911377,,0.7931034482758621,0.41661566495895386,0.9652076318742986,,,,
breast_cancer,classification,395,30,block_shift,0.5,0.46397188049209137,2,source,2.0,tabicl_indicator,0.3614695072174072,,0.8448275862068966,0.4048939049243927,0.9566498316498316,,,,
breast_cancer,classification,395,30,block_shift,0.5,0.46397188049209137,2,source,2.0,tabicl_iterimpute,0.6683549880981445,,0.1724137931034483,0.9707219004631042,0.4427609427609428,,,,
breast_cancer,classification,395,30,block_shift,0.5,0.46397188049209137,2,source,2.0,tabicl_knnimpute,0.3419337272644043,,0.7126436781609196,0.5916783809661865,0.9521604938271605,,,,
breast_cancer,classification,395,30,block_shift,0.5,0.46397188049209137,2,source,2.0,tabicl_aware_zero,0.31244444847106934,,0.7931034482758621,0.4227558970451355,0.9617003367003367,,,,
breast_cancer,classification,395,30,block_shift,0.5,0.46397188049209137,2,source,2.0,tabicl_aware,0.3738694190979004,,0.7931034482758621,0.43653053045272827,0.9774130190796857,,,,
breast_cancer,classification,395,30,block_shift,0.5,0.46397188049209137,2,source,2.0,xgboost,0.06918001174926758,,0.3793103448275862,2.773350238800049,0.9642957351290684,,,,
breast_cancer,classification,395,30,block_shift,0.5,0.46397188049209137,2,source,2.0,catboost,0.36753249168395996,,0.632183908045977,1.401785257401437,0.9478114478114479,,,,
breast_cancer,classification,398,30,none,0.0,0.0,3,random,,tabicl_impute,0.31516242027282715,,0.9649122807017544,0.09655380994081497,0.9941588785046729,,,,
breast_cancer,classification,398,30,none,0.0,0.0,3,random,,tabicl_indicator,0.31471872329711914,,0.9649122807017544,0.09655380994081497,0.9941588785046729,,,,
breast_cancer,classification,398,30,none,0.0,0.0,3,random,,tabicl_iterimpute,0.3984537124633789,,0.9649122807017544,0.09655380994081497,0.9941588785046729,,,,
breast_cancer,classification,398,30,none,0.0,0.0,3,random,,tabicl_knnimpute,0.3230454921722412,,0.9649122807017544,0.09655380994081497,0.9941588785046729,,,,
breast_cancer,classification,398,30,none,0.0,0.0,3,random,,tabicl_aware_zero,0.3219871520996094,,0.9649122807017544,0.09655380994081497,0.9941588785046729,,,,
breast_cancer,classification,398,30,none,0.0,0.0,3,random,,tabicl_aware,0.37045860290527344,,0.9649122807017544,0.09232235699892044,0.9944509345794392,,,,
breast_cancer,classification,398,30,none,0.0,0.0,3,random,,xgboost,0.06267476081848145,,0.9473684210526315,0.09929883480072021,0.9944509345794392,,,,
breast_cancer,classification,398,30,none,0.0,0.0,3,random,,catboost,0.398543119430542,,0.9590643274853801,0.09239252084032869,0.9959112149532711,,,,
breast_cancer,classification,407,30,block,0.3,0.29086115992970124,3,source,3.0,tabicl_impute,0.3072657585144043,,0.9135802469135802,0.2818734347820282,0.9619341563786008,,,,
breast_cancer,classification,407,30,block,0.3,0.29086115992970124,3,source,3.0,tabicl_indicator,0.37851548194885254,,0.9074074074074074,0.26318931579589844,0.9665637860082305,,,,
breast_cancer,classification,407,30,block,0.3,0.29086115992970124,3,source,3.0,tabicl_iterimpute,0.6533603668212891,,0.46296296296296297,0.6979659795761108,0.48491083676268865,,,,
breast_cancer,classification,407,30,block,0.3,0.29086115992970124,3,source,3.0,tabicl_knnimpute,0.3403637409210205,,0.9012345679012346,0.30400899052619934,0.9723936899862826,,,,
breast_cancer,classification,407,30,block,0.3,0.29086115992970124,3,source,3.0,tabicl_aware_zero,0.3086578845977783,,0.9074074074074074,0.2804287075996399,0.9595336076817559,,,,
breast_cancer,classification,407,30,block,0.3,0.29086115992970124,3,source,3.0,tabicl_aware,0.37181997299194336,,0.9197530864197531,0.23210911452770233,0.9638203017832647,,,,
breast_cancer,classification,407,30,block,0.3,0.29086115992970124,3,source,3.0,xgboost,0.06970477104187012,,0.3333333333333333,2.093923568725586,0.9809670781893004,,,,
breast_cancer,classification,407,30,block,0.3,0.29086115992970124,3,source,3.0,catboost,0.4097423553466797,,0.9259259259259259,0.2924618237830806,0.9715363511659809,,,,
breast_cancer,classification,369,30,block,0.5,0.4561218512009373,3,source,2.0,tabicl_impute,0.2976834774017334,,0.945,0.2820373475551605,0.9773666804464655,,,,
breast_cancer,classification,369,30,block,0.5,0.4561218512009373,3,source,2.0,tabicl_indicator,0.3639824390411377,,0.95,0.3005028963088989,0.978813559322034,,,,
breast_cancer,classification,369,30,block,0.5,0.4561218512009373,3,source,2.0,tabicl_iterimpute,0.5522973537445068,,0.81,0.6358551979064941,0.8725713104588673,,,,
breast_cancer,classification,369,30,block,0.5,0.4561218512009373,3,source,2.0,tabicl_knnimpute,0.3392050266265869,,0.925,0.2027796506881714,0.975713104588673,,,,
breast_cancer,classification,369,30,block,0.5,0.4561218512009373,3,source,2.0,tabicl_aware_zero,0.2980465888977051,,0.94,0.31452032923698425,0.9717858619264159,,,,
breast_cancer,classification,369,30,block,0.5,0.4561218512009373,3,source,2.0,tabicl_aware,0.357083797454834,,0.935,0.24864573776721954,0.975713104588673,,,,
breast_cancer,classification,369,30,block,0.5,0.4561218512009373,3,source,2.0,xgboost,0.06050610542297363,,0.41,2.580777645111084,0.9504443985117818,,,,
breast_cancer,classification,369,30,block,0.5,0.4561218512009373,3,source,2.0,catboost,0.3799765110015869,,0.59,1.2448033002339514,0.9704423315419595,,,,
breast_cancer,classification,407,30,block_shift,0.3,0.3,3,source,3.0,tabicl_impute,0.3050346374511719,,0.9382716049382716,0.22103609144687653,0.9818244170096022,,,,
breast_cancer,classification,407,30,block_shift,0.3,0.3,3,source,3.0,tabicl_indicator,0.39351654052734375,,0.9320987654320988,0.2472686767578125,0.9813100137174211,,,,
breast_cancer,classification,407,30,block_shift,0.3,0.3,3,source,3.0,tabicl_iterimpute,0.4412496089935303,,0.8703703703703703,0.3097185790538788,0.9526748971193416,,,,
breast_cancer,classification,407,30,block_shift,0.3,0.3,3,source,3.0,tabicl_knnimpute,0.3468008041381836,,0.9691358024691358,0.19084112346172333,0.9864540466392319,,,,
breast_cancer,classification,407,30,block_shift,0.3,0.3,3,source,3.0,tabicl_aware_zero,0.3519108295440674,,0.9259259259259259,0.2181837260723114,0.9795953360768175,,,,
breast_cancer,classification,407,30,block_shift,0.3,0.3,3,source,3.0,tabicl_aware,0.37471961975097656,,0.9259259259259259,0.18377649784088135,0.9814814814814815,,,,
breast_cancer,classification,407,30,block_shift,0.3,0.3,3,source,3.0,xgboost,0.07599687576293945,,0.6419753086419753,0.9980801343917847,0.965877914951989,,,,
breast_cancer,classification,407,30,block_shift,0.3,0.3,3,source,3.0,catboost,0.43193507194519043,,0.7901234567901234,0.5231532699006091,0.9790809327846366,,,,
breast_cancer,classification,369,30,block_shift,0.5,0.4666666666666667,3,source,2.0,tabicl_impute,0.28539276123046875,,0.82,0.48288628458976746,0.9028524183546921,,,,
breast_cancer,classification,369,30,block_shift,0.5,0.4666666666666667,3,source,2.0,tabicl_indicator,0.3375084400177002,,0.815,0.44600731134414673,0.944811905746176,,,,
breast_cancer,classification,369,30,block_shift,0.5,0.4666666666666667,3,source,2.0,tabicl_iterimpute,0.5842883586883545,,0.47,0.704311192035675,0.9508061182306737,,,,
breast_cancer,classification,369,30,block_shift,0.5,0.4666666666666667,3,source,2.0,tabicl_knnimpute,0.32209014892578125,,0.85,0.41228291392326355,0.9627945431996692,,,,
breast_cancer,classification,369,30,block_shift,0.5,0.4666666666666667,3,source,2.0,tabicl_aware_zero,0.29538750648498535,,0.85,0.4327332675457001,0.9507027697395618,,,,
breast_cancer,classification,369,30,block_shift,0.5,0.4666666666666667,3,source,2.0,tabicl_aware,0.35202741622924805,,0.88,0.3611927032470703,0.9625878462174451,,,,
breast_cancer,classification,369,30,block_shift,0.5,0.4666666666666667,3,source,2.0,xgboost,0.1289834976196289,,0.41,2.2019245624542236,0.9362856552294337,,,,
breast_cancer,classification,369,30,block_shift,0.5,0.4666666666666667,3,source,2.0,catboost,0.3642880916595459,,0.59,1.5768213140180927,0.9417114510128152,,,,
breast_cancer,classification,398,30,none,0.0,0.0,4,random,,tabicl_impute,0.30821847915649414,,0.9941520467836257,0.03010229952633381,1.0,,,,
breast_cancer,classification,398,30,none,0.0,0.0,4,random,,tabicl_indicator,0.31371355056762695,,0.9941520467836257,0.03010229952633381,1.0,,,,
breast_cancer,classification,398,30,none,0.0,0.0,4,random,,tabicl_iterimpute,0.34116601943969727,,0.9941520467836257,0.03010229952633381,1.0,,,,
breast_cancer,classification,398,30,none,0.0,0.0,4,random,,tabicl_knnimpute,0.3107612133026123,,0.9941520467836257,0.03010229952633381,1.0,,,,
breast_cancer,classification,398,30,none,0.0,0.0,4,random,,tabicl_aware_zero,0.31142234802246094,,0.9941520467836257,0.03010229952633381,1.0,,,,
breast_cancer,classification,398,30,none,0.0,0.0,4,random,,tabicl_aware,0.3670647144317627,,0.9941520467836257,0.028155388310551643,1.0,,,,
breast_cancer,classification,398,30,none,0.0,0.0,4,random,,xgboost,0.06171298027038574,,0.9649122807017544,0.06552184373140335,0.9978095794392523,,,,
breast_cancer,classification,398,30,none,0.0,0.0,4,random,,catboost,0.38879966735839844,,0.9824561403508771,0.05446864075112399,0.9979556074766355,,,,
breast_cancer,classification,377,30,block,0.3,0.3,4,source,0.0,tabicl_impute,0.3091561794281006,,0.9635416666666666,0.2631783187389374,0.9894974590626765,,,,
breast_cancer,classification,377,30,block,0.3,0.3,4,source,0.0,tabicl_indicator,0.36994004249572754,,0.9375,0.2488737553358078,0.9893845285149633,,,,
breast_cancer,classification,377,30,block,0.3,0.3,4,source,0.0,tabicl_iterimpute,0.6964759826660156,,0.9270833333333334,0.3095954656600952,0.9928853754940711,,,,
breast_cancer,classification,377,30,block,0.3,0.3,4,source,0.0,tabicl_knnimpute,0.3455374240875244,,0.9479166666666666,0.14788015186786652,0.9887069452286844,,,,
breast_cancer,classification,377,30,block,0.3,0.3,4,source,0.0,tabicl_aware_zero,0.31277894973754883,,0.9479166666666666,0.2561708092689514,0.9867871259175608,,,,
breast_cancer,classification,377,30,block,0.3,0.3,4,source,0.0,tabicl_aware,0.41631269454956055,,0.9583333333333334,0.17976327240467072,0.9916431394692264,,,,
breast_cancer,classification,377,30,block,0.3,0.3,4,source,0.0,xgboost,0.06598782539367676,,0.9166666666666666,0.2554829716682434,0.986335403726708,,,,
breast_cancer,classification,377,30,block,0.3,0.3,4,source,0.0,catboost,0.40984296798706055,,0.9270833333333334,0.19753488241458195,0.984754376058724,,,,
breast_cancer,classification,452,30,block,0.5,0.49420035149384883,4,source,2.0,tabicl_impute,0.31024813652038574,,0.9487179487179487,0.1860828548669815,0.9935185185185186,,,,
breast_cancer,classification,452,30,block,0.5,0.49420035149384883,4,source,2.0,tabicl_indicator,0.4317660331726074,,0.9658119658119658,0.16922540962696075,0.9947530864197531,,,,
breast_cancer,classification,452,30,block,0.5,0.49420035149384883,4,source,2.0,tabicl_iterimpute,0.7653558254241943,,0.9572649572649573,0.2233266979455948,0.9947530864197531,,,,
breast_cancer,classification,452,30,block,0.5,0.49420035149384883,4,source,2.0,tabicl_knnimpute,0.3562002182006836,,0.9658119658119658,0.08178716152906418,0.9966049382716049,,,,
breast_cancer,classification,452,30,block,0.5,0.49420035149384883,4,source,2.0,tabicl_aware_zero,0.3240954875946045,,0.9572649572649573,0.1659429371356964,0.9947530864197531,,,,
breast_cancer,classification,452,30,block,0.5,0.49420035149384883,4,source,2.0,tabicl_aware,0.38361167907714844,,0.9658119658119658,0.11359576135873795,0.995679012345679,,,,
breast_cancer,classification,452,30,block,0.5,0.49420035149384883,4,source,2.0,xgboost,0.07175588607788086,,0.9829059829059829,0.08886564522981644,0.9975308641975309,,,,
breast_cancer,classification,452,30,block,0.5,0.49420035149384883,4,source,2.0,catboost,0.3724219799041748,,0.9401709401709402,0.18124709219304372,0.9969135802469136,,,,
breast_cancer,classification,377,30,block_shift,0.3,0.28886936145284126,4,source,0.0,tabicl_impute,0.31305646896362305,,0.8958333333333334,0.25540247559547424,0.9818181818181818,,,,
breast_cancer,classification,377,30,block_shift,0.3,0.28886936145284126,4,source,0.0,tabicl_indicator,0.36605215072631836,,0.90625,0.24163122475147247,0.9810276679841896,,,,
breast_cancer,classification,377,30,block_shift,0.3,0.28886936145284126,4,source,0.0,tabicl_iterimpute,0.5049757957458496,,0.6875,0.5450793504714966,0.9669113495200452,,,,
breast_cancer,classification,377,30,block_shift,0.3,0.28886936145284126,4,source,0.0,tabicl_knnimpute,0.33917832374572754,,0.8177083333333334,0.3827050030231476,0.9728966685488424,,,,
breast_cancer,classification,377,30,block_shift,0.3,0.28886936145284126,4,source,0.0,tabicl_aware_zero,0.3108839988708496,,0.890625,0.2617633640766144,0.9798983625070581,,,,
breast_cancer,classification,377,30,block_shift,0.3,0.28886936145284126,4,source,0.0,tabicl_aware,0.3682553768157959,,0.9010416666666666,0.2431468963623047,0.9850931677018634,,,,
breast_cancer,classification,377,30,block_shift,0.3,0.28886936145284126,4,source,0.0,xgboost,0.06687426567077637,,0.9114583333333334,0.2328716516494751,0.966516092603049,,,,
breast_cancer,classification,377,30,block_shift,0.3,0.28886936145284126,4,source,0.0,catboost,0.39134764671325684,,0.7395833333333334,0.8222110669441034,0.9666854884246189,,,,
breast_cancer,classification,452,30,block_shift,0.5,0.4884007029876977,4,source,2.0,tabicl_impute,0.30825209617614746,,0.8888888888888888,0.3015999495983124,0.9966049382716049,,,,
breast_cancer,classification,452,30,block_shift,0.5,0.4884007029876977,4,source,2.0,tabicl_indicator,0.3997349739074707,,0.905982905982906,0.28541767597198486,0.9981481481481482,,,,
breast_cancer,classification,452,30,block_shift,0.5,0.4884007029876977,4,source,2.0,tabicl_iterimpute,0.7910990715026855,,0.6581196581196581,0.5424876809120178,0.9759259259259259,,,,
breast_cancer,classification,452,30,block_shift,0.5,0.4884007029876977,4,source,2.0,tabicl_knnimpute,0.3463890552520752,,0.8974358974358975,0.22859524190425873,0.9827160493827161,,,,
breast_cancer,classification,452,30,block_shift,0.5,0.4884007029876977,4,source,2.0,tabicl_aware_zero,0.3125154972076416,,0.905982905982906,0.26539814472198486,0.9969135802469137,,,,
breast_cancer,classification,452,30,block_shift,0.5,0.4884007029876977,4,source,2.0,tabicl_aware,0.368619441986084,,0.8888888888888888,0.20839273929595947,0.9975308641975309,,,,
breast_cancer,classification,452,30,block_shift,0.5,0.4884007029876977,4,source,2.0,xgboost,0.07887029647827148,,0.8034188034188035,0.41486644744873047,0.9925925925925926,,,,
breast_cancer,classification,452,30,block_shift,0.5,0.4884007029876977,4,source,2.0,catboost,0.39697813987731934,,0.7521367521367521,0.8422504765430747,0.9910493827160494,,,,
wine,classification,124,13,none,0.0,0.0,0,random,,tabicl_impute,0.22497773170471191,,1.0,0.00982815120369196,1.0,,,,
wine,classification,124,13,none,0.0,0.0,0,random,,tabicl_indicator,0.22389745712280273,,1.0,0.00982815120369196,1.0,,,,
wine,classification,124,13,none,0.0,0.0,0,random,,tabicl_iterimpute,0.23108792304992676,,1.0,0.00982815120369196,1.0,,,,
wine,classification,124,13,none,0.0,0.0,0,random,,tabicl_knnimpute,0.2653794288635254,,1.0,0.00982815120369196,1.0,,,,
wine,classification,124,13,none,0.0,0.0,0,random,,tabicl_aware_zero,0.22447729110717773,,1.0,0.00982815120369196,1.0,,,,
wine,classification,124,13,none,0.0,0.0,0,random,,tabicl_aware,0.28252744674682617,,1.0,0.007917092181742191,1.0,,,,
wine,classification,124,13,none,0.0,0.0,0,random,,xgboost,0.0786752700805664,,0.9814814814814815,0.045160338282585144,1.0,,,,
wine,classification,124,13,none,0.0,0.0,0,random,,catboost,0.21750831604003906,,1.0,0.0529660567230378,1.0,,,,
wine,classification,82,13,block,0.3,0.23076923076923078,0,source,0.0,tabicl_impute,0.2185208797454834,,0.96875,0.07656560093164444,0.9990875019914904,,,,
wine,classification,82,13,block,0.3,0.23076923076923078,0,source,0.0,tabicl_indicator,0.213057279586792,,0.96875,0.07656560093164444,0.9990875019914904,,,,
wine,classification,82,13,block,0.3,0.23076923076923078,0,source,0.0,tabicl_iterimpute,0.22559356689453125,,0.9583333333333334,0.07350736856460571,0.9995501574448943,,,,
wine,classification,82,13,block,0.3,0.23076923076923078,0,source,0.0,tabicl_knnimpute,0.2168431282043457,,0.9583333333333334,0.09657427668571472,0.9983363282825702,,,,
wine,classification,82,13,block,0.3,0.23076923076923078,0,source,0.0,tabicl_aware_zero,0.21341276168823242,,0.96875,0.0769273042678833,0.9990746890931924,,,,
wine,classification,82,13,block,0.3,0.23076923076923078,0,source,0.0,tabicl_aware,0.2741210460662842,,0.96875,0.07401546090841293,0.9990875019914904,,,,
wine,classification,82,13,block,0.3,0.23076923076923078,0,source,0.0,xgboost,0.054895877838134766,,0.8541666666666666,0.34109315276145935,0.9910733467923111,,,,
wine,classification,82,13,block,0.3,0.23076923076923078,0,source,0.0,catboost,0.1873304843902588,,0.9166666666666666,0.37951504260551944,0.9970618996489433,,,,
wine,classification,131,13,block,0.5,0.46153846153846156,0,source,2.0,tabicl_impute,0.2227482795715332,,0.9574468085106383,0.2023676335811615,1.0,,,,
wine,classification,131,13,block,0.5,0.46153846153846156,0,source,2.0,tabicl_indicator,0.2557640075683594,,0.9787234042553191,0.20788906514644623,1.0,,,,
wine,classification,131,13,block,0.5,0.46153846153846156,0,source,2.0,tabicl_iterimpute,0.329573392868042,,0.8936170212765957,0.24517114460468292,0.9864024864024864,,,,
wine,classification,131,13,block,0.5,0.46153846153846156,0,source,2.0,tabicl_knnimpute,0.22670984268188477,,0.9787234042553191,0.11781686544418335,1.0,,,,
wine,classification,131,13,block,0.5,0.46153846153846156,0,source,2.0,tabicl_aware_zero,0.22284579277038574,,0.9574468085106383,0.2292361706495285,0.9993894993894994,,,,
wine,classification,131,13,block,0.5,0.46153846153846156,0,source,2.0,tabicl_aware,0.2828836441040039,,0.9574468085106383,0.14383846521377563,1.0,,,,
wine,classification,131,13,block,0.5,0.46153846153846156,0,source,2.0,xgboost,0.07457828521728516,,0.9574468085106383,0.1647912859916687,0.9895659895659895,,,,
wine,classification,131,13,block,0.5,0.46153846153846156,0,source,2.0,catboost,0.226515531539917,,0.8936170212765957,0.2730091892253024,0.9757464757464757,,,,
wine,classification,82,13,block_shift,0.3,0.2722558340535869,0,source,0.0,tabicl_impute,0.21536850929260254,,0.8958333333333334,0.22800295054912567,0.9932861497760554,,,,
wine,classification,82,13,block_shift,0.3,0.2722558340535869,0,source,0.0,tabicl_indicator,0.2143709659576416,,0.8958333333333334,0.22800295054912567,0.9932861497760554,,,,
wine,classification,82,13,block_shift,0.3,0.2722558340535869,0,source,0.0,tabicl_iterimpute,0.2233870029449463,,0.8645833333333334,0.35131320357322693,0.9907356058467124,,,,
wine,classification,82,13,block_shift,0.3,0.2722558340535869,0,source,0.0,tabicl_knnimpute,0.21799492835998535,,0.84375,0.4571862518787384,0.9861295254269941,,,,
wine,classification,82,13,block_shift,0.3,0.2722558340535869,0,source,0.0,tabicl_aware_zero,0.21503233909606934,,0.8958333333333334,0.24575303494930267,0.9934489101927221,,,,
wine,classification,82,13,block_shift,0.3,0.2722558340535869,0,source,0.0,tabicl_aware,0.3224806785583496,,0.90625,0.20393253862857819,0.9943742210995298,,,,
wine,classification,82,13,block_shift,0.3,0.2722558340535869,0,source,0.0,xgboost,0.06046295166015625,,0.59375,0.7192713618278503,0.974432775663201,,,,
wine,classification,82,13,block_shift,0.3,0.2722558340535869,0,source,0.0,catboost,0.18630695343017578,,0.5520833333333334,0.8375308990835778,0.9208759130332113,,,,
wine,classification,131,13,block_shift,0.5,0.46153846153846156,0,source,2.0,tabicl_impute,0.22224116325378418,,0.6808510638297872,0.626185953617096,0.9173049173049174,,,,
wine,classification,131,13,block_shift,0.5,0.46153846153846156,0,source,2.0,tabicl_indicator,0.25562214851379395,,0.6170212765957447,0.6354060769081116,0.9164169164169165,,,,
wine,classification,131,13,block_shift,0.5,0.46153846153846156,0,source,2.0,tabicl_iterimpute,0.26546549797058105,,0.46808510638297873,1.1600909233093262,0.7823953823953825,,,,
wine,classification,131,13,block_shift,0.5,0.46153846153846156,0,source,2.0,tabicl_knnimpute,0.2229604721069336,,0.8085106382978723,0.437694251537323,0.975024975024975,,,,
wine,classification,131,13,block_shift,0.5,0.46153846153846156,0,source,2.0,tabicl_aware_zero,0.22525715827941895,,0.6170212765957447,0.6777982711791992,0.8858918858918859,,,,
wine,classification,131,13,block_shift,0.5,0.46153846153846156,0,source,2.0,tabicl_aware,0.28589916229248047,,0.7659574468085106,0.5136250257492065,0.9251859251859251,,,,
wine,classification,131,13,block_shift,0.5,0.46153846153846156,0,source,2.0,xgboost,0.07940006256103516,,0.7021276595744681,1.1135022640228271,0.9378787878787879,,,,
wine,classification,131,13,block_shift,0.5,0.46153846153846156,0,source,2.0,catboost,0.2344198226928711,,0.6595744680851063,1.5136845407787265,0.5845099345099345,,,,
wine,classification,124,13,none,0.0,0.0,1,random,,tabicl_impute,0.22053050994873047,,0.9814814814814815,0.027829669415950775,1.0,,,,
wine,classification,124,13,none,0.0,0.0,1,random,,tabicl_indicator,0.22168993949890137,,0.9814814814814815,0.027829669415950775,1.0,,,,
wine,classification,124,13,none,0.0,0.0,1,random,,tabicl_iterimpute,0.22981834411621094,,0.9814814814814815,0.027829669415950775,1.0,,,,
wine,classification,124,13,none,0.0,0.0,1,random,,tabicl_knnimpute,0.22313857078552246,,0.9814814814814815,0.027829669415950775,1.0,,,,
wine,classification,124,13,none,0.0,0.0,1,random,,tabicl_aware_zero,0.22141695022583008,,0.9814814814814815,0.027829669415950775,1.0,,,,
wine,classification,124,13,none,0.0,0.0,1,random,,tabicl_aware,0.2823796272277832,,0.9814814814814815,0.031162021681666374,1.0,,,,
wine,classification,124,13,none,0.0,0.0,1,random,,xgboost,0.05437922477722168,,0.8888888888888888,0.2036891132593155,0.9920367698145475,,,,
wine,classification,124,13,none,0.0,0.0,1,random,,catboost,0.21796703338623047,,0.9814814814814815,0.12881691069314985,0.9970137886804554,,,,
wine,classification,116,13,block,0.3,0.2808988764044944,1,source,0.0,tabicl_impute,0.21890020370483398,,0.9032258064516129,0.26022109389305115,0.9977952602952603,,,,
wine,classification,116,13,block,0.3,0.2808988764044944,1,source,0.0,tabicl_indicator,0.22864484786987305,,0.9032258064516129,0.25456997752189636,0.9985301735301735,,,,
wine,classification,116,13,block,0.3,0.2808988764044944,1,source,0.0,tabicl_iterimpute,0.2458512783050537,,0.9193548387096774,0.2136974185705185,0.9922720797720798,,,,
wine,classification,116,13,block,0.3,0.2808988764044944,1,source,0.0,tabicl_knnimpute,0.25945067405700684,,0.9193548387096774,0.19706404209136963,0.9893284955784956,,,,
wine,classification,116,13,block,0.3,0.2808988764044944,1,source,0.0,tabicl_aware_zero,0.2195591926574707,,0.9032258064516129,0.26483702659606934,0.995613183113183,,,,
wine,classification,116,13,block,0.3,0.2808988764044944,1,source,0.0,tabicl_aware,0.28118324279785156,,0.9032258064516129,0.2692243456840515,0.9959693084693084,,,,
wine,classification,116,13,block,0.3,0.2808988764044944,1,source,0.0,xgboost,0.05668997764587402,,0.7741935483870968,0.8011710047721863,0.9339775964775964,,,,
wine,classification,116,13,block,0.3,0.2808988764044944,1,source,0.0,catboost,0.22060251235961914,,0.41935483870967744,1.8791174552697372,0.6505344192844192,,,,
wine,classification,116,13,block,0.5,0.4347450302506482,1,source,0.0,tabicl_impute,0.2173323631286621,,0.8548387096774194,0.48176729679107666,0.9710767006410532,,,,
wine,classification,116,13,block,0.5,0.4347450302506482,1,source,0.0,tabicl_indicator,0.22027373313903809,,0.8709677419354839,0.5150822401046753,0.9760279245233257,,,,
wine,classification,116,13,block,0.5,0.4347450302506482,1,source,0.0,tabicl_iterimpute,0.22093796730041504,,0.9193548387096774,0.2142508625984192,0.9824345520487734,,,,
wine,classification,116,13,block,0.5,0.4347450302506482,1,source,0.0,tabicl_knnimpute,0.21285152435302734,,0.8548387096774194,0.4500071406364441,0.9557899870824498,,,,
wine,classification,116,13,block,0.5,0.4347450302506482,1,source,0.0,tabicl_aware_zero,0.2146756649017334,,0.7903225806451613,0.5573695302009583,0.9740432038931542,,,,
wine,classification,116,13,block,0.5,0.4347450302506482,1,source,0.0,tabicl_aware,0.2748141288757324,,0.8064516129032258,0.4931051731109619,0.9736904702070871,,,,
wine,classification,116,13,block,0.5,0.4347450302506482,1,source,0.0,xgboost,0.05707240104675293,,0.43548387096774194,1.982700228691101,0.9643941720101851,,,,
wine,classification,116,13,block,0.5,0.4347450302506482,1,source,0.0,catboost,0.20798110961914062,,0.3064516129032258,1.3985031415488076,0.9136881573339409,,,,
wine,classification,116,13,block_shift,0.3,0.3076923076923077,1,source,0.0,tabicl_impute,0.2321481704711914,,0.8064516129032258,0.43840184807777405,0.9914386539386539,,,,
wine,classification,116,13,block_shift,0.3,0.3076923076923077,1,source,0.0,tabicl_indicator,0.25558948516845703,,0.7741935483870968,0.440217524766922,0.9916238853738853,,,,
wine,classification,116,13,block_shift,0.3,0.3076923076923077,1,source,0.0,tabicl_iterimpute,0.2840151786804199,,0.6774193548387096,0.7553641200065613,0.9756872756872758,,,,
wine,classification,116,13,block_shift,0.3,0.3076923076923077,1,source,0.0,tabicl_knnimpute,0.2275550365447998,,0.6129032258064516,0.7833431959152222,0.9270206645206646,,,,
wine,classification,116,13,block_shift,0.3,0.3076923076923077,1,source,0.0,tabicl_aware_zero,0.22466635704040527,,0.8064516129032258,0.43405669927597046,0.992336136086136,,,,
wine,classification,116,13,block_shift,0.3,0.3076923076923077,1,source,0.0,tabicl_aware,0.2870774269104004,,0.8225806451612904,0.3435201346874237,0.9941167628667628,,,,
wine,classification,116,13,block_shift,0.3,0.3076923076923077,1,source,0.0,xgboost,0.07520914077758789,,0.6451612903225806,0.9403532147407532,0.9221907721907723,,,,
wine,classification,116,13,block_shift,0.3,0.3076923076923077,1,source,0.0,catboost,0.2383880615234375,,0.8548387096774194,0.6833579150939166,0.9702126577126577,,,,
wine,classification,116,13,block_shift,0.5,0.4105445116681072,1,source,0.0,tabicl_impute,0.21880865097045898,,0.8064516129032258,0.5884955525398254,0.9791718675222304,,,,
wine,classification,116,13,block_shift,0.5,0.4105445116681072,1,source,0.0,tabicl_indicator,0.23719096183776855,,0.7741935483870968,0.6877540946006775,0.9828783787259031,,,,
wine,classification,116,13,block_shift,0.5,0.4105445116681072,1,source,0.0,tabicl_iterimpute,0.2725830078125,,0.46774193548387094,1.0017588138580322,0.8728702467136648,,,,
wine,classification,116,13,block_shift,0.5,0.4105445116681072,1,source,0.0,tabicl_knnimpute,0.2193136215209961,,0.3548387096774194,1.6198821067810059,0.7960322669385519,,,,
wine,classification,116,13,block_shift,0.5,0.4105445116681072,1,source,0.0,tabicl_aware_zero,0.21994757652282715,,0.7741935483870968,0.662937343120575,0.9772113262362362,,,,
wine,classification,116,13,block_shift,0.5,0.4105445116681072,1,source,0.0,tabicl_aware,0.28260207176208496,,0.8387096774193549,0.446641206741333,0.9896757373905122,,,,
wine,classification,116,13,block_shift,0.5,0.4105445116681072,1,source,0.0,xgboost,0.06948351860046387,,0.8064516129032258,0.782743513584137,0.9519271698138354,,,,
wine,classification,116,13,block_shift,0.5,0.4105445116681072,1,source,0.0,catboost,0.23268771171569824,,0.45161290322580644,0.9813830300835448,0.9747085063002036,,,,
wine,classification,124,13,none,0.0,0.0,2,random,,tabicl_impute,0.22027111053466797,,0.9814814814814815,0.03456585109233856,1.0,,,,
wine,classification,124,13,none,0.0,0.0,2,random,,tabicl_indicator,0.21944618225097656,,0.9814814814814815,0.03456585109233856,1.0,,,,
wine,classification,124,13,none,0.0,0.0,2,random,,tabicl_iterimpute,0.22840595245361328,,0.9814814814814815,0.03456585109233856,1.0,,,,
wine,classification,124,13,none,0.0,0.0,2,random,,tabicl_knnimpute,0.2623274326324463,,0.9814814814814815,0.03456585109233856,1.0,,,,
wine,classification,124,13,none,0.0,0.0,2,random,,tabicl_aware_zero,0.22361469268798828,,0.9814814814814815,0.03456585109233856,1.0,,,,
wine,classification,124,13,none,0.0,0.0,2,random,,tabicl_aware,0.2896912097930908,,0.9814814814814815,0.03845458850264549,1.0,,,,
wine,classification,124,13,none,0.0,0.0,2,random,,xgboost,0.04877495765686035,,0.9259259259259259,0.19055958092212677,0.9965327881994549,,,,
wine,classification,124,13,none,0.0,0.0,2,random,,catboost,0.21983075141906738,,0.9444444444444444,0.1856370749122552,0.9943203915426136,,,,
wine,classification,93,13,block,0.3,0.23076923076923078,2,source,1.0,tabicl_impute,0.21682024002075195,,0.9764705882352941,0.05011184513568878,0.9991874773957098,,,,
wine,classification,93,13,block,0.3,0.23076923076923078,2,source,1.0,tabicl_indicator,0.22132015228271484,,0.9764705882352941,0.05011184513568878,0.9991874773957098,,,,
wine,classification,93,13,block,0.3,0.23076923076923078,2,source,1.0,tabicl_iterimpute,0.2294318675994873,,0.9764705882352941,0.04296222701668739,0.9991874773957098,,,,
wine,classification,93,13,block,0.3,0.23076923076923078,2,source,1.0,tabicl_knnimpute,0.214522123336792,,0.9764705882352941,0.05047927051782608,0.9991874773957098,,,,
wine,classification,93,13,block,0.3,0.23076923076923078,2,source,1.0,tabicl_aware_zero,0.2133169174194336,,0.9764705882352941,0.050436265766620636,0.9991874773957098,,,,
wine,classification,93,13,block,0.3,0.23076923076923078,2,source,1.0,tabicl_aware,0.2735869884490967,,0.9764705882352941,0.051703229546546936,0.9991874773957098,,,,
wine,classification,93,13,block,0.3,0.23076923076923078,2,source,1.0,xgboost,0.050126075744628906,,0.9176470588235294,0.13317713141441345,0.9955107279027624,,,,
wine,classification,93,13,block,0.3,0.23076923076923078,2,source,1.0,catboost,0.18291425704956055,,0.9647058823529412,0.17309295221250143,0.9994331065759637,,,,
wine,classification,116,13,block,0.5,0.4407951598962835,2,source,0.0,tabicl_impute,0.2181236743927002,,0.8870967741935484,0.2750988304615021,0.9882854718148835,,,,
wine,classification,116,13,block,0.5,0.4407951598962835,2,source,0.0,tabicl_indicator,0.23096776008605957,,0.8709677419354839,0.24243615567684174,0.9861317796611914,,,,
wine,classification,116,13,block,0.5,0.4407951598962835,2,source,0.0,tabicl_iterimpute,0.24160456657409668,,0.7419354838709677,0.5170204043388367,0.970712940418823,,,,
wine,classification,116,13,block,0.5,0.4407951598962835,2,source,0.0,tabicl_knnimpute,0.2171766757965088,,0.9516129032258065,0.19286540150642395,0.9856491106491106,,,,
wine,classification,116,13,block,0.5,0.4407951598962835,2,source,0.0,tabicl_aware_zero,0.21595454216003418,,0.8709677419354839,0.34828826785087585,0.9854152939447056,,,,
wine,classification,116,13,block,0.5,0.4407951598962835,2,source,0.0,tabicl_aware,0.27960801124572754,,0.8870967741935484,0.2914893329143524,0.985775654305066,,,,
wine,classification,116,13,block,0.5,0.4407951598962835,2,source,0.0,xgboost,0.06559228897094727,,0.8225806451612904,0.5602198839187622,0.9584860981919805,,,,
wine,classification,116,13,block,0.5,0.4407951598962835,2,source,0.0,catboost,0.20790600776672363,,0.43548387096774194,1.1101845390386427,0.9550895033247975,,,,
wine,classification,93,13,block_shift,0.3,0.27095937770095074,2,source,1.0,tabicl_impute,0.21112990379333496,,0.7764705882352941,0.4803210198879242,0.9744998064872142,,,,
wine,classification,93,13,block_shift,0.3,0.27095937770095074,2,source,1.0,tabicl_indicator,0.2075634002685547,,0.7764705882352941,0.4803210198879242,0.9744998064872142,,,,
wine,classification,93,13,block_shift,0.3,0.27095937770095074,2,source,1.0,tabicl_iterimpute,0.21657371520996094,,0.9176470588235294,0.24135544896125793,0.9763477140968488,,,,
wine,classification,93,13,block_shift,0.3,0.27095937770095074,2,source,1.0,tabicl_knnimpute,0.20827960968017578,,0.8352941176470589,0.4949754476547241,0.9618392889628571,,,,
wine,classification,93,13,block_shift,0.3,0.27095937770095074,2,source,1.0,tabicl_aware_zero,0.20847320556640625,,0.7764705882352941,0.4919106066226959,0.9749508574053772,,,,
wine,classification,93,13,block_shift,0.3,0.27095937770095074,2,source,1.0,tabicl_aware,0.27065300941467285,,0.788235294117647,0.4463513493537903,0.9752294011120917,,,,
wine,classification,93,13,block_shift,0.3,0.27095937770095074,2,source,1.0,xgboost,0.061769723892211914,,0.27058823529411763,2.046677827835083,0.9265675686279383,,,,
wine,classification,93,13,block_shift,0.3,0.27095937770095074,2,source,1.0,catboost,0.21387290954589844,,0.6823529411764706,0.6167805256270795,0.9593235194334122,,,,
wine,classification,116,13,block_shift,0.5,0.40535868625756266,2,source,0.0,tabicl_impute,0.2599940299987793,,0.5806451612903226,0.8067494034767151,0.8864254011312834,,,,
wine,classification,116,13,block_shift,0.5,0.40535868625756266,2,source,0.0,tabicl_indicator,0.24328064918518066,,0.5806451612903226,0.8381653428077698,0.8600477935772054,,,,
wine,classification,116,13,block_shift,0.5,0.40535868625756266,2,source,0.0,tabicl_iterimpute,0.2729330062866211,,0.46774193548387094,1.1740068197250366,0.803681462210874,,,,
wine,classification,116,13,block_shift,0.5,0.40535868625756266,2,source,0.0,tabicl_knnimpute,0.22081422805786133,,0.6935483870967742,0.7672731280326843,0.812332894391718,,,,
wine,classification,116,13,block_shift,0.5,0.40535868625756266,2,source,0.0,tabicl_aware_zero,0.21973729133605957,,0.5806451612903226,0.8286978602409363,0.8676992479933657,,,,
wine,classification,116,13,block_shift,0.5,0.40535868625756266,2,source,0.0,tabicl_aware,0.281571626663208,,0.6129032258064516,0.8313655257225037,0.8693378693378694,,,,
wine,classification,116,13,block_shift,0.5,0.40535868625756266,2,source,0.0,xgboost,0.08421564102172852,,0.5483870967741935,1.64140784740448,0.836530189177248,,,,
wine,classification,116,13,block_shift,0.5,0.40535868625756266,2,source,0.0,catboost,0.23589062690734863,,0.41935483870967744,1.7865375962809926,0.8162261026966909,,,,
wine,classification,124,13,none,0.0,0.0,3,random,,tabicl_impute,0.22380971908569336,,1.0,0.004888887982815504,1.0,,,,
wine,classification,124,13,none,0.0,0.0,3,random,,tabicl_indicator,0.23032188415527344,,1.0,0.004888887982815504,1.0,,,,
wine,classification,124,13,none,0.0,0.0,3,random,,tabicl_iterimpute,0.23528313636779785,,1.0,0.004888887982815504,1.0,,,,
wine,classification,124,13,none,0.0,0.0,3,random,,tabicl_knnimpute,0.22699832916259766,,1.0,0.004888887982815504,1.0,,,,
wine,classification,124,13,none,0.0,0.0,3,random,,tabicl_aware_zero,0.22573471069335938,,1.0,0.004888887982815504,1.0,,,,
wine,classification,124,13,none,0.0,0.0,3,random,,tabicl_aware,0.28913187980651855,,1.0,0.0034648608416318893,1.0,,,,
wine,classification,124,13,none,0.0,0.0,3,random,,xgboost,0.054555654525756836,,0.9814814814814815,0.06762160360813141,1.0,,,,
wine,classification,124,13,none,0.0,0.0,3,random,,catboost,0.2202315330505371,,1.0,0.03354117518816149,1.0,,,,
wine,classification,127,13,block,0.3,0.3076923076923077,3,source,3.0,tabicl_impute,0.2244737148284912,,0.8823529411764706,0.3326979875564575,0.98342151675485,,,,
wine,classification,127,13,block,0.3,0.3076923076923077,3,source,3.0,tabicl_indicator,0.25080275535583496,,0.8627450980392157,0.3713691830635071,0.9839506172839506,,,,
wine,classification,127,13,block,0.3,0.3076923076923077,3,source,3.0,tabicl_iterimpute,0.26403379440307617,,0.9019607843137255,0.35157111287117004,0.9726631393298059,,,,
wine,classification,127,13,block,0.3,0.3076923076923077,3,source,3.0,tabicl_knnimpute,0.22653985023498535,,0.9019607843137255,0.33020341396331787,0.9699294532627866,,,,
wine,classification,127,13,block,0.3,0.3076923076923077,3,source,3.0,tabicl_aware_zero,0.2736067771911621,,0.8627450980392157,0.37526869773864746,0.9838624338624339,,,,
wine,classification,127,13,block,0.3,0.3076923076923077,3,source,3.0,tabicl_aware,0.289353609085083,,0.9019607843137255,0.29089534282684326,0.9891534391534392,,,,
wine,classification,127,13,block,0.3,0.3076923076923077,3,source,3.0,xgboost,0.06371188163757324,,0.8235294117647058,0.49414485692977905,0.9651675485008818,,,,
wine,classification,127,13,block,0.3,0.3076923076923077,3,source,3.0,catboost,0.21651434898376465,,0.6862745098039216,0.8154312496685151,0.9229276895943562,,,,
wine,classification,119,13,block,0.5,0.439066551426102,3,source,1.0,tabicl_impute,0.22433876991271973,,0.9322033898305084,0.4266877770423889,0.9809234811835791,,,,
wine,classification,119,13,block,0.5,0.439066551426102,3,source,1.0,tabicl_indicator,0.24103903770446777,,0.8983050847457628,0.3906137943267822,0.9832626624701288,,,,
wine,classification,119,13,block,0.5,0.439066551426102,3,source,1.0,tabicl_iterimpute,0.2841207981109619,,0.8813559322033898,0.37461766600608826,0.9620230323871696,,,,
wine,classification,119,13,block,0.5,0.439066551426102,3,source,1.0,tabicl_knnimpute,0.22659993171691895,,0.8813559322033898,0.3010765612125397,0.9887844611528823,,,,
wine,classification,119,13,block,0.5,0.439066551426102,3,source,1.0,tabicl_aware_zero,0.21962642669677734,,0.9152542372881356,0.41225355863571167,0.985296817625459,,,,
wine,classification,119,13,block,0.5,0.439066551426102,3,source,1.0,tabicl_aware,0.28042030334472656,,0.8983050847457628,0.27923405170440674,0.987765440733617,,,,
wine,classification,119,13,block,0.5,0.439066551426102,3,source,1.0,xgboost,0.07540702819824219,,0.7627118644067796,0.5108217000961304,0.9646786539993393,,,,
wine,classification,119,13,block,0.5,0.439066551426102,3,source,1.0,catboost,0.2168443202972412,,0.4067796610169492,0.9509063358246518,0.9084367896485399,,,,
wine,classification,127,13,block_shift,0.3,0.28565254969749354,3,source,3.0,tabicl_impute,0.2242717742919922,,0.8627450980392157,0.2801586985588074,0.9961199294532627,,,,
wine,classification,127,13,block_shift,0.3,0.28565254969749354,3,source,3.0,tabicl_indicator,0.24853825569152832,,0.803921568627451,0.3030567169189453,0.994973544973545,,,,
wine,classification,127,13,block_shift,0.3,0.28565254969749354,3,source,3.0,tabicl_iterimpute,0.2565011978149414,,0.7254901960784313,0.5744128227233887,0.9514991181657848,,,,
wine,classification,127,13,block_shift,0.3,0.28565254969749354,3,source,3.0,tabicl_knnimpute,0.22430920600891113,,0.8627450980392157,0.23288482427597046,0.9928571428571429,,,,
wine,classification,127,13,block_shift,0.3,0.28565254969749354,3,source,3.0,tabicl_aware_zero,0.22479248046875,,0.8235294117647058,0.2953892648220062,0.9961199294532627,,,,
wine,classification,127,13,block_shift,0.3,0.28565254969749354,3,source,3.0,tabicl_aware,0.3311295509338379,,0.8627450980392157,0.2845677137374878,0.9961199294532627,,,,
wine,classification,127,13,block_shift,0.3,0.28565254969749354,3,source,3.0,xgboost,0.0640866756439209,,0.8627450980392157,0.34295329451560974,0.9764550264550266,,,,
wine,classification,127,13,block_shift,0.3,0.28565254969749354,3,source,3.0,catboost,0.24786114692687988,,0.7843137254901961,0.5488322172789941,0.968342151675485,,,,
wine,classification,119,13,block_shift,0.5,0.4070872947277442,3,source,1.0,tabicl_impute,0.2224864959716797,,0.8983050847457628,0.5593414306640625,0.9627610693400167,,,,
wine,classification,119,13,block_shift,0.5,0.4070872947277442,3,source,1.0,tabicl_indicator,0.24826502799987793,,0.847457627118644,0.6390313506126404,0.9565998329156225,,,,
wine,classification,119,13,block_shift,0.5,0.4070872947277442,3,source,1.0,tabicl_iterimpute,0.2969996929168701,,0.6610169491525424,0.7383995056152344,0.9087954867789629,,,,
wine,classification,119,13,block_shift,0.5,0.4070872947277442,3,source,1.0,tabicl_knnimpute,0.2238633632659912,,0.8983050847457628,0.3185170292854309,0.9809941520467836,,,,
wine,classification,119,13,block_shift,0.5,0.4070872947277442,3,source,1.0,tabicl_aware_zero,0.22161483764648438,,0.8813559322033898,0.5587807893753052,0.9662865982786424,,,,
wine,classification,119,13,block_shift,0.5,0.4070872947277442,3,source,1.0,tabicl_aware,0.28711795806884766,,0.8983050847457628,0.41531234979629517,0.9708020050125313,,,,
wine,classification,119,13,block_shift,0.5,0.4070872947277442,3,source,1.0,xgboost,0.08147048950195312,,0.8813559322033898,0.46616411209106445,0.96921956052923,,,,
wine,classification,119,13,block_shift,0.5,0.4070872947277442,3,source,1.0,catboost,0.23602938652038574,,0.4915254237288136,0.8451757253195067,0.9208481475005343,,,,
wine,classification,124,13,none,0.0,0.0,4,random,,tabicl_impute,0.23235106468200684,,0.9814814814814815,0.02555827610194683,1.0,,,,
wine,classification,124,13,none,0.0,0.0,4,random,,tabicl_indicator,0.22992777824401855,,0.9814814814814815,0.02555827610194683,1.0,,,,
wine,classification,124,13,none,0.0,0.0,4,random,,tabicl_iterimpute,0.24073410034179688,,0.9814814814814815,0.02555827610194683,1.0,,,,
wine,classification,124,13,none,0.0,0.0,4,random,,tabicl_knnimpute,0.2281489372253418,,0.9814814814814815,0.02555827610194683,1.0,,,,
wine,classification,124,13,none,0.0,0.0,4,random,,tabicl_aware_zero,0.2271566390991211,,0.9814814814814815,0.02555827610194683,1.0,,,,
wine,classification,124,13,none,0.0,0.0,4,random,,tabicl_aware,0.29297804832458496,,0.9814814814814815,0.022670850157737732,1.0,,,,
wine,classification,124,13,none,0.0,0.0,4,random,,xgboost,0.05193328857421875,,0.9629629629629629,0.11110292375087738,0.998523595745818,,,,
wine,classification,124,13,none,0.0,0.0,4,random,,catboost,0.2215571403503418,,0.9629629629629629,0.0961999291686303,1.0,,,,
wine,classification,126,13,block,0.3,0.3076923076923077,4,source,1.0,tabicl_impute,0.2217109203338623,,0.5,0.9495580196380615,0.914137811656194,,,,
wine,classification,126,13,block,0.3,0.3076923076923077,4,source,1.0,tabicl_indicator,0.23489904403686523,,0.5,0.9236116409301758,0.9279131021778081,,,,
wine,classification,126,13,block,0.3,0.3076923076923077,4,source,1.0,tabicl_iterimpute,0.3075387477874756,,0.46153846153846156,0.9506877064704895,0.9938375350140056,,,,
wine,classification,126,13,block,0.3,0.3076923076923077,4,source,1.0,tabicl_knnimpute,0.2292313575744629,,0.7115384615384616,0.7220378518104553,0.9431664332399627,,,,
wine,classification,126,13,block,0.3,0.3076923076923077,4,source,1.0,tabicl_aware_zero,0.22150111198425293,,0.46153846153846156,0.9979444742202759,0.9179468859615918,,,,
wine,classification,126,13,block,0.3,0.3076923076923077,4,source,1.0,tabicl_aware,0.28389406204223633,,0.5769230769230769,0.9265889525413513,0.9336047313069371,,,,
wine,classification,126,13,block,0.3,0.3076923076923077,4,source,1.0,xgboost,0.06609821319580078,,0.6346153846153846,2.1666524410247803,0.8047993634390694,,,,
wine,classification,126,13,block,0.3,0.3076923076923077,4,source,1.0,catboost,0.22646808624267578,,0.28846153846153844,2.344329817377437,0.7776380371968608,,,,
wine,classification,151,13,block,0.5,0.46153846153846156,4,source,1.0,tabicl_impute,0.22604680061340332,,0.8518518518518519,0.34416520595550537,1.0,,,,
wine,classification,151,13,block,0.5,0.46153846153846156,4,source,1.0,tabicl_indicator,0.2668907642364502,,0.8888888888888888,0.3789602816104889,1.0,,,,
wine,classification,151,13,block,0.5,0.46153846153846156,4,source,1.0,tabicl_iterimpute,0.2599294185638428,,0.7777777777777778,0.6232274174690247,0.919047619047619,,,,
wine,classification,151,13,block,0.5,0.46153846153846156,4,source,1.0,tabicl_knnimpute,0.2274618148803711,,0.9629629629629629,0.11163606494665146,1.0,,,,
wine,classification,151,13,block,0.5,0.46153846153846156,4,source,1.0,tabicl_aware_zero,0.22774171829223633,,0.8148148148148148,0.4006544351577759,0.9952380952380953,,,,
wine,classification,151,13,block,0.5,0.46153846153846156,4,source,1.0,tabicl_aware,0.2890357971191406,,0.8518518518518519,0.21471598744392395,1.0,,,,
wine,classification,151,13,block,0.5,0.46153846153846156,4,source,1.0,xgboost,0.08308029174804688,,0.8518518518518519,0.3288615942001343,0.9637362637362638,,,,
wine,classification,151,13,block,0.5,0.46153846153846156,4,source,1.0,catboost,0.2397596836090088,,0.6666666666666666,0.6219267221769459,0.9802197802197803,,,,
wine,classification,126,13,block_shift,0.3,0.3076923076923077,4,source,1.0,tabicl_impute,0.23252487182617188,,0.9038461538461539,0.32880446314811707,0.9901513251697075,,,,
wine,classification,126,13,block_shift,0.3,0.3076923076923077,4,source,1.0,tabicl_indicator,0.23654890060424805,,0.9038461538461539,0.37014240026474,0.9918713881949176,,,,
wine,classification,126,13,block_shift,0.3,0.3076923076923077,4,source,1.0,tabicl_iterimpute,0.24883246421813965,,0.9038461538461539,0.3475189208984375,0.9922356442577032,,,,
wine,classification,126,13,block_shift,0.3,0.3076923076923077,4,source,1.0,tabicl_knnimpute,0.22548127174377441,,0.8846153846153846,0.3418956398963928,0.9821841011179245,,,,
wine,classification,126,13,block_shift,0.3,0.3076923076923077,4,source,1.0,tabicl_aware_zero,0.22330141067504883,,0.9038461538461539,0.36032211780548096,0.990750940015646,,,,
wine,classification,126,13,block_shift,0.3,0.3076923076923077,4,source,1.0,tabicl_aware,0.28435635566711426,,0.9038461538461539,0.2817018926143646,0.9902704831932773,,,,
wine,classification,126,13,block_shift,0.3,0.3076923076923077,4,source,1.0,xgboost,0.06522154808044434,,0.8461538461538461,0.5911729335784912,0.9463848827819415,,,,
wine,classification,126,13,block_shift,0.3,0.3076923076923077,4,source,1.0,catboost,0.2480621337890625,,0.6730769230769231,0.8155054689301539,0.944270163020163,,,,
wine,classification,151,13,block_shift,0.5,0.44727744165946415,4,source,1.0,tabicl_impute,0.26483583450317383,,0.7407407407407407,0.6963562369346619,0.8722018722018721,,,,
wine,classification,151,13,block_shift,0.5,0.44727744165946415,4,source,1.0,tabicl_indicator,0.26329922676086426,,0.7407407407407407,0.7525078654289246,0.862026862026862,,,,
wine,classification,151,13,block_shift,0.5,0.44727744165946415,4,source,1.0,tabicl_iterimpute,0.2660520076751709,,0.6296296296296297,0.8445321321487427,0.87993487993488,,,,
wine,classification,151,13,block_shift,0.5,0.44727744165946415,4,source,1.0,tabicl_knnimpute,0.22823858261108398,,0.6666666666666666,0.8898467421531677,0.7335775335775336,,,,
wine,classification,151,13,block_shift,0.5,0.44727744165946415,4,source,1.0,tabicl_aware_zero,0.22658896446228027,,0.7037037037037037,0.7211698889732361,0.8543549043549042,,,,
wine,classification,151,13,block_shift,0.5,0.44727744165946415,4,source,1.0,tabicl_aware,0.2870786190032959,,0.7037037037037037,0.761591374874115,0.8459503459503459,,,,
wine,classification,151,13,block_shift,0.5,0.44727744165946415,4,source,1.0,xgboost,0.08641982078552246,,0.2962962962962963,3.3680787086486816,0.7890923890923891,,,,
wine,classification,151,13,block_shift,0.5,0.44727744165946415,4,source,1.0,catboost,0.26988744735717773,,0.5185185185185185,1.6525173558444723,0.7799348799348799,,,,
diabetes,regression,309,10,none,0.0,0.0,0,random,,tabicl_impute,0.26996326446533203,,,,,55.49007779364703,0.4997350211678746,0.7669172932330827,1.7310171890189416
diabetes,regression,309,10,none,0.0,0.0,0,random,,tabicl_indicator,0.27027320861816406,,,,,55.49007779364703,0.4997350211678746,0.7669172932330827,1.7310171890189416
diabetes,regression,309,10,none,0.0,0.0,0,random,,tabicl_iterimpute,0.26800107955932617,,,,,55.49007779364703,0.4997350211678746,0.7669172932330827,1.7310171890189416
diabetes,regression,309,10,none,0.0,0.0,0,random,,tabicl_knnimpute,0.26120901107788086,,,,,55.49007779364703,0.4997350211678746,0.7669172932330827,1.7310171890189416
diabetes,regression,309,10,none,0.0,0.0,0,random,,tabicl_aware_zero,0.6724119186401367,,,,,55.49007779364703,0.4997350211678746,0.7669172932330827,1.7310171890189416
diabetes,regression,309,10,none,0.0,0.0,0,random,,tabicl_aware,0.31425905227661133,,,,,55.74772260386966,0.49507869681375727,0.7744360902255639,1.74054716932202
diabetes,regression,309,10,none,0.0,0.0,0,random,,xgboost,0.10430741310119629,,,,,60.83983019953005,0.3986249302163011,,
diabetes,regression,309,10,none,0.0,0.0,0,random,,catboost,0.1787252426147461,,,,,59.82022009416467,0.418612825561116,,
diabetes,regression,212,10,block,0.3,0.24796380090497738,0,source,0.0,tabicl_impute,0.2179427146911621,,,,,66.71394948889309,0.300455457264328,0.6826086956521739,1.8445756564776794
diabetes,regression,212,10,block,0.3,0.24796380090497738,0,source,0.0,tabicl_indicator,0.21646952629089355,,,,,66.71394948889309,0.300455457264328,0.6826086956521739,1.8445756564776794
diabetes,regression,212,10,block,0.3,0.24796380090497738,0,source,0.0,tabicl_iterimpute,0.28242921829223633,,,,,64.78036886976793,0.34041783695547256,0.6695652173913044,1.8005072242655413
diabetes,regression,212,10,block,0.3,0.24796380090497738,0,source,0.0,tabicl_knnimpute,0.21859240531921387,,,,,65.50269138769875,0.3256267130714755,0.6782608695652174,1.7937762023836743
diabetes,regression,212,10,block,0.3,0.24796380090497738,0,source,0.0,tabicl_aware_zero,0.21323323249816895,,,,,66.62090864413936,0.3024052992482965,0.6869565217391305,1.8523205593341923
diabetes,regression,212,10,block,0.3,0.24796380090497738,0,source,0.0,tabicl_aware,0.2769775390625,,,,,65.91975842146071,0.3170116692459066,0.7,1.8655826963774536
diabetes,regression,212,10,block,0.3,0.24796380090497738,0,source,0.0,xgboost,0.05566859245300293,,,,,70.36227606476072,0.22185267594872837,,
diabetes,regression,212,10,block,0.3,0.24796380090497738,0,source,0.0,catboost,0.15187382698059082,,,,,68.58564699846205,0.26065260146573854,,
diabetes,regression,355,10,block,0.5,0.5,0,source,1.0,tabicl_impute,0.22918081283569336,,,,,62.72076136778223,0.28505775411153467,0.8160919540229885,2.306576745025686
diabetes,regression,355,10,block,0.5,0.5,0,source,1.0,tabicl_indicator,0.25524330139160156,,,,,62.79844486089653,0.28328565810453743,0.8275862068965517,2.337801690911156
diabetes,regression,355,10,block,0.5,0.5,0,source,1.0,tabicl_iterimpute,0.2530691623687744,,,,,88.2188676262057,-0.4143968316349711,0.5517241379310345,2.166349698116291
diabetes,regression,355,10,block,0.5,0.5,0,source,1.0,tabicl_knnimpute,0.22888946533203125,,,,,65.31761494166577,0.224630071797549,0.8045977011494253,2.2240031732515604
diabetes,regression,355,10,block,0.5,0.5,0,source,1.0,tabicl_aware_zero,0.22290992736816406,,,,,62.91858017885303,0.28054084287626657,0.8045977011494253,2.2731382107962426
diabetes,regression,355,10,block,0.5,0.5,0,source,1.0,tabicl_aware,0.2885420322418213,,,,,62.74855483534219,0.2844239886295943,0.7931034482758621,2.211419599256028
diabetes,regression,355,10,block,0.5,0.5,0,source,1.0,xgboost,0.06306695938110352,,,,,68.21746955863473,0.1542548254875007,,
diabetes,regression,355,10,block,0.5,0.5,0,source,1.0,catboost,0.16475605964660645,,,,,67.81820795847814,0.16412576939417756,,
diabetes,regression,212,10,block_shift,0.3,0.24796380090497738,0,source,0.0,tabicl_impute,0.2168419361114502,,,,,84.79010871883361,-0.12998441486715828,0.48695652173913045,1.307322901838059
diabetes,regression,212,10,block_shift,0.3,0.24796380090497738,0,source,0.0,tabicl_indicator,0.2138504981994629,,,,,84.79010871883361,-0.12998441486715828,0.48695652173913045,1.307322901838059
diabetes,regression,212,10,block_shift,0.3,0.24796380090497738,0,source,0.0,tabicl_iterimpute,0.21864032745361328,,,,,81.59638758169712,-0.046463135418219226,0.5217391304347826,1.3383827628997456
diabetes,regression,212,10,block_shift,0.3,0.24796380090497738,0,source,0.0,tabicl_knnimpute,0.21860671043395996,,,,,83.39505321301097,-0.09310693500723022,0.4956521739130435,1.3085172727560217
diabetes,regression,212,10,block_shift,0.3,0.24796380090497738,0,source,0.0,tabicl_aware_zero,0.2112274169921875,,,,,84.47338930284236,-0.12155844175179609,0.48695652173913045,1.312192017394222
diabetes,regression,212,10,block_shift,0.3,0.24796380090497738,0,source,0.0,tabicl_aware,0.2757294178009033,,,,,83.70629689676691,-0.10128146092228851,0.49130434782608695,1.316809575689695
diabetes,regression,212,10,block_shift,0.3,0.24796380090497738,0,source,0.0,xgboost,0.07321763038635254,,,,,79.16449656869922,0.014984696365221928,,
diabetes,regression,212,10,block_shift,0.3,0.24796380090497738,0,source,0.0,catboost,0.1865859031677246,,,,,79.3054666361734,0.011473493404513757,,
diabetes,regression,355,10,block_shift,0.5,0.5,0,source,1.0,tabicl_impute,0.22719049453735352,,,,,62.816669651770965,0.28286960116588755,0.9310344827586207,2.66974840391298
diabetes,regression,355,10,block_shift,0.5,0.5,0,source,1.0,tabicl_indicator,0.2647583484649658,,,,,62.11682101419828,0.29875987249510605,0.9195402298850575,2.6027962532363107
diabetes,regression,355,10,block_shift,0.5,0.5,0,source,1.0,tabicl_iterimpute,0.2987325191497803,,,,,80.27068313887803,-0.1710143985251822,0.8045977011494253,2.224611030658534
diabetes,regression,355,10,block_shift,0.5,0.5,0,source,1.0,tabicl_knnimpute,0.24362921714782715,,,,,61.441612579635986,0.3139219450214379,0.8275862068965517,2.0939330019180464
diabetes,regression,355,10,block_shift,0.5,0.5,0,source,1.0,tabicl_aware_zero,0.23871135711669922,,,,,62.21971019583818,0.2964349055804725,0.896551724137931,2.5467902670934106
diabetes,regression,355,10,block_shift,0.5,0.5,0,source,1.0,tabicl_aware,0.34155917167663574,,,,,61.523995496949105,0.312080879919998,0.8390804597701149,2.2370030935725462
diabetes,regression,355,10,block_shift,0.5,0.5,0,source,1.0,xgboost,0.09343123435974121,,,,,70.61695644909929,0.09371183517482784,,
diabetes,regression,355,10,block_shift,0.5,0.5,0,source,1.0,catboost,0.22912287712097168,,,,,66.58406054656484,0.19427123200037533,,
diabetes,regression,309,10,none,0.0,0.0,1,random,,tabicl_impute,0.23050689697265625,,,,,57.08002550994608,0.44259418045929977,0.7669172932330827,1.722600177233775
diabetes,regression,309,10,none,0.0,0.0,1,random,,tabicl_indicator,0.22403359413146973,,,,,57.08002550994608,0.44259418045929977,0.7669172932330827,1.722600177233775
diabetes,regression,309,10,none,0.0,0.0,1,random,,tabicl_iterimpute,0.24537205696105957,,,,,57.08002550994608,0.44259418045929977,0.7669172932330827,1.722600177233775
diabetes,regression,309,10,none,0.0,0.0,1,random,,tabicl_knnimpute,0.27629709243774414,,,,,57.08002550994608,0.44259418045929977,0.7669172932330827,1.722600177233775
diabetes,regression,309,10,none,0.0,0.0,1,random,,tabicl_aware_zero,0.23793864250183105,,,,,57.08002550994608,0.44259418045929977,0.7669172932330827,1.722600177233775
diabetes,regression,309,10,none,0.0,0.0,1,random,,tabicl_aware,0.29132652282714844,,,,,57.11485882697253,0.4419136545524911,0.7593984962406015,1.731335687620751
diabetes,regression,309,10,none,0.0,0.0,1,random,,xgboost,0.06502532958984375,,,,,62.17950445358273,0.3385489736593107,,
diabetes,regression,309,10,none,0.0,0.0,1,random,,catboost,0.1869187355041504,,,,,58.831645086753454,0.40785895379889814,,
diabetes,regression,309,10,block,0.3,0.3,1,source,1.0,tabicl_impute,0.2259533405303955,,,,,60.204548453469215,0.3321331373065407,0.8345864661654135,2.1812703285324146
diabetes,regression,309,10,block,0.3,0.3,1,source,1.0,tabicl_indicator,0.2280867099761963,,,,,59.984869241964375,0.3369981780422535,0.8270676691729323,2.2033866772285013
diabetes,regression,309,10,block,0.3,0.3,1,source,1.0,tabicl_iterimpute,0.23946094512939453,,,,,59.77725968946789,0.3415795771696246,0.8345864661654135,2.087234680177694
diabetes,regression,309,10,block,0.3,0.3,1,source,1.0,tabicl_knnimpute,0.23441743850708008,,,,,60.923059528785714,0.3160966997833461,0.7819548872180451,2.071366303033697
diabetes,regression,309,10,block,0.3,0.3,1,source,1.0,tabicl_aware_zero,0.2284564971923828,,,,,59.928553124616016,0.338242497212922,0.8120300751879699,2.1279079082802053
diabetes,regression,309,10,block,0.3,0.3,1,source,1.0,tabicl_aware,0.28894996643066406,,,,,59.82111246536906,0.34061318445549826,0.8270676691729323,2.1329961784326543
diabetes,regression,309,10,block,0.3,0.3,1,source,1.0,xgboost,0.06626558303833008,,,,,63.964271699644655,0.24611308129822418,,
diabetes,regression,309,10,block,0.3,0.3,1,source,1.0,catboost,0.13787484169006348,,,,,63.50348900818241,0.25693558648063863,,
diabetes,regression,286,10,block,0.5,0.4339366515837104,1,source,0.0,tabicl_impute,0.23070907592773438,,,,,71.50027735310181,0.11119776380162538,0.75,2.4996478913167723
diabetes,regression,286,10,block,0.5,0.4339366515837104,1,source,0.0,tabicl_indicator,0.24474048614501953,,,,,69.80509538275145,0.15284293821878547,0.7243589743589743,2.3655004183128994
diabetes,regression,286,10,block,0.5,0.4339366515837104,1,source,0.0,tabicl_iterimpute,0.2628512382507324,,,,,67.03660363196737,0.21870743486775834,0.7692307692307693,2.319989542561512
diabetes,regression,286,10,block,0.5,0.4339366515837104,1,source,0.0,tabicl_knnimpute,0.2382516860961914,,,,,64.04700282821675,0.2868394554234259,0.8012820512820513,2.2720486463094907
diabetes,regression,286,10,block,0.5,0.4339366515837104,1,source,0.0,tabicl_aware_zero,0.2269134521484375,,,,,70.28055784946336,0.14126317752281747,0.7435897435897436,2.4322354448038395
diabetes,regression,286,10,block,0.5,0.4339366515837104,1,source,0.0,tabicl_aware,0.29349565505981445,,,,,68.46739623085298,0.18500056023373534,0.7307692307692307,2.2662305197291537
diabetes,regression,286,10,block,0.5,0.4339366515837104,1,source,0.0,xgboost,0.06839418411254883,,,,,109.84174693622217,-1.097609051550548,,
diabetes,regression,286,10,block,0.5,0.4339366515837104,1,source,0.0,catboost,0.14689993858337402,,,,,69.0928863412866,0.17004153852418746,,
diabetes,regression,309,10,block_shift,0.3,0.3,1,source,1.0,tabicl_impute,0.2736935615539551,,,,,62.064294617791255,0.2902344165478937,0.7894736842105263,2.12236540966385
diabetes,regression,309,10,block_shift,0.3,0.3,1,source,1.0,tabicl_indicator,0.24654030799865723,,,,,63.39324939289065,0.2595132097136027,0.7819548872180451,2.140565824325002
diabetes,regression,309,10,block_shift,0.3,0.3,1,source,1.0,tabicl_iterimpute,0.25445008277893066,,,,,61.28866388769533,0.3078637489402537,0.8721804511278195,2.5567642016827357
diabetes,regression,309,10,block_shift,0.3,0.3,1,source,1.0,tabicl_knnimpute,0.23546910285949707,,,,,63.7515316602357,0.25111947689423275,0.7443609022556391,2.053865768892171
diabetes,regression,309,10,block_shift,0.3,0.3,1,source,1.0,tabicl_aware_zero,0.23058080673217773,,,,,62.53010876509195,0.27954035946103817,0.7744360902255639,2.110294904436946
diabetes,regression,309,10,block_shift,0.3,0.3,1,source,1.0,tabicl_aware,0.28946566581726074,,,,,63.09084685005731,0.26656099475537454,0.7518796992481203,2.0220256584694347
diabetes,regression,309,10,block_shift,0.3,0.3,1,source,1.0,xgboost,0.08687520027160645,,,,,77.2252366510801,-0.09887877386836741,,
diabetes,regression,309,10,block_shift,0.3,0.3,1,source,1.0,catboost,0.210219144821167,,,,,63.32089299035592,0.26120261303479153,,
diabetes,regression,286,10,block_shift,0.5,0.4669683257918552,1,source,0.0,tabicl_impute,0.22165942192077637,,,,,72.86870165073101,0.07685111671842615,0.7115384615384616,2.392768636436085
diabetes,regression,286,10,block_shift,0.5,0.4669683257918552,1,source,0.0,tabicl_indicator,0.23288297653198242,,,,,72.05872356602578,0.09725973161495471,0.7564102564102564,2.4180500643254774
diabetes,regression,286,10,block_shift,0.5,0.4669683257918552,1,source,0.0,tabicl_iterimpute,0.24587106704711914,,,,,71.04222176075113,0.12254923742169932,0.6858974358974359,2.2385850629539816
diabetes,regression,286,10,block_shift,0.5,0.4669683257918552,1,source,0.0,tabicl_knnimpute,0.2230234146118164,,,,,73.06581900673677,0.071849935554123,0.6987179487179487,2.3318511329436395
diabetes,regression,286,10,block_shift,0.5,0.4669683257918552,1,source,0.0,tabicl_aware_zero,0.21632862091064453,,,,,73.394790246983,0.06347332250061632,0.7051282051282052,2.4564946062448363
diabetes,regression,286,10,block_shift,0.5,0.4669683257918552,1,source,0.0,tabicl_aware,0.28355884552001953,,,,,71.90863687964854,0.10101633977230373,0.7243589743589743,2.273780926199411
diabetes,regression,286,10,block_shift,0.5,0.4669683257918552,1,source,0.0,xgboost,0.07443070411682129,,,,,82.51691592157655,-0.183792710323061,,
diabetes,regression,286,10,block_shift,0.5,0.4669683257918552,1,source,0.0,catboost,0.20230555534362793,,,,,78.07418856068978,-0.059752974331873654,,
diabetes,regression,309,10,none,0.0,0.0,2,random,,tabicl_impute,0.22481274604797363,,,,,57.14077306295514,0.45915901425195305,0.7518796992481203,1.786914434296781
diabetes,regression,309,10,none,0.0,0.0,2,random,,tabicl_indicator,0.22295498847961426,,,,,57.14077306295514,0.45915901425195305,0.7518796992481203,1.786914434296781
diabetes,regression,309,10,none,0.0,0.0,2,random,,tabicl_iterimpute,0.2334578037261963,,,,,57.14077306295514,0.45915901425195305,0.7518796992481203,1.786914434296781
diabetes,regression,309,10,none,0.0,0.0,2,random,,tabicl_knnimpute,0.22257518768310547,,,,,57.14077306295514,0.45915901425195305,0.7518796992481203,1.786914434296781
diabetes,regression,309,10,none,0.0,0.0,2,random,,tabicl_aware_zero,0.220198392868042,,,,,57.14077306295514,0.45915901425195305,0.7518796992481203,1.786914434296781
diabetes,regression,309,10,none,0.0,0.0,2,random,,tabicl_aware,0.28757405281066895,,,,,57.094408741543,0.46003634056958254,0.7819548872180451,1.7955536156334195
diabetes,regression,309,10,none,0.0,0.0,2,random,,xgboost,0.06741595268249512,,,,,63.145480915977394,0.3395165760789919,,
diabetes,regression,309,10,none,0.0,0.0,2,random,,catboost,0.1855306625366211,,,,,60.57583475342699,0.3921783188675436,,
diabetes,regression,211,10,block,0.3,0.20452488687782805,2,source,0.0,tabicl_impute,0.2227921485900879,,,,,60.205737769348524,0.4013313614214977,0.7402597402597403,1.8121668046171038
diabetes,regression,211,10,block,0.3,0.20452488687782805,2,source,0.0,tabicl_indicator,0.2220447063446045,,,,,60.205737769348524,0.4013313614214977,0.7402597402597403,1.8121668046171038
diabetes,regression,211,10,block,0.3,0.20452488687782805,2,source,0.0,tabicl_iterimpute,0.23134160041809082,,,,,59.440707043527425,0.41644919009388837,0.7575757575757576,1.7754947176101916
diabetes,regression,211,10,block,0.3,0.20452488687782805,2,source,0.0,tabicl_knnimpute,0.26708006858825684,,,,,59.359156439922224,0.4180493149230522,0.7532467532467533,1.7591322147233805
diabetes,regression,211,10,block,0.3,0.20452488687782805,2,source,0.0,tabicl_aware_zero,0.22202134132385254,,,,,60.230551501431684,0.40083777841652024,0.7445887445887446,1.8106017382755453
diabetes,regression,211,10,block,0.3,0.20452488687782805,2,source,0.0,tabicl_aware,0.28389501571655273,,,,,60.22028957854021,0.4010419283894717,0.7489177489177489,1.8009750408975918
diabetes,regression,211,10,block,0.3,0.20452488687782805,2,source,0.0,xgboost,0.06255125999450684,,,,,69.05594181817348,0.21238704989136414,,
diabetes,regression,211,10,block,0.3,0.20452488687782805,2,source,0.0,catboost,0.16036033630371094,,,,,63.058265172969094,0.3432580173222306,,
diabetes,regression,293,10,block,0.5,0.4291855203619909,2,source,0.0,tabicl_impute,0.2270960807800293,,,,,61.628409106210164,0.3873016485176173,0.8120805369127517,2.049102187741667
diabetes,regression,293,10,block,0.5,0.4291855203619909,2,source,0.0,tabicl_indicator,0.24363160133361816,,,,,62.28889059357927,0.3740985036508512,0.7919463087248322,1.9841065679734324
diabetes,regression,293,10,block,0.5,0.4291855203619909,2,source,0.0,tabicl_iterimpute,0.24866032600402832,,,,,63.18220833381636,0.3560170035358564,0.8120805369127517,1.9767044225647235
diabetes,regression,293,10,block,0.5,0.4291855203619909,2,source,0.0,tabicl_knnimpute,0.22785162925720215,,,,,62.89122837188969,0.36193495600131564,0.785234899328859,1.9749016588690693
diabetes,regression,293,10,block,0.5,0.4291855203619909,2,source,0.0,tabicl_aware_zero,0.22402477264404297,,,,,61.11203430751541,0.397526041289904,0.825503355704698,2.067642435961915
diabetes,regression,293,10,block,0.5,0.4291855203619909,2,source,0.0,tabicl_aware,0.31073451042175293,,,,,62.444544512494865,0.3709664604746298,0.7718120805369127,1.9367686135540196
diabetes,regression,293,10,block,0.5,0.4291855203619909,2,source,0.0,xgboost,0.13915801048278809,,,,,78.49804762326406,0.005963094739919406,,
diabetes,regression,293,10,block,0.5,0.4291855203619909,2,source,0.0,catboost,0.15858960151672363,,,,,78.7528484001957,-0.0005005678056941854,,
diabetes,regression,211,10,block_shift,0.3,0.252262443438914,2,source,0.0,tabicl_impute,0.2225651741027832,,,,,67.78975512290936,0.24100507327999765,0.7705627705627706,2.2504222468707167
diabetes,regression,211,10,block_shift,0.3,0.252262443438914,2,source,0.0,tabicl_indicator,0.21854615211486816,,,,,67.78975512290936,0.24100507327999765,0.7705627705627706,2.2504222468707167
diabetes,regression,211,10,block_shift,0.3,0.252262443438914,2,source,0.0,tabicl_iterimpute,0.22414898872375488,,,,,69.35296217560375,0.20559718724704157,0.7402597402597403,2.159408373850193
diabetes,regression,211,10,block_shift,0.3,0.252262443438914,2,source,0.0,tabicl_knnimpute,0.21677327156066895,,,,,73.89387724784291,0.0981638242344427,0.7056277056277056,2.165503719933975
diabetes,regression,211,10,block_shift,0.3,0.252262443438914,2,source,0.0,tabicl_aware_zero,0.2142009735107422,,,,,67.95871071208462,0.23721700118456535,0.7662337662337663,2.24928742179634
diabetes,regression,211,10,block_shift,0.3,0.252262443438914,2,source,0.0,tabicl_aware,0.2809126377105713,,,,,67.64207976827761,0.24430830870758669,0.7662337662337663,2.2500041637432635
diabetes,regression,211,10,block_shift,0.3,0.252262443438914,2,source,0.0,xgboost,0.07002782821655273,,,,,80.2819884536323,-0.06450323159590288,,
diabetes,regression,211,10,block_shift,0.3,0.252262443438914,2,source,0.0,catboost,0.18426823616027832,,,,,67.33806368668411,0.2510859282341241,,
diabetes,regression,293,10,block_shift,0.5,0.466289592760181,2,source,0.0,tabicl_impute,0.22141647338867188,,,,,71.269500884495,0.18060703152191637,0.8456375838926175,2.6255863653379086
diabetes,regression,293,10,block_shift,0.5,0.466289592760181,2,source,0.0,tabicl_indicator,0.2432544231414795,,,,,71.69648285831451,0.1707595073485243,0.825503355704698,2.4641010262140104
diabetes,regression,293,10,block_shift,0.5,0.466289592760181,2,source,0.0,tabicl_iterimpute,0.2535135746002197,,,,,78.57513613593288,0.004009760731911061,0.6912751677852349,2.0885178271373275
diabetes,regression,293,10,block_shift,0.5,0.466289592760181,2,source,0.0,tabicl_knnimpute,0.22526073455810547,,,,,70.21907737246363,0.20458269393114425,0.7651006711409396,2.150692243818308
diabetes,regression,293,10,block_shift,0.5,0.466289592760181,2,source,0.0,tabicl_aware_zero,0.26098203659057617,,,,,71.37113557010228,0.17826835576272881,0.8389261744966443,2.4877218431594326
diabetes,regression,293,10,block_shift,0.5,0.466289592760181,2,source,0.0,tabicl_aware,0.287945032119751,,,,,71.63850154474878,0.17210018710449726,0.7651006711409396,2.1870529526469293
diabetes,regression,293,10,block_shift,0.5,0.466289592760181,2,source,0.0,xgboost,0.08141398429870605,,,,,86.11248000740095,-0.19623634112149468,,
diabetes,regression,293,10,block_shift,0.5,0.466289592760181,2,source,0.0,catboost,0.2120976448059082,,,,,108.24514343272429,-0.890173362706026,,
diabetes,regression,309,10,none,0.0,0.0,3,random,,tabicl_impute,0.22634291648864746,,,,,50.20083138263681,0.5423193135696505,0.8796992481203008,1.949746612637376
diabetes,regression,309,10,none,0.0,0.0,3,random,,tabicl_indicator,0.222259521484375,,,,,50.20083138263681,0.5423193135696505,0.8796992481203008,1.949746612637376
diabetes,regression,309,10,none,0.0,0.0,3,random,,tabicl_iterimpute,0.22802329063415527,,,,,50.20083138263681,0.5423193135696505,0.8796992481203008,1.949746612637376
diabetes,regression,309,10,none,0.0,0.0,3,random,,tabicl_knnimpute,0.22219347953796387,,,,,50.20083138263681,0.5423193135696505,0.8796992481203008,1.949746612637376
diabetes,regression,309,10,none,0.0,0.0,3,random,,tabicl_aware_zero,0.22128534317016602,,,,,50.20083138263681,0.5423193135696505,0.8796992481203008,1.949746612637376
diabetes,regression,309,10,none,0.0,0.0,3,random,,tabicl_aware,0.28633856773376465,,,,,50.397264147455154,0.5387305532421092,0.8796992481203008,1.9760123843402277
diabetes,regression,309,10,none,0.0,0.0,3,random,,xgboost,0.06673240661621094,,,,,57.502575576407736,0.39949675058087897,,
diabetes,regression,309,10,none,0.0,0.0,3,random,,catboost,0.18468475341796875,,,,,54.66469048621737,0.45730658265100355,,
diabetes,regression,345,10,block,0.3,0.3,3,source,2.0,tabicl_impute,0.23326826095581055,,,,,68.9202562717602,0.2881864836232657,0.7422680412371134,2.186217280719442
diabetes,regression,345,10,block,0.3,0.3,3,source,2.0,tabicl_indicator,0.26226067543029785,,,,,68.8696813938235,0.2892307824980156,0.7525773195876289,2.1912819360193043
diabetes,regression,345,10,block,0.3,0.3,3,source,2.0,tabicl_iterimpute,0.2601339817047119,,,,,72.45735351026941,0.21324882888212293,0.7835051546391752,2.5126112834465144
diabetes,regression,345,10,block,0.3,0.3,3,source,2.0,tabicl_knnimpute,0.23544955253601074,,,,,64.70238192955082,0.3726455239463138,0.711340206185567,1.8826317852100543
diabetes,regression,345,10,block,0.3,0.3,3,source,2.0,tabicl_aware_zero,0.2233114242553711,,,,,69.17376960803021,0.2829402434994759,0.711340206185567,2.1067856507983898
diabetes,regression,345,10,block,0.3,0.3,3,source,2.0,tabicl_aware,0.2916529178619385,,,,,68.72358177835837,0.29224322458495533,0.6907216494845361,1.9828179668395602
diabetes,regression,345,10,block,0.3,0.3,3,source,2.0,xgboost,0.07447195053100586,,,,,73.6132473929005,0.18794692251252654,,
diabetes,regression,345,10,block,0.3,0.3,3,source,2.0,catboost,0.1894540786743164,,,,,73.93533953664215,0.1808251573372356,,
diabetes,regression,282,10,block,0.5,0.5,3,source,2.0,tabicl_impute,0.2209177017211914,,,,,63.10916691260435,0.332392915809543,0.86875,2.429403142566722
diabetes,regression,282,10,block,0.5,0.5,3,source,2.0,tabicl_indicator,0.22643446922302246,,,,,63.500405202019685,0.32408974571939764,0.88125,2.4854267855636625
diabetes,regression,282,10,block,0.5,0.5,3,source,2.0,tabicl_iterimpute,0.24446868896484375,,,,,62.33311826636362,0.34871099155284746,0.84375,2.217003828316213
diabetes,regression,282,10,block,0.5,0.5,3,source,2.0,tabicl_knnimpute,0.22371482849121094,,,,,62.70622998784858,0.34089072355896455,0.81875,2.1047728161450405
diabetes,regression,282,10,block,0.5,0.5,3,source,2.0,tabicl_aware_zero,0.21615242958068848,,,,,63.045349120821136,0.33374243982238183,0.83125,2.2608649959314984
diabetes,regression,282,10,block,0.5,0.5,3,source,2.0,tabicl_aware,0.2803187370300293,,,,,61.80946353789865,0.35960786343295115,0.8125,2.0687800677935564
diabetes,regression,282,10,block,0.5,0.5,3,source,2.0,xgboost,0.0548701286315918,,,,,71.52178101139782,0.14254234238658847,,
diabetes,regression,282,10,block,0.5,0.5,3,source,2.0,catboost,0.15566563606262207,,,,,76.05695428088794,0.030352455399866418,,
diabetes,regression,345,10,block_shift,0.3,0.3,3,source,2.0,tabicl_impute,0.27288007736206055,,,,,62.680319162211276,0.41124465689856093,0.8144329896907216,2.231947864175329
diabetes,regression,345,10,block_shift,0.3,0.3,3,source,2.0,tabicl_indicator,0.2573671340942383,,,,,61.2562755581158,0.4376928075477261,0.8144329896907216,2.0129993076244377
diabetes,regression,345,10,block_shift,0.3,0.3,3,source,2.0,tabicl_iterimpute,0.26190757751464844,,,,,81.7640413993527,-0.0018372189804081174,0.9381443298969072,2.9930941641662963
diabetes,regression,345,10,block_shift,0.3,0.3,3,source,2.0,tabicl_knnimpute,0.23157978057861328,,,,,74.94421371907471,0.15831676231488612,0.7731958762886598,2.47384931750453
diabetes,regression,345,10,block_shift,0.3,0.3,3,source,2.0,tabicl_aware_zero,0.2307584285736084,,,,,61.154914632363514,0.4395521704086154,0.8041237113402062,2.087865948577675
diabetes,regression,345,10,block_shift,0.3,0.3,3,source,2.0,tabicl_aware,0.2904551029205322,,,,,60.71084175018627,0.447661937931377,0.7731958762886598,1.9036114202568697
diabetes,regression,345,10,block_shift,0.3,0.3,3,source,2.0,xgboost,0.0954892635345459,,,,,72.01119163397144,0.2229079635327531,,
diabetes,regression,345,10,block_shift,0.3,0.3,3,source,2.0,catboost,0.25144386291503906,,,,,69.4780453958554,0.2766180844454408,,
diabetes,regression,282,10,block_shift,0.5,0.4690045248868778,3,source,2.0,tabicl_impute,0.21983647346496582,,,,,73.34571894515337,0.09825118152559076,0.83125,2.254276338147797
diabetes,regression,282,10,block_shift,0.5,0.4690045248868778,3,source,2.0,tabicl_indicator,0.2225477695465088,,,,,72.48144683184047,0.1193775561876419,0.8375,2.2938098652902403
diabetes,regression,282,10,block_shift,0.5,0.4690045248868778,3,source,2.0,tabicl_iterimpute,0.23482656478881836,,,,,71.96734482085756,0.13182554696710247,0.8,2.0740417484451443
diabetes,regression,282,10,block_shift,0.5,0.4690045248868778,3,source,2.0,tabicl_knnimpute,0.2192542552947998,,,,,71.97418825188096,0.1316604283433307,0.8,2.1588074751065305
diabetes,regression,282,10,block_shift,0.5,0.4690045248868778,3,source,2.0,tabicl_aware_zero,0.21840119361877441,,,,,72.06314879887944,0.12951255548403695,0.83125,2.2133508382685854
diabetes,regression,282,10,block_shift,0.5,0.4690045248868778,3,source,2.0,tabicl_aware,0.2861649990081787,,,,,69.73918965724147,0.18475182453650807,0.81875,2.0859144105987495
diabetes,regression,282,10,block_shift,0.5,0.4690045248868778,3,source,2.0,xgboost,0.07356786727905273,,,,,80.57634621860036,-0.0883063981118426,,
diabetes,regression,282,10,block_shift,0.5,0.4690045248868778,3,source,2.0,catboost,0.19997620582580566,,,,,70.35892835925439,0.17019800580101319,,
diabetes,regression,309,10,none,0.0,0.0,4,random,,tabicl_impute,0.22813081741333008,,,,,59.03447821222729,0.46582549936085926,0.7593984962406015,1.6929645683170675
diabetes,regression,309,10,none,0.0,0.0,4,random,,tabicl_indicator,0.2222142219543457,,,,,59.03447821222729,0.46582549936085926,0.7593984962406015,1.6929645683170675
diabetes,regression,309,10,none,0.0,0.0,4,random,,tabicl_iterimpute,0.22947382926940918,,,,,59.03447821222729,0.46582549936085926,0.7593984962406015,1.6929645683170675
diabetes,regression,309,10,none,0.0,0.0,4,random,,tabicl_knnimpute,0.22147822380065918,,,,,59.03447821222729,0.46582549936085926,0.7593984962406015,1.6929645683170675
diabetes,regression,309,10,none,0.0,0.0,4,random,,tabicl_aware_zero,0.21906638145446777,,,,,59.03447821222729,0.46582549936085926,0.7593984962406015,1.6929645683170675
diabetes,regression,309,10,none,0.0,0.0,4,random,,tabicl_aware,0.2870926856994629,,,,,59.13840206371833,0.4639431304162628,0.7669172932330827,1.7108307714180513
diabetes,regression,309,10,none,0.0,0.0,4,random,,xgboost,0.06566715240478516,,,,,70.94002513307942,0.2286448726632292,,
diabetes,regression,309,10,none,0.0,0.0,4,random,,catboost,0.18470239639282227,,,,,63.84842203406696,0.37515538460242925,,
diabetes,regression,292,10,block,0.3,0.3,4,source,2.0,tabicl_impute,0.22948455810546875,,,,,63.428755219938424,0.3102875359127891,0.7733333333333333,2.188121259050405
diabetes,regression,292,10,block,0.3,0.3,4,source,2.0,tabicl_indicator,0.23816800117492676,,,,,64.07302959645362,0.296204936656041,0.78,2.1839936530489745
diabetes,regression,292,10,block,0.3,0.3,4,source,2.0,tabicl_iterimpute,0.29076242446899414,,,,,64.1153115152285,0.29527575866938005,0.76,2.184868921291582
diabetes,regression,292,10,block,0.3,0.3,4,source,2.0,tabicl_knnimpute,0.22879862785339355,,,,,62.853406693475655,0.322743252295846,0.76,2.0626867889662854
diabetes,regression,292,10,block,0.3,0.3,4,source,2.0,tabicl_aware_zero,0.22258234024047852,,,,,63.61450949049613,0.3062419060158149,0.76,2.1157960520715213
diabetes,regression,292,10,block,0.3,0.3,4,source,2.0,tabicl_aware,0.2884180545806885,,,,,63.57289442563124,0.3071492884676854,0.76,2.0805771439812935
diabetes,regression,292,10,block,0.3,0.3,4,source,2.0,xgboost,0.06449747085571289,,,,,76.90934886067524,-0.014037384304909306,,
diabetes,regression,292,10,block,0.3,0.3,4,source,2.0,catboost,0.17528009414672852,,,,,70.73491578516737,0.14224476170243194,,
diabetes,regression,354,10,block,0.5,0.4800904977375566,4,source,0.0,tabicl_impute,0.22905564308166504,,,,,74.85574001090727,-0.014273446080364627,0.7386363636363636,2.659979288747139
diabetes,regression,354,10,block,0.5,0.4800904977375566,4,source,0.0,tabicl_indicator,0.25287294387817383,,,,,73.32036491341796,0.02690761251613205,0.7045454545454546,2.5374481642950015
diabetes,regression,354,10,block,0.5,0.4800904977375566,4,source,0.0,tabicl_iterimpute,0.29395103454589844,,,,,71.42159461464911,0.07665516479684953,0.8409090909090909,2.688056079086776
diabetes,regression,354,10,block,0.5,0.4800904977375566,4,source,0.0,tabicl_knnimpute,0.2299938201904297,,,,,67.03777027321196,0.1865254668547588,0.7727272727272727,2.3579888916210794
diabetes,regression,354,10,block,0.5,0.4800904977375566,4,source,0.0,tabicl_aware_zero,0.22333097457885742,,,,,76.15637334879028,-0.04982605753793745,0.6931818181818182,2.497055483149562
diabetes,regression,354,10,block,0.5,0.4800904977375566,4,source,0.0,tabicl_aware,0.2881917953491211,,,,,70.41797565100417,0.10242259481252947,0.7159090909090909,2.3359113557990105
diabetes,regression,354,10,block,0.5,0.4800904977375566,4,source,0.0,xgboost,0.06362748146057129,,,,,68.40787149374314,0.15293449816980365,,
diabetes,regression,354,10,block,0.5,0.4800904977375566,4,source,0.0,catboost,0.1709883213043213,,,,,80.23467112642352,-0.16527651347501426,,
diabetes,regression,292,10,block_shift,0.3,0.3,4,source,2.0,tabicl_impute,0.23337483406066895,,,,,60.800666147765895,0.36625817169010433,0.8666666666666667,2.5705307691198835
diabetes,regression,292,10,block_shift,0.3,0.3,4,source,2.0,tabicl_indicator,0.24881625175476074,,,,,59.83033698962486,0.38632476822421646,0.84,2.274863518511147
diabetes,regression,292,10,block_shift,0.3,0.3,4,source,2.0,tabicl_iterimpute,0.2595210075378418,,,,,72.43163230993164,0.10060132716712034,0.88,3.0277584323292253
diabetes,regression,292,10,block_shift,0.3,0.3,4,source,2.0,tabicl_knnimpute,0.23010611534118652,,,,,59.991512741757305,0.3830139798420894,0.82,2.245325163249509
diabetes,regression,292,10,block_shift,0.3,0.3,4,source,2.0,tabicl_aware_zero,0.22411441802978516,,,,,60.92579012303575,0.36364708548672897,0.8533333333333334,2.508396913048016
diabetes,regression,292,10,block_shift,0.3,0.3,4,source,2.0,tabicl_aware,0.2911958694458008,,,,,59.64819637275354,0.3900554858872489,0.8133333333333334,2.1381200872599924
diabetes,regression,292,10,block_shift,0.3,0.3,4,source,2.0,xgboost,0.08295965194702148,,,,,64.36486764333011,0.2897790835376286,,
diabetes,regression,292,10,block_shift,0.3,0.3,4,source,2.0,catboost,0.20998311042785645,,,,,74.26562372588884,0.05447859916432363,,
diabetes,regression,354,10,block_shift,0.5,0.4800904977375566,4,source,0.0,tabicl_impute,0.22469329833984375,,,,,66.36167465833745,0.20285098527136325,0.8181818181818182,2.518955441202145
diabetes,regression,354,10,block_shift,0.5,0.4800904977375566,4,source,0.0,tabicl_indicator,0.24851655960083008,,,,,66.19149485782373,0.20693420702563614,0.8068181818181818,2.4744275588881957
diabetes,regression,354,10,block_shift,0.5,0.4800904977375566,4,source,0.0,tabicl_iterimpute,0.2574293613433838,,,,,69.32749318384182,0.130006850002366,0.8977272727272727,2.881959301709268
diabetes,regression,354,10,block_shift,0.5,0.4800904977375566,4,source,0.0,tabicl_knnimpute,0.2735106945037842,,,,,64.1775490261584,0.2544597519683841,0.7954545454545454,2.16349155331663
diabetes,regression,354,10,block_shift,0.5,0.4800904977375566,4,source,0.0,tabicl_aware_zero,0.22311782836914062,,,,,66.82495416118542,0.1916821328684567,0.8409090909090909,2.5643896886632414
diabetes,regression,354,10,block_shift,0.5,0.4800904977375566,4,source,0.0,tabicl_aware,0.29112792015075684,,,,,65.3707661423251,0.22647921251796344,0.7272727272727273,2.2400536440770216
diabetes,regression,354,10,block_shift,0.5,0.4800904977375566,4,source,0.0,xgboost,0.07912540435791016,,,,,74.9193331784923,-0.015997515853792388,,
diabetes,regression,354,10,block_shift,0.5,0.4800904977375566,4,source,0.0,catboost,0.2281019687652588,,,,,70.38107975746208,0.10336292983873163,,
openml:31,classification,700,20,none,0.0,0.0,0,random,,tabicl_impute,0.2896237373352051,,0.78,0.45170801877975464,0.8355555555555556,,,,
openml:31,classification,700,20,none,0.0,0.0,0,random,,tabicl_indicator,0.2920830249786377,,0.78,0.45170801877975464,0.8355555555555556,,,,
openml:31,classification,700,20,none,0.0,0.0,0,random,,tabicl_iterimpute,0.30597615242004395,,0.78,0.45170801877975464,0.8355555555555556,,,,
openml:31,classification,700,20,none,0.0,0.0,0,random,,tabicl_knnimpute,0.2870676517486572,,0.78,0.45170801877975464,0.8355555555555556,,,,
openml:31,classification,700,20,none,0.0,0.0,0,random,,tabicl_aware_zero,0.285064697265625,,0.78,0.45170801877975464,0.8355555555555556,,,,
openml:31,classification,700,20,none,0.0,0.0,0,random,,tabicl_aware,0.34843921661376953,,0.7766666666666666,0.4486393630504608,0.8404232804232804,,,,
openml:31,classification,700,20,none,0.0,0.0,0,random,,xgboost,0.061589956283569336,,0.7633333333333333,0.534471869468689,0.7864021164021162,,,,
openml:31,classification,700,20,none,0.0,0.0,0,random,,catboost,0.2562992572784424,,0.7666666666666667,0.5321151045006128,0.7991534391534391,,,,
openml:31,classification,503,20,block,0.3,0.25,0,source,0.0,tabicl_impute,0.26944589614868164,,0.7303822937625755,0.5266750454902649,0.7529040501819872,,,,
openml:31,classification,503,20,block,0.3,0.25,0,source,0.0,tabicl_indicator,0.26975393295288086,,0.7303822937625755,0.5266750454902649,0.7529040501819872,,,,
openml:31,classification,503,20,block,0.3,0.25,0,source,0.0,tabicl_iterimpute,0.2853200435638428,,0.7404426559356136,0.5247029066085815,0.7566599550840238,,,,
openml:31,classification,503,20,block,0.3,0.25,0,source,0.0,tabicl_knnimpute,0.2992520332336426,,0.7303822937625755,0.5239441990852356,0.757395647796794,,,,
openml:31,classification,503,20,block,0.3,0.25,0,source,0.0,tabicl_aware_zero,0.2660818099975586,,0.7303822937625755,0.5267064571380615,0.7544915976148068,,,,
openml:31,classification,503,20,block,0.3,0.25,0,source,0.0,tabicl_aware,0.32210540771484375,,0.7263581488933601,0.5274839997291565,0.7524394021528692,,,,
openml:31,classification,503,20,block,0.3,0.25,0,source,0.0,xgboost,0.0569765567779541,,0.6961770623742455,0.8221848011016846,0.6798478277704638,,,,
openml:31,classification,503,20,block,0.3,0.25,0,source,0.0,catboost,0.26298093795776367,,0.6237424547283702,0.852945234441484,0.661058623093007,,,,
openml:31,classification,809,20,block,0.5,0.4794,0,source,4.0,tabicl_impute,0.3261387348175049,,0.7120418848167539,0.5839439034461975,0.6454545454545454,,,,
openml:31,classification,809,20,block,0.5,0.4794,0,source,4.0,tabicl_indicator,0.3715043067932129,,0.7120418848167539,0.5870298743247986,0.6469251336898395,,,,
openml:31,classification,809,20,block,0.5,0.4794,0,source,4.0,tabicl_iterimpute,0.6507995128631592,,0.6596858638743456,0.6579445004463196,0.5954545454545455,,,,
openml:31,classification,809,20,block,0.5,0.4794,0,source,4.0,tabicl_knnimpute,0.35482096672058105,,0.6963350785340314,0.5942831635475159,0.5938502673796792,,,,
openml:31,classification,809,20,block,0.5,0.4794,0,source,4.0,tabicl_aware_zero,0.2889590263366699,,0.7120418848167539,0.5815171599388123,0.6588235294117647,,,,
openml:31,classification,809,20,block,0.5,0.4794,0,source,4.0,tabicl_aware,0.3540661334991455,,0.7120418848167539,0.5787896513938904,0.6553475935828875,,,,
openml:31,classification,809,20,block,0.5,0.4794,0,source,4.0,xgboost,0.06569743156433105,,0.6963350785340314,0.5890462398529053,0.6501336898395722,,,,
openml:31,classification,809,20,block,0.5,0.4794,0,source,4.0,catboost,0.29613661766052246,,0.7120418848167539,0.6094141930517247,0.6248663101604277,,,,
openml:31,classification,503,20,block_shift,0.3,0.22485,0,source,0.0,tabicl_impute,0.2640697956085205,,0.7002012072434608,0.5780549645423889,0.6574479207000696,,,,
openml:31,classification,503,20,block_shift,0.3,0.22485,0,source,0.0,tabicl_indicator,0.2645299434661865,,0.7002012072434608,0.5780549645423889,0.6574479207000696,,,,
openml:31,classification,503,20,block_shift,0.3,0.22485,0,source,0.0,tabicl_iterimpute,0.28942179679870605,,0.6981891348088531,0.5800886750221252,0.657157515681871,,,,
openml:31,classification,503,20,block_shift,0.3,0.22485,0,source,0.0,tabicl_knnimpute,0.3058040142059326,,0.6981891348088531,0.5974969267845154,0.6337411910477813,,,,
openml:31,classification,503,20,block_shift,0.3,0.22485,0,source,0.0,tabicl_aware_zero,0.27588868141174316,,0.6961770623742455,0.5795438885688782,0.654892356539921,,,,
openml:31,classification,503,20,block_shift,0.3,0.22485,0,source,0.0,tabicl_aware,0.33599328994750977,,0.7022132796780685,0.5870043635368347,0.6593645938201812,,,,
openml:31,classification,503,20,block_shift,0.3,0.22485,0,source,0.0,xgboost,0.0597531795501709,,0.7022132796780685,1.2328554391860962,0.6021935259041277,,,,
openml:31,classification,503,20,block_shift,0.3,0.22485,0,source,0.0,catboost,0.2765645980834961,,0.6961770623742455,0.715706492511328,0.6005478974676682,,,,
openml:31,classification,809,20,block_shift,0.5,0.4896,0,source,4.0,tabicl_impute,0.289980411529541,,0.7120418848167539,0.5735692381858826,0.6482620320855615,,,,
openml:31,classification,809,20,block_shift,0.5,0.4896,0,source,4.0,tabicl_indicator,0.4215214252471924,,0.7382198952879581,0.5861465930938721,0.6504010695187167,,,,
openml:31,classification,809,20,block_shift,0.5,0.4896,0,source,4.0,tabicl_iterimpute,0.8107500076293945,,0.7120418848167539,0.602525532245636,0.6064171122994653,,,,
openml:31,classification,809,20,block_shift,0.5,0.4896,0,source,4.0,tabicl_knnimpute,0.3604421615600586,,0.7120418848167539,0.5763970017433167,0.66524064171123,,,,
openml:31,classification,809,20,block_shift,0.5,0.4896,0,source,4.0,tabicl_aware_zero,0.28789544105529785,,0.7120418848167539,0.5787814259529114,0.6447860962566845,,,,
openml:31,classification,809,20,block_shift,0.5,0.4896,0,source,4.0,tabicl_aware,0.3508422374725342,,0.7120418848167539,0.5778937339782715,0.6364973262032085,,,,
openml:31,classification,809,20,block_shift,0.5,0.4896,0,source,4.0,xgboost,0.0776219367980957,,0.6963350785340314,0.6541519165039062,0.5790106951871659,,,,
openml:31,classification,809,20,block_shift,0.5,0.4896,0,source,4.0,catboost,0.29886293411254883,,0.6544502617801047,0.651163669282011,0.5752673796791445,,,,
openml:31,classification,700,20,none,0.0,0.0,1,random,,tabicl_impute,0.28882265090942383,,0.7766666666666666,0.46458709239959717,0.8243386243386245,,,,
openml:31,classification,700,20,none,0.0,0.0,1,random,,tabicl_indicator,0.28949737548828125,,0.7766666666666666,0.46458709239959717,0.8243386243386245,,,,
openml:31,classification,700,20,none,0.0,0.0,1,random,,tabicl_iterimpute,0.3158397674560547,,0.7766666666666666,0.46458709239959717,0.8243386243386245,,,,
openml:31,classification,700,20,none,0.0,0.0,1,random,,tabicl_knnimpute,0.2874307632446289,,0.7766666666666666,0.46458709239959717,0.8243386243386245,,,,
openml:31,classification,700,20,none,0.0,0.0,1,random,,tabicl_aware_zero,0.29128313064575195,,0.7766666666666666,0.46458709239959717,0.8243386243386245,,,,
openml:31,classification,700,20,none,0.0,0.0,1,random,,tabicl_aware,0.34923672676086426,,0.7733333333333333,0.4640609323978424,0.8239153439153438,,,,
openml:31,classification,700,20,none,0.0,0.0,1,random,,xgboost,0.06014060974121094,,0.7733333333333333,0.5411013960838318,0.8013227513227514,,,,
openml:31,classification,700,20,none,0.0,0.0,1,random,,catboost,0.2812917232513428,,0.79,0.5156855488475127,0.80994708994709,,,,
openml:31,classification,667,20,block,0.3,0.3,1,source,2.0,tabicl_impute,0.2847564220428467,,0.7387387387387387,0.5483845472335815,0.7526886309320587,,,,
openml:31,classification,667,20,block,0.3,0.3,1,source,2.0,tabicl_indicator,0.30554699897766113,,0.7327327327327328,0.5517539381980896,0.7524325708432913,,,,
openml:31,classification,667,20,block,0.3,0.3,1,source,2.0,tabicl_iterimpute,0.5659406185150146,,0.7357357357357357,0.5517030358314514,0.7349778081256402,,,,
openml:31,classification,667,20,block,0.3,0.3,1,source,2.0,tabicl_knnimpute,0.3237137794494629,,0.7297297297297297,0.5493115782737732,0.7381358825537726,,,,
openml:31,classification,667,20,block,0.3,0.3,1,source,2.0,tabicl_aware_zero,0.2772331237792969,,0.7267267267267268,0.5466799139976501,0.7498719699556162,,,,
openml:31,classification,667,20,block,0.3,0.3,1,source,2.0,tabicl_aware,0.33971095085144043,,0.7327327327327328,0.5382556915283203,0.7539689313758962,,,,
openml:31,classification,667,20,block,0.3,0.3,1,source,2.0,xgboost,0.06188249588012695,,0.7057057057057057,0.7005929350852966,0.6901459542505974,,,,
openml:31,classification,667,20,block,0.3,0.3,1,source,2.0,catboost,0.2941255569458008,,0.7267267267267268,0.6652878258283421,0.7409098668487538,,,,
openml:31,classification,684,20,block,0.5,0.4486,1,source,2.0,tabicl_impute,0.27957773208618164,,0.6740506329113924,0.603646993637085,0.6778392597968069,,,,
openml:31,classification,684,20,block,0.5,0.4486,1,source,2.0,tabicl_indicator,0.31931281089782715,,0.680379746835443,0.5989340543746948,0.6682465529753265,,,,
openml:31,classification,684,20,block,0.5,0.4486,1,source,2.0,tabicl_iterimpute,0.3645286560058594,,0.5221518987341772,0.7001113891601562,0.5668087808417998,,,,
openml:31,classification,684,20,block,0.5,0.4486,1,source,2.0,tabicl_knnimpute,0.33372974395751953,,0.6740506329113924,0.6004237532615662,0.6589713352685052,,,,
openml:31,classification,684,20,block,0.5,0.4486,1,source,2.0,tabicl_aware_zero,0.2800891399383545,,0.6740506329113924,0.6003508567810059,0.6787917271407837,,,,
openml:31,classification,684,20,block,0.5,0.4486,1,source,2.0,tabicl_aware,0.34502243995666504,,0.6993670886075949,0.5927274823188782,0.6687681422351234,,,,
openml:31,classification,684,20,block,0.5,0.4486,1,source,2.0,xgboost,0.05961346626281738,,0.6772151898734177,1.014930248260498,0.6467706821480407,,,,
openml:31,classification,684,20,block,0.5,0.4486,1,source,2.0,catboost,0.2825777530670166,,0.620253164556962,0.7131782135595005,0.5714350507982584,,,,
openml:31,classification,667,20,block_shift,0.3,0.3,1,source,2.0,tabicl_impute,0.2781689167022705,,0.7057057057057057,0.5497161746025085,0.7354899283031752,,,,
openml:31,classification,667,20,block_shift,0.3,0.3,1,source,2.0,tabicl_indicator,0.3044891357421875,,0.7117117117117117,0.5597971081733704,0.7325879139638102,,,,
openml:31,classification,667,20,block_shift,0.3,0.3,1,source,2.0,tabicl_iterimpute,0.8666303157806396,,0.6966966966966966,0.6217828392982483,0.6587999317173097,,,,
openml:31,classification,667,20,block_shift,0.3,0.3,1,source,2.0,tabicl_knnimpute,0.33192944526672363,,0.6906906906906907,0.5398699641227722,0.7363434619324001,,,,
openml:31,classification,667,20,block_shift,0.3,0.3,1,source,2.0,tabicl_aware_zero,0.28307127952575684,,0.6936936936936937,0.5565462112426758,0.7304114032092863,,,,
openml:31,classification,667,20,block_shift,0.3,0.3,1,source,2.0,tabicl_aware,0.3900768756866455,,0.6906906906906907,0.5396264791488647,0.73839194264254,,,,
openml:31,classification,667,20,block_shift,0.3,0.3,1,source,2.0,xgboost,0.07487106323242188,,0.6756756756756757,0.595985472202301,0.6963980880846705,,,,
openml:31,classification,667,20,block_shift,0.3,0.3,1,source,2.0,catboost,0.36437535285949707,,0.7027027027027027,0.6364581743676089,0.7059149880505293,,,,
openml:31,classification,684,20,block_shift,0.5,0.4498,1,source,2.0,tabicl_impute,0.26831483840942383,,0.6835443037974683,0.6031067967414856,0.6648675616835994,,,,
openml:31,classification,684,20,block_shift,0.5,0.4498,1,source,2.0,tabicl_indicator,0.29456329345703125,,0.7056962025316456,0.6039338707923889,0.6605134252539913,,,,
openml:31,classification,684,20,block_shift,0.5,0.4498,1,source,2.0,tabicl_iterimpute,0.3493540287017822,,0.6708860759493671,0.6056990027427673,0.684143686502177,,,,
openml:31,classification,684,20,block_shift,0.5,0.4498,1,source,2.0,tabicl_knnimpute,0.32057857513427734,,0.7025316455696202,0.6035451292991638,0.6311230043541364,,,,
openml:31,classification,684,20,block_shift,0.5,0.4498,1,source,2.0,tabicl_aware_zero,0.26657843589782715,,0.6740506329113924,0.6041571497917175,0.6619194484760523,,,,
openml:31,classification,684,20,block_shift,0.5,0.4498,1,source,2.0,tabicl_aware,0.3295464515686035,,0.6993670886075949,0.6096811890602112,0.6498095065312046,,,,
openml:31,classification,684,20,block_shift,0.5,0.4498,1,source,2.0,xgboost,0.0673530101776123,,0.6867088607594937,0.6320180296897888,0.6397859216255443,,,,
openml:31,classification,684,20,block_shift,0.5,0.4498,1,source,2.0,catboost,0.2866344451904297,,0.6867088607594937,0.6896962412819726,0.5897133526850509,,,,
openml:31,classification,700,20,none,0.0,0.0,2,random,,tabicl_impute,0.28957676887512207,,0.7866666666666666,0.4631144106388092,0.822857142857143,,,,
openml:31,classification,700,20,none,0.0,0.0,2,random,,tabicl_indicator,0.28875207901000977,,0.7866666666666666,0.4631144106388092,0.822857142857143,,,,
openml:31,classification,700,20,none,0.0,0.0,2,random,,tabicl_iterimpute,0.31351637840270996,,0.7866666666666666,0.4631144106388092,0.822857142857143,,,,
openml:31,classification,700,20,none,0.0,0.0,2,random,,tabicl_knnimpute,0.2950413227081299,,0.7866666666666666,0.4631144106388092,0.822857142857143,,,,
openml:31,classification,700,20,none,0.0,0.0,2,random,,tabicl_aware_zero,0.29912614822387695,,0.7866666666666666,0.4631144106388092,0.822857142857143,,,,
openml:31,classification,700,20,none,0.0,0.0,2,random,,tabicl_aware,0.35704493522644043,,0.7866666666666666,0.4650875926017761,0.8208994708994709,,,,
openml:31,classification,700,20,none,0.0,0.0,2,random,,xgboost,0.0566868782043457,,0.8,0.47705504298210144,0.8154497354497354,,,,
openml:31,classification,700,20,none,0.0,0.0,2,random,,catboost,0.28165674209594727,,0.7766666666666666,0.4908016371688312,0.8126984126984127,,,,
openml:31,classification,508,20,block,0.3,0.2746,2,source,1.0,tabicl_impute,0.2656059265136719,,0.7317073170731707,0.5590082406997681,0.7398133116883117,,,,
openml:31,classification,508,20,block,0.3,0.2746,2,source,1.0,tabicl_indicator,0.263444185256958,,0.7317073170731707,0.5590082406997681,0.7398133116883117,,,,
openml:31,classification,508,20,block,0.3,0.2746,2,source,1.0,tabicl_iterimpute,0.27569079399108887,,0.7317073170731707,0.5685056447982788,0.7026582792207792,,,,
openml:31,classification,508,20,block,0.3,0.2746,2,source,1.0,tabicl_knnimpute,0.3321504592895508,,0.725609756097561,0.5644825100898743,0.6823660714285715,,,,
openml:31,classification,508,20,block,0.3,0.2746,2,source,1.0,tabicl_aware_zero,0.259000301361084,,0.7296747967479674,0.5554873943328857,0.7401176948051948,,,,
openml:31,classification,508,20,block,0.3,0.2746,2,source,1.0,tabicl_aware,0.32236266136169434,,0.7398373983739838,0.5423193573951721,0.7445819805194804,,,,
openml:31,classification,508,20,block,0.3,0.2746,2,source,1.0,xgboost,0.05656862258911133,,0.7296747967479674,0.7085091471672058,0.7052252435064934,,,,
openml:31,classification,508,20,block,0.3,0.2746,2,source,1.0,catboost,0.26310181617736816,,0.733739837398374,0.6009328937122366,0.6886769480519481,,,,
openml:31,classification,655,20,block,0.5,0.43385,2,source,0.0,tabicl_impute,0.2731294631958008,,0.6898550724637681,0.6146492958068848,0.6481624758220503,,,,
openml:31,classification,655,20,block,0.5,0.43385,2,source,0.0,tabicl_indicator,0.30399250984191895,,0.6782608695652174,0.6340130567550659,0.6474661508704063,,,,
openml:31,classification,655,20,block,0.5,0.43385,2,source,0.0,tabicl_iterimpute,0.3332350254058838,,0.6869565217391305,0.6057896018028259,0.6493230174081237,,,,
openml:31,classification,655,20,block,0.5,0.43385,2,source,0.0,tabicl_knnimpute,0.32378292083740234,,0.672463768115942,0.6298270225524902,0.5711411992263056,,,,
openml:31,classification,655,20,block,0.5,0.43385,2,source,0.0,tabicl_aware_zero,0.2749292850494385,,0.6927536231884058,0.6167612075805664,0.650019342359768,,,,
openml:31,classification,655,20,block,0.5,0.43385,2,source,0.0,tabicl_aware,0.34348511695861816,,0.6956521739130435,0.6022829413414001,0.6459187620889748,,,,
openml:31,classification,655,20,block,0.5,0.43385,2,source,0.0,xgboost,0.06538033485412598,,0.39710144927536234,1.0864791870117188,0.5480270793036751,,,,
openml:31,classification,655,20,block,0.5,0.43385,2,source,0.0,catboost,0.2882723808288574,,0.553623188405797,0.7600663844051891,0.5582978723404255,,,,
openml:31,classification,508,20,block_shift,0.3,0.3,2,source,1.0,tabicl_impute,0.2556443214416504,,0.7154471544715447,0.5894018411636353,0.6022930194805194,,,,
openml:31,classification,508,20,block_shift,0.3,0.3,2,source,1.0,tabicl_indicator,0.26319336891174316,,0.7154471544715447,0.5894018411636353,0.6022930194805194,,,,
openml:31,classification,508,20,block_shift,0.3,0.3,2,source,1.0,tabicl_iterimpute,0.2862884998321533,,0.7154471544715447,0.5929867029190063,0.5851055194805195,,,,
openml:31,classification,508,20,block_shift,0.3,0.3,2,source,1.0,tabicl_knnimpute,0.2957899570465088,,0.6991869918699187,0.6017473340034485,0.5648133116883116,,,,
openml:31,classification,508,20,block_shift,0.3,0.3,2,source,1.0,tabicl_aware_zero,0.2568192481994629,,0.7154471544715447,0.5902019739151001,0.5999594155844156,,,,
openml:31,classification,508,20,block_shift,0.3,0.3,2,source,1.0,tabicl_aware,0.32308006286621094,,0.7154471544715447,0.5879948139190674,0.5910308441558442,,,,
openml:31,classification,508,20,block_shift,0.3,0.3,2,source,1.0,xgboost,0.056832075119018555,,0.6910569105691057,0.6659659743309021,0.5276887175324676,,,,
openml:31,classification,508,20,block_shift,0.3,0.3,2,source,1.0,catboost,0.27404212951660156,,0.6158536585365854,0.7114664000732981,0.5601461038961039,,,,
openml:31,classification,655,20,block_shift,0.5,0.46645,2,source,0.0,tabicl_impute,0.2779505252838135,,0.6811594202898551,0.6123599410057068,0.6320116054158608,,,,
openml:31,classification,655,20,block_shift,0.5,0.46645,2,source,0.0,tabicl_indicator,0.3240017890930176,,0.6811594202898551,0.6238962411880493,0.6224564796905223,,,,
openml:31,classification,655,20,block_shift,0.5,0.46645,2,source,0.0,tabicl_iterimpute,0.34354162216186523,,0.6753623188405797,0.6539292335510254,0.6022437137330754,,,,
openml:31,classification,655,20,block_shift,0.5,0.46645,2,source,0.0,tabicl_knnimpute,0.3429901599884033,,0.6666666666666666,0.6159003376960754,0.6029593810444875,,,,
openml:31,classification,655,20,block_shift,0.5,0.46645,2,source,0.0,tabicl_aware_zero,0.2798302173614502,,0.6811594202898551,0.6083330512046814,0.6327466150870407,,,,
openml:31,classification,655,20,block_shift,0.5,0.46645,2,source,0.0,tabicl_aware,0.3405458927154541,,0.6840579710144927,0.6091578602790833,0.6307350096711799,,,,
openml:31,classification,655,20,block_shift,0.5,0.46645,2,source,0.0,xgboost,0.07473993301391602,,0.5681159420289855,0.8831228017807007,0.5527659574468085,,,,
openml:31,classification,655,20,block_shift,0.5,0.46645,2,source,0.0,catboost,0.2928900718688965,,0.5246376811594203,0.7413071062548208,0.5454738878143133,,,,
openml:31,classification,700,20,none,0.0,0.0,3,random,,tabicl_impute,0.3294229507446289,,0.7866666666666666,0.5072088837623596,0.7725396825396824,,,,
openml:31,classification,700,20,none,0.0,0.0,3,random,,tabicl_indicator,0.289276123046875,,0.7866666666666666,0.5072088837623596,0.7725396825396824,,,,
openml:31,classification,700,20,none,0.0,0.0,3,random,,tabicl_iterimpute,0.31791257858276367,,0.7866666666666666,0.5072088837623596,0.7725396825396824,,,,
openml:31,classification,700,20,none,0.0,0.0,3,random,,tabicl_knnimpute,0.2942795753479004,,0.7866666666666666,0.5072088837623596,0.7725396825396824,,,,
openml:31,classification,700,20,none,0.0,0.0,3,random,,tabicl_aware_zero,0.29351186752319336,,0.7866666666666666,0.5072088837623596,0.7725396825396824,,,,
openml:31,classification,700,20,none,0.0,0.0,3,random,,tabicl_aware,0.35794520378112793,,0.79,0.5036540627479553,0.7758201058201057,,,,
openml:31,classification,700,20,none,0.0,0.0,3,random,,xgboost,0.06324553489685059,,0.7766666666666666,0.5844683051109314,0.7734920634920635,,,,
openml:31,classification,700,20,none,0.0,0.0,3,random,,catboost,0.2855556011199951,,0.7766666666666666,0.5714117448387641,0.784973544973545,,,,
openml:31,classification,731,20,block,0.3,0.3,3,source,3.0,tabicl_impute,0.29672813415527344,,0.7397769516728625,0.5505085587501526,0.7427127866303925,,,,
openml:31,classification,731,20,block,0.3,0.3,3,source,3.0,tabicl_indicator,0.35979199409484863,,0.7174721189591078,0.5573059916496277,0.7341624562767198,,,,
openml:31,classification,731,20,block,0.3,0.3,3,source,3.0,tabicl_iterimpute,0.557075023651123,,0.6579925650557621,0.6055708527565002,0.6070086798808135,,,,
openml:31,classification,731,20,block,0.3,0.3,3,source,3.0,tabicl_knnimpute,0.3534858226776123,,0.7323420074349443,0.5596591234207153,0.7120741028630652,,,,
openml:31,classification,731,20,block,0.3,0.3,3,source,3.0,tabicl_aware_zero,0.3035426139831543,,0.7063197026022305,0.5563614368438721,0.7438787407695298,,,,
openml:31,classification,731,20,block,0.3,0.3,3,source,3.0,tabicl_aware,0.36259007453918457,,0.7360594795539034,0.5481418967247009,0.7465993004275165,,,,
openml:31,classification,731,20,block,0.3,0.3,3,source,3.0,xgboost,0.0647432804107666,,0.7323420074349443,0.6491998434066772,0.7221142635056356,,,,
openml:31,classification,731,20,block,0.3,0.3,3,source,3.0,catboost,0.29172325134277344,,0.6951672862453532,0.6843601483547488,0.6715248089130715,,,,
openml:31,classification,688,20,block,0.5,0.4826,3,source,2.0,tabicl_impute,0.27523112297058105,,0.7051282051282052,0.5775610208511353,0.7089179841897233,,,,
openml:31,classification,688,20,block,0.5,0.4826,3,source,2.0,tabicl_indicator,0.3134181499481201,,0.7051282051282052,0.5769721269607544,0.7090167984189722,,,,
openml:31,classification,688,20,block,0.5,0.4826,3,source,2.0,tabicl_iterimpute,0.30370116233825684,,0.7051282051282052,0.5794858336448669,0.7175642292490119,,,,
openml:31,classification,688,20,block,0.5,0.4826,3,source,2.0,tabicl_knnimpute,0.3388700485229492,,0.7051282051282052,0.581170380115509,0.6388586956521739,,,,
openml:31,classification,688,20,block,0.5,0.4826,3,source,2.0,tabicl_aware_zero,0.2829315662384033,,0.7051282051282052,0.5782212615013123,0.6998764822134388,,,,
openml:31,classification,688,20,block,0.5,0.4826,3,source,2.0,tabicl_aware,0.33807945251464844,,0.7051282051282052,0.569388747215271,0.7074357707509882,,,,
openml:31,classification,688,20,block,0.5,0.4826,3,source,2.0,xgboost,0.06700706481933594,,0.7051282051282052,0.921697199344635,0.6520503952569171,,,,
openml:31,classification,688,20,block,0.5,0.4826,3,source,2.0,catboost,0.2743518352508545,,0.6730769230769231,0.707379569257975,0.48851284584980237,,,,
openml:31,classification,731,20,block_shift,0.3,0.3,3,source,3.0,tabicl_impute,0.2957425117492676,,0.6988847583643123,0.5487306714057922,0.7377250939240835,,,,
openml:31,classification,731,20,block_shift,0.3,0.3,3,source,3.0,tabicl_indicator,0.37240028381347656,,0.7174721189591078,0.5463012456893921,0.7396683508226455,,,,
openml:31,classification,731,20,block_shift,0.3,0.3,3,source,3.0,tabicl_iterimpute,0.36045193672180176,,0.7211895910780669,0.5390188097953796,0.7553439564710455,,,,
openml:31,classification,731,20,block_shift,0.3,0.3,3,source,3.0,tabicl_knnimpute,0.35887670516967773,,0.7026022304832714,0.5560484528541565,0.7238631947143412,,,,
openml:31,classification,731,20,block_shift,0.3,0.3,3,source,3.0,tabicl_aware_zero,0.29097723960876465,,0.6988847583643123,0.5465235710144043,0.7479595802565098,,,,
openml:31,classification,731,20,block_shift,0.3,0.3,3,source,3.0,tabicl_aware,0.3546323776245117,,0.7137546468401487,0.5389458537101746,0.7532063738826272,,,,
openml:31,classification,731,20,block_shift,0.3,0.3,3,source,3.0,xgboost,0.07629871368408203,,0.5390334572490706,0.8439351320266724,0.6542298225158698,,,,
openml:31,classification,731,20,block_shift,0.3,0.3,3,source,3.0,catboost,0.2939646244049072,,0.7100371747211895,0.7196728857457307,0.7179686487887033,,,,
openml:31,classification,688,20,block_shift,0.5,0.4844,3,source,2.0,tabicl_impute,0.28354334831237793,,0.7051282051282052,0.5919758081436157,0.6233201581027668,,,,
openml:31,classification,688,20,block_shift,0.5,0.4844,3,source,2.0,tabicl_indicator,0.3770163059234619,,0.7051282051282052,0.5924713015556335,0.6418478260869565,,,,
openml:31,classification,688,20,block_shift,0.5,0.4844,3,source,2.0,tabicl_iterimpute,0.49028706550598145,,0.7051282051282052,0.6084097623825073,0.5516798418972332,,,,
openml:31,classification,688,20,block_shift,0.5,0.4844,3,source,2.0,tabicl_knnimpute,0.33559656143188477,,0.7051282051282052,0.5785642862319946,0.6696640316205533,,,,
openml:31,classification,688,20,block_shift,0.5,0.4844,3,source,2.0,tabicl_aware_zero,0.27457737922668457,,0.7051282051282052,0.5882675647735596,0.6661067193675889,,,,
openml:31,classification,688,20,block_shift,0.5,0.4844,3,source,2.0,tabicl_aware,0.33693480491638184,,0.7051282051282052,0.5855540037155151,0.6616600790513834,,,,
openml:31,classification,688,20,block_shift,0.5,0.4844,3,source,2.0,xgboost,0.07254648208618164,,0.6923076923076923,0.6074754595756531,0.6013092885375493,,,,
openml:31,classification,688,20,block_shift,0.5,0.4844,3,source,2.0,catboost,0.2903597354888916,,0.6217948717948718,0.6898427478346074,0.6284337944664031,,,,
openml:31,classification,700,20,none,0.0,0.0,4,random,,tabicl_impute,0.28283047676086426,,0.7466666666666667,0.4685279428958893,0.8142328042328042,,,,
openml:31,classification,700,20,none,0.0,0.0,4,random,,tabicl_indicator,0.2839486598968506,,0.7466666666666667,0.4685279428958893,0.8142328042328042,,,,
openml:31,classification,700,20,none,0.0,0.0,4,random,,tabicl_iterimpute,0.31401705741882324,,0.7466666666666667,0.4685279428958893,0.8142328042328042,,,,
openml:31,classification,700,20,none,0.0,0.0,4,random,,tabicl_knnimpute,0.2895162105560303,,0.7466666666666667,0.4685279428958893,0.8142328042328042,,,,
openml:31,classification,700,20,none,0.0,0.0,4,random,,tabicl_aware_zero,0.2949197292327881,,0.7466666666666667,0.4685279428958893,0.8142328042328042,,,,
openml:31,classification,700,20,none,0.0,0.0,4,random,,tabicl_aware,0.34856462478637695,,0.75,0.47002819180488586,0.8124867724867726,,,,
openml:31,classification,700,20,none,0.0,0.0,4,random,,xgboost,0.06296586990356445,,0.7533333333333333,0.5175585746765137,0.8112169312169312,,,,
openml:31,classification,700,20,none,0.0,0.0,4,random,,catboost,0.251096248626709,,0.7533333333333333,0.5289923056391965,0.8036507936507937,,,,
openml:31,classification,653,20,block,0.3,0.3,4,source,1.0,tabicl_impute,0.2878544330596924,,0.7377521613832853,0.5647335052490234,0.6543183379120879,,,,
openml:31,classification,653,20,block,0.3,0.3,4,source,1.0,tabicl_indicator,0.3092169761657715,,0.7377521613832853,0.5580666661262512,0.6606284340659341,,,,
openml:31,classification,653,20,block,0.3,0.3,4,source,1.0,tabicl_iterimpute,0.6381094455718994,,0.7146974063400576,0.6562258005142212,0.6382855425824177,,,,
openml:31,classification,653,20,block,0.3,0.3,4,source,1.0,tabicl_knnimpute,0.3313722610473633,,0.7262247838616714,0.5660810470581055,0.6612723214285714,,,,
openml:31,classification,653,20,block,0.3,0.3,4,source,1.0,tabicl_aware_zero,0.2823672294616699,,0.7435158501440923,0.5589536428451538,0.6365899725274726,,,,
openml:31,classification,653,20,block,0.3,0.3,4,source,1.0,tabicl_aware,0.34517860412597656,,0.7463976945244957,0.5571160316467285,0.6452180631868132,,,,
openml:31,classification,653,20,block,0.3,0.3,4,source,1.0,xgboost,0.060874223709106445,,0.3314121037463977,1.2188496589660645,0.664320054945055,,,,
openml:31,classification,653,20,block,0.3,0.3,4,source,1.0,catboost,0.2841215133666992,,0.654178674351585,0.671488916622595,0.6450892857142858,,,,
openml:31,classification,809,20,block,0.5,0.5,4,source,1.0,tabicl_impute,0.336012601852417,,0.6178010471204188,0.6243588924407959,0.8423496633387508,,,,
openml:31,classification,809,20,block,0.5,0.5,4,source,1.0,tabicl_indicator,0.3900763988494873,,0.6178010471204188,0.6398674845695496,0.8408404922219642,,,,
openml:31,classification,809,20,block,0.5,0.5,4,source,1.0,tabicl_iterimpute,0.5701282024383545,,0.6178010471204188,0.6664392948150635,0.5680868353842582,,,,
openml:31,classification,809,20,block,0.5,0.5,4,source,1.0,tabicl_knnimpute,0.3636462688446045,,0.6178010471204188,0.6158357262611389,0.7585326213141398,,,,
openml:31,classification,809,20,block,0.5,0.5,4,source,1.0,tabicl_aware_zero,0.29546260833740234,,0.6178010471204188,0.621051549911499,0.8377060599024843,,,,
openml:31,classification,809,20,block,0.5,0.5,4,source,1.0,tabicl_aware,0.3571648597717285,,0.6178010471204188,0.6172721982002258,0.8327141862084977,,,,
openml:31,classification,809,20,block,0.5,0.5,4,source,1.0,xgboost,0.06930851936340332,,0.6335078534031413,0.6478741765022278,0.6694915254237288,,,,
openml:31,classification,809,20,block,0.5,0.5,4,source,1.0,catboost,0.29436159133911133,,0.6596858638743456,0.6330032549377574,0.7252147666589275,,,,
openml:31,classification,653,20,block_shift,0.3,0.28265,4,source,1.0,tabicl_impute,0.2878551483154297,,0.7319884726224783,0.5126176476478577,0.7547647664835165,,,,
openml:31,classification,653,20,block_shift,0.3,0.28265,4,source,1.0,tabicl_indicator,0.3083069324493408,,0.7348703170028819,0.5069588422775269,0.7575120192307693,,,,
openml:31,classification,653,20,block_shift,0.3,0.28265,4,source,1.0,tabicl_iterimpute,0.3052971363067627,,0.7406340057636888,0.5043219923973083,0.7445913461538463,,,,
openml:31,classification,653,20,block_shift,0.3,0.28265,4,source,1.0,tabicl_knnimpute,0.3281552791595459,,0.7204610951008645,0.5229417681694031,0.7334735576923077,,,,
openml:31,classification,653,20,block_shift,0.3,0.28265,4,source,1.0,tabicl_aware_zero,0.2740755081176758,,0.729106628242075,0.5120964050292969,0.757082760989011,,,,
openml:31,classification,653,20,block_shift,0.3,0.28265,4,source,1.0,tabicl_aware,0.34087371826171875,,0.7435158501440923,0.5096194744110107,0.7455357142857143,,,,
openml:31,classification,653,20,block_shift,0.3,0.28265,4,source,1.0,xgboost,0.27258944511413574,,0.6743515850144092,0.7482563853263855,0.7238367101648352,,,,
openml:31,classification,653,20,block_shift,0.3,0.28265,4,source,1.0,catboost,0.2743537425994873,,0.7146974063400576,0.6693040111321695,0.6803743131868132,,,,
openml:31,classification,809,20,block_shift,0.5,0.4895,4,source,1.0,tabicl_impute,0.30533719062805176,,0.6335078534031413,0.598981499671936,0.8279544926863246,,,,
openml:31,classification,809,20,block_shift,0.5,0.4895,4,source,1.0,tabicl_indicator,0.41475772857666016,,0.6387434554973822,0.592082142829895,0.834687717668911,,,,
openml:31,classification,809,20,block_shift,0.5,0.4895,4,source,1.0,tabicl_iterimpute,0.680654764175415,,0.6178010471204188,0.6718618869781494,0.4764337125609473,,,,
openml:31,classification,809,20,block_shift,0.5,0.4895,4,source,1.0,tabicl_knnimpute,0.3845651149749756,,0.680628272251309,0.5802953839302063,0.774320872997446,,,,
openml:31,classification,809,20,block_shift,0.5,0.4895,4,source,1.0,tabicl_aware_zero,0.3307974338531494,,0.6387434554973822,0.6009570956230164,0.8076387276526585,,,,
openml:31,classification,809,20,block_shift,0.5,0.4895,4,source,1.0,tabicl_aware,0.37141919136047363,,0.6963350785340314,0.5645631551742554,0.824703970280938,,,,
openml:31,classification,809,20,block_shift,0.5,0.4895,4,source,1.0,xgboost,0.4299600124359131,,0.6596858638743456,0.6580445170402527,0.8031112143022986,,,,
openml:31,classification,809,20,block_shift,0.5,0.4895,4,source,1.0,catboost,0.3306155204772949,,0.6596858638743456,0.583790943107015,0.7322962618992338,,,,
openml:1590,classification,2100,14,none,0.0,0.0,0,random,,tabicl_impute,0.3477344512939453,,0.8611111111111112,0.3040684759616852,0.9066037334392465,,,,
openml:1590,classification,2100,14,none,0.0,0.0,0,random,,tabicl_indicator,0.31853723526000977,,0.8622222222222222,0.3020521104335785,0.9076853244063662,,,,
openml:1590,classification,2100,14,none,0.0,0.0,0,random,,tabicl_iterimpute,0.32019805908203125,,0.86,0.3043381869792938,0.9067065732361201,,,,
openml:1590,classification,2100,14,none,0.0,0.0,0,random,,tabicl_knnimpute,0.3331289291381836,,0.8633333333333333,0.3050658106803894,0.9057171834661977,,,,
openml:1590,classification,2100,14,none,0.0,0.0,0,random,,tabicl_aware_zero,0.2942204475402832,,0.8611111111111112,0.30398330092430115,0.9065824562398934,,,,
openml:1590,classification,2100,14,none,0.0,0.0,0,random,,tabicl_aware,0.35505127906799316,,0.86,0.3048567771911621,0.9073236120173621,,,,
openml:1590,classification,2100,14,none,0.0,0.0,0,random,,xgboost,0.07276797294616699,,0.8433333333333334,0.3360162377357483,0.8914933756986013,,,,
openml:1590,classification,2100,14,none,0.0,0.0,0,random,,catboost,0.37711644172668457,,0.8433333333333334,0.3397449075232371,0.8893656557632841,,,,
openml:1590,classification,1464,14,block,0.3,0.25085714285714283,0,source,1.0,tabicl_impute,0.2746710777282715,,0.7740885416666666,0.6801762580871582,0.8545320243420242,,,,
openml:1590,classification,1464,14,block,0.3,0.25085714285714283,0,source,1.0,tabicl_indicator,0.29085326194763184,,0.7734375,0.6740185618400574,0.8556243256095766,,,,
openml:1590,classification,1464,14,block,0.3,0.25085714285714283,0,source,1.0,tabicl_iterimpute,0.28740358352661133,,0.7766927083333334,0.5533027648925781,0.8424491204862612,,,,
openml:1590,classification,1464,14,block,0.3,0.25085714285714283,0,source,1.0,tabicl_knnimpute,0.45058226585388184,,0.7747395833333334,0.599052369594574,0.7800563892985858,,,,
openml:1590,classification,1464,14,block,0.3,0.25085714285714283,0,source,1.0,tabicl_aware_zero,0.2765069007873535,,0.775390625,0.6074413061141968,0.8554300046105976,,,,
openml:1590,classification,1464,14,block,0.3,0.25085714285714283,0,source,1.0,tabicl_aware,0.3402252197265625,,0.7760416666666666,0.6176928877830505,0.8525791586504226,,,,
openml:1590,classification,1464,14,block,0.3,0.25085714285714283,0,source,1.0,xgboost,0.06481504440307617,,0.7779947916666666,0.5972878336906433,0.7674327661413161,,,,
openml:1590,classification,1464,14,block,0.3,0.25085714285714283,0,source,1.0,catboost,0.3267393112182617,,0.7877604166666666,0.5039551962360141,0.7860936168569242,,,,
openml:1590,classification,2418,14,block,0.5,0.5,0,source,1.0,tabicl_impute,0.2994205951690674,,0.8470790378006873,0.3421792685985565,0.8704906204906206,,,,
openml:1590,classification,2418,14,block,0.5,0.5,0,source,1.0,tabicl_indicator,0.37873315811157227,,0.8384879725085911,0.3428134024143219,0.874440836940837,,,,
openml:1590,classification,2418,14,block,0.5,0.5,0,source,1.0,tabicl_iterimpute,0.6753361225128174,,0.8350515463917526,0.4722263813018799,0.7036976911976911,,,,
openml:1590,classification,2418,14,block,0.5,0.5,0,source,1.0,tabicl_knnimpute,0.6546504497528076,,0.8367697594501718,0.34992462396621704,0.8656295093795094,,,,
openml:1590,classification,2418,14,block,0.5,0.5,0,source,1.0,tabicl_aware_zero,0.3488609790802002,,0.8573883161512027,0.33997759222984314,0.8750811688311688,,,,
openml:1590,classification,2418,14,block,0.5,0.5,0,source,1.0,tabicl_aware,0.3715391159057617,,0.852233676975945,0.32440516352653503,0.8815205627705628,,,,
openml:1590,classification,2418,14,block,0.5,0.5,0,source,1.0,xgboost,0.0875844955444336,,0.8539518900343642,0.3426636755466461,0.8524440836940836,,,,
openml:1590,classification,2418,14,block,0.5,0.5,0,source,1.0,catboost,0.39573073387145996,,0.8402061855670103,0.41600111354075714,0.8264520202020202,,,,
openml:1590,classification,1464,14,block_shift,0.3,0.24914285714285714,0,source,1.0,tabicl_impute,0.2664508819580078,,0.8138020833333334,0.3887116611003876,0.8660029980954129,,,,
openml:1590,classification,1464,14,block_shift,0.3,0.24914285714285714,0,source,1.0,tabicl_indicator,0.27219128608703613,,0.818359375,0.3874334990978241,0.8642263489618913,,,,
openml:1590,classification,1464,14,block_shift,0.3,0.24914285714285714,0,source,1.0,tabicl_iterimpute,0.2825489044189453,,0.8157552083333334,0.38654932379722595,0.8618896691232382,,,,
openml:1590,classification,1464,14,block_shift,0.3,0.24914285714285714,0,source,1.0,tabicl_knnimpute,0.40913867950439453,,0.8307291666666666,0.3846234977245331,0.8468352230346422,,,,
openml:1590,classification,1464,14,block_shift,0.3,0.24914285714285714,0,source,1.0,tabicl_aware_zero,0.26792359352111816,,0.810546875,0.38897618651390076,0.870734291983595,,,,
openml:1590,classification,1464,14,block_shift,0.3,0.24914285714285714,0,source,1.0,tabicl_aware,0.3320155143737793,,0.8118489583333334,0.3977079391479492,0.8712170770742259,,,,
openml:1590,classification,1464,14,block_shift,0.3,0.24914285714285714,0,source,1.0,xgboost,0.07062196731567383,,0.7890625,0.4718126356601715,0.8418335694957069,,,,
openml:1590,classification,1464,14,block_shift,0.3,0.24914285714285714,0,source,1.0,catboost,0.3374927043914795,,0.806640625,0.7011842450868921,0.8441931816261651,,,,
openml:1590,classification,2418,14,block_shift,0.5,0.5,0,source,1.0,tabicl_impute,0.2989022731781006,,0.8006872852233677,0.3893596827983856,0.8578733766233767,,,,
openml:1590,classification,2418,14,block_shift,0.5,0.5,0,source,1.0,tabicl_indicator,0.37136030197143555,,0.7955326460481099,0.4127652049064636,0.8560786435786436,,,,
openml:1590,classification,2418,14,block_shift,0.5,0.5,0,source,1.0,tabicl_iterimpute,0.738640308380127,,0.7938144329896907,0.47811028361320496,0.7005862193362192,,,,
openml:1590,classification,2418,14,block_shift,0.5,0.5,0,source,1.0,tabicl_knnimpute,0.6488676071166992,,0.8316151202749141,0.3874994218349457,0.8379238816738817,,,,
openml:1590,classification,2418,14,block_shift,0.5,0.5,0,source,1.0,tabicl_aware_zero,0.30443310737609863,,0.8195876288659794,0.39041584730148315,0.8555104617604617,,,,
openml:1590,classification,2418,14,block_shift,0.5,0.5,0,source,1.0,tabicl_aware,0.4144463539123535,,0.8367697594501718,0.38090381026268005,0.8487824675324676,,,,
openml:1590,classification,2418,14,block_shift,0.5,0.5,0,source,1.0,xgboost,0.10333108901977539,,0.8144329896907216,0.4297195374965668,0.8530393217893217,,,,
openml:1590,classification,2418,14,block_shift,0.5,0.5,0,source,1.0,catboost,0.4819645881652832,,0.7989690721649485,0.6098291961668959,0.8011363636363635,,,,
openml:1590,classification,2100,14,none,0.0,0.0,1,random,,tabicl_impute,0.29231715202331543,,0.8733333333333333,0.2941219210624695,0.9123734006638485,,,,
openml:1590,classification,2100,14,none,0.0,0.0,1,random,,tabicl_indicator,0.3115198612213135,,0.8733333333333333,0.29509270191192627,0.9113946494936026,,,,
openml:1590,classification,2100,14,none,0.0,0.0,1,random,,tabicl_iterimpute,0.308577299118042,,0.87,0.2949875593185425,0.9119230332775398,,,,
openml:1590,classification,2100,14,none,0.0,0.0,1,random,,tabicl_knnimpute,0.33518505096435547,,0.8733333333333333,0.2954181730747223,0.9114230190927403,,,,
openml:1590,classification,2100,14,none,0.0,0.0,1,random,,tabicl_aware_zero,0.29269909858703613,,0.8744444444444445,0.29390624165534973,0.9125719878578117,,,,
openml:1590,classification,2100,14,none,0.0,0.0,1,random,,tabicl_aware,0.3563358783721924,,0.8722222222222222,0.29626211524009705,0.9115329512893983,,,,
openml:1590,classification,2100,14,none,0.0,0.0,1,random,,xgboost,0.12426209449768066,,0.86,0.31314316391944885,0.9034511617350847,,,,
openml:1590,classification,2100,14,none,0.0,0.0,1,random,,catboost,0.37974095344543457,,0.8611111111111112,0.31220459532277467,0.9028128457544895,,,,
openml:1590,classification,1997,14,block,0.3,0.2857142857142857,1,source,1.0,tabicl_impute,0.2959766387939453,,0.8325024925224327,0.3525862395763397,0.8988195798137317,,,,
openml:1590,classification,1997,14,block,0.3,0.2857142857142857,1,source,1.0,tabicl_indicator,0.3325831890106201,,0.8285144566301097,0.3578522205352783,0.899796946068876,,,,
openml:1590,classification,1997,14,block,0.3,0.2857142857142857,1,source,1.0,tabicl_iterimpute,0.30669713020324707,,0.8315054835493519,0.36121177673339844,0.8812567684643708,,,,
openml:1590,classification,1997,14,block,0.3,0.2857142857142857,1,source,1.0,tabicl_knnimpute,0.5260560512542725,,0.8414755732801595,0.3460356891155243,0.8860786224821313,,,,
openml:1590,classification,1997,14,block,0.3,0.2857142857142857,1,source,1.0,tabicl_aware_zero,0.3025338649749756,,0.8374875373878365,0.35161519050598145,0.8976120857699805,,,,
openml:1590,classification,1997,14,block,0.3,0.2857142857142857,1,source,1.0,tabicl_aware,0.3531975746154785,,0.8374875373878365,0.33655017614364624,0.8987546025557722,,,,
openml:1590,classification,1997,14,block,0.3,0.2857142857142857,1,source,1.0,xgboost,0.07365608215332031,,0.8215353938185443,0.37299609184265137,0.8706573532596923,,,,
openml:1590,classification,1997,14,block,0.3,0.2857142857142857,1,source,1.0,catboost,0.36461424827575684,,0.7946161515453639,0.6720999749451745,0.8507959714100066,,,,
openml:1590,classification,1976,14,block,0.5,0.4756190476190476,1,source,0.0,tabicl_impute,0.2845430374145508,,0.8486328125,0.3722761571407318,0.8934341085271318,,,,
openml:1590,classification,1976,14,block,0.5,0.4756190476190476,1,source,0.0,tabicl_indicator,0.3449063301086426,,0.8232421875,0.3886040449142456,0.8835426356589149,,,,
openml:1590,classification,1976,14,block,0.5,0.4756190476190476,1,source,0.0,tabicl_iterimpute,0.3062927722930908,,0.8388671875,0.38810765743255615,0.8772377260981912,,,,
openml:1590,classification,1976,14,block,0.5,0.4756190476190476,1,source,0.0,tabicl_knnimpute,0.633554220199585,,0.830078125,0.38591063022613525,0.8574160206718346,,,,
openml:1590,classification,1976,14,block,0.5,0.4756190476190476,1,source,0.0,tabicl_aware_zero,0.28923940658569336,,0.8447265625,0.39002421498298645,0.8812790697674419,,,,
openml:1590,classification,1976,14,block,0.5,0.4756190476190476,1,source,0.0,tabicl_aware,0.32955121994018555,,0.845703125,0.3690219819545746,0.8770180878552971,,,,
openml:1590,classification,1976,14,block,0.5,0.4756190476190476,1,source,0.0,xgboost,0.06831169128417969,,0.7978515625,0.38943272829055786,0.8688191214470284,,,,
openml:1590,classification,1976,14,block,0.5,0.4756190476190476,1,source,0.0,catboost,0.3513219356536865,,0.7919921875,0.5497057766345254,0.8196279069767441,,,,
openml:1590,classification,1997,14,block_shift,0.3,0.2857142857142857,1,source,1.0,tabicl_impute,0.2932465076446533,,0.8464606181455633,0.34859004616737366,0.898990145115876,,,,
openml:1590,classification,1997,14,block_shift,0.3,0.2857142857142857,1,source,1.0,tabicl_indicator,0.33736348152160645,,0.8424725822532403,0.35299792885780334,0.8957331600606454,,,,
openml:1590,classification,1997,14,block_shift,0.3,0.2857142857142857,1,source,1.0,tabicl_iterimpute,0.3212764263153076,,0.8414755732801595,0.37800300121307373,0.8836961230236084,,,,
openml:1590,classification,1997,14,block_shift,0.3,0.2857142857142857,1,source,1.0,tabicl_knnimpute,0.5295360088348389,,0.8354935194416749,0.34786731004714966,0.8889674030755903,,,,
openml:1590,classification,1997,14,block_shift,0.3,0.2857142857142857,1,source,1.0,tabicl_aware_zero,0.3018057346343994,,0.8494516450648056,0.3501281440258026,0.8999783409140133,,,,
openml:1590,classification,1997,14,block_shift,0.3,0.2857142857142857,1,source,1.0,tabicl_aware,0.3675053119659424,,0.8514456630109671,0.3350293040275574,0.8998971193415638,,,,
openml:1590,classification,1997,14,block_shift,0.3,0.2857142857142857,1,source,1.0,xgboost,0.09975886344909668,,0.827517447657029,0.38082724809646606,0.8768843404808319,,,,
openml:1590,classification,1997,14,block_shift,0.3,0.2857142857142857,1,source,1.0,catboost,0.3833146095275879,,0.80259222333001,0.5330969978013348,0.8440275070392029,,,,
openml:1590,classification,1976,14,block_shift,0.5,0.43052380952380953,1,source,0.0,tabicl_impute,0.2895665168762207,,0.783203125,0.4776765704154968,0.7801059431524549,,,,
openml:1590,classification,1976,14,block_shift,0.5,0.43052380952380953,1,source,0.0,tabicl_indicator,0.3561680316925049,,0.787109375,0.49244430661201477,0.7806950904392764,,,,
openml:1590,classification,1976,14,block_shift,0.5,0.43052380952380953,1,source,0.0,tabicl_iterimpute,0.6182777881622314,,0.7763671875,0.5384599566459656,0.7441602067183462,,,,
openml:1590,classification,1976,14,block_shift,0.5,0.43052380952380953,1,source,0.0,tabicl_knnimpute,0.5956780910491943,,0.80078125,0.4524911642074585,0.7998552971576227,,,,
openml:1590,classification,1976,14,block_shift,0.5,0.43052380952380953,1,source,0.0,tabicl_aware_zero,0.2941761016845703,,0.77734375,0.4876132011413574,0.7692428940568476,,,,
openml:1590,classification,1976,14,block_shift,0.5,0.43052380952380953,1,source,0.0,tabicl_aware,0.33295631408691406,,0.7783203125,0.4677824378013611,0.7719638242894056,,,,
openml:1590,classification,1976,14,block_shift,0.5,0.43052380952380953,1,source,0.0,xgboost,0.09818673133850098,,0.4970703125,0.9233454465866089,0.745312661498708,,,,
openml:1590,classification,1976,14,block_shift,0.5,0.43052380952380953,1,source,0.0,catboost,0.4549839496612549,,0.7626953125,0.6231957252502077,0.7304005167958657,,,,
openml:1590,classification,2100,14,none,0.0,0.0,2,random,,tabicl_impute,0.2960011959075928,,0.8722222222222222,0.28855180740356445,0.9164373457403048,,,,
openml:1590,classification,2100,14,none,0.0,0.0,2,random,,tabicl_indicator,0.3150303363800049,,0.8666666666666667,0.2903169095516205,0.9150649663820251,,,,
openml:1590,classification,2100,14,none,0.0,0.0,2,random,,tabicl_iterimpute,0.3170046806335449,,0.87,0.2885599434375763,0.9165650089364238,,,,
openml:1590,classification,2100,14,none,0.0,0.0,2,random,,tabicl_knnimpute,0.3357226848602295,,0.8711111111111111,0.2892591655254364,0.9156359045646685,,,,
openml:1590,classification,2100,14,none,0.0,0.0,2,random,,tabicl_aware_zero,0.300983190536499,,0.87,0.28888145089149475,0.9159869783539959,,,,
openml:1590,classification,2100,14,none,0.0,0.0,2,random,,tabicl_aware,0.364351749420166,,0.8677777777777778,0.28762322664260864,0.9168877131266134,,,,
openml:1590,classification,2100,14,none,0.0,0.0,2,random,,xgboost,0.06705403327941895,,0.8544444444444445,0.33078110218048096,0.89611052795824,,,,
openml:1590,classification,2100,14,none,0.0,0.0,2,random,,catboost,0.40854334831237793,,0.8477777777777777,0.3265286929967714,0.8960821583591023,,,,
openml:1590,classification,1467,14,block,0.3,0.2507857142857143,2,source,1.0,tabicl_impute,0.2840232849121094,,0.8180039138943248,0.38696974515914917,0.8669095405003121,,,,
openml:1590,classification,1467,14,block,0.3,0.2507857142857143,2,source,1.0,tabicl_indicator,0.3030085563659668,,0.8180039138943248,0.3860222399234772,0.8696175637393766,,,,
openml:1590,classification,1467,14,block,0.3,0.2507857142857143,2,source,1.0,tabicl_iterimpute,0.3432495594024658,,0.8258317025440313,0.37986814975738525,0.86689393575647,,,,
openml:1590,classification,1467,14,block,0.3,0.2507857142857143,2,source,1.0,tabicl_knnimpute,0.46868252754211426,,0.8245270711024135,0.37672802805900574,0.861470687088875,,,,
openml:1590,classification,1467,14,block,0.3,0.2507857142857143,2,source,1.0,tabicl_aware_zero,0.2900512218475342,,0.8238747553816047,0.3840004801750183,0.8676837758678637,,,,
openml:1590,classification,1467,14,block,0.3,0.2507857142857143,2,source,1.0,tabicl_aware,0.3664271831512451,,0.8343118069145466,0.3696640729904175,0.8697568060690449,,,,
openml:1590,classification,1467,14,block,0.3,0.2507857142857143,2,source,1.0,xgboost,0.18473386764526367,,0.7997390737116764,0.528777003288269,0.7670127718826523,,,,
openml:1590,classification,1467,14,block,0.3,0.2507857142857143,2,source,1.0,catboost,0.3604099750518799,,0.7697325505544683,0.9162755635717991,0.8302720026888175,,,,
openml:1590,classification,1995,14,block,0.5,0.4522857142857143,2,source,0.0,tabicl_impute,0.2979586124420166,,0.7930348258706468,0.41702643036842346,0.8220777247557736,,,,
openml:1590,classification,1995,14,block,0.5,0.4522857142857143,2,source,0.0,tabicl_indicator,0.3389406204223633,,0.7791044776119403,0.4173279106616974,0.8223112591725567,,,,
openml:1590,classification,1995,14,block,0.5,0.4522857142857143,2,source,0.0,tabicl_iterimpute,0.6011567115783691,,0.727363184079602,0.5447237491607666,0.6598613424571197,,,,
openml:1590,classification,1995,14,block,0.5,0.4522857142857143,2,source,0.0,tabicl_knnimpute,0.7255074977874756,,0.7990049751243781,0.4196006655693054,0.8167458245171746,,,,
openml:1590,classification,1995,14,block,0.5,0.4522857142857143,2,source,0.0,tabicl_aware_zero,0.2965872287750244,,0.7920398009950249,0.41779476404190063,0.8210029037050376,,,,
openml:1590,classification,1995,14,block,0.5,0.4522857142857143,2,source,0.0,tabicl_aware,0.34310221672058105,,0.7860696517412935,0.4158732295036316,0.826616170710845,,,,
openml:1590,classification,1995,14,block,0.5,0.4522857142857143,2,source,0.0,xgboost,0.2996814250946045,,0.5970149253731343,0.8180626630783081,0.807607031918246,,,,
openml:1590,classification,1995,14,block,0.5,0.4522857142857143,2,source,0.0,catboost,0.4001307487487793,,0.7721393034825871,0.9186010232839676,0.8090026110835996,,,,
openml:1590,classification,1467,14,block_shift,0.3,0.24921428571428572,2,source,1.0,tabicl_impute,0.2634749412536621,,0.4657534246575342,1.164965271949768,0.7562551015508714,,,,
openml:1590,classification,1467,14,block_shift,0.3,0.24921428571428572,2,source,1.0,tabicl_indicator,0.2665848731994629,,0.45792563600782776,1.1752489805221558,0.7588166802708024,,,,
openml:1590,classification,1467,14,block_shift,0.3,0.24921428571428572,2,source,1.0,tabicl_iterimpute,0.28841567039489746,,0.4592302674494455,1.1992989778518677,0.7615823210255919,,,,
openml:1590,classification,1467,14,block_shift,0.3,0.24921428571428572,2,source,1.0,tabicl_knnimpute,0.3817446231842041,,0.44944553163731243,1.32731294631958,0.7485835694050993,,,,
openml:1590,classification,1467,14,block_shift,0.3,0.24921428571428572,2,source,1.0,tabicl_aware_zero,0.2663860321044922,,0.4598825831702544,1.173637866973877,0.756568396792625,,,,
openml:1590,classification,1467,14,block_shift,0.3,0.24921428571428572,2,source,1.0,tabicl_aware,0.3289189338684082,,0.4592302674494455,1.2659199237823486,0.7634812983146877,,,,
openml:1590,classification,1467,14,block_shift,0.3,0.24921428571428572,2,source,1.0,xgboost,0.0735316276550293,,0.46966731898238745,1.1437418460845947,0.6821289672060307,,,,
openml:1590,classification,1467,14,block_shift,0.3,0.24921428571428572,2,source,1.0,catboost,0.350233793258667,,0.6960208741030659,0.6486913492693015,0.7476292793009076,,,,
openml:1590,classification,1995,14,block_shift,0.5,0.4525,2,source,0.0,tabicl_impute,0.2830698490142822,,0.7810945273631841,0.46478500962257385,0.7637644622518346,,,,
openml:1590,classification,1995,14,block_shift,0.5,0.4525,2,source,0.0,tabicl_indicator,0.3286781311035156,,0.7761194029850746,0.4644049108028412,0.7762599603835593,,,,
openml:1590,classification,1995,14,block_shift,0.5,0.4525,2,source,0.0,tabicl_iterimpute,0.30524158477783203,,0.7870646766169154,0.5111175179481506,0.7310977805789403,,,,
openml:1590,classification,1995,14,block_shift,0.5,0.4525,2,source,0.0,tabicl_knnimpute,0.6624941825866699,,0.7671641791044777,0.5743201971054077,0.684044816098681,,,,
openml:1590,classification,1995,14,block_shift,0.5,0.4525,2,source,0.0,tabicl_aware_zero,0.3330857753753662,,0.7751243781094528,0.48298439383506775,0.7667835276639805,,,,
openml:1590,classification,1995,14,block_shift,0.5,0.4525,2,source,0.0,tabicl_aware,0.38821887969970703,,0.7890547263681592,0.46831023693084717,0.766327713501103,,,,
openml:1590,classification,1995,14,block_shift,0.5,0.4525,2,source,0.0,xgboost,73.3132266998291,,0.573134328358209,1.284090280532837,0.7231041507225499,,,,
openml:1590,classification,1995,14,block_shift,0.5,0.4525,2,source,0.0,catboost,0.37590742111206055,,0.7721393034825871,0.7387858047518107,0.6349097375410795,,,,
openml:1590,classification,2100,14,none,0.0,0.0,3,random,,tabicl_impute,0.30971813201904297,,0.86,0.29703959822654724,0.9116677068853016,,,,
openml:1590,classification,2100,14,none,0.0,0.0,3,random,,tabicl_indicator,0.31818342208862305,,0.8588888888888889,0.29783934354782104,0.9114655734914465,,,,
openml:1590,classification,2100,14,none,0.0,0.0,3,random,,tabicl_iterimpute,0.32034778594970703,,0.8588888888888889,0.2978530824184418,0.911327271695651,,,,
openml:1590,classification,2100,14,none,0.0,0.0,3,random,,tabicl_knnimpute,0.320357084274292,,0.86,0.2973613142967224,0.9119088484779709,,,,
openml:1590,classification,2100,14,none,0.0,0.0,3,random,,tabicl_aware_zero,0.3015146255493164,,0.86,0.29700765013694763,0.9119265794774319,,,,
openml:1590,classification,2100,14,none,0.0,0.0,3,random,,tabicl_aware,0.37302231788635254,,0.8633333333333333,0.29731377959251404,0.9115790518879969,,,,
openml:1590,classification,2100,14,none,0.0,0.0,3,random,,xgboost,0.11548066139221191,,0.8422222222222222,0.33106961846351624,0.8963303923515561,,,,
openml:1590,classification,2100,14,none,0.0,0.0,3,random,,catboost,0.4218258857727051,,0.8466666666666667,0.3332169923162539,0.8932522908451302,,,,
openml:1590,classification,2251,14,block,0.3,0.26811904761904765,3,source,2.0,tabicl_impute,0.31963181495666504,,0.8384512683578104,0.34981364011764526,0.8860482211114378,,,,
openml:1590,classification,2251,14,block,0.3,0.26811904761904765,3,source,2.0,tabicl_indicator,0.5418241024017334,,0.8344459279038718,0.34911179542541504,0.8863961579927473,,,,
openml:1590,classification,2251,14,block,0.3,0.26811904761904765,3,source,2.0,tabicl_iterimpute,0.4790318012237549,,0.8264352469959947,0.35339120030403137,0.8846074683916495,,,,
openml:1590,classification,2251,14,block,0.3,0.26811904761904765,3,source,2.0,tabicl_knnimpute,0.9723381996154785,,0.835781041388518,0.35064777731895447,0.887327256689209,,,,
openml:1590,classification,2251,14,block,0.3,0.26811904761904765,3,source,2.0,tabicl_aware_zero,0.3421778678894043,,0.8371161548731643,0.3528842628002167,0.8847642850142116,,,,
openml:1590,classification,2251,14,block,0.3,0.26811904761904765,3,source,2.0,tabicl_aware,0.3748295307159424,,0.8371161548731643,0.3483610451221466,0.8848230912476722,,,,
openml:1590,classification,2251,14,block,0.3,0.26811904761904765,3,source,2.0,xgboost,13.937294483184814,,0.835781041388518,0.37272512912750244,0.8820052925610115,,,,
openml:1590,classification,2251,14,block,0.3,0.26811904761904765,3,source,2.0,catboost,0.39130187034606934,,0.8104138851802403,0.3961433715552463,0.8695187689895129,,,,
openml:1590,classification,1969,14,block,0.5,0.47545238095238096,3,source,0.0,tabicl_impute,0.2928297519683838,,0.7953443258971872,0.4288845658302307,0.8296807314112629,,,,
openml:1590,classification,1969,14,block,0.5,0.47545238095238096,3,source,0.0,tabicl_indicator,0.337871789932251,,0.7953443258971872,0.4221799671649933,0.8279852782324971,,,,
openml:1590,classification,1969,14,block,0.5,0.47545238095238096,3,source,0.0,tabicl_iterimpute,0.5693914890289307,,0.7846750727449079,0.469801127910614,0.7855599728282053,,,,
openml:1590,classification,1969,14,block,0.5,0.47545238095238096,3,source,0.0,tabicl_knnimpute,0.596750020980835,,0.7914645974781765,0.4298367500305176,0.7905962204478891,,,,
openml:1590,classification,1969,14,block,0.5,0.47545238095238096,3,source,0.0,tabicl_aware_zero,0.2975282669067383,,0.7953443258971872,0.4400654137134552,0.8204796267219011,,,,
openml:1590,classification,1969,14,block,0.5,0.47545238095238096,3,source,0.0,tabicl_aware,0.3290736675262451,,0.7982541222114452,0.40976816415786743,0.8268410561364825,,,,
openml:1590,classification,1969,14,block,0.5,0.47545238095238096,3,source,0.0,xgboost,0.26371145248413086,,0.2909796314258002,2.664191246032715,0.7936975912872082,,,,
openml:1590,classification,1969,14,block,0.5,0.47545238095238096,3,source,0.0,catboost,0.30907273292541504,,0.7516973811833172,0.4724178793354681,0.7679094421986882,,,,
openml:1590,classification,2251,14,block_shift,0.3,0.2857142857142857,3,source,2.0,tabicl_impute,0.29793238639831543,,0.8197596795727636,0.44502726197242737,0.8440801724982848,,,,
openml:1590,classification,2251,14,block_shift,0.3,0.2857142857142857,3,source,2.0,tabicl_indicator,0.3459608554840088,,0.8090787716955942,0.43115657567977905,0.8615750269528569,,,,
openml:1590,classification,2251,14,block_shift,0.3,0.2857142857142857,3,source,2.0,tabicl_iterimpute,0.49555373191833496,,0.7690253671562083,0.45683756470680237,0.7932127805547388,,,,
openml:1590,classification,2251,14,block_shift,0.3,0.2857142857142857,3,source,2.0,tabicl_knnimpute,0.6463613510131836,,0.8064085447263017,0.41859373450279236,0.821733803783201,,,,
openml:1590,classification,2251,14,block_shift,0.3,0.2857142857142857,3,source,2.0,tabicl_aware_zero,0.3033146858215332,,0.8050734312416555,0.4240913391113281,0.8529109085563069,,,,
openml:1590,classification,2251,14,block_shift,0.3,0.2857142857142857,3,source,2.0,tabicl_aware,0.36127400398254395,,0.8037383177570093,0.3929504454135895,0.8486425561109477,,,,
openml:1590,classification,2251,14,block_shift,0.3,0.2857142857142857,3,source,2.0,xgboost,0.11969137191772461,,0.7823765020026703,0.4251733422279358,0.8290600803685191,,,,
openml:1590,classification,2251,14,block_shift,0.3,0.2857142857142857,3,source,2.0,catboost,0.39353179931640625,,0.7863818424566088,0.5390283961038731,0.841497598745467,,,,
openml:1590,classification,1969,14,block_shift,0.5,0.4764047619047619,3,source,0.0,tabicl_impute,0.2885622978210449,,0.8428709990300679,0.3656667470932007,0.861415494604617,,,,
openml:1590,classification,1969,14,block_shift,0.5,0.4764047619047619,3,source,0.0,tabicl_indicator,0.34119606018066406,,0.8389912706110573,0.377120703458786,0.857687724807626,,,,
openml:1590,classification,1969,14,block_shift,0.5,0.4764047619047619,3,source,0.0,tabicl_iterimpute,0.30901575088500977,,0.8322017458777885,0.36718520522117615,0.859544649717703,,,,
openml:1590,classification,1969,14,block_shift,0.5,0.4764047619047619,3,source,0.0,tabicl_knnimpute,0.5593361854553223,,0.8448108632395732,0.3824561834335327,0.836651855811312,,,,
openml:1590,classification,1969,14,block_shift,0.5,0.4764047619047619,3,source,0.0,tabicl_aware_zero,0.29169583320617676,,0.8457807953443259,0.3729950189590454,0.8597785053285673,,,,
openml:1590,classification,1969,14,block_shift,0.5,0.4764047619047619,3,source,0.0,tabicl_aware,0.33422136306762695,,0.8457807953443259,0.3609500825405121,0.8605023441240993,,,,
openml:1590,classification,1969,14,block_shift,0.5,0.4764047619047619,3,source,0.0,xgboost,0.0958414077758789,,0.8069835111542192,0.4974742829799652,0.821788104544594,,,,
openml:1590,classification,1969,14,block_shift,0.5,0.4764047619047619,3,source,0.0,catboost,0.44449949264526367,,0.8050436469447139,0.5562606293306123,0.8425511419948997,,,,
openml:1590,classification,2100,14,none,0.0,0.0,4,random,,tabicl_impute,0.33355283737182617,,0.86,0.2925741374492645,0.9145826831966865,,,,
openml:1590,classification,2100,14,none,0.0,0.0,4,random,,tabicl_indicator,0.3148307800292969,,0.8644444444444445,0.2939823865890503,0.9135862010269795,,,,
openml:1590,classification,2100,14,none,0.0,0.0,4,random,,tabicl_iterimpute,0.30895304679870605,,0.8611111111111112,0.29282593727111816,0.914430196601322,,,,
openml:1590,classification,2100,14,none,0.0,0.0,4,random,,tabicl_knnimpute,0.3362240791320801,,0.8633333333333333,0.29320842027664185,0.9143663650032625,,,,
openml:1590,classification,2100,14,none,0.0,0.0,4,random,,tabicl_aware_zero,0.2971198558807373,,0.8622222222222222,0.291875958442688,0.9150968821810549,,,,
openml:1590,classification,2100,14,none,0.0,0.0,4,random,,tabicl_aware,0.36182522773742676,,0.8622222222222222,0.29269304871559143,0.9150153195835343,,,,
openml:1590,classification,2100,14,none,0.0,0.0,4,random,,xgboost,0.06934428215026855,,0.8533333333333334,0.3264119029045105,0.8980041987006723,,,,
openml:1590,classification,2100,14,none,0.0,0.0,4,random,,catboost,0.3735361099243164,,0.8477777777777777,0.3176025918905408,0.9009120826122726,,,,
openml:1590,classification,2002,14,block,0.3,0.2857142857142857,4,source,0.0,tabicl_impute,0.2892453670501709,,0.7925851703406813,0.4260402023792267,0.8374280341385796,,,,
openml:1590,classification,2002,14,block,0.3,0.2857142857142857,4,source,0.0,tabicl_indicator,0.31264495849609375,,0.7905811623246493,0.43809157609939575,0.8393027629104586,,,,
openml:1590,classification,2002,14,block,0.3,0.2857142857142857,4,source,0.0,tabicl_iterimpute,0.302109956741333,,0.8046092184368737,0.41188669204711914,0.82733400838999,,,,
openml:1590,classification,2002,14,block,0.3,0.2857142857142857,4,source,0.0,tabicl_knnimpute,0.5492422580718994,,0.7925851703406813,0.46094778180122375,0.7978735715318963,,,,
openml:1590,classification,2002,14,block,0.3,0.2857142857142857,4,source,0.0,tabicl_aware_zero,0.294234037399292,,0.7945891783567134,0.41525140404701233,0.8403587443946188,,,,
openml:1590,classification,2002,14,block,0.3,0.2857142857142857,4,source,0.0,tabicl_aware,0.35086488723754883,,0.7955911823647295,0.4209735095500946,0.8400491826992623,,,,
openml:1590,classification,2002,14,block,0.3,0.2857142857142857,4,source,0.0,xgboost,0.07044243812561035,,0.22344689378757515,2.7800068855285645,0.777928540431072,,,,
openml:1590,classification,2002,14,block,0.3,0.2857142857142857,4,source,0.0,catboost,0.36296772956848145,,0.7835671342685371,0.8018746147493121,0.8290901200636482,,,,
openml:1590,classification,2428,14,block,0.5,0.4852619047619048,4,source,4.0,tabicl_impute,0.30399298667907715,,0.8006993006993007,0.4118819534778595,0.812446810436924,,,,
openml:1590,classification,2428,14,block,0.5,0.4852619047619048,4,source,4.0,tabicl_indicator,0.39772820472717285,,0.7954545454545454,0.41455841064453125,0.8097126405562497,,,,
openml:1590,classification,2428,14,block,0.5,0.4852619047619048,4,source,4.0,tabicl_iterimpute,0.3247673511505127,,0.7954545454545454,0.4272960126399994,0.7943216180491427,,,,
openml:1590,classification,2428,14,block,0.5,0.4852619047619048,4,source,4.0,tabicl_knnimpute,0.7127339839935303,,0.8059440559440559,0.4255165159702301,0.8033027323591722,,,,
openml:1590,classification,2428,14,block,0.5,0.4852619047619048,4,source,4.0,tabicl_aware_zero,0.3141186237335205,,0.798951048951049,0.41087794303894043,0.811767794738081,,,,
openml:1590,classification,2428,14,block,0.5,0.4852619047619048,4,source,4.0,tabicl_aware,0.42328357696533203,,0.8076923076923077,0.4052882790565491,0.812528292320785,,,,
openml:1590,classification,2428,14,block,0.5,0.4852619047619048,4,source,4.0,xgboost,0.14625334739685059,,0.7832167832167832,0.45825207233428955,0.7921668748981477,,,,
openml:1590,classification,2428,14,block,0.5,0.4852619047619048,4,source,4.0,catboost,0.4177429676055908,,0.7954545454545454,0.4585659163413602,0.7821717638111794,,,,
openml:1590,classification,2002,14,block_shift,0.3,0.2857142857142857,4,source,0.0,tabicl_impute,0.28984713554382324,,0.8076152304609219,0.43371471762657166,0.7851699696224503,,,,
openml:1590,classification,2002,14,block_shift,0.3,0.2857142857142857,4,source,0.0,tabicl_indicator,0.3215219974517822,,0.8066132264529058,0.43818819522857666,0.7805410096918848,,,,
openml:1590,classification,2002,14,block_shift,0.3,0.2857142857142857,4,source,0.0,tabicl_iterimpute,0.6816842555999756,,0.7975951903807615,0.463792622089386,0.7395457833068133,,,,
openml:1590,classification,2002,14,block_shift,0.3,0.2857142857142857,4,source,0.0,tabicl_knnimpute,0.5444574356079102,,0.7955911823647295,0.4457477629184723,0.7712917691306234,,,,
openml:1590,classification,2002,14,block_shift,0.3,0.2857142857142857,4,source,0.0,tabicl_aware_zero,0.29740023612976074,,0.8086172344689379,0.43495506048202515,0.7873397945899032,,,,
openml:1590,classification,2002,14,block_shift,0.3,0.2857142857142857,4,source,0.0,tabicl_aware,0.3608739376068115,,0.8026052104208417,0.426299512386322,0.8061594098076089,,,,
openml:1590,classification,2002,14,block_shift,0.3,0.2857142857142857,4,source,0.0,xgboost,0.09453916549682617,,0.8106212424849699,0.5120587348937988,0.7715261102271083,,,,
openml:1590,classification,2002,14,block_shift,0.3,0.2857142857142857,4,source,0.0,catboost,0.39133715629577637,,0.7875751503006012,0.7641588384501913,0.7211398813829017,,,,
openml:1590,classification,2428,14,block_shift,0.5,0.5,4,source,4.0,tabicl_impute,0.2895224094390869,,0.6695804195804196,0.6462328433990479,0.7538251217701487,,,,
openml:1590,classification,2428,14,block_shift,0.5,0.5,4,source,4.0,tabicl_indicator,0.34998369216918945,,0.6695804195804196,0.6197199821472168,0.8088978217176381,,,,
openml:1590,classification,2428,14,block_shift,0.5,0.5,4,source,4.0,tabicl_iterimpute,0.6008543968200684,,0.791958041958042,0.47249117493629456,0.8218534412515617,,,,
openml:1590,classification,2428,14,block_shift,0.5,0.5,4,source,4.0,tabicl_knnimpute,0.622948408126831,,0.7482517482517482,0.48176926374435425,0.8303275571731219,,,,
openml:1590,classification,2428,14,block_shift,0.5,0.5,4,source,4.0,tabicl_aware_zero,0.30059242248535156,,0.722027972027972,0.4645201563835144,0.812446810436924,,,,
openml:1590,classification,2428,14,block_shift,0.5,0.5,4,source,4.0,tabicl_aware,0.3678135871887207,,0.701048951048951,0.4793470799922943,0.8134698607565141,,,,
openml:1590,classification,2428,14,block_shift,0.5,0.5,4,source,4.0,xgboost,0.1028590202331543,,0.715034965034965,0.4505460560321808,0.8182591848190197,,,,
openml:1590,classification,2428,14,block_shift,0.5,0.5,4,source,4.0,catboost,0.46352100372314453,,0.784965034965035,0.5580780747350933,0.7888532782877941,,,,
openml:531,regression,354,13,none,0.0,0.0,0,random,,tabicl_impute,0.24260282516479492,,,,,3.4073684493191743,0.8683432484899678,0.8421052631578947,0.5755900535027526
openml:531,regression,354,13,none,0.0,0.0,0,random,,tabicl_indicator,0.2397308349609375,,,,,3.4073684493191743,0.8683432484899678,0.8421052631578947,0.5755900535027526
openml:531,regression,354,13,none,0.0,0.0,0,random,,tabicl_iterimpute,0.24931812286376953,,,,,3.4073684493191743,0.8683432484899678,0.8421052631578947,0.5755900535027526
openml:531,regression,354,13,none,0.0,0.0,0,random,,tabicl_knnimpute,0.23901581764221191,,,,,3.4073684493191743,0.8683432484899678,0.8421052631578947,0.5755900535027526
openml:531,regression,354,13,none,0.0,0.0,0,random,,tabicl_aware_zero,0.25542140007019043,,,,,3.4073684493191743,0.8683432484899678,0.8421052631578947,0.5755900535027526
openml:531,regression,354,13,none,0.0,0.0,0,random,,tabicl_aware,0.30653810501098633,,,,,3.299690607811654,0.8765328620862434,0.8289473684210527,0.5707800902370705
openml:531,regression,354,13,none,0.0,0.0,0,random,,xgboost,0.07893562316894531,,,,,3.489663258351712,0.8619068992067158,,
openml:531,regression,354,13,none,0.0,0.0,0,random,,catboost,0.20630407333374023,,,,,3.24099931317918,0.8808859976284427,,
openml:531,regression,261,13,block,0.3,0.3076923076923077,0,source,1.0,tabicl_impute,0.228255033493042,,,,,6.5844701399453704,0.4364137887443835,0.7591836734693878,1.593717808129407
openml:531,regression,261,13,block,0.3,0.3076923076923077,0,source,1.0,tabicl_indicator,0.22479653358459473,,,,,6.5844701399453704,0.4364137887443835,0.7591836734693878,1.593717808129407
openml:531,regression,261,13,block,0.3,0.3076923076923077,0,source,1.0,tabicl_iterimpute,0.2777252197265625,,,,,6.722675475990811,0.412506605267,0.7959183673469388,1.8881135935426536
openml:531,regression,261,13,block,0.3,0.3076923076923077,0,source,1.0,tabicl_knnimpute,0.23038387298583984,,,,,6.211667615754137,0.4984258896560071,0.7387755102040816,1.5371306889715315
openml:531,regression,261,13,block,0.3,0.3076923076923077,0,source,1.0,tabicl_aware_zero,0.23211193084716797,,,,,6.570963820769192,0.438723516969204,0.8,1.6819017263079397
openml:531,regression,261,13,block,0.3,0.3076923076923077,0,source,1.0,tabicl_aware,0.29166674613952637,,,,,6.550818514565991,0.4421597720609032,0.7224489795918367,1.4161597856623316
openml:531,regression,261,13,block,0.3,0.3076923076923077,0,source,1.0,xgboost,0.07000494003295898,,,,,8.270123216544919,0.11091628736927506,,
openml:531,regression,261,13,block,0.3,0.3076923076923077,0,source,1.0,catboost,0.17661452293395996,,,,,10.55490310096864,-0.44819550553307974,,
openml:531,regression,397,13,block,0.5,0.46153846153846156,0,source,4.0,tabicl_impute,0.2462935447692871,,,,,5.363975811242473,0.730920481358521,0.8899082568807339,1.5235008941759025
openml:531,regression,397,13,block,0.5,0.46153846153846156,0,source,4.0,tabicl_indicator,0.27802586555480957,,,,,5.307124832786676,0.7365940221312465,0.8715596330275229,1.4166634738716195
openml:531,regression,397,13,block,0.5,0.46153846153846156,0,source,4.0,tabicl_iterimpute,0.2891700267791748,,,,,8.715472502170522,0.2896229953345434,0.944954128440367,3.3928959487248047
openml:531,regression,397,13,block,0.5,0.46153846153846156,0,source,4.0,tabicl_knnimpute,0.248826265335083,,,,,5.580143245122365,0.7087957453912201,0.8532110091743119,1.221605844358868
openml:531,regression,397,13,block,0.5,0.46153846153846156,0,source,4.0,tabicl_aware_zero,0.2418501377105713,,,,,5.521787520250621,0.7148545786860493,0.8623853211009175,1.3313983716798803
openml:531,regression,397,13,block,0.5,0.46153846153846156,0,source,4.0,tabicl_aware,0.30706310272216797,,,,,5.393424435189699,0.7279578381370733,0.7889908256880734,1.1323678284892476
openml:531,regression,397,13,block,0.5,0.46153846153846156,0,source,4.0,xgboost,0.07854008674621582,,,,,6.059270908506139,0.6566415333234624,,
openml:531,regression,397,13,block,0.5,0.46153846153846156,0,source,4.0,catboost,0.21047472953796387,,,,,7.471271396655106,0.4779692979226774,,
openml:531,regression,261,13,block_shift,0.3,0.2680145941015506,0,source,1.0,tabicl_impute,0.23198890686035156,,,,,5.96575824423485,0.5373527402344314,0.7020408163265306,1.2654535839905579
openml:531,regression,261,13,block_shift,0.3,0.2680145941015506,0,source,1.0,tabicl_indicator,0.22573566436767578,,,,,5.96575824423485,0.5373527402344314,0.7020408163265306,1.2654535839905579
openml:531,regression,261,13,block_shift,0.3,0.2680145941015506,0,source,1.0,tabicl_iterimpute,0.23663973808288574,,,,,5.504234161402061,0.6061666434527284,0.7061224489795919,1.1345635569936467
openml:531,regression,261,13,block_shift,0.3,0.2680145941015506,0,source,1.0,tabicl_knnimpute,0.23382186889648438,,,,,5.748734532285126,0.570401058950234,0.5959183673469388,0.9762320527721825
openml:531,regression,261,13,block_shift,0.3,0.2680145941015506,0,source,1.0,tabicl_aware_zero,0.23134732246398926,,,,,5.849249746510351,0.5552468590290023,0.6775510204081633,1.2120281889060314
openml:531,regression,261,13,block_shift,0.3,0.2680145941015506,0,source,1.0,tabicl_aware,0.2966146469116211,,,,,5.693314699341985,0.5786441048557835,0.636734693877551,1.0091217901295955
openml:531,regression,261,13,block_shift,0.3,0.2680145941015506,0,source,1.0,xgboost,0.08623075485229492,,,,,10.042067612376176,-0.3108861538567733,,
openml:531,regression,261,13,block_shift,0.3,0.2680145941015506,0,source,1.0,catboost,0.20688414573669434,,,,,6.353807919527049,0.4752084213033143,,
openml:531,regression,397,13,block_shift,0.5,0.44588020674977197,0,source,4.0,tabicl_impute,0.2442626953125,,,,,7.905803708673272,0.4154804047269869,0.8990825688073395,2.360125980256486
openml:531,regression,397,13,block_shift,0.5,0.44588020674977197,0,source,4.0,tabicl_indicator,0.28394579887390137,,,,,7.6134422926301095,0.457912814328824,0.8990825688073395,2.3129324360903074
openml:531,regression,397,13,block_shift,0.5,0.44588020674977197,0,source,4.0,tabicl_iterimpute,0.39948463439941406,,,,,10.902386092334698,-0.11160409086590328,0.8807339449541285,3.515553640779781
openml:531,regression,397,13,block_shift,0.5,0.44588020674977197,0,source,4.0,tabicl_knnimpute,0.2526257038116455,,,,,8.921965146126325,0.2555628029150223,0.7339449541284404,1.9872889023419056
openml:531,regression,397,13,block_shift,0.5,0.44588020674977197,0,source,4.0,tabicl_aware_zero,0.24749207496643066,,,,,7.382896475494817,0.490246075501668,0.8532110091743119,1.9835006252112903
openml:531,regression,397,13,block_shift,0.5,0.44588020674977197,0,source,4.0,tabicl_aware,0.3619723320007324,,,,,7.4948710072859255,0.47466619785035236,0.8256880733944955,1.8644925023113608
openml:531,regression,397,13,block_shift,0.5,0.44588020674977197,0,source,4.0,xgboost,0.10018134117126465,,,,,7.633328846555697,0.45507721781190924,,
openml:531,regression,397,13,block_shift,0.5,0.44588020674977197,0,source,4.0,catboost,0.25658679008483887,,,,,9.858722409373916,0.09103262120030875,,
openml:531,regression,354,13,none,0.0,0.0,1,random,,tabicl_impute,0.24324870109558105,,,,,2.768077812469247,0.9054523728841319,0.8223684210526315,0.6498066019510961
openml:531,regression,354,13,none,0.0,0.0,1,random,,tabicl_indicator,0.24032354354858398,,,,,2.768077812469247,0.9054523728841319,0.8223684210526315,0.6498066019510961
openml:531,regression,354,13,none,0.0,0.0,1,random,,tabicl_iterimpute,0.25019049644470215,,,,,2.768077812469247,0.9054523728841319,0.8223684210526315,0.6498066019510961
openml:531,regression,354,13,none,0.0,0.0,1,random,,tabicl_knnimpute,0.24123883247375488,,,,,2.768077812469247,0.9054523728841319,0.8223684210526315,0.6498066019510961
openml:531,regression,354,13,none,0.0,0.0,1,random,,tabicl_aware_zero,0.24495506286621094,,,,,2.768077812469247,0.9054523728841319,0.8223684210526315,0.6498066019510961
openml:531,regression,354,13,none,0.0,0.0,1,random,,tabicl_aware,0.30978965759277344,,,,,2.890065359281575,0.8969354350876735,0.8223684210526315,0.6445765519829192
openml:531,regression,354,13,none,0.0,0.0,1,random,,xgboost,0.07698893547058105,,,,,2.893635924146873,0.8966806131423519,,
openml:531,regression,354,13,none,0.0,0.0,1,random,,catboost,0.20757389068603516,,,,,2.9217150626739516,0.8946657119380619,,
openml:531,regression,332,13,block,0.3,0.3076923076923077,1,source,2.0,tabicl_impute,0.24550938606262207,,,,,5.308877202143892,0.6987207843717747,0.8045977011494253,1.3015133282175935
openml:531,regression,332,13,block,0.3,0.3076923076923077,1,source,2.0,tabicl_indicator,0.2684762477874756,,,,,5.383313383087018,0.6902130369833821,0.7873563218390804,1.3065629890587083
openml:531,regression,332,13,block,0.3,0.3076923076923077,1,source,2.0,tabicl_iterimpute,0.38852787017822266,,,,,9.639187573238322,0.006781786263940104,0.9942528735632183,4.494759189151843
openml:531,regression,332,13,block,0.3,0.3076923076923077,1,source,2.0,tabicl_knnimpute,0.25110769271850586,,,,,5.002213252671195,0.732521907687143,0.7988505747126436,1.1436473608336915
openml:531,regression,332,13,block,0.3,0.3076923076923077,1,source,2.0,tabicl_aware_zero,0.2451167106628418,,,,,5.311586749102842,0.6984131718688371,0.7931034482758621,1.1814256037404998
openml:531,regression,332,13,block,0.3,0.3076923076923077,1,source,2.0,tabicl_aware,0.3113868236541748,,,,,5.236300755265052,0.7069019168996706,0.7586206896551724,1.054748068414711
openml:531,regression,332,13,block,0.3,0.3076923076923077,1,source,2.0,xgboost,0.0712742805480957,,,,,5.091429801350198,0.7228956568692642,,
openml:531,regression,332,13,block,0.3,0.3076923076923077,1,source,2.0,catboost,0.20465850830078125,,,,,10.275754098210651,-0.12873298849475656,,
openml:531,regression,341,13,block,0.5,0.46153846153846156,1,source,2.0,tabicl_impute,0.23753643035888672,,,,,5.688493177333066,0.5885741875828054,0.9575757575757575,2.895816891308838
openml:531,regression,341,13,block,0.5,0.46153846153846156,1,source,2.0,tabicl_indicator,0.26029539108276367,,,,,5.761835351279305,0.5778967072887053,0.9515151515151515,2.8893327641918134
openml:531,regression,341,13,block,0.5,0.46153846153846156,1,source,2.0,tabicl_iterimpute,0.3454737663269043,,,,,9.297561296208162,-0.09909479899016627,1.0,5.393372582817913
openml:531,regression,341,13,block,0.5,0.46153846153846156,1,source,2.0,tabicl_knnimpute,0.24331235885620117,,,,,5.2227209326410415,0.653190733003093,0.9272727272727272,2.0812944739663632
openml:531,regression,341,13,block,0.5,0.46153846153846156,1,source,2.0,tabicl_aware_zero,0.24840974807739258,,,,,5.602879370361109,0.6008651983247607,0.9454545454545454,2.5375863424814
openml:531,regression,341,13,block,0.5,0.46153846153846156,1,source,2.0,tabicl_aware,0.30884361267089844,,,,,5.337663106218959,0.6377575264099737,0.9090909090909091,1.6691051652334492
openml:531,regression,341,13,block,0.5,0.46153846153846156,1,source,2.0,xgboost,0.0697793960571289,,,,,6.790967521660242,0.41364536951329656,,
openml:531,regression,341,13,block,0.5,0.46153846153846156,1,source,2.0,catboost,0.22092390060424805,,,,,7.966966260107973,0.19298239632727054,,
openml:531,regression,332,13,block_shift,0.3,0.3076923076923077,1,source,2.0,tabicl_impute,0.24650144577026367,,,,,7.652322735634787,0.37403454261291036,0.9540229885057471,2.8254988600013458
openml:531,regression,332,13,block_shift,0.3,0.3076923076923077,1,source,2.0,tabicl_indicator,0.3136322498321533,,,,,7.345187204435379,0.42327397428479807,0.9425287356321839,2.6571279257923726
openml:531,regression,332,13,block_shift,0.3,0.3076923076923077,1,source,2.0,tabicl_iterimpute,0.4084181785583496,,,,,9.553042398646944,0.024455190321053144,0.9942528735632183,4.094824236274344
openml:531,regression,332,13,block_shift,0.3,0.3076923076923077,1,source,2.0,tabicl_knnimpute,0.24792242050170898,,,,,6.170708945391361,0.5929629547050599,0.9540229885057471,2.879595199300889
openml:531,regression,332,13,block_shift,0.3,0.3076923076923077,1,source,2.0,tabicl_aware_zero,0.24433040618896484,,,,,7.08439365090697,0.4635006718342003,0.9712643678160919,2.659132684432201
openml:531,regression,332,13,block_shift,0.3,0.3076923076923077,1,source,2.0,tabicl_aware,0.3115110397338867,,,,,6.335689456230158,0.5709068550425995,0.7873563218390804,1.5575553788855967
openml:531,regression,332,13,block_shift,0.3,0.3076923076923077,1,source,2.0,xgboost,0.09188008308410645,,,,,5.746642586799183,0.6469857911989074,,
openml:531,regression,332,13,block_shift,0.3,0.3076923076923077,1,source,2.0,catboost,0.22861385345458984,,,,,7.0316800196977445,0.47145494794483855,,
openml:531,regression,341,13,block_shift,0.5,0.4107631498935847,1,source,2.0,tabicl_impute,0.2436695098876953,,,,,7.188199941177724,0.3430423873488675,0.9151515151515152,3.1496972763401194
openml:531,regression,341,13,block_shift,0.5,0.4107631498935847,1,source,2.0,tabicl_indicator,0.2717599868774414,,,,,6.8860935810486525,0.39710331887818273,0.8848484848484849,2.857280757545582
openml:531,regression,341,13,block_shift,0.5,0.4107631498935847,1,source,2.0,tabicl_iterimpute,0.3398888111114502,,,,,9.181259108127229,-0.07176986116703565,0.9939393939393939,5.5113514789527445
openml:531,regression,341,13,block_shift,0.5,0.4107631498935847,1,source,2.0,tabicl_knnimpute,0.24921393394470215,,,,,7.19007778113322,0.34269909628724726,0.8181818181818182,2.515862613275244
openml:531,regression,341,13,block_shift,0.5,0.4107631498935847,1,source,2.0,tabicl_aware_zero,0.24509787559509277,,,,,7.109699338957045,0.35731298869594497,0.9272727272727272,3.2105554623597
openml:531,regression,341,13,block_shift,0.5,0.4107631498935847,1,source,2.0,tabicl_aware,0.31070947647094727,,,,,7.210056088136623,0.33904127684161045,0.8181818181818182,2.5681771676744134
openml:531,regression,341,13,block_shift,0.5,0.4107631498935847,1,source,2.0,xgboost,0.0959625244140625,,,,,9.93001233670785,-0.25370866762420885,,
openml:531,regression,341,13,block_shift,0.5,0.4107631498935847,1,source,2.0,catboost,0.21719026565551758,,,,,6.922543924047183,0.3907037679338461,,
openml:531,regression,354,13,none,0.0,0.0,2,random,,tabicl_impute,0.24536633491516113,,,,,2.856142181357254,0.8725107878214942,0.75,0.6574282416187254
openml:531,regression,354,13,none,0.0,0.0,2,random,,tabicl_indicator,0.24265742301940918,,,,,2.856142181357254,0.8725107878214942,0.75,0.6574282416187254
openml:531,regression,354,13,none,0.0,0.0,2,random,,tabicl_iterimpute,0.25186657905578613,,,,,2.856142181357254,0.8725107878214942,0.75,0.6574282416187254
openml:531,regression,354,13,none,0.0,0.0,2,random,,tabicl_knnimpute,0.2414093017578125,,,,,2.856142181357254,0.8725107878214942,0.75,0.6574282416187254
openml:531,regression,354,13,none,0.0,0.0,2,random,,tabicl_aware_zero,0.24792981147766113,,,,,2.856142181357254,0.8725107878214942,0.75,0.6574282416187254
openml:531,regression,354,13,none,0.0,0.0,2,random,,tabicl_aware,0.3136787414550781,,,,,2.872798489761982,0.8710194814641394,0.756578947368421,0.6520993687781614
openml:531,regression,354,13,none,0.0,0.0,2,random,,xgboost,0.07930517196655273,,,,,3.6279249269501377,0.7943018555175491,,
openml:531,regression,354,13,none,0.0,0.0,2,random,,catboost,0.19872164726257324,,,,,2.8126887840158967,0.8763605245905307,,
openml:531,regression,245,13,block,0.3,0.233201581027668,2,source,0.0,tabicl_impute,0.27305126190185547,,,,,4.508756550585582,0.7794174110648238,0.8199233716475096,1.1239288850522087
openml:531,regression,245,13,block,0.3,0.233201581027668,2,source,0.0,tabicl_indicator,0.23334264755249023,,,,,4.508756550585582,0.7794174110648238,0.8199233716475096,1.1239288850522087
openml:531,regression,245,13,block,0.3,0.233201581027668,2,source,0.0,tabicl_iterimpute,0.24032163619995117,,,,,4.2903097186710175,0.8002738422204598,0.8352490421455939,1.0460715982109574
openml:531,regression,245,13,block,0.3,0.233201581027668,2,source,0.0,tabicl_knnimpute,0.2326829433441162,,,,,4.0197820915513915,0.824667397515259,0.7509578544061303,0.7071450858441193
openml:531,regression,245,13,block,0.3,0.233201581027668,2,source,0.0,tabicl_aware_zero,0.2332305908203125,,,,,4.589826648962868,0.7714136866266897,0.8045977011494253,1.1343665539017378
openml:531,regression,245,13,block,0.3,0.233201581027668,2,source,0.0,tabicl_aware,0.3018074035644531,,,,,4.571286642411262,0.773256646138393,0.7394636015325671,0.9745472064337937
openml:531,regression,245,13,block,0.3,0.233201581027668,2,source,0.0,xgboost,0.06704902648925781,,,,,5.440701372488911,0.6788059915647353,,
openml:531,regression,245,13,block,0.3,0.233201581027668,2,source,0.0,catboost,0.18694233894348145,,,,,5.17965345263298,0.7088886990440142,,
openml:531,regression,337,13,block,0.5,0.46153846153846156,2,source,0.0,tabicl_impute,0.23519611358642578,,,,,6.147808008500468,0.5581541126019471,0.9644970414201184,2.516931188883694
openml:531,regression,337,13,block,0.5,0.46153846153846156,2,source,0.0,tabicl_indicator,0.25030064582824707,,,,,5.928943480570591,0.5890539172495458,0.9704142011834319,2.3993453859306664
openml:531,regression,337,13,block,0.5,0.46153846153846156,2,source,0.0,tabicl_iterimpute,0.28171586990356445,,,,,9.574186665103875,-0.07160320889908656,1.0,5.1953792416058295
openml:531,regression,337,13,block,0.5,0.46153846153846156,2,source,0.0,tabicl_knnimpute,0.23833417892456055,,,,,6.238122123527753,0.5450769211802168,0.8579881656804734,1.7987361012385175
openml:531,regression,337,13,block,0.5,0.46153846153846156,2,source,0.0,tabicl_aware_zero,0.23530244827270508,,,,,6.430501197894488,0.5165852791962008,0.9112426035502958,1.8699039538002222
openml:531,regression,337,13,block,0.5,0.46153846153846156,2,source,0.0,tabicl_aware,0.3034703731536865,,,,,6.391823792363819,0.5223829604982267,0.8284023668639053,1.4824632112859026
openml:531,regression,337,13,block,0.5,0.46153846153846156,2,source,0.0,xgboost,0.07893681526184082,,,,,7.564599403523117,0.3310370079791227,,
openml:531,regression,337,13,block,0.5,0.46153846153846156,2,source,0.0,catboost,0.20122623443603516,,,,,8.088683338355358,0.23513305654154038,,
openml:531,regression,245,13,block_shift,0.3,0.233201581027668,2,source,0.0,tabicl_impute,0.23154091835021973,,,,,7.711205695760236,0.35478830141394957,0.632183908045977,1.5665415163361802
openml:531,regression,245,13,block_shift,0.3,0.233201581027668,2,source,0.0,tabicl_indicator,0.22921442985534668,,,,,7.711205695760236,0.35478830141394957,0.632183908045977,1.5665415163361802
openml:531,regression,245,13,block_shift,0.3,0.233201581027668,2,source,0.0,tabicl_iterimpute,0.23867416381835938,,,,,6.881079326660214,0.48622758111272957,0.5977011494252874,1.3326326908395265
openml:531,regression,245,13,block_shift,0.3,0.233201581027668,2,source,0.0,tabicl_knnimpute,0.23836946487426758,,,,,6.710683325665031,0.5113576012850244,0.6168582375478927,1.3235981155269183
openml:531,regression,245,13,block_shift,0.3,0.233201581027668,2,source,0.0,tabicl_aware_zero,0.2373337745666504,,,,,7.503334476068856,0.38910542293377515,0.632183908045977,1.5139112035848696
openml:531,regression,245,13,block_shift,0.3,0.233201581027668,2,source,0.0,tabicl_aware,0.3017263412475586,,,,,7.355343658039204,0.4129655418071503,0.6513409961685823,1.455757228278092
openml:531,regression,245,13,block_shift,0.3,0.233201581027668,2,source,0.0,xgboost,0.0908057689666748,,,,,7.619973410808601,0.3699651557701329,,
openml:531,regression,245,13,block_shift,0.3,0.233201581027668,2,source,0.0,catboost,0.18559479713439941,,,,,5.806264795119586,0.6341935717278888,,
openml:531,regression,337,13,block_shift,0.5,0.4103070842201277,2,source,0.0,tabicl_impute,0.24231386184692383,,,,,8.058931540214795,0.2407493763021521,0.7869822485207101,1.9171746521894664
openml:531,regression,337,13,block_shift,0.5,0.4103070842201277,2,source,0.0,tabicl_indicator,0.2736318111419678,,,,,8.243807053727654,0.20551470839353303,0.7100591715976331,1.4965337594784474
openml:531,regression,337,13,block_shift,0.5,0.4103070842201277,2,source,0.0,tabicl_iterimpute,0.3697175979614258,,,,,10.927662389562153,-0.39599789156542897,1.0,5.016929916554008
openml:531,regression,337,13,block_shift,0.5,0.4103070842201277,2,source,0.0,tabicl_knnimpute,0.2542896270751953,,,,,9.809400101079616,-0.12490312102905188,0.5976331360946746,2.180272466109672
openml:531,regression,337,13,block_shift,0.5,0.4103070842201277,2,source,0.0,tabicl_aware_zero,0.24559760093688965,,,,,8.114324404720724,0.23027612539709497,0.8165680473372781,2.0903994263877603
openml:531,regression,337,13,block_shift,0.5,0.4103070842201277,2,source,0.0,tabicl_aware,0.3137798309326172,,,,,7.9799338661822805,0.25556152869581983,0.6863905325443787,1.3686156823252134
openml:531,regression,337,13,block_shift,0.5,0.4103070842201277,2,source,0.0,xgboost,0.09034419059753418,,,,,11.822871188303495,-0.6340906317200405,,
openml:531,regression,337,13,block_shift,0.5,0.4103070842201277,2,source,0.0,catboost,0.23264193534851074,,,,,13.623666474198462,-1.1697926327822592,,
openml:531,regression,354,13,none,0.0,0.0,3,random,,tabicl_impute,0.24015498161315918,,,,,2.467289155044798,0.9220558089790388,0.7763157894736842,0.6000731445888681
openml:531,regression,354,13,none,0.0,0.0,3,random,,tabicl_indicator,0.23983383178710938,,,,,2.467289155044798,0.9220558089790388,0.7763157894736842,0.6000731445888681
openml:531,regression,354,13,none,0.0,0.0,3,random,,tabicl_iterimpute,0.24913954734802246,,,,,2.467289155044798,0.9220558089790388,0.7763157894736842,0.6000731445888681
openml:531,regression,354,13,none,0.0,0.0,3,random,,tabicl_knnimpute,0.23980975151062012,,,,,2.467289155044798,0.9220558089790388,0.7763157894736842,0.6000731445888681
openml:531,regression,354,13,none,0.0,0.0,3,random,,tabicl_aware_zero,0.24214816093444824,,,,,2.467289155044798,0.9220558089790388,0.7763157894736842,0.6000731445888681
openml:531,regression,354,13,none,0.0,0.0,3,random,,tabicl_aware,0.3099358081817627,,,,,2.454697518193826,0.922849344327994,0.7697368421052632,0.5968592933303034
openml:531,regression,354,13,none,0.0,0.0,3,random,,xgboost,0.07930970191955566,,,,,3.1730550909753275,0.87108635766782,,
openml:531,regression,354,13,none,0.0,0.0,3,random,,catboost,0.20728635787963867,,,,,2.7856270557759846,0.9006450296357418,,
openml:531,regression,366,13,block,0.3,0.3076923076923077,3,source,1.0,tabicl_impute,0.2508254051208496,,,,,4.352424969107327,0.777682028117329,0.7714285714285715,0.914665896750706
openml:531,regression,366,13,block,0.3,0.3076923076923077,3,source,1.0,tabicl_indicator,0.2844505310058594,,,,,4.334215858456176,0.7795383470132621,0.75,0.8607769237671778
openml:531,regression,366,13,block,0.3,0.3076923076923077,3,source,1.0,tabicl_iterimpute,0.2916984558105469,,,,,4.3267066725136685,0.7803016008535982,0.7785714285714286,0.9525712231134165
openml:531,regression,366,13,block,0.3,0.3076923076923077,3,source,1.0,tabicl_knnimpute,0.25174570083618164,,,,,4.010758691828555,0.8112160571251252,0.8,0.9270374534036137
openml:531,regression,366,13,block,0.3,0.3076923076923077,3,source,1.0,tabicl_aware_zero,0.2465670108795166,,,,,4.500726589077417,0.7622736907162068,0.6928571428571428,0.8495625789764243
openml:531,regression,366,13,block,0.3,0.3076923076923077,3,source,1.0,tabicl_aware,0.31421518325805664,,,,,4.532155069630803,0.7589420229179967,0.6785714285714286,0.8048945213683957
openml:531,regression,366,13,block,0.3,0.3076923076923077,3,source,1.0,xgboost,0.08339786529541016,,,,,4.262478973322392,0.7867758042612224,,
openml:531,regression,366,13,block,0.3,0.3076923076923077,3,source,1.0,catboost,0.20394515991210938,,,,,7.720228010095307,0.300524931084736,,
openml:531,regression,322,13,block,0.5,0.46153846153846156,3,source,2.0,tabicl_impute,0.23827266693115234,,,,,5.746819876499442,0.5823445262213359,0.7880434782608695,1.2765185036381623
openml:531,regression,322,13,block,0.5,0.46153846153846156,3,source,2.0,tabicl_indicator,0.2597630023956299,,,,,5.610576471234278,0.6019130146162646,0.8152173913043478,1.349451763995761
openml:531,regression,322,13,block,0.5,0.46153846153846156,3,source,2.0,tabicl_iterimpute,0.36821722984313965,,,,,19.451281305328667,-3.7847520439269244,0.9945652173913043,5.5218483477353875
openml:531,regression,322,13,block,0.5,0.46153846153846156,3,source,2.0,tabicl_knnimpute,0.24855875968933105,,,,,5.2766774041507345,0.6478853496503378,0.7663043478260869,1.0523039731962787
openml:531,regression,322,13,block,0.5,0.46153846153846156,3,source,2.0,tabicl_aware_zero,0.24074864387512207,,,,,5.986207027946072,0.5468244482263218,0.7391304347826086,1.2067231575151518
openml:531,regression,322,13,block,0.5,0.46153846153846156,3,source,2.0,tabicl_aware,0.3506193161010742,,,,,6.086643194711623,0.5314901837606634,0.6847826086956522,1.0051998684577461
openml:531,regression,322,13,block,0.5,0.46153846153846156,3,source,2.0,xgboost,0.07519245147705078,,,,,9.276775786049134,-0.08832129606308214,,
openml:531,regression,322,13,block,0.5,0.46153846153846156,3,source,2.0,catboost,0.16867947578430176,,,,,7.087594230213193,0.3647265589633504,,
openml:531,regression,366,13,block_shift,0.3,0.3076923076923077,3,source,1.0,tabicl_impute,0.24150824546813965,,,,,5.720352476195388,0.6159767086082543,0.9928571428571429,3.3732980965549753
openml:531,regression,366,13,block_shift,0.3,0.3076923076923077,3,source,1.0,tabicl_indicator,0.27433037757873535,,,,,5.312262832819465,0.668814667684622,0.9857142857142858,2.9248447681898306
openml:531,regression,366,13,block_shift,0.3,0.3076923076923077,3,source,1.0,tabicl_iterimpute,0.28190040588378906,,,,,6.586961729943832,0.4908071859178038,0.9642857142857143,2.9062025097080415
openml:531,regression,366,13,block_shift,0.3,0.3076923076923077,3,source,1.0,tabicl_knnimpute,0.2487165927886963,,,,,5.40749588571404,0.6568338984608639,0.9714285714285714,2.2834952459288056
openml:531,regression,366,13,block_shift,0.3,0.3076923076923077,3,source,1.0,tabicl_aware_zero,0.24414968490600586,,,,,5.35801390908222,0.6630855336340001,0.9928571428571429,3.111242351198003
openml:531,regression,366,13,block_shift,0.3,0.3076923076923077,3,source,1.0,tabicl_aware,0.3109095096588135,,,,,5.207512105565246,0.6817469590599337,0.9714285714285714,2.0749607299946673
openml:531,regression,366,13,block_shift,0.3,0.3076923076923077,3,source,1.0,xgboost,0.10090184211730957,,,,,5.983801192646826,0.5797900829424606,,
openml:531,regression,366,13,block_shift,0.3,0.3076923076923077,3,source,1.0,catboost,0.24348855018615723,,,,,7.398401698194582,0.35762622693959945,,
openml:531,regression,322,13,block_shift,0.5,0.38172696868349043,3,source,2.0,tabicl_impute,0.23822617530822754,,,,,7.690426145781759,0.2520650651774492,0.842391304347826,1.786779028241848
openml:531,regression,322,13,block_shift,0.5,0.38172696868349043,3,source,2.0,tabicl_indicator,0.25823259353637695,,,,,7.469545576911358,0.29441170066749045,0.8804347826086957,2.025891224504194
openml:531,regression,322,13,block_shift,0.5,0.38172696868349043,3,source,2.0,tabicl_iterimpute,0.3360300064086914,,,,,7.326940226565855,0.32109609863052346,0.9184782608695652,2.1963801674925607
openml:531,regression,322,13,block_shift,0.5,0.38172696868349043,3,source,2.0,tabicl_knnimpute,0.2426598072052002,,,,,7.862601982860656,0.21820013630296264,0.8967391304347826,2.445933095306904
openml:531,regression,322,13,block_shift,0.5,0.38172696868349043,3,source,2.0,tabicl_aware_zero,0.24036097526550293,,,,,7.82205187996971,0.22624335554158637,0.8043478260869565,1.6545272952557855
openml:531,regression,322,13,block_shift,0.5,0.38172696868349043,3,source,2.0,tabicl_aware,0.30369114875793457,,,,,7.611516105920129,0.2673351633319999,0.8152173913043478,1.684311795038557
openml:531,regression,322,13,block_shift,0.5,0.38172696868349043,3,source,2.0,xgboost,0.08307099342346191,,,,,7.505504935375226,0.28760176140781424,,
openml:531,regression,322,13,block_shift,0.5,0.38172696868349043,3,source,2.0,catboost,0.22494077682495117,,,,,9.377784627995476,-0.11215038393731813,,
openml:531,regression,354,13,none,0.0,0.0,4,random,,tabicl_impute,0.2437150478363037,,,,,2.06292708078425,0.9398761084420985,0.8223684210526315,0.6236958975916647
openml:531,regression,354,13,none,0.0,0.0,4,random,,tabicl_indicator,0.24071645736694336,,,,,2.06292708078425,0.9398761084420985,0.8223684210526315,0.6236958975916647
openml:531,regression,354,13,none,0.0,0.0,4,random,,tabicl_iterimpute,0.2943854331970215,,,,,2.06292708078425,0.9398761084420985,0.8223684210526315,0.6236958975916647
openml:531,regression,354,13,none,0.0,0.0,4,random,,tabicl_knnimpute,0.24122977256774902,,,,,2.06292708078425,0.9398761084420985,0.8223684210526315,0.6236958975916647
openml:531,regression,354,13,none,0.0,0.0,4,random,,tabicl_aware_zero,0.24859833717346191,,,,,2.06292708078425,0.9398761084420985,0.8223684210526315,0.6236958975916647
openml:531,regression,354,13,none,0.0,0.0,4,random,,tabicl_aware,0.31369566917419434,,,,,2.093788253214964,0.9380637586038116,0.7894736842105263,0.6208501830892139
openml:531,regression,354,13,none,0.0,0.0,4,random,,xgboost,0.07904529571533203,,,,,2.9439559957244135,0.8775547458242212,,
openml:531,regression,354,13,none,0.0,0.0,4,random,,catboost,0.20932316780090332,,,,,2.3248571103702416,0.9236389555607809,,
openml:531,regression,336,13,block,0.3,0.3076923076923077,4,source,1.0,tabicl_impute,0.23421978950500488,,,,,6.811348060595556,0.46382316097396437,0.7176470588235294,1.451086888087585
openml:531,regression,336,13,block,0.3,0.3076923076923077,4,source,1.0,tabicl_indicator,0.23732900619506836,,,,,6.966751517356447,0.439077908031384,0.7176470588235294,1.4656820533775978
openml:531,regression,336,13,block,0.3,0.3076923076923077,4,source,1.0,tabicl_iterimpute,0.26589012145996094,,,,,5.633658925185227,0.6332053404167475,0.9941176470588236,2.775409906044201
openml:531,regression,336,13,block,0.3,0.3076923076923077,4,source,1.0,tabicl_knnimpute,0.24938440322875977,,,,,4.888445814258358,0.7238255392962738,0.7764705882352941,1.0054844760952915
openml:531,regression,336,13,block,0.3,0.3076923076923077,4,source,1.0,tabicl_aware_zero,0.240234375,,,,,6.731815482741676,0.4762713761141435,0.7411764705882353,1.4815108771667307
openml:531,regression,336,13,block,0.3,0.3076923076923077,4,source,1.0,tabicl_aware,0.3054642677307129,,,,,6.317747922435435,0.5387180185580629,0.6294117647058823,1.1114341395869065
openml:531,regression,336,13,block,0.3,0.3076923076923077,4,source,1.0,xgboost,0.07358574867248535,,,,,13.649751627217714,-1.1532348552148037,,
openml:531,regression,336,13,block,0.3,0.3076923076923077,4,source,1.0,catboost,0.20679974555969238,,,,,8.465603052095,0.17175713195593856,,
openml:531,regression,388,13,block,0.5,0.46153846153846156,4,source,4.0,tabicl_impute,0.24259686470031738,,,,,7.078125912866016,0.42145206198568574,0.864406779661017,1.5109229627048786
openml:531,regression,388,13,block,0.5,0.46153846153846156,4,source,4.0,tabicl_indicator,0.27452802658081055,,,,,7.135719162194955,0.41199870755569534,0.8305084745762712,1.4328309800666061
openml:531,regression,388,13,block,0.5,0.46153846153846156,4,source,4.0,tabicl_iterimpute,0.27100276947021484,,,,,14.846431769671664,-1.5453467572123074,0.8135593220338984,3.6423141928925475
openml:531,regression,388,13,block,0.5,0.46153846153846156,4,source,4.0,tabicl_knnimpute,0.2483365535736084,,,,,7.33927700010885,0.37797285085737087,0.652542372881356,1.2459916073220314
openml:531,regression,388,13,block,0.5,0.46153846153846156,4,source,4.0,tabicl_aware_zero,0.24534130096435547,,,,,7.263176462073752,0.3908055005819149,0.7966101694915254,1.2988795562881768
openml:531,regression,388,13,block,0.5,0.46153846153846156,4,source,4.0,tabicl_aware,0.31134963035583496,,,,,7.238336404201473,0.3949652646345282,0.6949152542372882,1.0065126017188346
openml:531,regression,388,13,block,0.5,0.46153846153846156,4,source,4.0,xgboost,0.08391070365905762,,,,,27.72321626678009,-7.875442356911499,,
openml:531,regression,388,13,block,0.5,0.46153846153846156,4,source,4.0,catboost,0.22746014595031738,,,,,9.428170275680733,-0.0264968401369976,,
openml:531,regression,336,13,block_shift,0.3,0.2818485861964123,4,source,1.0,tabicl_impute,0.2453145980834961,,,,,6.1400527683533195,0.5643014541961973,0.7176470588235294,1.6663022169403021
openml:531,regression,336,13,block_shift,0.3,0.2818485861964123,4,source,1.0,tabicl_indicator,0.2597618103027344,,,,,6.185451176722234,0.5578346871654161,0.7411764705882353,1.7499211545106732
openml:531,regression,336,13,block_shift,0.3,0.2818485861964123,4,source,1.0,tabicl_iterimpute,0.32123303413391113,,,,,5.519667929851784,0.6478985569494156,0.8294117647058824,1.778481174074943
openml:531,regression,336,13,block_shift,0.3,0.2818485861964123,4,source,1.0,tabicl_knnimpute,0.292743444442749,,,,,6.099056747090872,0.5701001914903236,0.7411764705882353,1.6342358104128138
openml:531,regression,336,13,block_shift,0.3,0.2818485861964123,4,source,1.0,tabicl_aware_zero,0.24428439140319824,,,,,6.184507979804019,0.5579695252399086,0.7,1.6142465033233577
openml:531,regression,336,13,block_shift,0.3,0.2818485861964123,4,source,1.0,tabicl_aware,0.3105435371398926,,,,,6.301350220030496,0.5411094240466756,0.6705882352941176,1.569136923723897
openml:531,regression,336,13,block_shift,0.3,0.2818485861964123,4,source,1.0,xgboost,0.16951203346252441,,,,,6.688973625201458,0.4829162730312042,,
openml:531,regression,336,13,block_shift,0.3,0.2818485861964123,4,source,1.0,catboost,0.1981794834136963,,,,,10.37878708377706,-0.24490183966561774,,
openml:531,regression,388,13,block_shift,0.5,0.46153846153846156,4,source,4.0,tabicl_impute,0.24111032485961914,,,,,5.233519138546185,0.6837063919683748,0.9745762711864406,2.4777766227789084
openml:531,regression,388,13,block_shift,0.5,0.46153846153846156,4,source,4.0,tabicl_indicator,0.2865428924560547,,,,,5.303111412740541,0.6752386900112923,0.9576271186440678,2.269079591046048
openml:531,regression,388,13,block_shift,0.5,0.46153846153846156,4,source,4.0,tabicl_iterimpute,0.3034963607788086,,,,,7.888265862266205,0.28143532899034474,0.8559322033898306,1.701169482502986
openml:531,regression,388,13,block_shift,0.5,0.46153846153846156,4,source,4.0,tabicl_knnimpute,0.2526681423187256,,,,,6.80184088335688,0.4657362374131516,0.8813559322033898,1.8681342407002866
openml:531,regression,388,13,block_shift,0.5,0.46153846153846156,4,source,4.0,tabicl_aware_zero,0.2470722198486328,,,,,5.19675391133022,0.6881346785004419,0.9661016949152542,2.1891908779095943
openml:531,regression,388,13,block_shift,0.5,0.46153846153846156,4,source,4.0,tabicl_aware,0.31478214263916016,,,,,5.3226771438378035,0.6728378676245339,0.9152542372881356,1.5031996451253702
openml:531,regression,388,13,block_shift,0.5,0.46153846153846156,4,source,4.0,xgboost,0.0993659496307373,,,,,6.308034095945721,0.540494360140388,,
openml:531,regression,388,13,block_shift,0.5,0.46153846153846156,4,source,4.0,catboost,0.2477865219116211,,,,,6.41257781430727,0.5251372772692302,,
