dataset,task,n_train,n_features,mechanism,rate,actual_rate,seed,model,seconds,error,acc,logloss,auc,rmse,r2,coverage80,width80
breast_cancer,classification,398,30,none,0.0,0.0,0,tabicl_impute,1.6629502773284912,,0.9766081871345029,0.06760688126087189,0.9956191588785047,,,,
breast_cancer,classification,398,30,none,0.0,0.0,0,tabicl_indicator,0.4319174289703369,,0.9766081871345029,0.06760688126087189,0.9956191588785047,,,,
breast_cancer,classification,398,30,none,0.0,0.0,0,tabicl_aware_zero,0.7249889373779297,,0.9766081871345029,0.06760688126087189,0.9956191588785047,,,,
breast_cancer,classification,398,30,none,0.0,0.0,0,tabicl_aware,0.39441370964050293,,0.9824561403508771,0.064666248857975,0.9960572429906542,,,,
breast_cancer,classification,398,30,none,0.0,0.0,0,xgboost,0.8809738159179688,,0.9590643274853801,0.1011410653591156,0.991676401869159,,,,
breast_cancer,classification,398,30,none,0.0,0.0,0,catboost,0.46793365478515625,,0.9649122807017544,0.10222740564783224,0.9902161214953271,,,,
breast_cancer,classification,398,30,mcar,0.1,0.09607498535442296,0,tabicl_impute,0.3052816390991211,,0.9649122807017544,0.08752383291721344,0.994304906542056,,,,
breast_cancer,classification,398,30,mcar,0.1,0.09607498535442296,0,tabicl_indicator,0.4989132881164551,,0.9649122807017544,0.08508693426847458,0.9945969626168224,,,,
breast_cancer,classification,398,30,mcar,0.1,0.09607498535442296,0,tabicl_aware_zero,0.39800047874450684,,0.9649122807017544,0.08541304618120193,0.9948890186915887,,,,
breast_cancer,classification,398,30,mcar,0.1,0.09607498535442296,0,tabicl_aware,0.4324073791503906,,0.9707602339181286,0.08224798738956451,0.9948890186915887,,,,
breast_cancer,classification,398,30,mcar,0.1,0.09607498535442296,0,xgboost,0.07220315933227539,,0.9415204678362573,0.17127233743667603,0.9865654205607477,,,,
breast_cancer,classification,398,30,mcar,0.1,0.09607498535442296,0,catboost,0.39408397674560547,,0.9590643274853801,0.13709064618034844,0.9906542056074766,,,,
breast_cancer,classification,398,30,mcar,0.3,0.2915641476274165,0,tabicl_impute,0.3064289093017578,,0.9590643274853801,0.09860250353813171,0.9928446261682243,,,,
breast_cancer,classification,398,30,mcar,0.3,0.2915641476274165,0,tabicl_indicator,0.4213073253631592,,0.9707602339181286,0.09431756287813187,0.993428738317757,,,,
breast_cancer,classification,398,30,mcar,0.3,0.2915641476274165,0,tabicl_aware_zero,0.3256566524505615,,0.9590643274853801,0.09800011664628983,0.9931366822429907,,,,
breast_cancer,classification,398,30,mcar,0.3,0.2915641476274165,0,tabicl_aware,0.37973546981811523,,0.9590643274853801,0.09318246692419052,0.9932827102803738,,,,
breast_cancer,classification,398,30,mcar,0.3,0.2915641476274165,0,xgboost,0.11134004592895508,,0.9590643274853801,0.135573610663414,0.986857476635514,,,,
breast_cancer,classification,398,30,mcar,0.3,0.2915641476274165,0,catboost,0.38942790031433105,,0.9473684210526315,0.15029736136868296,0.9867114485981309,,,,
breast_cancer,classification,398,30,mcar,0.5,0.4955477445811365,0,tabicl_impute,0.30529260635375977,,0.9473684210526315,0.16001346707344055,0.983498831775701,,,,
breast_cancer,classification,398,30,mcar,0.5,0.4955477445811365,0,tabicl_indicator,0.3877115249633789,,0.9532163742690059,0.15293307602405548,0.9840829439252337,,,,
breast_cancer,classification,398,30,mcar,0.5,0.4955477445811365,0,tabicl_aware_zero,0.3218677043914795,,0.9473684210526315,0.16877348721027374,0.9837908878504673,,,,
breast_cancer,classification,398,30,mcar,0.5,0.4955477445811365,0,tabicl_aware,0.38155341148376465,,0.9473684210526315,0.1637258529663086,0.9846670560747663,,,,
breast_cancer,classification,398,30,mcar,0.5,0.4955477445811365,0,xgboost,0.08549141883850098,,0.9415204678362573,0.18961361050605774,0.9810163551401869,,,,
breast_cancer,classification,398,30,mcar,0.5,0.4955477445811365,0,catboost,0.35246825218200684,,0.9590643274853801,0.20336873671062425,0.9754672897196262,,,,
breast_cancer,classification,398,30,mar,0.1,0.10076157000585823,0,tabicl_impute,0.3055448532104492,,0.9766081871345029,0.09729135781526566,0.9915303738317757,,,,
breast_cancer,classification,398,30,mar,0.1,0.10076157000585823,0,tabicl_indicator,0.41321229934692383,,0.9707602339181286,0.10151210427284241,0.9913843457943925,,,,
breast_cancer,classification,398,30,mar,0.1,0.10076157000585823,0,tabicl_aware_zero,0.31995654106140137,,0.9649122807017544,0.09944218397140503,0.9913843457943925,,,,
breast_cancer,classification,398,30,mar,0.1,0.10076157000585823,0,tabicl_aware,0.3785982131958008,,0.9707602339181286,0.09777037054300308,0.9913843457943925,,,,
breast_cancer,classification,398,30,mar,0.1,0.10076157000585823,0,xgboost,0.06832242012023926,,0.9415204678362573,0.14091618359088898,0.9880257009345794,,,,
breast_cancer,classification,398,30,mar,0.1,0.10076157000585823,0,catboost,0.3874208927154541,,0.9590643274853801,0.12298111478571902,0.9899240654205608,,,,
breast_cancer,classification,398,30,mar,0.3,0.29548916227299354,0,tabicl_impute,0.35141777992248535,,0.9590643274853801,0.08631742745637894,0.9935747663551402,,,,
breast_cancer,classification,398,30,mar,0.3,0.29548916227299354,0,tabicl_indicator,0.4236600399017334,,0.9649122807017544,0.08242832124233246,0.9953271028037383,,,,
breast_cancer,classification,398,30,mar,0.3,0.29548916227299354,0,tabicl_aware_zero,0.32118654251098633,,0.9590643274853801,0.08911453187465668,0.9929906542056075,,,,
breast_cancer,classification,398,30,mar,0.3,0.29548916227299354,0,tabicl_aware,0.3728363513946533,,0.9590643274853801,0.08814477920532227,0.993428738317757,,,,
breast_cancer,classification,398,30,mar,0.3,0.29548916227299354,0,xgboost,0.08129239082336426,,0.9590643274853801,0.1291305422782898,0.9889018691588785,,,,
breast_cancer,classification,398,30,mar,0.3,0.29548916227299354,0,catboost,0.3971085548400879,,0.9590643274853801,0.13859033026079592,0.9881717289719626,,,,
breast_cancer,classification,398,30,mar,0.5,0.49349736379613357,0,tabicl_impute,0.3011815547943115,,0.9415204678362573,0.13667520880699158,0.9875876168224299,,,,
breast_cancer,classification,398,30,mar,0.5,0.49349736379613357,0,tabicl_indicator,0.39098429679870605,,0.9590643274853801,0.1309703290462494,0.9886098130841121,,,,
breast_cancer,classification,398,30,mar,0.5,0.49349736379613357,0,tabicl_aware_zero,0.3192150592803955,,0.9532163742690059,0.1375410258769989,0.9872955607476636,,,,
breast_cancer,classification,398,30,mar,0.5,0.49349736379613357,0,tabicl_aware,0.3765408992767334,,0.9473684210526315,0.13614308834075928,0.9881717289719626,,,,
breast_cancer,classification,398,30,mar,0.5,0.49349736379613357,0,xgboost,0.07752704620361328,,0.9590643274853801,0.15336541831493378,0.9829147196261683,,,,
breast_cancer,classification,398,30,mar,0.5,0.49349736379613357,0,catboost,0.34596705436706543,,0.935672514619883,0.17284272478819865,0.9845210280373832,,,,
breast_cancer,classification,398,30,mnar,0.1,0.10105448154657294,0,tabicl_impute,0.31046199798583984,,0.9649122807017544,0.09621536731719971,0.991822429906542,,,,
breast_cancer,classification,398,30,mnar,0.1,0.10105448154657294,0,tabicl_indicator,0.4159061908721924,,0.9649122807017544,0.09465012699365616,0.9908002336448598,,,,
breast_cancer,classification,398,30,mnar,0.1,0.10105448154657294,0,tabicl_aware_zero,0.31505751609802246,,0.9707602339181286,0.0996086597442627,0.9915303738317757,,,,
breast_cancer,classification,398,30,mnar,0.1,0.10105448154657294,0,tabicl_aware,0.373274564743042,,0.9649122807017544,0.09933175146579742,0.9922605140186915,,,,
breast_cancer,classification,398,30,mnar,0.1,0.10105448154657294,0,xgboost,0.07227396965026855,,0.9415204678362573,0.12859532237052917,0.9906542056074766,,,,
breast_cancer,classification,398,30,mnar,0.1,0.10105448154657294,0,catboost,0.38298535346984863,,0.9473684210526315,0.16486952722932532,0.9877336448598131,,,,
breast_cancer,classification,398,30,mnar,0.3,0.2976567076742824,0,tabicl_impute,0.30210328102111816,,0.9590643274853801,0.10360661894083023,0.9915303738317757,,,,
breast_cancer,classification,398,30,mnar,0.3,0.2976567076742824,0,tabicl_indicator,0.4155278205871582,,0.9707602339181286,0.09605278074741364,0.9913843457943925,,,,
breast_cancer,classification,398,30,mnar,0.3,0.2976567076742824,0,tabicl_aware_zero,0.3208928108215332,,0.9707602339181286,0.09951978176832199,0.9921144859813084,,,,
breast_cancer,classification,398,30,mnar,0.3,0.2976567076742824,0,tabicl_aware,0.37346911430358887,,0.9649122807017544,0.09648013114929199,0.9921144859813084,,,,
breast_cancer,classification,398,30,mnar,0.3,0.2976567076742824,0,xgboost,0.07765436172485352,,0.9590643274853801,0.10002093017101288,0.993428738317757,,,,
breast_cancer,classification,398,30,mnar,0.3,0.2976567076742824,0,catboost,0.3871135711669922,,0.9298245614035088,0.14636925758115105,0.9874415887850467,,,,
breast_cancer,classification,398,30,mnar,0.5,0.49789103690685416,0,tabicl_impute,0.3000044822692871,,0.9590643274853801,0.11622832715511322,0.9897780373831776,,,,
breast_cancer,classification,398,30,mnar,0.5,0.49789103690685416,0,tabicl_indicator,0.3810403347015381,,0.9707602339181286,0.11332204192876816,0.9905081775700935,,,,
breast_cancer,classification,398,30,mnar,0.5,0.49789103690685416,0,tabicl_aware_zero,0.31120896339416504,,0.9649122807017544,0.10970859974622726,0.9922605140186915,,,,
breast_cancer,classification,398,30,mnar,0.5,0.49789103690685416,0,tabicl_aware,0.3697214126586914,,0.9649122807017544,0.121841661632061,0.9890478971962617,,,,
breast_cancer,classification,398,30,mnar,0.5,0.49789103690685416,0,xgboost,0.07459831237792969,,0.9532163742690059,0.16486461460590363,0.9811623831775701,,,,
breast_cancer,classification,398,30,mnar,0.5,0.49789103690685416,0,catboost,0.3064754009246826,,0.9473684210526315,0.14443147541698842,0.9894859813084111,,,,
breast_cancer,classification,398,30,block,0.1,0.1,0,tabicl_impute,0.3100137710571289,,0.9941520467836257,0.06099450960755348,0.9959112149532711,,,,
breast_cancer,classification,398,30,block,0.1,0.1,0,tabicl_indicator,0.3719015121459961,,0.9766081871345029,0.063806913793087,0.9962032710280374,,,,
breast_cancer,classification,398,30,block,0.1,0.1,0,tabicl_aware_zero,0.31906580924987793,,0.9883040935672515,0.06082706153392792,0.9962032710280374,,,,
breast_cancer,classification,398,30,block,0.1,0.1,0,tabicl_aware,0.37984728813171387,,0.9883040935672515,0.06020786240696907,0.9957651869158879,,,,
breast_cancer,classification,398,30,block,0.1,0.1,0,xgboost,0.07008028030395508,,0.9473684210526315,0.09862576425075531,0.9913843457943925,,,,
breast_cancer,classification,398,30,block,0.1,0.1,0,catboost,0.3891937732696533,,0.9532163742690059,0.10428541400486174,0.9916764018691588,,,,
breast_cancer,classification,398,30,block,0.3,0.21728178090216754,0,tabicl_impute,0.3092055320739746,,0.9766081871345029,0.0780324637889862,0.9938668224299065,,,,
breast_cancer,classification,398,30,block,0.3,0.21728178090216754,0,tabicl_indicator,0.3960909843444824,,0.9766081871345029,0.07908611744642258,0.994304906542056,,,,
breast_cancer,classification,398,30,block,0.3,0.21728178090216754,0,tabicl_aware_zero,0.3168201446533203,,0.9766081871345029,0.07773725688457489,0.9940128504672897,,,,
breast_cancer,classification,398,30,block,0.3,0.21728178090216754,0,tabicl_aware,0.3760213851928711,,0.9766081871345029,0.07817050069570541,0.9940128504672897,,,,
breast_cancer,classification,398,30,block,0.3,0.21728178090216754,0,xgboost,0.061975717544555664,,0.9473684210526315,0.13277867436408997,0.9853971962616822,,,,
breast_cancer,classification,398,30,block,0.3,0.21728178090216754,0,catboost,0.4125022888183594,,0.9532163742690059,0.10931834301766322,0.9871495327102804,,,,
breast_cancer,classification,398,30,block,0.5,0.4869361452841242,0,tabicl_impute,0.30228376388549805,,0.9532163742690059,0.10547205060720444,0.9922605140186915,,,,
breast_cancer,classification,398,30,block,0.5,0.4869361452841242,0,tabicl_indicator,0.42447686195373535,,0.9649122807017544,0.10664136707782745,0.991822429906542,,,,
breast_cancer,classification,398,30,block,0.5,0.4869361452841242,0,tabicl_aware_zero,0.3107612133026123,,0.9532163742690059,0.10605325549840927,0.9922605140186915,,,,
breast_cancer,classification,398,30,block,0.5,0.4869361452841242,0,tabicl_aware,0.36922621726989746,,0.9590643274853801,0.10478832572698593,0.991822429906542,,,,
breast_cancer,classification,398,30,block,0.5,0.4869361452841242,0,xgboost,0.07812047004699707,,0.9415204678362573,0.15171633660793304,0.9853971962616822,,,,
breast_cancer,classification,398,30,block,0.5,0.4869361452841242,0,catboost,0.3987913131713867,,0.9415204678362573,0.16609282022353614,0.9842289719626168,,,,
breast_cancer,classification,398,30,none,0.0,0.0,1,tabicl_impute,0.31782054901123047,,0.9532163742690059,0.08575630933046341,0.9931366822429907,,,,
breast_cancer,classification,398,30,none,0.0,0.0,1,tabicl_indicator,0.314159631729126,,0.9532163742690059,0.08575630933046341,0.9931366822429907,,,,
breast_cancer,classification,398,30,none,0.0,0.0,1,tabicl_aware_zero,0.31402063369750977,,0.9532163742690059,0.08575630933046341,0.9931366822429907,,,,
breast_cancer,classification,398,30,none,0.0,0.0,1,tabicl_aware,0.3773207664489746,,0.9590643274853801,0.0862879678606987,0.993428738317757,,,,
breast_cancer,classification,398,30,none,0.0,0.0,1,xgboost,0.05897712707519531,,0.9766081871345029,0.08250546455383301,0.9940128504672897,,,,
breast_cancer,classification,398,30,none,0.0,0.0,1,catboost,0.39803576469421387,,0.9707602339181286,0.08424755747681414,0.9957651869158879,,,,
breast_cancer,classification,398,30,mcar,0.1,0.1007029876977153,1,tabicl_impute,0.30765366554260254,,0.9415204678362573,0.1471889764070511,0.9874415887850467,,,,
breast_cancer,classification,398,30,mcar,0.1,0.1007029876977153,1,tabicl_indicator,0.414609432220459,,0.9415204678362573,0.14210477471351624,0.9875876168224299,,,,
breast_cancer,classification,398,30,mcar,0.1,0.1007029876977153,1,tabicl_aware_zero,0.31480884552001953,,0.9473684210526315,0.13968731462955475,0.9874415887850467,,,,
breast_cancer,classification,398,30,mcar,0.1,0.1007029876977153,1,tabicl_aware,0.37491655349731445,,0.9473684210526315,0.13459278643131256,0.9886098130841121,,,,
breast_cancer,classification,398,30,mcar,0.1,0.1007029876977153,1,xgboost,0.07170963287353516,,0.9590643274853801,0.14190290868282318,0.985251168224299,,,,
breast_cancer,classification,398,30,mcar,0.1,0.1007029876977153,1,catboost,0.3936614990234375,,0.9532163742690059,0.1229924791694608,0.9928446261682243,,,,
breast_cancer,classification,398,30,mcar,0.3,0.3024604569420035,1,tabicl_impute,0.3044774532318115,,0.9649122807017544,0.11215900629758835,0.9903621495327103,,,,
breast_cancer,classification,398,30,mcar,0.3,0.3024604569420035,1,tabicl_indicator,0.41979193687438965,,0.9473684210526315,0.11917408555746078,0.9902161214953271,,,,
breast_cancer,classification,398,30,mcar,0.3,0.3024604569420035,1,tabicl_aware_zero,0.31357622146606445,,0.9649122807017544,0.10398012399673462,0.9919684579439252,,,,
breast_cancer,classification,398,30,mcar,0.3,0.3024604569420035,1,tabicl_aware,0.37438392639160156,,0.9707602339181286,0.10247734934091568,0.9915303738317757,,,,
breast_cancer,classification,398,30,mcar,0.3,0.3024604569420035,1,xgboost,0.09121894836425781,,0.935672514619883,0.12128700315952301,0.9915303738317757,,,,
breast_cancer,classification,398,30,mcar,0.3,0.3024604569420035,1,catboost,0.39432787895202637,,0.9473684210526315,0.119041312050272,0.9938668224299065,,,,
breast_cancer,classification,398,30,mcar,0.5,0.5068541300527241,1,tabicl_impute,0.30614352226257324,,0.9473684210526315,0.14310972392559052,0.9849591121495327,,,,
breast_cancer,classification,398,30,mcar,0.5,0.5068541300527241,1,tabicl_indicator,0.39269161224365234,,0.9473684210526315,0.13304981589317322,0.9867114485981309,,,,
breast_cancer,classification,398,30,mcar,0.5,0.5068541300527241,1,tabicl_aware_zero,0.3241562843322754,,0.9473684210526315,0.15103720128536224,0.9837908878504673,,,,
breast_cancer,classification,398,30,mcar,0.5,0.5068541300527241,1,tabicl_aware,0.37938666343688965,,0.935672514619883,0.14764079451560974,0.9856892523364487,,,,
breast_cancer,classification,398,30,mcar,0.5,0.5068541300527241,1,xgboost,0.0845634937286377,,0.9473684210526315,0.1340373009443283,0.9875876168224299,,,,
breast_cancer,classification,398,30,mcar,0.5,0.5068541300527241,1,catboost,0.3443303108215332,,0.9298245614035088,0.19467405728898005,0.9798481308411215,,,,
breast_cancer,classification,398,30,mar,0.1,0.09882835383714118,1,tabicl_impute,0.30425167083740234,,0.9649122807017544,0.0842563584446907,0.9944509345794392,,,,
breast_cancer,classification,398,30,mar,0.1,0.09882835383714118,1,tabicl_indicator,0.41748929023742676,,0.9649122807017544,0.08920202404260635,0.9935747663551402,,,,
breast_cancer,classification,398,30,mar,0.1,0.09882835383714118,1,tabicl_aware_zero,0.3584787845611572,,0.9649122807017544,0.08437344431877136,0.9944509345794392,,,,
breast_cancer,classification,398,30,mar,0.1,0.09882835383714118,1,tabicl_aware,0.3784620761871338,,0.9649122807017544,0.08242011815309525,0.9945969626168224,,,,
breast_cancer,classification,398,30,mar,0.1,0.09882835383714118,1,xgboost,0.07084083557128906,,0.9707602339181286,0.10005249083042145,0.9897780373831776,,,,
breast_cancer,classification,398,30,mar,0.1,0.09882835383714118,1,catboost,0.3964962959289551,,0.9649122807017544,0.11055690600134596,0.9922605140186915,,,,
breast_cancer,classification,398,30,mar,0.3,0.3037492677211482,1,tabicl_impute,0.30798792839050293,,0.9473684210526315,0.1257275640964508,0.9894859813084111,,,,
breast_cancer,classification,398,30,mar,0.3,0.3037492677211482,1,tabicl_indicator,0.416684627532959,,0.9473684210526315,0.1338038295507431,0.9875876168224299,,,,
breast_cancer,classification,398,30,mar,0.3,0.3037492677211482,1,tabicl_aware_zero,0.31525325775146484,,0.9415204678362573,0.11792110651731491,0.9906542056074766,,,,
breast_cancer,classification,398,30,mar,0.3,0.3037492677211482,1,tabicl_aware,0.3754539489746094,,0.9590643274853801,0.10800106078386307,0.9916764018691588,,,,
breast_cancer,classification,398,30,mar,0.3,0.3037492677211482,1,xgboost,0.08550786972045898,,0.9473684210526315,0.1443175971508026,0.9871495327102804,,,,
breast_cancer,classification,398,30,mar,0.3,0.3037492677211482,1,catboost,0.40837907791137695,,0.9590643274853801,0.13925966183091357,0.9891939252336448,,,,
breast_cancer,classification,398,30,mar,0.5,0.5070298769771528,1,tabicl_impute,0.3068873882293701,,0.9473684210526315,0.13557438552379608,0.9855432242990654,,,,
breast_cancer,classification,398,30,mar,0.5,0.5070298769771528,1,tabicl_indicator,0.38661980628967285,,0.9473684210526315,0.1307961493730545,0.9880257009345794,,,,
breast_cancer,classification,398,30,mar,0.5,0.5070298769771528,1,tabicl_aware_zero,0.31546711921691895,,0.9590643274853801,0.1325608342885971,0.9849591121495327,,,,
breast_cancer,classification,398,30,mar,0.5,0.5070298769771528,1,tabicl_aware,0.3758516311645508,,0.9532163742690059,0.13936381042003632,0.9837908878504673,,,,
breast_cancer,classification,398,30,mar,0.5,0.5070298769771528,1,xgboost,0.07899713516235352,,0.9590643274853801,0.1379435956478119,0.9861273364485981,,,,
breast_cancer,classification,398,30,mar,0.5,0.5070298769771528,1,catboost,0.3438737392425537,,0.9590643274853801,0.13958969786342867,0.9887558411214953,,,,
breast_cancer,classification,398,30,mnar,0.1,0.10164030462800235,1,tabicl_impute,0.3041818141937256,,0.9707602339181286,0.08047371357679367,0.9940128504672897,,,,
breast_cancer,classification,398,30,mnar,0.1,0.10164030462800235,1,tabicl_indicator,0.414886474609375,,0.9649122807017544,0.0822761133313179,0.9945969626168224,,,,
breast_cancer,classification,398,30,mnar,0.1,0.10164030462800235,1,tabicl_aware_zero,0.31757616996765137,,0.9707602339181286,0.08911146968603134,0.9926985981308412,,,,
breast_cancer,classification,398,30,mnar,0.1,0.10164030462800235,1,tabicl_aware,0.37380528450012207,,0.9649122807017544,0.08744348585605621,0.992552570093458,,,,
breast_cancer,classification,398,30,mnar,0.1,0.10164030462800235,1,xgboost,0.07610821723937988,,0.9707602339181286,0.08419182151556015,0.9935747663551402,,,,
breast_cancer,classification,398,30,mnar,0.1,0.10164030462800235,1,catboost,0.3843815326690674,,0.9649122807017544,0.0932366558333525,0.9948890186915887,,,,
breast_cancer,classification,398,30,mnar,0.3,0.29906268306971295,1,tabicl_impute,0.3038780689239502,,0.9473684210526315,0.1200621947646141,0.9908002336448598,,,,
breast_cancer,classification,398,30,mnar,0.3,0.29906268306971295,1,tabicl_indicator,0.4183778762817383,,0.9532163742690059,0.11931883543729782,0.9902161214953271,,,,
breast_cancer,classification,398,30,mnar,0.3,0.29906268306971295,1,tabicl_aware_zero,0.30928945541381836,,0.9532163742690059,0.11353033035993576,0.9913843457943925,,,,
breast_cancer,classification,398,30,mnar,0.3,0.29906268306971295,1,tabicl_aware,0.36852264404296875,,0.9532163742690059,0.1053982675075531,0.9913843457943925,,,,
breast_cancer,classification,398,30,mnar,0.3,0.29906268306971295,1,xgboost,0.07846951484680176,,0.9473684210526315,0.12526379525661469,0.9891939252336448,,,,
breast_cancer,classification,398,30,mnar,0.3,0.29906268306971295,1,catboost,0.3910064697265625,,0.9532163742690059,0.1548475354630673,0.9858352803738317,,,,
breast_cancer,classification,398,30,mnar,0.5,0.5033977738722906,1,tabicl_impute,0.30109596252441406,,0.9473684210526315,0.13482698798179626,0.9849591121495327,,,,
breast_cancer,classification,398,30,mnar,0.5,0.5033977738722906,1,tabicl_indicator,0.38445091247558594,,0.935672514619883,0.15469324588775635,0.981892523364486,,,,
breast_cancer,classification,398,30,mnar,0.5,0.5033977738722906,1,tabicl_aware_zero,0.3099081516265869,,0.935672514619883,0.12941646575927734,0.9853971962616822,,,,
breast_cancer,classification,398,30,mnar,0.5,0.5033977738722906,1,tabicl_aware,0.3710360527038574,,0.9415204678362573,0.12584692239761353,0.9874415887850467,,,,
breast_cancer,classification,398,30,mnar,0.5,0.5033977738722906,1,xgboost,0.07535433769226074,,0.9532163742690059,0.16537095606327057,0.9832067757009346,,,,
breast_cancer,classification,398,30,mnar,0.5,0.5033977738722906,1,catboost,0.34584760665893555,,0.9590643274853801,0.12892527266177112,0.9890478971962617,,,,
breast_cancer,classification,398,30,block,0.1,0.1,1,tabicl_impute,0.34831881523132324,,0.9532163742690059,0.12230538576841354,0.992552570093458,,,,
breast_cancer,classification,398,30,block,0.1,0.1,1,tabicl_indicator,0.3518071174621582,,0.9590643274853801,0.12297923862934113,0.9929906542056075,,,,
breast_cancer,classification,398,30,block,0.1,0.1,1,tabicl_aware_zero,0.31803417205810547,,0.9532163742690059,0.11411856859922409,0.9928446261682243,,,,
breast_cancer,classification,398,30,block,0.1,0.1,1,tabicl_aware,0.37947607040405273,,0.9590643274853801,0.09828241914510727,0.9931366822429907,,,,
breast_cancer,classification,398,30,block,0.1,0.1,1,xgboost,0.06866645812988281,,0.9824561403508771,0.10149740427732468,0.9919684579439252,,,,
breast_cancer,classification,398,30,block,0.1,0.1,1,catboost,0.3596642017364502,,0.9590643274853801,0.10832765879944876,0.993428738317757,,,,
breast_cancer,classification,398,30,block,0.3,0.3,1,tabicl_impute,0.3086717128753662,,0.9532163742690059,0.11267527937889099,0.9918224299065421,,,,
breast_cancer,classification,398,30,block,0.3,0.3,1,tabicl_indicator,0.4195716381072998,,0.9532163742690059,0.10704958438873291,0.9924065420560748,,,,
breast_cancer,classification,398,30,block,0.3,0.3,1,tabicl_aware_zero,0.31766557693481445,,0.9532163742690059,0.11108557134866714,0.991822429906542,,,,
breast_cancer,classification,398,30,block,0.3,0.3,1,tabicl_aware,0.3769385814666748,,0.9590643274853801,0.10214518755674362,0.9919684579439252,,,,
breast_cancer,classification,398,30,block,0.3,0.3,1,xgboost,0.07885098457336426,,0.9473684210526315,0.1520354300737381,0.9865654205607477,,,,
breast_cancer,classification,398,30,block,0.3,0.3,1,catboost,0.4155402183532715,,0.9473684210526315,0.1253752575350799,0.9913843457943925,,,,
breast_cancer,classification,398,30,block,0.5,0.4558289396602226,1,tabicl_impute,0.3100430965423584,,0.9649122807017544,0.10693428665399551,0.9916764018691588,,,,
breast_cancer,classification,398,30,block,0.5,0.4558289396602226,1,tabicl_indicator,0.42373013496398926,,0.9649122807017544,0.0974101722240448,0.9931366822429907,,,,
breast_cancer,classification,398,30,block,0.5,0.4558289396602226,1,tabicl_aware_zero,0.3172328472137451,,0.9649122807017544,0.09994370490312576,0.992552570093458,,,,
breast_cancer,classification,398,30,block,0.5,0.4558289396602226,1,tabicl_aware,0.37663769721984863,,0.9707602339181286,0.09863506257534027,0.9926985981308412,,,,
breast_cancer,classification,398,30,block,0.5,0.4558289396602226,1,xgboost,0.07709980010986328,,0.9473684210526315,0.13550697267055511,0.9848130841121495,,,,
breast_cancer,classification,398,30,block,0.5,0.4558289396602226,1,catboost,0.3950958251953125,,0.9473684210526315,0.13388502420267195,0.9889018691588785,,,,
breast_cancer,classification,398,30,none,0.0,0.0,2,tabicl_impute,0.3051748275756836,,0.9707602339181286,0.04525283724069595,0.9982476635514018,,,,
breast_cancer,classification,398,30,none,0.0,0.0,2,tabicl_indicator,0.30884504318237305,,0.9707602339181286,0.04525283724069595,0.9982476635514018,,,,
breast_cancer,classification,398,30,none,0.0,0.0,2,tabicl_aware_zero,0.3110387325286865,,0.9707602339181286,0.04525283724069595,0.9982476635514018,,,,
breast_cancer,classification,398,30,none,0.0,0.0,2,tabicl_aware,0.3731508255004883,,0.9707602339181286,0.04192463681101799,0.9986857476635514,,,,
breast_cancer,classification,398,30,none,0.0,0.0,2,xgboost,0.06371879577636719,,0.9766081871345029,0.043885376304388046,0.999123831775701,,,,
breast_cancer,classification,398,30,none,0.0,0.0,2,catboost,0.3922266960144043,,0.9883040935672515,0.03192124400626812,0.9994158878504673,,,,
breast_cancer,classification,398,30,mcar,0.1,0.09830111306385472,2,tabicl_impute,0.3067915439605713,,0.9649122807017544,0.0663435310125351,0.997517523364486,,,,
breast_cancer,classification,398,30,mcar,0.1,0.09830111306385472,2,tabicl_indicator,0.4161405563354492,,0.9649122807017544,0.05949457734823227,0.998393691588785,,,,
breast_cancer,classification,398,30,mcar,0.1,0.09830111306385472,2,tabicl_aware_zero,0.32239484786987305,,0.9649122807017544,0.060337502509355545,0.9979556074766355,,,,
breast_cancer,classification,398,30,mcar,0.1,0.09830111306385472,2,tabicl_aware,0.37871837615966797,,0.9707602339181286,0.058111827820539474,0.9985397196261683,,,,
breast_cancer,classification,398,30,mcar,0.1,0.09830111306385472,2,xgboost,0.08615303039550781,,0.9766081871345029,0.04568520560860634,0.9992698598130841,,,,
breast_cancer,classification,398,30,mcar,0.1,0.09830111306385472,2,catboost,0.3885190486907959,,0.9941520467836257,0.03850879064541787,0.9989778037383178,,,,
breast_cancer,classification,398,30,mcar,0.3,0.29806678383128293,2,tabicl_impute,0.3059542179107666,,0.9883040935672515,0.05616879463195801,0.9995619158878505,,,,
breast_cancer,classification,398,30,mcar,0.3,0.29806678383128293,2,tabicl_indicator,0.41969728469848633,,0.9883040935672515,0.05318344011902809,0.9994158878504673,,,,
breast_cancer,classification,398,30,mcar,0.3,0.29806678383128293,2,tabicl_aware_zero,0.3223395347595215,,0.9941520467836257,0.05389240384101868,0.9998539719626168,,,,
breast_cancer,classification,398,30,mcar,0.3,0.29806678383128293,2,tabicl_aware,0.4243888854980469,,0.9941520467836257,0.04941479489207268,0.9998539719626168,,,,
breast_cancer,classification,398,30,mcar,0.3,0.29806678383128293,2,xgboost,0.08844423294067383,,0.9707602339181286,0.0911598950624466,0.9944509345794392,,,,
breast_cancer,classification,398,30,mcar,0.3,0.29806678383128293,2,catboost,0.3803863525390625,,0.9649122807017544,0.089758812186276,0.9970794392523364,,,,
breast_cancer,classification,398,30,mcar,0.5,0.5001757469244288,2,tabicl_impute,0.30451035499572754,,0.9707602339181286,0.08146213740110397,0.9979556074766355,,,,
breast_cancer,classification,398,30,mcar,0.5,0.5001757469244288,2,tabicl_indicator,0.38892149925231934,,0.9766081871345029,0.07433620095252991,0.9985397196261683,,,,
breast_cancer,classification,398,30,mcar,0.5,0.5001757469244288,2,tabicl_aware_zero,0.3151066303253174,,0.9766081871345029,0.07783307880163193,0.9989778037383178,,,,
breast_cancer,classification,398,30,mcar,0.5,0.5001757469244288,2,tabicl_aware,0.3772752285003662,,0.9766081871345029,0.0765480101108551,0.9988317757009346,,,,
breast_cancer,classification,398,30,mcar,0.5,0.5001757469244288,2,xgboost,0.08608198165893555,,0.9590643274853801,0.10972271859645844,0.9921144859813085,,,,
breast_cancer,classification,398,30,mcar,0.5,0.5001757469244288,2,catboost,0.35167551040649414,,0.9473684210526315,0.16061886881111978,0.9861273364485981,,,,
breast_cancer,classification,398,30,mar,0.1,0.09724663151728179,2,tabicl_impute,0.30909013748168945,,0.9883040935672515,0.04780208319425583,0.9992698598130841,,,,
breast_cancer,classification,398,30,mar,0.1,0.09724663151728179,2,tabicl_indicator,0.41657090187072754,,0.9824561403508771,0.04876057431101799,0.999123831775701,,,,
breast_cancer,classification,398,30,mar,0.1,0.09724663151728179,2,tabicl_aware_zero,0.3227224349975586,,0.9883040935672515,0.0504811555147171,0.9988317757009346,,,,
breast_cancer,classification,398,30,mar,0.1,0.09724663151728179,2,tabicl_aware,0.3803086280822754,,0.9824561403508771,0.04849374294281006,0.999123831775701,,,,
breast_cancer,classification,398,30,mar,0.1,0.09724663151728179,2,xgboost,0.07924342155456543,,0.9824561403508771,0.059252478182315826,0.997517523364486,,,,
breast_cancer,classification,398,30,mar,0.1,0.09724663151728179,2,catboost,0.39467287063598633,,0.9766081871345029,0.03977362694418722,0.9994158878504673,,,,
breast_cancer,classification,398,30,mar,0.3,0.2935559461042765,2,tabicl_impute,0.30637097358703613,,0.9824561403508771,0.06172220781445503,0.999123831775701,,,,
breast_cancer,classification,398,30,mar,0.3,0.2935559461042765,2,tabicl_indicator,0.41608643531799316,,0.9707602339181286,0.07041945308446884,0.9978095794392523,,,,
breast_cancer,classification,398,30,mar,0.3,0.2935559461042765,2,tabicl_aware_zero,0.31694531440734863,,0.9766081871345029,0.05917610600590706,0.9988317757009346,,,,
breast_cancer,classification,398,30,mar,0.3,0.2935559461042765,2,tabicl_aware,0.3778111934661865,,0.9824561403508771,0.05525195226073265,0.9989778037383178,,,,
breast_cancer,classification,398,30,mar,0.3,0.2935559461042765,2,xgboost,0.07925772666931152,,0.9707602339181286,0.07467341423034668,0.9964953271028038,,,,
breast_cancer,classification,398,30,mar,0.3,0.2935559461042765,2,catboost,0.39159464836120605,,0.9649122807017544,0.08385565789767635,0.9954731308411215,,,,
breast_cancer,classification,398,30,mar,0.5,0.4987111892208553,2,tabicl_impute,0.31140756607055664,,0.9707602339181286,0.08927197754383087,0.9962032710280374,,,,
breast_cancer,classification,398,30,mar,0.5,0.4987111892208553,2,tabicl_indicator,0.3919048309326172,,0.9649122807017544,0.1026100143790245,0.9940128504672897,,,,
breast_cancer,classification,398,30,mar,0.5,0.4987111892208553,2,tabicl_aware_zero,0.3223598003387451,,0.9707602339181286,0.09036547690629959,0.9956191588785046,,,,
breast_cancer,classification,398,30,mar,0.5,0.4987111892208553,2,tabicl_aware,0.3844485282897949,,0.9707602339181286,0.08418618142604828,0.9963492990654206,,,,
breast_cancer,classification,398,30,mar,0.5,0.4987111892208553,2,xgboost,0.07821106910705566,,0.9532163742690059,0.1131720170378685,0.9922605140186915,,,,
breast_cancer,classification,398,30,mar,0.5,0.4987111892208553,2,catboost,0.34740447998046875,,0.9473684210526315,0.17535489967850568,0.9878796728971962,,,,
breast_cancer,classification,398,30,mnar,0.1,0.10023432923257176,2,tabicl_impute,0.30104541778564453,,0.9766081871345029,0.04809166118502617,0.999123831775701,,,,
breast_cancer,classification,398,30,mnar,0.1,0.10023432923257176,2,tabicl_indicator,0.40799999237060547,,0.9766081871345029,0.04683290421962738,0.9992698598130841,,,,
breast_cancer,classification,398,30,mnar,0.1,0.10023432923257176,2,tabicl_aware_zero,0.3158559799194336,,0.9766081871345029,0.048837125301361084,0.999123831775701,,,,
breast_cancer,classification,398,30,mnar,0.1,0.10023432923257176,2,tabicl_aware,0.37722158432006836,,0.9766081871345029,0.045755159109830856,0.9992698598130841,,,,
breast_cancer,classification,398,30,mnar,0.1,0.10023432923257176,2,xgboost,0.07407045364379883,,0.9883040935672515,0.05166377127170563,0.9986857476635514,,,,
breast_cancer,classification,398,30,mnar,0.1,0.10023432923257176,2,catboost,0.3551962375640869,,0.9824561403508771,0.027882120112082624,0.9997079439252337,,,,
breast_cancer,classification,398,30,mnar,0.3,0.2994141769185706,2,tabicl_impute,0.30319786071777344,,0.9824561403508771,0.05687312036752701,0.9992698598130841,,,,
breast_cancer,classification,398,30,mnar,0.3,0.2994141769185706,2,tabicl_indicator,0.4139087200164795,,0.9824561403508771,0.05534021556377411,0.9992698598130841,,,,
breast_cancer,classification,398,30,mnar,0.3,0.2994141769185706,2,tabicl_aware_zero,0.3548586368560791,,0.9824561403508771,0.057861555367708206,0.9988317757009346,,,,
breast_cancer,classification,398,30,mnar,0.3,0.2994141769185706,2,tabicl_aware,0.37399983406066895,,0.9883040935672515,0.05341321974992752,0.9992698598130841,,,,
breast_cancer,classification,398,30,mnar,0.3,0.2994141769185706,2,xgboost,0.07740926742553711,,0.9707602339181286,0.06261690706014633,0.9985397196261683,,,,
breast_cancer,classification,398,30,mnar,0.3,0.2994141769185706,2,catboost,0.3867511749267578,,0.9766081871345029,0.05960639163919663,0.9976635514018691,,,,
breast_cancer,classification,398,30,mnar,0.5,0.5014645577035736,2,tabicl_impute,0.2975127696990967,,0.9649122807017544,0.08540397882461548,0.9963492990654206,,,,
breast_cancer,classification,398,30,mnar,0.5,0.5014645577035736,2,tabicl_indicator,0.38334226608276367,,0.9590643274853801,0.08247117698192596,0.9960572429906542,,,,
breast_cancer,classification,398,30,mnar,0.5,0.5014645577035736,2,tabicl_aware_zero,0.30678391456604004,,0.9649122807017544,0.08506900817155838,0.9972254672897196,,,,
breast_cancer,classification,398,30,mnar,0.5,0.5014645577035736,2,tabicl_aware,0.3710591793060303,,0.9707602339181286,0.08019643276929855,0.9981016355140186,,,,
breast_cancer,classification,398,30,mnar,0.5,0.5014645577035736,2,xgboost,0.07631397247314453,,0.9590643274853801,0.10174991190433502,0.9940128504672897,,,,
breast_cancer,classification,398,30,mnar,0.5,0.5014645577035736,2,catboost,0.34465551376342773,,0.9473684210526315,0.14517245365690085,0.9915303738317758,,,,
breast_cancer,classification,398,30,block,0.1,0.1,2,tabicl_impute,0.30701518058776855,,0.9824561403508771,0.04208741709589958,0.999123831775701,,,,
breast_cancer,classification,398,30,block,0.1,0.1,2,tabicl_indicator,0.36443638801574707,,0.9766081871345029,0.047009050846099854,0.999123831775701,,,,
breast_cancer,classification,398,30,block,0.1,0.1,2,tabicl_aware_zero,0.31017422676086426,,0.9824561403508771,0.04184120520949364,0.999123831775701,,,,
breast_cancer,classification,398,30,block,0.1,0.1,2,tabicl_aware,0.380110502243042,,0.9824561403508771,0.03908146172761917,0.9994158878504673,,,,
breast_cancer,classification,398,30,block,0.1,0.1,2,xgboost,0.06719422340393066,,0.9766081871345029,0.04779248312115669,0.9989778037383178,,,,
breast_cancer,classification,398,30,block,0.1,0.1,2,catboost,0.3925344944000244,,0.9824561403508771,0.042822176997313915,0.9988317757009346,,,,
breast_cancer,classification,398,30,block,0.3,0.25026362038664324,2,tabicl_impute,0.3075683116912842,,0.9649122807017544,0.06397981941699982,0.9973714953271028,,,,
breast_cancer,classification,398,30,block,0.3,0.25026362038664324,2,tabicl_indicator,0.3596160411834717,,0.9649122807017544,0.058919187635183334,0.9978095794392523,,,,
breast_cancer,classification,398,30,block,0.3,0.25026362038664324,2,tabicl_aware_zero,0.30982065200805664,,0.9590643274853801,0.05967523902654648,0.9979556074766355,,,,
breast_cancer,classification,398,30,block,0.3,0.25026362038664324,2,tabicl_aware,0.37473630905151367,,0.9649122807017544,0.056049033999443054,0.9985397196261683,,,,
breast_cancer,classification,398,30,block,0.3,0.25026362038664324,2,xgboost,0.07209515571594238,,1.0,0.03692285716533661,1.0,,,,
breast_cancer,classification,398,30,block,0.3,0.25026362038664324,2,catboost,0.4263432025909424,,0.9883040935672515,0.035431365552781806,0.9998539719626168,,,,
breast_cancer,classification,398,30,block,0.5,0.4546572934973638,2,tabicl_impute,0.3026103973388672,,0.9824561403508771,0.046962201595306396,0.999123831775701,,,,
breast_cancer,classification,398,30,block,0.5,0.4546572934973638,2,tabicl_indicator,0.4141242504119873,,0.9883040935672515,0.04643811285495758,0.999123831775701,,,,
breast_cancer,classification,398,30,block,0.5,0.4546572934973638,2,tabicl_aware_zero,0.3115096092224121,,0.9824561403508771,0.04711312800645828,0.9992698598130841,,,,
breast_cancer,classification,398,30,block,0.5,0.4546572934973638,2,tabicl_aware,0.3735535144805908,,0.9824561403508771,0.04744575545191765,0.9988317757009346,,,,
breast_cancer,classification,398,30,block,0.5,0.4546572934973638,2,xgboost,0.07156586647033691,,0.9824561403508771,0.04524523764848709,0.999123831775701,,,,
breast_cancer,classification,398,30,block,0.5,0.4546572934973638,2,catboost,0.3738861083984375,,0.9824561403508771,0.03873804639216891,1.0,,,,
wine,classification,124,13,none,0.0,0.0,0,tabicl_impute,0.22976374626159668,,1.0,0.00982815120369196,1.0,,,,
wine,classification,124,13,none,0.0,0.0,0,tabicl_indicator,0.21989941596984863,,1.0,0.00982815120369196,1.0,,,,
wine,classification,124,13,none,0.0,0.0,0,tabicl_aware_zero,0.2184889316558838,,1.0,0.00982815120369196,1.0,,,,
wine,classification,124,13,none,0.0,0.0,0,tabicl_aware,0.28870415687561035,,1.0,0.007917092181742191,1.0,,,,
wine,classification,124,13,none,0.0,0.0,0,xgboost,0.07642650604248047,,0.9814814814814815,0.045160338282585144,1.0,,,,
wine,classification,124,13,none,0.0,0.0,0,catboost,0.22035956382751465,,1.0,0.0529660567230378,1.0,,,,
wine,classification,124,13,mcar,0.1,0.10587726879861711,0,tabicl_impute,0.22386789321899414,,1.0,0.015585297718644142,1.0,,,,
wine,classification,124,13,mcar,0.1,0.10587726879861711,0,tabicl_indicator,0.31781578063964844,,1.0,0.01385415904223919,1.0,,,,
wine,classification,124,13,mcar,0.1,0.10587726879861711,0,tabicl_aware_zero,0.2263345718383789,,1.0,0.01596270501613617,1.0,,,,
wine,classification,124,13,mcar,0.1,0.10587726879861711,0,tabicl_aware,0.28812408447265625,,1.0,0.009290425106883049,1.0,,,,
wine,classification,124,13,mcar,0.1,0.10587726879861711,0,xgboost,0.06427383422851562,,0.9444444444444444,0.10571705549955368,1.0,,,,
wine,classification,124,13,mcar,0.1,0.10587726879861711,0,catboost,0.20993733406066895,,0.9074074074074074,0.1994879541545963,0.9946421890866336,,,,
wine,classification,124,13,mcar,0.3,0.2847882454624028,0,tabicl_impute,0.22088861465454102,,1.0,0.015743331983685493,1.0,,,,
wine,classification,124,13,mcar,0.3,0.2847882454624028,0,tabicl_indicator,0.2659485340118408,,1.0,0.016461411491036415,1.0,,,,
wine,classification,124,13,mcar,0.3,0.2847882454624028,0,tabicl_aware_zero,0.223494291305542,,1.0,0.019157307222485542,1.0,,,,
wine,classification,124,13,mcar,0.3,0.2847882454624028,0,tabicl_aware,0.28690481185913086,,1.0,0.01149479765444994,1.0,,,,
wine,classification,124,13,mcar,0.3,0.2847882454624028,0,xgboost,0.07575416564941406,,0.9814814814814815,0.0754636898636818,1.0,,,,
wine,classification,124,13,mcar,0.3,0.2847882454624028,0,catboost,0.19455623626708984,,0.9259259259259259,0.20974968159148394,0.997987197987198,,,,
wine,classification,124,13,mcar,0.5,0.5090751944684528,0,tabicl_impute,0.22141814231872559,,0.9074074074074074,0.2621917724609375,0.9820359681470792,,,,
wine,classification,124,13,mcar,0.5,0.5090751944684528,0,tabicl_indicator,0.2581794261932373,,0.9074074074074074,0.275615394115448,0.9810405643738976,,,,
wine,classification,124,13,mcar,0.5,0.5090751944684528,0,tabicl_aware_zero,0.22180461883544922,,0.9259259259259259,0.2588575780391693,0.9805595638928972,,,,
wine,classification,124,13,mcar,0.5,0.5090751944684528,0,tabicl_aware,0.28639745712280273,,0.9074074074074074,0.2635445296764374,0.982583774250441,,,,
wine,classification,124,13,mcar,0.5,0.5090751944684528,0,xgboost,0.08637881278991699,,0.8518518518518519,0.47281378507614136,0.9487012987012987,,,,
wine,classification,124,13,mcar,0.5,0.5090751944684528,0,catboost,0.17644810676574707,,0.7777777777777778,0.47558697537248124,0.9415594693372471,,,,
wine,classification,124,13,mar,0.1,0.10371650821089023,0,tabicl_impute,0.2245650291442871,,1.0,0.009043101221323013,1.0,,,,
wine,classification,124,13,mar,0.1,0.10371650821089023,0,tabicl_indicator,0.26776957511901855,,1.0,0.01310467254370451,1.0,,,,
wine,classification,124,13,mar,0.1,0.10371650821089023,0,tabicl_aware_zero,0.2265181541442871,,1.0,0.007913251407444477,1.0,,,,
wine,classification,124,13,mar,0.1,0.10371650821089023,0,tabicl_aware,0.29145216941833496,,1.0,0.005688589531928301,1.0,,,,
wine,classification,124,13,mar,0.1,0.10371650821089023,0,xgboost,0.061783790588378906,,0.9629629629629629,0.12420231103897095,0.9990379990379991,,,,
wine,classification,124,13,mar,0.1,0.10371650821089023,0,catboost,0.21092557907104492,,0.9814814814814815,0.1045458411655673,1.0,,,,
wine,classification,124,13,mar,0.3,0.2986171132238548,0,tabicl_impute,0.2279651165008545,,0.9444444444444444,0.11840496957302094,0.9975061975061975,,,,
wine,classification,124,13,mar,0.3,0.2986171132238548,0,tabicl_indicator,0.269547700881958,,0.9259259259259259,0.15571124851703644,0.997025197025197,,,,
wine,classification,124,13,mar,0.3,0.2986171132238548,0,tabicl_aware_zero,0.22188591957092285,,0.9259259259259259,0.11941453814506531,0.9975061975061975,,,,
wine,classification,124,13,mar,0.3,0.2986171132238548,0,tabicl_aware,0.28680920600891113,,0.9444444444444444,0.11232628673315048,0.997987197987198,,,,
wine,classification,124,13,mar,0.3,0.2986171132238548,0,xgboost,0.06321454048156738,,0.8888888888888888,0.3360278904438019,0.9834711584711585,,,,
wine,classification,124,13,mar,0.3,0.2986171132238548,0,catboost,0.19349884986877441,,0.9074074074074074,0.2925613310440196,0.9824167601945378,,,,
wine,classification,124,13,mar,0.5,0.5043215211754538,0,tabicl_impute,0.22429156303405762,,0.9814814814814815,0.09516118466854095,0.9975061975061975,,,,
wine,classification,124,13,mar,0.5,0.5043215211754538,0,tabicl_indicator,0.25464296340942383,,0.9259259259259259,0.12021111696958542,0.9969917942140164,,,,
wine,classification,124,13,mar,0.5,0.5043215211754538,0,tabicl_aware_zero,0.23003101348876953,,0.9629629629629629,0.08842110633850098,0.997987197987198,,,,
wine,classification,124,13,mar,0.5,0.5043215211754538,0,tabicl_aware,0.28844666481018066,,0.9814814814814815,0.06167839094996452,0.998949198949199,,,,
wine,classification,124,13,mar,0.5,0.5043215211754538,0,xgboost,0.08784198760986328,,0.9629629629629629,0.0995270311832428,0.998949198949199,,,,
wine,classification,124,13,mar,0.5,0.5043215211754538,0,catboost,0.17535042762756348,,0.9259259259259259,0.24575868208934323,0.9914229803118692,,,,
wine,classification,124,13,mnar,0.1,0.10587726879861711,0,tabicl_impute,0.22405791282653809,,1.0,0.010467402637004852,1.0,,,,
wine,classification,124,13,mnar,0.1,0.10587726879861711,0,tabicl_indicator,0.2639601230621338,,1.0,0.014013119041919708,1.0,,,,
wine,classification,124,13,mnar,0.1,0.10587726879861711,0,tabicl_aware_zero,0.2689692974090576,,1.0,0.009527059271931648,1.0,,,,
wine,classification,124,13,mnar,0.1,0.10587726879861711,0,tabicl_aware,0.2967815399169922,,1.0,0.007236237172037363,1.0,,,,
wine,classification,124,13,mnar,0.1,0.10587726879861711,0,xgboost,0.06377291679382324,,1.0,0.045377787202596664,1.0,,,,
wine,classification,124,13,mnar,0.1,0.10587726879861711,0,catboost,0.1983489990234375,,1.0,0.07211780142646904,1.0,,,,
wine,classification,124,13,mnar,0.3,0.2986171132238548,0,tabicl_impute,0.22388267517089844,,1.0,0.01625104993581772,1.0,,,,
wine,classification,124,13,mnar,0.3,0.2986171132238548,0,tabicl_indicator,0.26709508895874023,,1.0,0.018387911841273308,1.0,,,,
wine,classification,124,13,mnar,0.3,0.2986171132238548,0,tabicl_aware_zero,0.22363018989562988,,1.0,0.01726646162569523,1.0,,,,
wine,classification,124,13,mnar,0.3,0.2986171132238548,0,tabicl_aware,0.288104772567749,,1.0,0.01606999896466732,1.0,,,,
wine,classification,124,13,mnar,0.3,0.2986171132238548,0,xgboost,0.061187028884887695,,0.9814814814814815,0.0686788409948349,0.998949198949199,,,,
wine,classification,124,13,mnar,0.3,0.2986171132238548,0,catboost,0.19394659996032715,,0.9444444444444444,0.21676735090232083,0.9939615939615939,,,,
wine,classification,124,13,mnar,0.5,0.5095073465859983,0,tabicl_impute,0.2332313060760498,,0.9629629629629629,0.10139020532369614,0.9984681984681986,,,,
wine,classification,124,13,mnar,0.5,0.5095073465859983,0,tabicl_indicator,0.2615776062011719,,0.9814814814814815,0.10861477255821228,0.9964553964553965,,,,
wine,classification,124,13,mnar,0.5,0.5095073465859983,0,tabicl_aware_zero,0.22503232955932617,,0.9629629629629629,0.0975172147154808,0.9979871979871979,,,,
wine,classification,124,13,mnar,0.5,0.5095073465859983,0,tabicl_aware,0.2929830551147461,,0.9444444444444444,0.11110042780637741,0.9964553964553965,,,,
wine,classification,124,13,mnar,0.5,0.5095073465859983,0,xgboost,0.0688021183013916,,0.9444444444444444,0.14308005571365356,0.9930989792100903,,,,
wine,classification,124,13,mnar,0.5,0.5095073465859983,0,catboost,0.17855238914489746,,0.9074074074074074,0.2562601859286753,0.9816835427946539,,,,
wine,classification,124,13,block,0.1,0.07692307692307693,0,tabicl_impute,0.22614026069641113,,1.0,0.008788893930613995,1.0,,,,
wine,classification,124,13,block,0.1,0.07692307692307693,0,tabicl_indicator,0.23182082176208496,,1.0,0.0068464213982224464,1.0,,,,
wine,classification,124,13,block,0.1,0.07692307692307693,0,tabicl_aware_zero,0.2305431365966797,,1.0,0.00904583279043436,1.0,,,,
wine,classification,124,13,block,0.1,0.07692307692307693,0,tabicl_aware,0.2864053249359131,,1.0,0.008718909695744514,1.0,,,,
wine,classification,124,13,block,0.1,0.07692307692307693,0,xgboost,0.0635833740234375,,1.0,0.04163491353392601,1.0,,,,
wine,classification,124,13,block,0.1,0.07692307692307693,0,catboost,0.21355223655700684,,0.9814814814814815,0.0946588814142641,1.0,,,,
wine,classification,124,13,block,0.3,0.2722558340535869,0,tabicl_impute,0.22196626663208008,,1.0,0.016374919563531876,1.0,,,,
wine,classification,124,13,block,0.3,0.2722558340535869,0,tabicl_indicator,0.24269366264343262,,1.0,0.01928260549902916,1.0,,,,
wine,classification,124,13,block,0.3,0.2722558340535869,0,tabicl_aware_zero,0.22222352027893066,,1.0,0.016391977667808533,1.0,,,,
wine,classification,124,13,block,0.3,0.2722558340535869,0,tabicl_aware,0.28844523429870605,,1.0,0.013870622962713242,1.0,,,,
wine,classification,124,13,block,0.3,0.2722558340535869,0,xgboost,0.06873440742492676,,1.0,0.04392707347869873,1.0,,,,
wine,classification,124,13,block,0.3,0.2722558340535869,0,catboost,0.21428132057189941,,0.9629629629629629,0.09345673709766365,0.9994301994301994,,,,
wine,classification,124,13,block,0.5,0.44770959377700953,0,tabicl_impute,0.22405123710632324,,0.9444444444444444,0.10652018338441849,0.9984681984681986,,,,
wine,classification,124,13,block,0.5,0.44770959377700953,0,tabicl_indicator,0.2659022808074951,,0.9444444444444444,0.12387300282716751,0.9963665963665963,,,,
wine,classification,124,13,block,0.5,0.44770959377700953,0,tabicl_aware_zero,0.2669410705566406,,0.9629629629629629,0.09509741514921188,0.998949198949199,,,,
wine,classification,124,13,block,0.5,0.44770959377700953,0,tabicl_aware,0.29262375831604004,,0.9629629629629629,0.07306850701570511,1.0,,,,
wine,classification,124,13,block,0.5,0.44770959377700953,0,xgboost,0.07540130615234375,,0.9259259259259259,0.270201176404953,0.9915117804006693,,,,
wine,classification,124,13,block,0.5,0.44770959377700953,0,catboost,0.21466398239135742,,0.9259259259259259,0.263536303859993,0.9837375587375586,,,,
wine,classification,124,13,none,0.0,0.0,1,tabicl_impute,0.22367334365844727,,0.9814814814814815,0.027829669415950775,1.0,,,,
wine,classification,124,13,none,0.0,0.0,1,tabicl_indicator,0.22016572952270508,,0.9814814814814815,0.027829669415950775,1.0,,,,
wine,classification,124,13,none,0.0,0.0,1,tabicl_aware_zero,0.22057819366455078,,0.9814814814814815,0.027829669415950775,1.0,,,,
wine,classification,124,13,none,0.0,0.0,1,tabicl_aware,0.2867884635925293,,0.9814814814814815,0.031162021681666374,1.0,,,,
wine,classification,124,13,none,0.0,0.0,1,xgboost,0.05281567573547363,,0.8888888888888888,0.2036891132593155,0.9920367698145475,,,,
wine,classification,124,13,none,0.0,0.0,1,catboost,0.20679092407226562,,0.9814814814814815,0.12881691069314985,0.9970137886804554,,,,
wine,classification,124,13,mcar,0.1,0.09204840103716508,1,tabicl_impute,0.22978615760803223,,0.9814814814814815,0.037617143243551254,1.0,,,,
wine,classification,124,13,mcar,0.1,0.09204840103716508,1,tabicl_indicator,0.27400636672973633,,0.9814814814814815,0.024060621857643127,1.0,,,,
wine,classification,124,13,mcar,0.1,0.09204840103716508,1,tabicl_aware_zero,0.22351455688476562,,0.9814814814814815,0.03723446652293205,1.0,,,,
wine,classification,124,13,mcar,0.1,0.09204840103716508,1,tabicl_aware,0.2889831066131592,,0.9814814814814815,0.041071075946092606,0.9995189995189996,,,,
wine,classification,124,13,mcar,0.1,0.09204840103716508,1,xgboost,0.05939960479736328,,0.9259259259259259,0.16824857890605927,0.9965661910106354,,,,
wine,classification,124,13,mcar,0.1,0.09204840103716508,1,catboost,0.2114262580871582,,0.9444444444444444,0.15344017270091376,0.9980425952648174,,,,
wine,classification,124,13,mcar,0.3,0.2990492653414002,1,tabicl_impute,0.2270205020904541,,0.9814814814814815,0.0651136115193367,0.9990045962268184,,,,
wine,classification,124,13,mcar,0.3,0.2990492653414002,1,tabicl_indicator,0.2664375305175781,,0.9629629629629629,0.09356245398521423,0.9970137886804554,,,,
wine,classification,124,13,mcar,0.3,0.2990492653414002,1,tabicl_aware_zero,0.22286415100097656,,0.9814814814814815,0.0693107470870018,0.998523595745818,,,,
wine,classification,124,13,mcar,0.3,0.2990492653414002,1,tabicl_aware,0.28829407691955566,,0.9814814814814815,0.06279467046260834,0.9990045962268184,,,,
wine,classification,124,13,mcar,0.3,0.2990492653414002,1,xgboost,0.0702371597290039,,0.9444444444444444,0.19391432404518127,0.9896317674095453,,,,
wine,classification,124,13,mcar,0.3,0.2990492653414002,1,catboost,0.19286441802978516,,0.9259259259259259,0.2629468398828536,0.9903493625715848,,,,
wine,classification,124,13,mcar,0.5,0.517286084701815,1,tabicl_impute,0.21942591667175293,,0.8703703703703703,0.3150152564048767,0.9826243715132604,,,,
wine,classification,124,13,mcar,0.5,0.517286084701815,1,tabicl_indicator,0.2537102699279785,,0.8703703703703703,0.32409724593162537,0.982657774324441,,,,
wine,classification,124,13,mcar,0.5,0.517286084701815,1,tabicl_aware_zero,0.222700834274292,,0.8703703703703703,0.33853432536125183,0.9776253581809137,,,,
wine,classification,124,13,mcar,0.5,0.517286084701815,1,tabicl_aware,0.2876896858215332,,0.8518518518518519,0.32390573620796204,0.978061547505992,,,,
wine,classification,124,13,mcar,0.5,0.517286084701815,1,xgboost,0.08712029457092285,,0.7592592592592593,0.5474112629890442,0.9410442438220216,,,,
wine,classification,124,13,mcar,0.5,0.517286084701815,1,catboost,0.1668257713317871,,0.8518518518518519,0.3713334913441726,0.9803109441998331,,,,
wine,classification,124,13,mar,0.1,0.08643042350907519,1,tabicl_impute,0.2650117874145508,,1.0,0.016501348465681076,1.0,,,,
wine,classification,124,13,mar,0.1,0.08643042350907519,1,tabicl_indicator,0.26761555671691895,,0.9814814814814815,0.09103438258171082,0.9990379990379991,,,,
wine,classification,124,13,mar,0.1,0.08643042350907519,1,tabicl_aware_zero,0.23173975944519043,,1.0,0.0146303940564394,1.0,,,,
wine,classification,124,13,mar,0.1,0.08643042350907519,1,tabicl_aware,0.2915952205657959,,1.0,0.015180665999650955,1.0,,,,
wine,classification,124,13,mar,0.1,0.08643042350907519,1,xgboost,0.05992317199707031,,0.8888888888888888,0.2809394896030426,0.9835925391480947,,,,
wine,classification,124,13,mar,0.1,0.08643042350907519,1,catboost,0.2104048728942871,,0.9259259259259259,0.2619130858722921,0.9787491315269093,,,,
wine,classification,124,13,mar,0.3,0.3089887640449438,1,tabicl_impute,0.2208867073059082,,0.9444444444444444,0.164974182844162,0.9935025879470324,,,,
wine,classification,124,13,mar,0.3,0.3089887640449438,1,tabicl_indicator,0.2671833038330078,,0.9444444444444444,0.17274926602840424,0.9928439872884317,,,,
wine,classification,124,13,mar,0.3,0.3089887640449438,1,tabicl_aware_zero,0.22377634048461914,,0.9444444444444444,0.1532563418149948,0.9950343894788339,,,,
wine,classification,124,13,mar,0.3,0.3089887640449438,1,tabicl_aware,0.2904829978942871,,0.9259259259259259,0.1532398909330368,0.9939835884280329,,,,
wine,classification,124,13,mar,0.3,0.3089887640449438,1,xgboost,0.0651705265045166,,0.8888888888888888,0.24449115991592407,0.988718174829286,,,,
wine,classification,124,13,mar,0.3,0.3089887640449438,1,catboost,0.19379520416259766,,0.8333333333333334,0.33894529427993375,0.9830711469600358,,,,
wine,classification,124,13,mar,0.5,0.49178910976663787,1,tabicl_impute,0.22851896286010742,,0.8703703703703703,0.30081620812416077,0.9746013246013246,,,,
wine,classification,124,13,mar,0.5,0.49178910976663787,1,tabicl_indicator,0.26053524017333984,,0.8703703703703703,0.2964123487472534,0.9741537269315047,,,,
wine,classification,124,13,mar,0.5,0.49178910976663787,1,tabicl_aware_zero,0.2246100902557373,,0.8703703703703703,0.30349621176719666,0.9730809314142648,,,,
wine,classification,124,13,mar,0.5,0.49178910976663787,1,tabicl_aware,0.29024720191955566,,0.8888888888888888,0.35309889912605286,0.9686517186517186,,,,
wine,classification,124,13,mar,0.5,0.49178910976663787,1,xgboost,0.08184576034545898,,0.8518518518518519,0.42887750267982483,0.9606208606208607,,,,
wine,classification,124,13,mar,0.5,0.49178910976663787,1,catboost,0.1569516658782959,,0.8518518518518519,0.39147186699187525,0.9637108775997665,,,,
wine,classification,124,13,mnar,0.1,0.09593777009507347,1,tabicl_impute,0.22313761711120605,,1.0,0.028926309198141098,1.0,,,,
wine,classification,124,13,mnar,0.1,0.09593777009507347,1,tabicl_indicator,0.26413893699645996,,0.9814814814814815,0.04605564847588539,0.9995189995189996,,,,
wine,classification,124,13,mnar,0.1,0.09593777009507347,1,tabicl_aware_zero,0.22318029403686523,,1.0,0.02544504590332508,1.0,,,,
wine,classification,124,13,mnar,0.1,0.09593777009507347,1,tabicl_aware,0.29035305976867676,,1.0,0.027761103585362434,1.0,,,,
wine,classification,124,13,mnar,0.1,0.09593777009507347,1,xgboost,0.05712628364562988,,0.9074074074074074,0.2080824077129364,0.9904829738163072,,,,
wine,classification,124,13,mnar,0.1,0.09593777009507347,1,catboost,0.2110881805419922,,0.9629629629629629,0.20757813836385117,0.9840401368179146,,,,
wine,classification,124,13,mnar,0.3,0.3020743301642178,1,tabicl_impute,0.22151565551757812,,1.0,0.02954011969268322,1.0,,,,
wine,classification,124,13,mnar,0.3,0.3020743301642178,1,tabicl_indicator,0.2658841609954834,,0.9814814814814815,0.05409616976976395,1.0,,,,
wine,classification,124,13,mnar,0.3,0.3020743301642178,1,tabicl_aware_zero,0.22272515296936035,,1.0,0.036963965743780136,1.0,,,,
wine,classification,124,13,mnar,0.3,0.3020743301642178,1,tabicl_aware,0.2874879837036133,,1.0,0.03478045016527176,1.0,,,,
wine,classification,124,13,mnar,0.3,0.3020743301642178,1,xgboost,0.06157088279724121,,0.8703703703703703,0.2443312555551529,0.991019371574927,,,,
wine,classification,124,13,mnar,0.3,0.3020743301642178,1,catboost,0.19561100006103516,,0.8148148148148148,0.38586677041059936,0.9645489284378174,,,,
wine,classification,124,13,mnar,0.5,0.5038893690579084,1,tabicl_impute,0.27257585525512695,,0.8518518518518519,0.2640305459499359,0.9835819530263975,,,,
wine,classification,124,13,mnar,0.5,0.5038893690579084,1,tabicl_indicator,0.2633235454559326,,0.8518518518518519,0.2757253348827362,0.9821055487722155,,,,
wine,classification,124,13,mnar,0.5,0.5038893690579084,1,tabicl_aware_zero,0.22161531448364258,,0.8518518518518519,0.2526223063468933,0.9865681643459422,,,,
wine,classification,124,13,mnar,0.5,0.5038893690579084,1,tabicl_aware,0.28577232360839844,,0.8888888888888888,0.19968611001968384,0.9905163766274878,,,,
wine,classification,124,13,mnar,0.5,0.5038893690579084,1,xgboost,0.06431794166564941,,0.8703703703703703,0.4249178171157837,0.9639886862109085,,,,
wine,classification,124,13,mnar,0.5,0.5038893690579084,1,catboost,0.17217564582824707,,0.8333333333333334,0.3850819705962998,0.9707533207533209,,,,
wine,classification,124,13,block,0.1,0.07692307692307693,1,tabicl_impute,0.22307276725769043,,0.9629629629629629,0.03738146275281906,0.9995189995189996,,,,
wine,classification,124,13,block,0.1,0.07692307692307693,1,tabicl_indicator,0.23423480987548828,,0.9629629629629629,0.04212081804871559,0.9995189995189996,,,,
wine,classification,124,13,block,0.1,0.07692307692307693,1,tabicl_aware_zero,0.22320055961608887,,0.9629629629629629,0.04027881473302841,0.9995189995189996,,,,
wine,classification,124,13,block,0.1,0.07692307692307693,1,tabicl_aware,0.28748512268066406,,0.9629629629629629,0.04524606838822365,0.9995189995189996,,,,
wine,classification,124,13,block,0.1,0.07692307692307693,1,xgboost,0.05756855010986328,,0.8888888888888888,0.2177208960056305,0.9939387772721107,,,,
wine,classification,124,13,block,0.1,0.07692307692307693,1,catboost,0.21231603622436523,,0.9814814814814815,0.11015046376477172,0.9995189995189996,,,,
wine,classification,124,13,block,0.3,0.3076923076923077,1,tabicl_impute,0.22176241874694824,,0.9629629629629629,0.06491108983755112,0.9990379990379991,,,,
wine,classification,124,13,block,0.3,0.3076923076923077,1,tabicl_indicator,0.2579982280731201,,0.9629629629629629,0.07341356575489044,0.9990379990379991,,,,
wine,classification,124,13,block,0.3,0.3076923076923077,1,tabicl_aware_zero,0.2223341464996338,,0.9629629629629629,0.06906011700630188,0.9990379990379991,,,,
wine,classification,124,13,block,0.3,0.3076923076923077,1,tabicl_aware,0.2881126403808594,,0.9629629629629629,0.07063114643096924,0.9990379990379991,,,,
wine,classification,124,13,block,0.3,0.3076923076923077,1,xgboost,0.06510138511657715,,0.8888888888888888,0.31306973099708557,0.9781801531801532,,,,
wine,classification,124,13,block,0.3,0.3076923076923077,1,catboost,0.19918155670166016,,0.8888888888888888,0.21850282799844212,0.9858655747544636,,,,
wine,classification,124,13,block,0.5,0.3327571305099395,1,tabicl_impute,0.21970772743225098,,0.9629629629629629,0.14430388808250427,0.9955707872374538,,,,
wine,classification,124,13,block,0.5,0.3327571305099395,1,tabicl_indicator,0.2478961944580078,,0.9629629629629629,0.1513918936252594,0.9965661910106354,,,,
wine,classification,124,13,block,0.5,0.3327571305099395,1,tabicl_aware_zero,0.2223212718963623,,0.9444444444444444,0.1510625034570694,0.9960517877184544,,,,
wine,classification,124,13,block,0.5,0.3327571305099395,1,tabicl_aware,0.2887997627258301,,0.9629629629629629,0.15701572597026825,0.9955707872374538,,,,
wine,classification,124,13,block,0.5,0.3327571305099395,1,xgboost,0.05953049659729004,,0.8888888888888888,0.26747164130210876,0.985135749024638,,,,
wine,classification,124,13,block,0.5,0.3327571305099395,1,catboost,0.22011494636535645,,0.8518518518518519,0.36051019486122765,0.9756627117738228,,,,
wine,classification,124,13,none,0.0,0.0,2,tabicl_impute,0.22106146812438965,,0.9814814814814815,0.03456585109233856,1.0,,,,
wine,classification,124,13,none,0.0,0.0,2,tabicl_indicator,0.21928977966308594,,0.9814814814814815,0.03456585109233856,1.0,,,,
wine,classification,124,13,none,0.0,0.0,2,tabicl_aware_zero,0.21805262565612793,,0.9814814814814815,0.03456585109233856,1.0,,,,
wine,classification,124,13,none,0.0,0.0,2,tabicl_aware,0.28433966636657715,,0.9814814814814815,0.03845458850264549,1.0,,,,
wine,classification,124,13,none,0.0,0.0,2,xgboost,0.04864215850830078,,0.9259259259259259,0.19055958092212677,0.9965327881994549,,,,
wine,classification,124,13,none,0.0,0.0,2,catboost,0.21704649925231934,,0.9444444444444444,0.1856370749122552,0.9943203915426136,,,,
wine,classification,124,13,mcar,0.1,0.10112359550561797,2,tabicl_impute,0.22661352157592773,,0.9814814814814815,0.08478550612926483,0.9955373844262733,,,,
wine,classification,124,13,mcar,0.1,0.10112359550561797,2,tabicl_indicator,0.3185553550720215,,0.9814814814814815,0.04910721629858017,1.0,,,,
wine,classification,124,13,mcar,0.1,0.10112359550561797,2,tabicl_aware_zero,0.23610281944274902,,0.9814814814814815,0.07751370221376419,0.9980425952648174,,,,
wine,classification,124,13,mcar,0.1,0.10112359550561797,2,tabicl_aware,0.2949674129486084,,0.9814814814814815,0.06945259869098663,0.998523595745818,,,,
wine,classification,124,13,mcar,0.1,0.10112359550561797,2,xgboost,0.060979604721069336,,0.9074074074074074,0.18080995976924896,0.9959075903520348,,,,
wine,classification,124,13,mcar,0.1,0.10112359550561797,2,catboost,0.21134161949157715,,0.9259259259259259,0.24100878558253264,0.9909305714861271,,,,
wine,classification,124,13,mcar,0.3,0.2847882454624028,2,tabicl_impute,0.22941017150878906,,0.9444444444444444,0.24326355755329132,0.9865461698795032,,,,
wine,classification,124,13,mcar,0.3,0.2847882454624028,2,tabicl_indicator,0.2725555896759033,,0.9444444444444444,0.26602551341056824,0.9871933621933621,,,,
wine,classification,124,13,mcar,0.3,0.2847882454624028,2,tabicl_aware_zero,0.2230393886566162,,0.9444444444444444,0.2561195194721222,0.9860651693985027,,,,
wine,classification,124,13,mcar,0.3,0.2847882454624028,2,tabicl_aware,0.28955817222595215,,0.9629629629629629,0.2554214894771576,0.9860651693985027,,,,
wine,classification,124,13,mcar,0.3,0.2847882454624028,2,xgboost,0.07302618026733398,,0.8703703703703703,0.33809712529182434,0.9706795262350818,,,,
wine,classification,124,13,mcar,0.3,0.2847882454624028,2,catboost,0.19755816459655762,,0.8888888888888888,0.4130305633641489,0.9545200684089572,,,,
wine,classification,124,13,mcar,0.5,0.4961106309420916,2,tabicl_impute,0.22303152084350586,,0.8888888888888888,0.2930634617805481,0.9751051417718085,,,,
wine,classification,124,13,mcar,0.5,0.4961106309420916,2,tabicl_indicator,0.2527594566345215,,0.8703703703703703,0.32797786593437195,0.9720415387082054,,,,
wine,classification,124,13,mcar,0.5,0.4961106309420916,2,tabicl_aware_zero,0.22498679161071777,,0.8703703703703703,0.2844170033931732,0.9755307449751894,,,,
wine,classification,124,13,mcar,0.5,0.4961106309420916,2,tabicl_aware,0.2922840118408203,,0.8703703703703703,0.27498194575309753,0.9810661560661561,,,,
wine,classification,124,13,mcar,0.5,0.4961106309420916,2,xgboost,0.08880448341369629,,0.8518518518518519,0.4415806531906128,0.953606270272937,,,,
wine,classification,124,13,mcar,0.5,0.4961106309420916,2,catboost,0.17499017715454102,,0.7407407407407407,0.5461922172506446,0.9240449879338768,,,,
wine,classification,124,13,mar,0.1,0.09507346585998272,2,tabicl_impute,0.22176885604858398,,0.9629629629629629,0.07495062798261642,0.9995189995189996,,,,
wine,classification,124,13,mar,0.1,0.09507346585998272,2,tabicl_indicator,0.26696205139160156,,0.9629629629629629,0.0927065834403038,0.9995189995189996,,,,
wine,classification,124,13,mar,0.1,0.09507346585998272,2,tabicl_aware_zero,0.22087311744689941,,0.9629629629629629,0.08125702291727066,0.9984681984681986,,,,
wine,classification,124,13,mar,0.1,0.09507346585998272,2,tabicl_aware,0.28748083114624023,,0.9629629629629629,0.07925257086753845,0.9995189995189996,,,,
wine,classification,124,13,mar,0.1,0.09507346585998272,2,xgboost,0.05695843696594238,,0.9074074074074074,0.2554375231266022,0.9831273664606998,,,,
wine,classification,124,13,mar,0.1,0.09507346585998272,2,catboost,0.20695018768310547,,0.8888888888888888,0.24595161525970768,0.9862023778690445,,,,
wine,classification,124,13,mar,0.3,0.2964563526361279,2,tabicl_impute,0.2281506061553955,,0.9259259259259259,0.1444682776927948,0.996510793733016,,,,
wine,classification,124,13,mar,0.3,0.2964563526361279,2,tabicl_indicator,0.2732889652252197,,0.9259259259259259,0.16080063581466675,0.9945199861866528,,,,
wine,classification,124,13,mar,0.3,0.2964563526361279,2,tabicl_aware_zero,0.22498679161071777,,0.9259259259259259,0.1515571027994156,0.9955153899598344,,,,
wine,classification,124,13,mar,0.3,0.2964563526361279,2,tabicl_aware,0.28782176971435547,,0.9259259259259259,0.14601199328899384,0.9969917942140164,,,,
wine,classification,124,13,mar,0.3,0.2964563526361279,2,xgboost,0.06558871269226074,,0.8703703703703703,0.3002277910709381,0.9805297583075361,,,,
wine,classification,124,13,mar,0.3,0.2964563526361279,2,catboost,0.1946401596069336,,0.8888888888888888,0.3203578686380783,0.9740763351874463,,,,
wine,classification,124,13,mar,0.5,0.4943820224719101,2,tabicl_impute,0.22228717803955078,,0.8703703703703703,0.25762075185775757,0.9822207627763183,,,,
wine,classification,124,13,mar,0.5,0.4943820224719101,2,tabicl_indicator,0.25662851333618164,,0.8888888888888888,0.3219602406024933,0.9749873583206917,,,,
wine,classification,124,13,mar,0.5,0.4943820224719101,2,tabicl_aware_zero,0.22172188758850098,,0.8703703703703703,0.2700172960758209,0.982342965676299,,,,
wine,classification,124,13,mar,0.5,0.4943820224719101,2,tabicl_aware,0.3356616497039795,,0.8888888888888888,0.20368029177188873,0.9883039799706466,,,,
wine,classification,124,13,mar,0.5,0.4943820224719101,2,xgboost,0.09311032295227051,,0.8888888888888888,0.43189284205436707,0.9584217223106113,,,,
wine,classification,124,13,mar,0.5,0.4943820224719101,2,catboost,0.18107008934020996,,0.7777777777777778,0.4788779265607537,0.9405422766533879,,,,
wine,classification,124,13,mnar,0.1,0.1024200518582541,2,tabicl_impute,0.22385048866271973,,0.9444444444444444,0.19548703730106354,0.9906051767162878,,,,
wine,classification,124,13,mnar,0.1,0.1024200518582541,2,tabicl_indicator,0.26344919204711914,,0.9629629629629629,0.15201759338378906,0.9970805943028166,,,,
wine,classification,124,13,mnar,0.1,0.1024200518582541,2,tabicl_aware_zero,0.22019457817077637,,0.9444444444444444,0.1876486986875534,0.9926179787290899,,,,
wine,classification,124,13,mnar,0.1,0.1024200518582541,2,tabicl_aware,0.289111852645874,,0.9629629629629629,0.1750279814004898,0.9916559777670888,,,,
wine,classification,124,13,mnar,0.1,0.1024200518582541,2,xgboost,0.05242776870727539,,0.9259259259259259,0.1787186712026596,0.9975281919726364,,,,
wine,classification,124,13,mnar,0.1,0.1024200518582541,2,catboost,0.2101902961730957,,0.9074074074074074,0.2454828948784276,0.9835713669047003,,,,
wine,classification,124,13,mnar,0.3,0.3050993949870354,2,tabicl_impute,0.22245573997497559,,0.9259259259259259,0.09817880392074585,0.9975281919726364,,,,
wine,classification,124,13,mnar,0.3,0.3050993949870354,2,tabicl_indicator,0.26604247093200684,,0.9444444444444444,0.12207843363285065,0.9980425952648174,,,,
wine,classification,124,13,mnar,0.3,0.3050993949870354,2,tabicl_aware_zero,0.22612237930297852,,0.9444444444444444,0.10297630727291107,0.9975281919726364,,,,
wine,classification,124,13,mnar,0.3,0.3050993949870354,2,tabicl_aware,0.28899073600769043,,0.9629629629629629,0.10400471836328506,0.9970137886804554,,,,
wine,classification,124,13,mnar,0.3,0.3050993949870354,2,xgboost,0.07972168922424316,,0.9074074074074074,0.2410862147808075,0.9868275757164646,,,,
wine,classification,124,13,mnar,0.3,0.3050993949870354,2,catboost,0.19679665565490723,,0.8333333333333334,0.38545634165218207,0.9611265277931945,,,,
wine,classification,124,13,mnar,0.5,0.5025929127052723,2,tabicl_impute,0.22234821319580078,,0.9444444444444444,0.13590215146541595,0.9969363969363969,,,,
wine,classification,124,13,mnar,0.5,0.5025929127052723,2,tabicl_indicator,0.2561178207397461,,0.9444444444444444,0.14641006290912628,0.9954045954045955,,,,
wine,classification,124,13,mnar,0.5,0.5025929127052723,2,tabicl_aware_zero,0.22101879119873047,,0.9629629629629629,0.131996288895607,0.9959409931632154,,,,
wine,classification,124,13,mnar,0.5,0.5025929127052723,2,tabicl_aware,0.28906989097595215,,0.9629629629629629,0.13700811564922333,0.9964219936442159,,,,
wine,classification,124,13,mnar,0.5,0.5025929127052723,2,xgboost,0.08055496215820312,,0.9444444444444444,0.1409861445426941,0.9973285973285974,,,,
wine,classification,124,13,mnar,0.5,0.5025929127052723,2,catboost,0.17445898056030273,,0.9259259259259259,0.2453262088863338,0.9886407830852275,,,,
wine,classification,124,13,block,0.1,0.07692307692307693,2,tabicl_impute,0.2229142189025879,,0.9629629629629629,0.05658547207713127,1.0,,,,
wine,classification,124,13,block,0.1,0.07692307692307693,2,tabicl_indicator,0.23478007316589355,,0.9629629629629629,0.06269924342632294,1.0,,,,
wine,classification,124,13,block,0.1,0.07692307692307693,2,tabicl_aware_zero,0.22035002708435059,,0.9629629629629629,0.053037382662296295,1.0,,,,
wine,classification,124,13,block,0.1,0.07692307692307693,2,tabicl_aware,0.2873871326446533,,0.9629629629629629,0.05440438166260719,1.0,,,,
wine,classification,124,13,block,0.1,0.07692307692307693,2,xgboost,0.050826311111450195,,0.9074074074074074,0.1930004209280014,0.9944311860978527,,,,
wine,classification,124,13,block,0.1,0.07692307692307693,2,catboost,0.2147812843322754,,0.9259259259259259,0.2121411186394972,0.9918151807040695,,,,
wine,classification,124,13,block,0.3,0.23076923076923078,2,tabicl_impute,0.22153592109680176,,0.9444444444444444,0.12068068236112595,0.9980425952648174,,,,
wine,classification,124,13,block,0.3,0.23076923076923078,2,tabicl_indicator,0.2336111068725586,,0.9444444444444444,0.12622672319412231,0.9980425952648174,,,,
wine,classification,124,13,block,0.3,0.23076923076923078,2,tabicl_aware_zero,0.2182905673980713,,0.9444444444444444,0.11864019930362701,0.9990379990379991,,,,
wine,classification,124,13,block,0.3,0.23076923076923078,2,tabicl_aware,0.2862553596496582,,0.9444444444444444,0.11128416657447815,0.9995189995189996,,,,
wine,classification,124,13,block,0.3,0.23076923076923078,2,xgboost,0.06706786155700684,,0.9074074074074074,0.24942554533481598,0.9836311836311836,,,,
wine,classification,124,13,block,0.3,0.23076923076923078,2,catboost,0.22481179237365723,,0.9259259259259259,0.24455390132804597,0.9847593764260432,,,,
wine,classification,124,13,block,0.5,0.40535868625756266,2,tabicl_impute,0.2281637191772461,,0.9444444444444444,0.12967661023139954,0.9975281919726364,,,,
wine,classification,124,13,block,0.5,0.40535868625756266,2,tabicl_indicator,0.26127076148986816,,0.9444444444444444,0.12659470736980438,0.9980425952648174,,,,
wine,classification,124,13,block,0.5,0.40535868625756266,2,tabicl_aware_zero,0.2668471336364746,,0.9444444444444444,0.13894023001194,0.9975281919726364,,,,
wine,classification,124,13,block,0.5,0.40535868625756266,2,tabicl_aware,0.29555749893188477,,0.9444444444444444,0.15106332302093506,0.9970137886804554,,,,
wine,classification,124,13,block,0.5,0.40535868625756266,2,xgboost,0.0704491138458252,,0.9259259259259259,0.22227898240089417,0.9898691843136288,,,,
wine,classification,124,13,block,0.5,0.40535868625756266,2,catboost,0.22747135162353516,,0.9074074074074074,0.25174944000201016,0.9856659801104245,,,,
diabetes,regression,309,10,none,0.0,0.0,0,tabicl_impute,0.2771425247192383,,,,,55.49007779364703,0.4997350211678746,0.7669172932330827,1.7310171890189416
diabetes,regression,309,10,none,0.0,0.0,0,tabicl_indicator,0.28188014030456543,,,,,55.49007779364703,0.4997350211678746,0.7669172932330827,1.7310171890189416
diabetes,regression,309,10,none,0.0,0.0,0,tabicl_aware_zero,0.6184291839599609,,,,,55.49007779364703,0.4997350211678746,0.7669172932330827,1.7310171890189416
diabetes,regression,309,10,none,0.0,0.0,0,tabicl_aware,0.2710390090942383,,,,,55.74772260386966,0.49507869681375727,0.7744360902255639,1.74054716932202
diabetes,regression,309,10,none,0.0,0.0,0,xgboost,0.06275296211242676,,,,,60.83983019953005,0.3986249302163011,,
diabetes,regression,309,10,none,0.0,0.0,0,catboost,0.1739048957824707,,,,,59.82022009416467,0.418612825561116,,
diabetes,regression,309,10,mcar,0.1,0.09819004524886878,0,tabicl_impute,0.22372770309448242,,,,,56.80631594957199,0.4757207328985329,0.7894736842105263,1.8287508819967195
diabetes,regression,309,10,mcar,0.1,0.09819004524886878,0,tabicl_indicator,0.258070707321167,,,,,57.19509741733016,0.4685198586888355,0.7744360902255639,1.8213187071090373
diabetes,regression,309,10,mcar,0.1,0.09819004524886878,0,tabicl_aware_zero,0.2214818000793457,,,,,56.96213171144547,0.4728406654838033,0.7894736842105263,1.8178345530008035
diabetes,regression,309,10,mcar,0.1,0.09819004524886878,0,tabicl_aware,0.27712535858154297,,,,,56.831261056309124,0.4752601829210924,0.7969924812030075,1.812476260844845
diabetes,regression,309,10,mcar,0.1,0.09819004524886878,0,xgboost,0.07864594459533691,,,,,63.29570077808363,0.34909462362951005,,
diabetes,regression,309,10,mcar,0.1,0.09819004524886878,0,catboost,0.17265772819519043,,,,,60.05284827294699,0.4140822500164594,,
diabetes,regression,309,10,mcar,0.3,0.29524886877828055,0,tabicl_impute,0.22401690483093262,,,,,60.27736831080506,0.40969290985348794,0.7443609022556391,1.8921405479152063
diabetes,regression,309,10,mcar,0.3,0.29524886877828055,0,tabicl_indicator,0.258699893951416,,,,,60.55725200614474,0.4041982803365549,0.7518796992481203,1.8918330539079986
diabetes,regression,309,10,mcar,0.3,0.29524886877828055,0,tabicl_aware_zero,0.22220182418823242,,,,,60.566804128024884,0.40401030550915495,0.7368421052631579,1.8616889165334904
diabetes,regression,309,10,mcar,0.3,0.29524886877828055,0,tabicl_aware,0.27468276023864746,,,,,60.98723629671568,0.3957073106132677,0.7293233082706767,1.8594228743589325
diabetes,regression,309,10,mcar,0.3,0.29524886877828055,0,xgboost,0.07619333267211914,,,,,65.12194221958919,0.31099222450905617,,
diabetes,regression,309,10,mcar,0.3,0.29524886877828055,0,catboost,0.12782835960388184,,,,,63.88402824069414,0.33693818252465424,,
diabetes,regression,309,10,mcar,0.5,0.4920814479638009,0,tabicl_impute,0.22553753852844238,,,,,63.18455797128408,0.3513785049861319,0.8045112781954887,2.0332412040575103
diabetes,regression,309,10,mcar,0.5,0.4920814479638009,0,tabicl_indicator,0.25000619888305664,,,,,63.368952938281616,0.34758716531886613,0.8045112781954887,2.029504014083763
diabetes,regression,309,10,mcar,0.5,0.4920814479638009,0,tabicl_aware_zero,0.22089433670043945,,,,,63.463496913889585,0.34563896470645294,0.7969924812030075,1.9524262942505008
diabetes,regression,309,10,mcar,0.5,0.4920814479638009,0,tabicl_aware,0.27254223823547363,,,,,62.50164764097364,0.36532357603728305,0.7969924812030075,1.9557301530110551
diabetes,regression,309,10,mcar,0.5,0.4920814479638009,0,xgboost,0.06763458251953125,,,,,69.34757429525362,0.2186745284122733,,
diabetes,regression,309,10,mcar,0.5,0.4920814479638009,0,catboost,0.12057161331176758,,,,,71.04918397669736,0.17986070177621816,,
diabetes,regression,309,10,mar,0.1,0.09683257918552036,0,tabicl_impute,0.2261185646057129,,,,,57.72399799112949,0.45864489128675157,0.7443609022556391,1.7500077154944387
diabetes,regression,309,10,mar,0.1,0.09683257918552036,0,tabicl_indicator,0.26152491569519043,,,,,58.94435475678699,0.43551309744845756,0.7443609022556391,1.7658013545591378
diabetes,regression,309,10,mar,0.1,0.09683257918552036,0,tabicl_aware_zero,0.26354098320007324,,,,,57.8053592512619,0.45711774916097514,0.7518796992481203,1.7509832942042134
diabetes,regression,309,10,mar,0.1,0.09683257918552036,0,tabicl_aware,0.2778286933898926,,,,,57.67013921944534,0.45965463143046303,0.7518796992481203,1.742699043892384
diabetes,regression,309,10,mar,0.1,0.09683257918552036,0,xgboost,0.07462954521179199,,,,,66.29552085614002,0.28593489938697303,,
diabetes,regression,309,10,mar,0.1,0.09683257918552036,0,catboost,0.16965126991271973,,,,,61.73249368077427,0.38084829248715524,,
diabetes,regression,309,10,mar,0.3,0.3,0,tabicl_impute,0.23299598693847656,,,,,62.91952282185958,0.3568085327376608,0.7819548872180451,1.8818131448230377
diabetes,regression,309,10,mar,0.3,0.3,0,tabicl_indicator,0.2659590244293213,,,,,62.78986472232989,0.35945664746035466,0.7819548872180451,1.8869296817285477
diabetes,regression,309,10,mar,0.3,0.3,0,tabicl_aware_zero,0.22313237190246582,,,,,62.883694115179885,0.3575408382647245,0.7669172932330827,1.8434549692408129
diabetes,regression,309,10,mar,0.3,0.3,0,tabicl_aware,0.2721724510192871,,,,,62.466910462219,0.3660288611814636,0.7669172932330827,1.8344839628635503
diabetes,regression,309,10,mar,0.3,0.3,0,xgboost,0.08215117454528809,,,,,68.17956414325174,0.24477236202132724,,
diabetes,regression,309,10,mar,0.3,0.3,0,catboost,0.1623399257659912,,,,,67.49445647958667,0.2598740312806923,,
diabetes,regression,309,10,mar,0.5,0.501131221719457,0,tabicl_impute,0.22570252418518066,,,,,59.613439647076675,0.42262523870197144,0.8345864661654135,1.9976460011928006
diabetes,regression,309,10,mar,0.5,0.501131221719457,0,tabicl_indicator,0.24808311462402344,,,,,60.20824249447906,0.4110460565774764,0.8120300751879699,1.9917104527348861
diabetes,regression,309,10,mar,0.5,0.501131221719457,0,tabicl_aware_zero,0.21952152252197266,,,,,61.16582255693087,0.392163081218321,0.8195488721804511,1.9175386582410865
diabetes,regression,309,10,mar,0.5,0.501131221719457,0,tabicl_aware,0.271895170211792,,,,,60.46058505482967,0.4060989071081844,0.8195488721804511,1.9255360308422065
diabetes,regression,309,10,mar,0.5,0.501131221719457,0,xgboost,0.07765340805053711,,,,,66.43345745873872,0.2829603943398151,,
diabetes,regression,309,10,mar,0.5,0.501131221719457,0,catboost,0.12486100196838379,,,,,61.690604490008795,0.38168827036457487,,
diabetes,regression,309,10,mnar,0.1,0.10158371040723982,0,tabicl_impute,0.2247312068939209,,,,,59.87826486321613,0.4174840147120539,0.8045112781954887,1.8553811077784252
diabetes,regression,309,10,mnar,0.1,0.10158371040723982,0,tabicl_indicator,0.2590517997741699,,,,,58.47402670581356,0.44448545154357044,0.7819548872180451,1.825154116231197
diabetes,regression,309,10,mnar,0.1,0.10158371040723982,0,tabicl_aware_zero,0.22155189514160156,,,,,60.29230200464628,0.40940037693051445,0.7969924812030075,1.8607100314365417
diabetes,regression,309,10,mnar,0.1,0.10158371040723982,0,tabicl_aware,0.27399635314941406,,,,,59.730039895100944,0.420364410282426,0.8045112781954887,1.849906897578004
diabetes,regression,309,10,mnar,0.1,0.10158371040723982,0,xgboost,0.07725262641906738,,,,,64.5318610661588,0.32342209027641733,,
diabetes,regression,309,10,mnar,0.1,0.10158371040723982,0,catboost,0.16780519485473633,,,,,63.376703474244785,0.34742756481634873,,
diabetes,regression,309,10,mnar,0.3,0.29751131221719457,0,tabicl_impute,0.22493290901184082,,,,,59.29616914533853,0.4287546121040443,0.7593984962406015,1.8558566440514315
diabetes,regression,309,10,mnar,0.3,0.29751131221719457,0,tabicl_indicator,0.26173949241638184,,,,,59.881110185196924,0.4174286528901806,0.7368421052631579,1.7714667517355775
diabetes,regression,309,10,mnar,0.3,0.29751131221719457,0,tabicl_aware_zero,0.22173810005187988,,,,,58.86992720760575,0.4369377241920984,0.7669172932330827,1.8226749093305799
diabetes,regression,309,10,mnar,0.3,0.29751131221719457,0,tabicl_aware,0.27442145347595215,,,,,58.64114925800162,0.4413055207503236,0.7669172932330827,1.8167562817952632
diabetes,regression,309,10,mnar,0.3,0.29751131221719457,0,xgboost,0.07068538665771484,,,,,67.8857970465492,0.25126647984347694,,
diabetes,regression,309,10,mnar,0.3,0.29751131221719457,0,catboost,0.1550912857055664,,,,,64.08386129655715,0.3327835006915143,,
diabetes,regression,309,10,mnar,0.5,0.49298642533936654,0,tabicl_impute,0.22435569763183594,,,,,59.501182320565235,0.42479768577928245,0.7969924812030075,1.994453781622719
diabetes,regression,309,10,mnar,0.5,0.49298642533936654,0,tabicl_indicator,0.2946178913116455,,,,,59.428351841799525,0.426204939210989,0.8045112781954887,1.9914356336126948
diabetes,regression,309,10,mnar,0.5,0.49298642533936654,0,tabicl_aware_zero,0.22887468338012695,,,,,59.463588348442094,0.42552430355905413,0.7593984962406015,1.958474454365704
diabetes,regression,309,10,mnar,0.5,0.49298642533936654,0,tabicl_aware,0.2736837863922119,,,,,58.856468462691645,0.43719514748621935,0.7744360902255639,1.9519007731831544
diabetes,regression,309,10,mnar,0.5,0.49298642533936654,0,xgboost,0.06676506996154785,,,,,68.47650473790914,0.2381795919277485,,
diabetes,regression,309,10,mnar,0.5,0.49298642533936654,0,catboost,0.11606025695800781,,,,,65.52235006868389,0.30249332964943654,,
diabetes,regression,309,10,block,0.1,0.1,0,tabicl_impute,0.22353792190551758,,,,,55.733733815794054,0.4953320650442592,0.7894736842105263,1.7682846458203818
diabetes,regression,309,10,block,0.1,0.1,0,tabicl_indicator,0.22984814643859863,,,,,55.708945678994425,0.4957808774610575,0.7819548872180451,1.7553230246171316
diabetes,regression,309,10,block,0.1,0.1,0,tabicl_aware_zero,0.21920204162597656,,,,,55.83860465168179,0.49343107125060615,0.7894736842105263,1.7640865065758677
diabetes,regression,309,10,block,0.1,0.1,0,tabicl_aware,0.27321600914001465,,,,,56.12532279841913,0.4882154897201445,0.7819548872180451,1.7669451700280738
diabetes,regression,309,10,block,0.1,0.1,0,xgboost,0.06809353828430176,,,,,59.29639075410529,0.42875034224228725,,
diabetes,regression,309,10,block,0.1,0.1,0,catboost,0.16331195831298828,,,,,58.951410131721936,0.43537795625933184,,
diabetes,regression,309,10,block,0.3,0.3,0,tabicl_impute,0.22408652305603027,,,,,57.94328058219266,0.4545240669138637,0.7894736842105263,1.8378191350555784
diabetes,regression,309,10,block,0.3,0.3,0,tabicl_indicator,0.2376096248626709,,,,,58.14774643320389,0.45066760655605975,0.7894736842105263,1.8447524344666713
diabetes,regression,309,10,block,0.3,0.3,0,tabicl_aware_zero,0.22286033630371094,,,,,58.11993130491192,0.45119303006362355,0.7969924812030075,1.8168749227468108
diabetes,regression,309,10,block,0.3,0.3,0,tabicl_aware,0.2742948532104492,,,,,58.45741033836635,0.4448011240860744,0.7894736842105263,1.8092968778367342
diabetes,regression,309,10,block,0.3,0.3,0,xgboost,0.06463503837585449,,,,,61.99673647389016,0.37553645357839593,,
diabetes,regression,309,10,block,0.3,0.3,0,catboost,0.17713618278503418,,,,,60.071755992622876,0.41371323795764603,,
diabetes,regression,309,10,block,0.5,0.47895927601809957,0,tabicl_impute,0.2246685028076172,,,,,63.90314304106403,0.3365413324584703,0.7819548872180451,1.9374508887647537
diabetes,regression,309,10,block,0.5,0.47895927601809957,0,tabicl_indicator,0.25515079498291016,,,,,64.2969982550552,0.328337920211483,0.7894736842105263,1.9501594741024901
diabetes,regression,309,10,block,0.5,0.47895927601809957,0,tabicl_aware_zero,0.22281479835510254,,,,,63.94965790738743,0.3355751226147812,0.7894736842105263,1.9111516906872017
diabetes,regression,309,10,block,0.5,0.47895927601809957,0,tabicl_aware,0.31817102432250977,,,,,64.30075718686611,0.3282593844842525,0.7443609022556391,1.8947428691147243
diabetes,regression,309,10,block,0.5,0.47895927601809957,0,xgboost,0.0652923583984375,,,,,69.95210827968927,0.20499282156706233,,
diabetes,regression,309,10,block,0.5,0.47895927601809957,0,catboost,0.17019128799438477,,,,,69.03454132813626,0.22571236984074117,,
diabetes,regression,309,10,none,0.0,0.0,1,tabicl_impute,0.22617197036743164,,,,,57.08002550994608,0.44259418045929977,0.7669172932330827,1.722600177233775
diabetes,regression,309,10,none,0.0,0.0,1,tabicl_indicator,0.23322343826293945,,,,,57.08002550994608,0.44259418045929977,0.7669172932330827,1.722600177233775
diabetes,regression,309,10,none,0.0,0.0,1,tabicl_aware_zero,0.2213447093963623,,,,,57.08002550994608,0.44259418045929977,0.7669172932330827,1.722600177233775
diabetes,regression,309,10,none,0.0,0.0,1,tabicl_aware,0.27698516845703125,,,,,57.11485882697253,0.4419136545524911,0.7593984962406015,1.731335687620751
diabetes,regression,309,10,none,0.0,0.0,1,xgboost,0.0674281120300293,,,,,62.17950445358273,0.3385489736593107,,
diabetes,regression,309,10,none,0.0,0.0,1,catboost,0.17638850212097168,,,,,58.831645086753454,0.40785895379889814,,
diabetes,regression,309,10,mcar,0.1,0.09592760180995476,1,tabicl_impute,0.2300126552581787,,,,,57.33970308616805,0.4375109647024077,0.7669172932330827,1.799203592007218
diabetes,regression,309,10,mcar,0.1,0.09592760180995476,1,tabicl_indicator,0.2600579261779785,,,,,57.65704997015073,0.43126753827906206,0.7669172932330827,1.7978308660952342
diabetes,regression,309,10,mcar,0.1,0.09592760180995476,1,tabicl_aware_zero,0.2211155891418457,,,,,57.42327884707571,0.43587005249852007,0.7443609022556391,1.7946722792555923
diabetes,regression,309,10,mcar,0.1,0.09592760180995476,1,tabicl_aware,0.2750523090362549,,,,,57.47869363347664,0.4347807303618758,0.7518796992481203,1.7960108766228031
diabetes,regression,309,10,mcar,0.1,0.09592760180995476,1,xgboost,0.08277058601379395,,,,,61.957438867172186,0.34326510064009175,,
diabetes,regression,309,10,mcar,0.1,0.09592760180995476,1,catboost,0.17146587371826172,,,,,60.51428389244096,0.3735030252036884,,
diabetes,regression,309,10,mcar,0.3,0.3063348416289593,1,tabicl_impute,0.229142427444458,,,,,60.40789024895467,0.375704049366685,0.849624060150376,2.024444403388485
diabetes,regression,309,10,mcar,0.3,0.3063348416289593,1,tabicl_indicator,0.2603001594543457,,,,,60.38745904401933,0.37612627770248486,0.8270676691729323,2.007318460122794
diabetes,regression,309,10,mcar,0.3,0.3063348416289593,1,tabicl_aware_zero,0.22200345993041992,,,,,60.54095441862438,0.3729506701237342,0.8421052631578947,1.9943997082244507
diabetes,regression,309,10,mcar,0.3,0.3063348416289593,1,tabicl_aware,0.27391719818115234,,,,,60.02096253409826,0.38367598106774836,0.8345864661654135,1.9859084863684817
diabetes,regression,309,10,mcar,0.3,0.3063348416289593,1,xgboost,0.07756924629211426,,,,,68.52248900186808,0.19671539972076535,,
diabetes,regression,309,10,mcar,0.3,0.3063348416289593,1,catboost,0.15667271614074707,,,,,65.77278421664236,0.25989108741520117,,
diabetes,regression,309,10,mcar,0.5,0.5038461538461538,1,tabicl_impute,0.22606730461120605,,,,,65.40565632432109,0.26813024911367955,0.8195488721804511,2.1488313733226376
diabetes,regression,309,10,mcar,0.5,0.5038461538461538,1,tabicl_indicator,0.2981390953063965,,,,,65.71570008829954,0.2611752093800823,0.8195488721804511,2.1299960090862946
diabetes,regression,309,10,mcar,0.5,0.5038461538461538,1,tabicl_aware_zero,0.22117352485656738,,,,,65.31715174369137,0.2701095886451699,0.7894736842105263,2.067163961084122
diabetes,regression,309,10,mcar,0.5,0.5038461538461538,1,tabicl_aware,0.27464795112609863,,,,,64.64754630317555,0.28499797249837244,0.7969924812030075,2.0800811163254
diabetes,regression,309,10,mcar,0.5,0.5038461538461538,1,xgboost,0.06514239311218262,,,,,67.51645944554012,0.220129484574896,,
diabetes,regression,309,10,mcar,0.5,0.5038461538461538,1,catboost,0.12486433982849121,,,,,69.93653498169591,0.16321978296700046,,
diabetes,regression,309,10,mar,0.1,0.09208144796380091,1,tabicl_impute,0.22717881202697754,,,,,59.80867379905535,0.3880280360362567,0.7518796992481203,1.8091699254094902
diabetes,regression,309,10,mar,0.1,0.09208144796380091,1,tabicl_indicator,0.2614760398864746,,,,,59.380594069653725,0.39675704615772645,0.7744360902255639,1.7973069629956473
diabetes,regression,309,10,mar,0.1,0.09208144796380091,1,tabicl_aware_zero,0.2212820053100586,,,,,59.75972690265939,0.38902929118260665,0.7593984962406015,1.795646439647624
diabetes,regression,309,10,mar,0.1,0.09208144796380091,1,tabicl_aware,0.27443552017211914,,,,,59.4778028604269,0.3947803560409987,0.7593984962406015,1.8100339164640087
diabetes,regression,309,10,mar,0.1,0.09208144796380091,1,xgboost,0.10262799263000488,,,,,61.94204200474834,0.34359146663165185,,
diabetes,regression,309,10,mar,0.1,0.09208144796380091,1,catboost,0.17376923561096191,,,,,62.98731895208418,0.3212506485322556,,
diabetes,regression,309,10,mar,0.3,0.3040723981900452,1,tabicl_impute,0.2271127700805664,,,,,62.643208714451724,0.3286466324636581,0.7518796992481203,1.8705458221680111
diabetes,regression,309,10,mar,0.3,0.3040723981900452,1,tabicl_indicator,0.2636871337890625,,,,,62.75602376736384,0.32622635525399224,0.7518796992481203,1.8547081815719704
diabetes,regression,309,10,mar,0.3,0.3040723981900452,1,tabicl_aware_zero,0.22317171096801758,,,,,62.36541990039101,0.33458761021636596,0.7744360902255639,1.8551394785617634
diabetes,regression,309,10,mar,0.3,0.3040723981900452,1,tabicl_aware,0.2771284580230713,,,,,62.19706858276895,0.3381752346838307,0.7744360902255639,1.8557106826269127
diabetes,regression,309,10,mar,0.3,0.3040723981900452,1,xgboost,0.07549023628234863,,,,,64.42128141844638,0.28999419424970185,,
diabetes,regression,309,10,mar,0.3,0.3040723981900452,1,catboost,0.15627169609069824,,,,,63.757580657292515,0.30454851390302795,,
diabetes,regression,309,10,mar,0.5,0.4984162895927602,1,tabicl_impute,0.22518396377563477,,,,,63.5232938445934,0.3096502052033847,0.7293233082706767,1.8710523616220116
diabetes,regression,309,10,mar,0.5,0.4984162895927602,1,tabicl_indicator,0.24875116348266602,,,,,62.83609875930009,0.3245058243202573,0.7218045112781954,1.8477922614931588
diabetes,regression,309,10,mar,0.5,0.4984162895927602,1,tabicl_aware_zero,0.2197892665863037,,,,,63.64438922714341,0.3070156486607928,0.706766917293233,1.8137355662880221
diabetes,regression,309,10,mar,0.5,0.4984162895927602,1,tabicl_aware,0.2733287811279297,,,,,63.07498254220213,0.31936001365282385,0.6992481203007519,1.7965457567397145
diabetes,regression,309,10,mar,0.5,0.4984162895927602,1,xgboost,0.07077836990356445,,,,,66.97380593194448,0.2326152925496311,,
diabetes,regression,309,10,mar,0.5,0.4984162895927602,1,catboost,0.1208343505859375,,,,,64.87598385740884,0.2799360049587466,,
diabetes,regression,309,10,mnar,0.1,0.09954751131221719,1,tabicl_impute,0.22647500038146973,,,,,58.58275270631644,0.41285856391236264,0.7669172932330827,1.8220250106073501
diabetes,regression,309,10,mnar,0.1,0.09954751131221719,1,tabicl_indicator,0.26030468940734863,,,,,57.93190496267497,0.42583224292393373,0.7593984962406015,1.7838096224932272
diabetes,regression,309,10,mnar,0.1,0.09954751131221719,1,tabicl_aware_zero,0.22013330459594727,,,,,58.44668630048408,0.4155828280783237,0.7744360902255639,1.8085290671798622
diabetes,regression,309,10,mnar,0.1,0.09954751131221719,1,tabicl_aware,0.27375125885009766,,,,,57.988040045515284,0.4247189852029447,0.7593984962406015,1.8198687252405177
diabetes,regression,309,10,mnar,0.1,0.09954751131221719,1,xgboost,0.07353568077087402,,,,,62.03822365381437,0.3415513830389645,,
diabetes,regression,309,10,mnar,0.1,0.09954751131221719,1,catboost,0.15661215782165527,,,,,60.39644049067598,0.3759406860138964,,
diabetes,regression,309,10,mnar,0.3,0.3042986425339366,1,tabicl_impute,0.2281324863433838,,,,,60.76873047330297,0.36822344024016485,0.7669172932330827,1.9449632138367785
diabetes,regression,309,10,mnar,0.3,0.3042986425339366,1,tabicl_indicator,0.26056361198425293,,,,,62.02065112454707,0.3419243456483049,0.7669172932330827,1.9052513588881026
diabetes,regression,309,10,mnar,0.3,0.3042986425339366,1,tabicl_aware_zero,0.22261810302734375,,,,,60.7784720340157,0.3680208695112698,0.7819548872180451,1.9290720852290466
diabetes,regression,309,10,mnar,0.3,0.3042986425339366,1,tabicl_aware,0.32193660736083984,,,,,59.43250028957639,0.395701962513338,0.7744360902255639,1.9172430517778438
diabetes,regression,309,10,mnar,0.3,0.3042986425339366,1,xgboost,0.07265686988830566,,,,,72.02910497334982,0.11239606654855916,,
diabetes,regression,309,10,mnar,0.3,0.3042986425339366,1,catboost,0.15574932098388672,,,,,65.81320927070855,0.2589810411854703,,
diabetes,regression,309,10,mnar,0.5,0.5038461538461538,1,tabicl_impute,0.22659015655517578,,,,,64.8023053256438,0.28157060466561945,0.7744360902255639,2.01184478332109
diabetes,regression,309,10,mnar,0.5,0.5038461538461538,1,tabicl_indicator,0.2500779628753662,,,,,64.14962083261109,0.29596967024437615,0.7744360902255639,1.9872901934764584
diabetes,regression,309,10,mnar,0.5,0.5038461538461538,1,tabicl_aware_zero,0.22161507606506348,,,,,64.1683941444518,0.29555754263640954,0.7744360902255639,1.9905220269589758
diabetes,regression,309,10,mnar,0.5,0.5038461538461538,1,tabicl_aware,0.27664971351623535,,,,,63.35164521579094,0.31337600373028407,0.8120300751879699,1.9956920025367646
diabetes,regression,309,10,mnar,0.5,0.5038461538461538,1,xgboost,0.06378030776977539,,,,,72.61484491160849,0.09790139790826935,,
diabetes,regression,309,10,mnar,0.5,0.5038461538461538,1,catboost,0.12109541893005371,,,,,66.83795033346344,0.23572539712625795,,
diabetes,regression,309,10,block,0.1,0.1,1,tabicl_impute,0.22456979751586914,,,,,57.813863243711296,0.42816970099035434,0.7744360902255639,1.7849210953928838
diabetes,regression,309,10,block,0.1,0.1,1,tabicl_indicator,0.2358384132385254,,,,,57.758106766974,0.4292721309841224,0.7894736842105263,1.7833593652007824
diabetes,regression,309,10,block,0.1,0.1,1,tabicl_aware_zero,0.2196052074432373,,,,,57.58505804191589,0.43268691664424985,0.7669172932330827,1.772817436926431
diabetes,regression,309,10,block,0.1,0.1,1,tabicl_aware,0.274580717086792,,,,,57.356045855330734,0.43719028154600537,0.7819548872180451,1.7847131308101145
diabetes,regression,309,10,block,0.1,0.1,1,xgboost,0.06914210319519043,,,,,62.90375964443174,0.32305031891242475,,
diabetes,regression,309,10,block,0.1,0.1,1,catboost,0.1710071563720703,,,,,60.76077056729192,0.36838893827304275,,
diabetes,regression,309,10,block,0.3,0.3,1,tabicl_impute,0.22456145286560059,,,,,59.95569795860963,0.38501558825324855,0.7969924812030075,1.8390673289592407
diabetes,regression,309,10,block,0.3,0.3,1,tabicl_indicator,0.2491457462310791,,,,,59.75858096471819,0.3890527226084072,0.7894736842105263,1.8145055541578148
diabetes,regression,309,10,block,0.3,0.3,1,tabicl_aware_zero,0.2207932472229004,,,,,59.86873677812697,0.3867982707362644,0.7744360902255639,1.8125368759961675
diabetes,regression,309,10,block,0.3,0.3,1,tabicl_aware,0.2730395793914795,,,,,59.29632177898037,0.39846806279299096,0.7894736842105263,1.8105989334830295
diabetes,regression,309,10,block,0.3,0.3,1,xgboost,0.06819033622741699,,,,,65.42242671139866,0.26775488975697326,,
diabetes,regression,309,10,block,0.3,0.3,1,catboost,0.1648550033569336,,,,,64.81702151564777,0.28124426615307374,,
diabetes,regression,309,10,block,0.5,0.4330316742081448,1,tabicl_impute,0.22532868385314941,,,,,66.25206915911662,0.24906547035518256,0.7593984962406015,1.973611033650715
diabetes,regression,309,10,block,0.5,0.4330316742081448,1,tabicl_indicator,0.245894193649292,,,,,65.76379009587578,0.26009348644355434,0.7593984962406015,1.9886140217658141
diabetes,regression,309,10,block,0.5,0.4330316742081448,1,tabicl_aware_zero,0.22088289260864258,,,,,65.54312626717626,0.2650505208487076,0.7593984962406015,1.9613006080942919
diabetes,regression,309,10,block,0.5,0.4330316742081448,1,tabicl_aware,0.2747948169708252,,,,,65.04345726906523,0.2762136036449607,0.7443609022556391,1.9477950847244114
diabetes,regression,309,10,block,0.5,0.4330316742081448,1,xgboost,0.08515048027038574,,,,,73.26488976617304,0.08167801303338929,,
diabetes,regression,309,10,block,0.5,0.4330316742081448,1,catboost,0.16234517097473145,,,,,67.83526012693969,0.21274727789236125,,
diabetes,regression,309,10,none,0.0,0.0,2,tabicl_impute,0.22277545928955078,,,,,57.14077306295514,0.45915901425195305,0.7518796992481203,1.786914434296781
diabetes,regression,309,10,none,0.0,0.0,2,tabicl_indicator,0.2198793888092041,,,,,57.14077306295514,0.45915901425195305,0.7518796992481203,1.786914434296781
diabetes,regression,309,10,none,0.0,0.0,2,tabicl_aware_zero,0.22021794319152832,,,,,57.14077306295514,0.45915901425195305,0.7518796992481203,1.786914434296781
diabetes,regression,309,10,none,0.0,0.0,2,tabicl_aware,0.2730367183685303,,,,,57.094408741543,0.46003634056958254,0.7819548872180451,1.7955536156334195
diabetes,regression,309,10,none,0.0,0.0,2,xgboost,0.06833600997924805,,,,,63.145480915977394,0.3395165760789919,,
diabetes,regression,309,10,none,0.0,0.0,2,catboost,0.18520808219909668,,,,,60.57583475342699,0.3921783188675436,,
diabetes,regression,309,10,mcar,0.1,0.09321266968325792,2,tabicl_impute,0.22594094276428223,,,,,59.69201156412014,0.4097855999927206,0.7969924812030075,1.8930569036202252
diabetes,regression,309,10,mcar,0.1,0.09321266968325792,2,tabicl_indicator,0.27231407165527344,,,,,59.42802245547074,0.41499452602823417,0.8045112781954887,1.8880017521850132
diabetes,regression,309,10,mcar,0.1,0.09321266968325792,2,tabicl_aware_zero,0.22708797454833984,,,,,59.73833223274193,0.40886923840843037,0.8045112781954887,1.8959137191257622
diabetes,regression,309,10,mcar,0.1,0.09321266968325792,2,tabicl_aware,0.28604698181152344,,,,,59.60455262290395,0.4115138617642443,0.8195488721804511,1.9021715335262528
diabetes,regression,309,10,mcar,0.1,0.09321266968325792,2,xgboost,0.07753348350524902,,,,,63.336953074844104,0.3355050167393345,,
diabetes,regression,309,10,mcar,0.1,0.09321266968325792,2,catboost,0.1970374584197998,,,,,63.98775913063274,0.3217790904948822,,
diabetes,regression,309,10,mcar,0.3,0.298868778280543,2,tabicl_impute,0.22547125816345215,,,,,64.82056858013759,0.30400992801772375,0.7819548872180451,2.024525993886549
diabetes,regression,309,10,mcar,0.3,0.298868778280543,2,tabicl_indicator,0.2679564952850342,,,,,64.57421608017343,0.30929013708150255,0.7894736842105263,2.006128235572827
diabetes,regression,309,10,mcar,0.3,0.298868778280543,2,tabicl_aware_zero,0.26473450660705566,,,,,64.77098824409438,0.30507422675153095,0.7744360902255639,2.009169064010837
diabetes,regression,309,10,mcar,0.3,0.298868778280543,2,tabicl_aware,0.27652692794799805,,,,,64.43196107541141,0.31233001003077854,0.7744360902255639,2.015146636730816
diabetes,regression,309,10,mcar,0.3,0.298868778280543,2,xgboost,0.08600783348083496,,,,,68.7930216811609,0.21609010913888071,,
diabetes,regression,309,10,mcar,0.3,0.298868778280543,2,catboost,0.15831923484802246,,,,,67.03116640145223,0.25572929464262484,,
diabetes,regression,309,10,mcar,0.5,0.4993212669683258,2,tabicl_impute,0.22489094734191895,,,,,68.21064997506996,0.2293064078421061,0.7744360902255639,2.0808441632537633
diabetes,regression,309,10,mcar,0.5,0.4993212669683258,2,tabicl_indicator,0.25273776054382324,,,,,67.38799104585125,0.24778430413235808,0.7744360902255639,2.0767163427333206
diabetes,regression,309,10,mcar,0.5,0.4993212669683258,2,tabicl_aware_zero,0.21976113319396973,,,,,67.83710365700658,0.23772449092244663,0.7518796992481203,2.0210301409399576
diabetes,regression,309,10,mcar,0.5,0.4993212669683258,2,tabicl_aware,0.2723996639251709,,,,,68.14607218988145,0.23076501073682265,0.7518796992481203,1.9896654606354747
diabetes,regression,309,10,mcar,0.5,0.4993212669683258,2,xgboost,0.06833696365356445,,,,,72.93384488061002,0.11887892227044772,,
diabetes,regression,309,10,mcar,0.5,0.4993212669683258,2,catboost,0.12276268005371094,,,,,68.54491439763403,0.22173437422633258,,
diabetes,regression,309,10,mar,0.1,0.09660633484162896,2,tabicl_impute,0.22623562812805176,,,,,58.41463052009618,0.4347759397998785,0.8345864661654135,1.9020872842754193
diabetes,regression,309,10,mar,0.1,0.09660633484162896,2,tabicl_indicator,0.2589421272277832,,,,,58.98140256410961,0.42375447761755647,0.8421052631578947,1.870965925233833
diabetes,regression,309,10,mar,0.1,0.09660633484162896,2,tabicl_aware_zero,0.22060012817382812,,,,,58.27758033518681,0.4374250429323797,0.8345864661654135,1.8941802269646721
diabetes,regression,309,10,mar,0.1,0.09660633484162896,2,tabicl_aware,0.27472782135009766,,,,,57.799698273635144,0.4466135577175335,0.8345864661654135,1.9011642738350518
diabetes,regression,309,10,mar,0.1,0.09660633484162896,2,xgboost,0.10991334915161133,,,,,61.13034599910588,0.3809993855757937,,
diabetes,regression,309,10,mar,0.1,0.09660633484162896,2,catboost,0.17093372344970703,,,,,61.42531063091481,0.37501140093370877,,
diabetes,regression,309,10,mar,0.3,0.3004524886877828,2,tabicl_impute,0.22797131538391113,,,,,63.553098791830664,0.33096192421815895,0.7218045112781954,1.7960604858348213
diabetes,regression,309,10,mar,0.3,0.3004524886877828,2,tabicl_indicator,0.25706005096435547,,,,,64.30705314295838,0.31499366256252126,0.7593984962406015,1.8191324082956037
diabetes,regression,309,10,mar,0.3,0.3004524886877828,2,tabicl_aware_zero,0.22194862365722656,,,,,63.58844040600495,0.3302176187349296,0.7142857142857143,1.7914900130734022
diabetes,regression,309,10,mar,0.3,0.3004524886877828,2,tabicl_aware,0.27674245834350586,,,,,62.74754606941176,0.34781491215648286,0.7368421052631579,1.8167769642058662
diabetes,regression,309,10,mar,0.3,0.3004524886877828,2,xgboost,0.09109187126159668,,,,,68.4353016107442,0.22422149250202272,,
diabetes,regression,309,10,mar,0.3,0.3004524886877828,2,catboost,0.14850425720214844,,,,,67.29042923465448,0.24996078693604118,,
diabetes,regression,309,10,mar,0.5,0.5036199095022624,2,tabicl_impute,0.22715163230895996,,,,,61.27636358762013,0.37803873081353045,0.8571428571428571,2.1243311128034708
diabetes,regression,309,10,mar,0.5,0.5036199095022624,2,tabicl_indicator,0.2552781105041504,,,,,62.506506567219446,0.35281591821323777,0.8345864661654135,2.0775737605168616
diabetes,regression,309,10,mar,0.5,0.5036199095022624,2,tabicl_aware_zero,0.22554564476013184,,,,,63.197329765128714,0.3384314829146766,0.7744360902255639,2.0693941205484063
diabetes,regression,309,10,mar,0.5,0.5036199095022624,2,tabicl_aware,0.27658820152282715,,,,,61.263788597956285,0.3782939794462459,0.8120300751879699,2.043126618111952
diabetes,regression,309,10,mar,0.5,0.5036199095022624,2,xgboost,0.07056879997253418,,,,,68.71532803290361,0.21785977778880794,,
diabetes,regression,309,10,mar,0.5,0.5036199095022624,2,catboost,0.10769224166870117,,,,,63.649196707461556,0.32893710483833916,,
diabetes,regression,309,10,mnar,0.1,0.10022624434389141,2,tabicl_impute,0.2270207405090332,,,,,59.773042761277345,0.40818209427656527,0.7969924812030075,1.9258630512932817
diabetes,regression,309,10,mnar,0.1,0.10022624434389141,2,tabicl_indicator,0.3008999824523926,,,,,58.68861810058099,0.4294612589160919,0.7819548872180451,1.8538252285858112
diabetes,regression,309,10,mnar,0.1,0.10022624434389141,2,tabicl_aware_zero,0.2258436679840088,,,,,59.46375874429611,0.414290743217542,0.8045112781954887,1.917680072776425
diabetes,regression,309,10,mnar,0.1,0.10022624434389141,2,tabicl_aware,0.2756061553955078,,,,,59.53708795869389,0.4128452886160534,0.7894736842105263,1.896765048968101
diabetes,regression,309,10,mnar,0.1,0.10022624434389141,2,xgboost,0.07484102249145508,,,,,61.99765563363699,0.3633101781727036,,
diabetes,regression,309,10,mnar,0.1,0.10022624434389141,2,catboost,0.16869854927062988,,,,,62.44731845107764,0.35404098973603226,,
diabetes,regression,309,10,mnar,0.3,0.3042986425339366,2,tabicl_impute,0.22582101821899414,,,,,61.128391019699215,0.38103897684863186,0.8120300751879699,1.9693926164314064
diabetes,regression,309,10,mnar,0.3,0.3042986425339366,2,tabicl_indicator,0.2627427577972412,,,,,61.8393993648367,0.36655648010185693,0.8045112781954887,1.939773604170418
diabetes,regression,309,10,mnar,0.3,0.3042986425339366,2,tabicl_aware_zero,0.22462773323059082,,,,,61.47019760308397,0.374097637671126,0.7969924812030075,1.9433503678194417
diabetes,regression,309,10,mnar,0.3,0.3042986425339366,2,tabicl_aware,0.27601075172424316,,,,,61.07868738596215,0.38204512486238673,0.7894736842105263,1.9515402198183012
diabetes,regression,309,10,mnar,0.3,0.3042986425339366,2,xgboost,0.07391214370727539,,,,,67.31861559327736,0.2493323082003407,,
diabetes,regression,309,10,mnar,0.3,0.3042986425339366,2,catboost,0.15764117240905762,,,,,63.917640103665036,0.32326469131578306,,
diabetes,regression,309,10,mnar,0.5,0.5009049773755656,2,tabicl_impute,0.22855710983276367,,,,,63.77179425576481,0.32634948700314426,0.8045112781954887,2.0133127917324862
diabetes,regression,309,10,mnar,0.5,0.5009049773755656,2,tabicl_indicator,0.2524752616882324,,,,,62.97409907639312,0.3430969195224365,0.8195488721804511,1.9990819345940225
diabetes,regression,309,10,mnar,0.5,0.5009049773755656,2,tabicl_aware_zero,0.22213244438171387,,,,,66.57709561647744,0.26577855844898834,0.7669172932330827,1.9151620217410228
diabetes,regression,309,10,mnar,0.5,0.5009049773755656,2,tabicl_aware,0.2745978832244873,,,,,65.56321489861338,0.28797071763416426,0.7593984962406015,1.9396787501187804
diabetes,regression,309,10,mnar,0.5,0.5009049773755656,2,xgboost,0.06640863418579102,,,,,71.88717602540135,0.14398727831221503,,
diabetes,regression,309,10,mnar,0.5,0.5009049773755656,2,catboost,0.12179422378540039,,,,,70.52276253397098,0.17617303148601204,,
diabetes,regression,309,10,block,0.1,0.1,2,tabicl_impute,0.22604799270629883,,,,,58.85702085100194,0.4261823219070119,0.7518796992481203,1.8213260309804766
diabetes,regression,309,10,block,0.1,0.1,2,tabicl_indicator,0.23378801345825195,,,,,58.94704117820677,0.4244257002807521,0.7518796992481203,1.8158690754259048
diabetes,regression,309,10,block,0.1,0.1,2,tabicl_aware_zero,0.21981263160705566,,,,,58.90226570408466,0.42529976702750905,0.7518796992481203,1.8196314230890023
diabetes,regression,309,10,block,0.1,0.1,2,tabicl_aware,0.31813764572143555,,,,,58.79453853857462,0.4273999990506493,0.7518796992481203,1.8290767656719615
diabetes,regression,309,10,block,0.1,0.1,2,xgboost,0.06326556205749512,,,,,63.16438238088586,0.33912110921343397,,
diabetes,regression,309,10,block,0.1,0.1,2,catboost,0.17595505714416504,,,,,61.29231709988953,0.37771482913816234,,
diabetes,regression,309,10,block,0.3,0.3,2,tabicl_impute,0.22758269309997559,,,,,59.1530224798435,0.4203961618491827,0.7819548872180451,1.8359539789934984
diabetes,regression,309,10,block,0.3,0.3,2,tabicl_indicator,0.23598504066467285,,,,,59.38896437906789,0.41576324350967486,0.7819548872180451,1.8323915514640807
diabetes,regression,309,10,block,0.3,0.3,2,tabicl_aware_zero,0.21947598457336426,,,,,59.05632443844518,0.4222895814464851,0.7669172932330827,1.8151548224532206
diabetes,regression,309,10,block,0.3,0.3,2,tabicl_aware,0.27240586280822754,,,,,59.57843000466631,0.41202957505685,0.7744360902255639,1.819683465167023
diabetes,regression,309,10,block,0.3,0.3,2,xgboost,0.06369256973266602,,,,,67.20420857463999,0.2518816379669583,,
diabetes,regression,309,10,block,0.3,0.3,2,catboost,0.18088126182556152,,,,,62.91885548840903,0.34424894126534455,,
diabetes,regression,309,10,block,0.5,0.5,2,tabicl_impute,0.22391128540039062,,,,,60.70532290453296,0.3895769572030825,0.7819548872180451,1.9080764437222029
diabetes,regression,309,10,block,0.5,0.5,2,tabicl_indicator,0.25914883613586426,,,,,60.62997139905515,0.391091412483616,0.7894736842105263,1.9120222151621733
diabetes,regression,309,10,block,0.5,0.5,2,tabicl_aware_zero,0.22161340713500977,,,,,60.83351613826127,0.3869961381349525,0.7669172932330827,1.8654370926960326
diabetes,regression,309,10,block,0.5,0.5,2,tabicl_aware,0.275038480758667,,,,,60.22015178682682,0.3992952529758468,0.7819548872180451,1.8875477096024325
diabetes,regression,309,10,block,0.5,0.5,2,xgboost,0.06359362602233887,,,,,65.93943217562595,0.27977568659062935,,
diabetes,regression,309,10,block,0.5,0.5,2,catboost,0.16775846481323242,,,,,61.43473881345313,0.37481952697306253,,
