dataset,task,n_train,n_features,mechanism,rate,actual_rate,seed,split,held_out_source,model,seconds,error,acc,logloss,auc,rmse,r2,coverage80,width80
breast_cancer,classification,398,30,none,0.0,0.0,0,random,,tabpfn25,1.9494259357452393,,0.9883040935672515,0.06641118228435516,0.9948890186915887,,,,
breast_cancer,classification,398,30,none,0.0,0.0,0,random,,tabpfn3,0.9982597827911377,,0.9883040935672515,0.07306552678346634,0.9945969626168224,,,,
breast_cancer,classification,398,30,block,0.3,0.25061511423550087,0,random,,tabpfn25,0.437070369720459,,0.9824561403508771,0.09091243147850037,0.9915303738317757,,,,
breast_cancer,classification,398,30,block,0.3,0.25061511423550087,0,random,,tabpfn3,0.7624335289001465,,0.9649122807017544,0.10235191881656647,0.9916764018691588,,,,
breast_cancer,classification,398,30,block,0.5,0.4859988283538371,0,random,,tabpfn25,0.42429208755493164,,0.9707602339181286,0.09562624245882034,0.9905081775700935,,,,
breast_cancer,classification,398,30,block,0.5,0.4859988283538371,0,random,,tabpfn3,0.7509849071502686,,0.9766081871345029,0.10133247077465057,0.9915303738317757,,,,
breast_cancer,classification,398,30,block_shift,0.3,0.283128295254833,0,random,,tabpfn25,0.42095494270324707,,0.9649122807017544,0.10067075490951538,0.9913843457943925,,,,
breast_cancer,classification,398,30,block_shift,0.3,0.283128295254833,0,random,,tabpfn3,0.7479023933410645,,0.9649122807017544,0.1093846932053566,0.9884637850467289,,,,
breast_cancer,classification,398,30,block_shift,0.5,0.49279437609841825,0,random,,tabpfn25,0.44084882736206055,,0.9590643274853801,0.12021581083536148,0.990070093457944,,,,
breast_cancer,classification,398,30,block_shift,0.5,0.49279437609841825,0,random,,tabpfn3,0.8060901165008545,,0.9532163742690059,0.11900492757558823,0.9894859813084113,,,,
breast_cancer,classification,398,30,none,0.0,0.0,1,random,,tabpfn25,0.4255695343017578,,0.9649122807017544,0.09726382791996002,0.9921144859813085,,,,
breast_cancer,classification,398,30,none,0.0,0.0,1,random,,tabpfn3,0.7653965950012207,,0.9590643274853801,0.08501829206943512,0.9941588785046729,,,,
breast_cancer,classification,398,30,block,0.3,0.2886350322202695,1,random,,tabpfn25,0.4283308982849121,,0.9766081871345029,0.07778188586235046,0.9957651869158879,,,,
breast_cancer,classification,398,30,block,0.3,0.2886350322202695,1,random,,tabpfn3,0.7555887699127197,,0.9649122807017544,0.08095808327198029,0.9941588785046729,,,,
breast_cancer,classification,398,30,block,0.5,0.4677211482132396,1,random,,tabpfn25,0.4334228038787842,,0.9532163742690059,0.09726109355688095,0.9931366822429907,,,,
breast_cancer,classification,398,30,block,0.5,0.4677211482132396,1,random,,tabpfn3,0.7632980346679688,,0.9415204678362573,0.08826950937509537,0.9944509345794392,,,,
breast_cancer,classification,398,30,block_shift,0.3,0.2895137668424136,1,random,,tabpfn25,0.42020487785339355,,0.9649122807017544,0.1041925773024559,0.9915303738317757,,,,
breast_cancer,classification,398,30,block_shift,0.3,0.2895137668424136,1,random,,tabpfn3,0.7601158618927002,,0.9590643274853801,0.10379353910684586,0.9912383177570093,,,,
breast_cancer,classification,398,30,block_shift,0.5,0.4545401288810779,1,random,,tabpfn25,0.4301762580871582,,0.9473684210526315,0.10599986463785172,0.9921144859813085,,,,
breast_cancer,classification,398,30,block_shift,0.5,0.4545401288810779,1,random,,tabpfn3,0.8101272583007812,,0.9239766081871345,0.11537894606590271,0.9915303738317757,,,,
breast_cancer,classification,398,30,none,0.0,0.0,2,random,,tabpfn25,0.4362618923187256,,0.9883040935672515,0.03684162721037865,0.9998539719626168,,,,
breast_cancer,classification,398,30,none,0.0,0.0,2,random,,tabpfn3,0.7622065544128418,,0.9883040935672515,0.039185781031847,0.9992698598130841,,,,
breast_cancer,classification,398,30,block,0.3,0.26719390743995314,2,random,,tabpfn25,0.4401695728302002,,0.9883040935672515,0.042809657752513885,0.999123831775701,,,,
breast_cancer,classification,398,30,block,0.3,0.26719390743995314,2,random,,tabpfn3,0.7663366794586182,,0.9941520467836257,0.031233368441462517,0.9997079439252337,,,,
breast_cancer,classification,398,30,block,0.5,0.4555360281195079,2,random,,tabpfn25,0.4180874824523926,,0.9941520467836257,0.03915344923734665,1.0,,,,
breast_cancer,classification,398,30,block,0.5,0.4555360281195079,2,random,,tabpfn3,0.7520928382873535,,0.9883040935672515,0.03421866521239281,0.9998539719626168,,,,
breast_cancer,classification,398,30,block_shift,0.3,0.21745752782659636,2,random,,tabpfn25,0.42650461196899414,,0.9941520467836257,0.06489884108304977,0.9985397196261683,,,,
breast_cancer,classification,398,30,block_shift,0.3,0.21745752782659636,2,random,,tabpfn3,0.7992768287658691,,0.9824561403508771,0.060556650161743164,0.998393691588785,,,,
breast_cancer,classification,398,30,block_shift,0.5,0.47685998828353837,2,random,,tabpfn25,0.43068480491638184,,0.9883040935672515,0.05687173828482628,0.9995619158878505,,,,
breast_cancer,classification,398,30,block_shift,0.5,0.47685998828353837,2,random,,tabpfn3,0.7447137832641602,,0.9883040935672515,0.048827823251485825,1.0,,,,
breast_cancer,classification,398,30,none,0.0,0.0,3,random,,tabpfn25,0.4578275680541992,,0.9590643274853801,0.08705183863639832,0.994304906542056,,,,
breast_cancer,classification,398,30,none,0.0,0.0,3,random,,tabpfn3,0.7717962265014648,,0.9707602339181286,0.08904989808797836,0.9951810747663552,,,,
breast_cancer,classification,398,30,block,0.3,0.3,3,random,,tabpfn25,0.42923450469970703,,0.9824561403508771,0.05388414487242699,0.9988317757009346,,,,
breast_cancer,classification,398,30,block,0.3,0.3,3,random,,tabpfn3,0.7535755634307861,,0.9883040935672515,0.049145977944135666,0.9994158878504673,,,,
breast_cancer,classification,398,30,block,0.5,0.4678968951376684,3,random,,tabpfn25,0.42511844635009766,,0.9883040935672515,0.06452619284391403,0.9978095794392523,,,,
breast_cancer,classification,398,30,block,0.5,0.4678968951376684,3,random,,tabpfn3,0.7547376155853271,,0.9707602339181286,0.07020680606365204,0.9963492990654206,,,,
breast_cancer,classification,398,30,block_shift,0.3,0.3,3,random,,tabpfn25,0.44542694091796875,,0.9766081871345029,0.08682216703891754,0.9940128504672897,,,,
breast_cancer,classification,398,30,block_shift,0.3,0.3,3,random,,tabpfn3,0.7641654014587402,,0.9824561403508771,0.09063255786895752,0.9928446261682243,,,,
breast_cancer,classification,398,30,block_shift,0.5,0.4450497949619215,3,random,,tabpfn25,0.4356393814086914,,0.9707602339181286,0.07712075114250183,0.9962032710280374,,,,
breast_cancer,classification,398,30,block_shift,0.5,0.4450497949619215,3,random,,tabpfn3,0.7557787895202637,,0.9883040935672515,0.07148076593875885,0.9969334112149533,,,,
breast_cancer,classification,398,30,none,0.0,0.0,4,random,,tabpfn25,0.42526841163635254,,0.9883040935672515,0.03138158097863197,1.0,,,,
breast_cancer,classification,398,30,none,0.0,0.0,4,random,,tabpfn3,0.8235170841217041,,0.9883040935672515,0.03146869316697121,0.9995619158878505,,,,
breast_cancer,classification,398,30,block,0.3,0.28904510837727004,4,random,,tabpfn25,0.41907668113708496,,0.9883040935672515,0.04739542677998543,0.9992698598130841,,,,
breast_cancer,classification,398,30,block,0.3,0.28904510837727004,4,random,,tabpfn3,0.7692990303039551,,0.9766081871345029,0.05119255557656288,0.9983936915887851,,,,
breast_cancer,classification,398,30,block,0.5,0.5,4,random,,tabpfn25,0.4226710796356201,,0.9824561403508771,0.06295201927423477,0.998393691588785,,,,
breast_cancer,classification,398,30,block,0.5,0.5,4,random,,tabpfn3,0.7543463706970215,,0.9707602339181286,0.05988376587629318,0.9986857476635514,,,,
breast_cancer,classification,398,30,block_shift,0.3,0.3,4,random,,tabpfn25,0.42066359519958496,,0.9590643274853801,0.08104685693979263,0.9962032710280374,,,,
breast_cancer,classification,398,30,block_shift,0.3,0.3,4,random,,tabpfn3,0.7557001113891602,,0.9590643274853801,0.08372241258621216,0.9969334112149533,,,,
breast_cancer,classification,398,30,block_shift,0.5,0.48734622144112477,4,random,,tabpfn25,0.41947412490844727,,0.9824561403508771,0.07181037962436676,0.9966413551401869,,,,
breast_cancer,classification,398,30,block_shift,0.5,0.48734622144112477,4,random,,tabpfn3,0.7639579772949219,,0.9824561403508771,0.06369929760694504,0.9982476635514019,,,,
wine,classification,124,13,none,0.0,0.0,0,random,,tabpfn25,0.41100072860717773,,0.9814814814814815,0.02803611010313034,1.0,,,,
wine,classification,124,13,none,0.0,0.0,0,random,,tabpfn3,0.7666058540344238,,1.0,0.011392313987016678,1.0,,,,
wine,classification,124,13,block,0.3,0.2662057044079516,0,random,,tabpfn25,0.4288058280944824,,1.0,0.032655518501996994,1.0,,,,
wine,classification,124,13,block,0.3,0.2662057044079516,0,random,,tabpfn3,0.7829079627990723,,1.0,0.02086685597896576,1.0,,,,
wine,classification,124,13,block,0.5,0.44857389801210024,0,random,,tabpfn25,0.4486212730407715,,0.9259259259259259,0.11919966340065002,0.996085190529635,,,,
wine,classification,124,13,block,0.5,0.44857389801210024,0,random,,tabpfn3,0.7530157566070557,,0.9629629629629629,0.11082914471626282,0.997561594783817,,,,
wine,classification,124,13,block_shift,0.3,0.2662057044079516,0,random,,tabpfn25,0.4158353805541992,,1.0,0.0412190817296505,1.0,,,,
wine,classification,124,13,block_shift,0.3,0.2662057044079516,0,random,,tabpfn3,0.7293877601623535,,1.0,0.02514977753162384,1.0,,,,
wine,classification,124,13,block_shift,0.5,0.46153846153846156,0,random,,tabpfn25,0.411541223526001,,0.9814814814814815,0.12436620146036148,0.9990379990379991,,,,
wine,classification,124,13,block_shift,0.5,0.46153846153846156,0,random,,tabpfn3,0.7721571922302246,,0.9629629629629629,0.12311006337404251,1.0,,,,
wine,classification,124,13,none,0.0,0.0,1,random,,tabpfn25,0.4165492057800293,,1.0,0.03392040729522705,1.0,,,,
wine,classification,124,13,none,0.0,0.0,1,random,,tabpfn3,0.7398738861083984,,0.9814814814814815,0.03291710838675499,1.0,,,,
wine,classification,124,13,block,0.3,0.287381158167675,1,random,,tabpfn25,0.41472887992858887,,0.9629629629629629,0.08829140663146973,0.997987197987198,,,,
wine,classification,124,13,block,0.3,0.287381158167675,1,random,,tabpfn3,0.7370712757110596,,0.9629629629629629,0.1113770604133606,0.9969917942140164,,,,
wine,classification,124,13,block,0.5,0.4373379429559205,1,random,,tabpfn25,0.4551103115081787,,0.9814814814814815,0.0710277259349823,1.0,,,,
wine,classification,124,13,block,0.5,0.4373379429559205,1,random,,tabpfn3,0.7499561309814453,,0.9629629629629629,0.08034508675336838,0.9995189995189996,,,,
wine,classification,124,13,block_shift,0.3,0.27787381158167673,1,random,,tabpfn25,0.41835737228393555,,0.8888888888888888,0.2539438009262085,0.9849589710700822,,,,
wine,classification,124,13,block_shift,0.3,0.27787381158167673,1,random,,tabpfn3,0.7605199813842773,,0.8888888888888888,0.26453718543052673,0.9850697656253212,,,,
wine,classification,124,13,block_shift,0.5,0.4131374243733794,1,random,,tabpfn25,0.41231274604797363,,0.9629629629629629,0.11220226436853409,0.9980091924536368,,,,
wine,classification,124,13,block_shift,0.5,0.4131374243733794,1,random,,tabpfn3,0.7448217868804932,,0.9259259259259259,0.11447156220674515,0.9965327881994549,,,,
wine,classification,124,13,none,0.0,0.0,2,random,,tabpfn25,0.4187135696411133,,0.9814814814814815,0.07146893441677094,0.998523595745818,,,,
wine,classification,124,13,none,0.0,0.0,2,random,,tabpfn3,0.734976053237915,,0.9814814814814815,0.06677962839603424,0.9995189995189996,,,,
wine,classification,124,13,block,0.3,0.23076923076923078,2,random,,tabpfn25,0.43387675285339355,,0.9444444444444444,0.10582800209522247,0.998523595745818,,,,
wine,classification,124,13,block,0.3,0.23076923076923078,2,random,,tabpfn3,0.7825796604156494,,0.9629629629629629,0.14546158909797668,0.9965661910106354,,,,
wine,classification,124,13,block,0.5,0.43215211754537597,2,random,,tabpfn25,0.4174971580505371,,0.8888888888888888,0.254683256149292,0.9840189645745201,,,,
wine,classification,124,13,block,0.5,0.43215211754537597,2,random,,tabpfn3,0.7434611320495605,,0.9074074074074074,0.2662109136581421,0.9845887651443207,,,,
wine,classification,124,13,block_shift,0.3,0.27095937770095074,2,random,,tabpfn25,0.41279172897338867,,0.9259259259259259,0.12978136539459229,0.9945753834642724,,,,
wine,classification,124,13,block_shift,0.3,0.27095937770095074,2,random,,tabpfn3,0.7339615821838379,,0.9444444444444444,0.1316109597682953,0.994608786275453,,,,
wine,classification,124,13,block_shift,0.5,0.43215211754537597,2,random,,tabpfn25,0.4173710346221924,,0.9074074074074074,0.4588356018066406,0.9474904724904726,,,,
wine,classification,124,13,block_shift,0.5,0.43215211754537597,2,random,,tabpfn3,0.7426578998565674,,0.8703703703703703,0.5090224146842957,0.9370668426223981,,,,
wine,classification,124,13,none,0.0,0.0,3,random,,tabpfn25,0.41611337661743164,,0.9814814814814815,0.017382755875587463,1.0,,,,
wine,classification,124,13,none,0.0,0.0,3,random,,tabpfn3,0.7505438327789307,,1.0,0.011677485890686512,1.0,,,,
wine,classification,124,13,block,0.3,0.3076923076923077,3,random,,tabpfn25,0.4157593250274658,,1.0,0.01771555095911026,1.0,,,,
wine,classification,124,13,block,0.3,0.3076923076923077,3,random,,tabpfn3,0.7568387985229492,,1.0,0.023703673854470253,1.0,,,,
wine,classification,124,13,block,0.5,0.46153846153846156,3,random,,tabpfn25,0.4150390625,,0.9444444444444444,0.12004654854536057,0.9970137886804554,,,,
wine,classification,124,13,block,0.5,0.46153846153846156,3,random,,tabpfn3,0.7910919189453125,,0.9444444444444444,0.11959905177354813,0.9960517877184545,,,,
wine,classification,124,13,block_shift,0.3,0.3076923076923077,3,random,,tabpfn25,0.4121842384338379,,0.9444444444444444,0.07691558450460434,0.998523595745818,,,,
wine,classification,124,13,block_shift,0.3,0.3076923076923077,3,random,,tabpfn3,0.7389833927154541,,0.9629629629629629,0.08251746743917465,1.0,,,,
wine,classification,124,13,block_shift,0.5,0.43604148660328435,3,random,,tabpfn25,0.41398191452026367,,0.9814814814814815,0.03246285021305084,1.0,,,,
wine,classification,124,13,block_shift,0.5,0.43604148660328435,3,random,,tabpfn3,0.7343149185180664,,0.9814814814814815,0.03774157539010048,1.0,,,,
wine,classification,124,13,none,0.0,0.0,4,random,,tabpfn25,0.42101168632507324,,0.9814814814814815,0.061425868421792984,1.0,,,,
wine,classification,124,13,none,0.0,0.0,4,random,,tabpfn3,0.7452306747436523,,0.9814814814814815,0.03999403491616249,1.0,,,,
wine,classification,124,13,block,0.3,0.3076923076923077,4,random,,tabpfn25,0.4197518825531006,,0.9444444444444444,0.18599462509155273,0.9887075887075887,,,,
wine,classification,124,13,block,0.3,0.3076923076923077,4,random,,tabpfn3,0.7467503547668457,,0.9629629629629629,0.14734695851802826,0.9927331927331927,,,,
wine,classification,124,13,block,0.5,0.46153846153846156,4,random,,tabpfn25,0.42096972465515137,,0.9259259259259259,0.15758484601974487,0.9965327881994549,,,,
wine,classification,124,13,block,0.5,0.46153846153846156,4,random,,tabpfn3,0.7934713363647461,,0.9259259259259259,0.20686937868595123,0.9945753834642724,,,,
wine,classification,124,13,block_shift,0.3,0.28003457216940364,4,random,,tabpfn25,0.41140055656433105,,0.9629629629629629,0.1262834072113037,0.9963665963665963,,,,
wine,classification,124,13,block_shift,0.3,0.28003457216940364,4,random,,tabpfn3,0.7328760623931885,,0.9629629629629629,0.09235619008541107,0.9963665963665963,,,,
wine,classification,124,13,block_shift,0.5,0.46153846153846156,4,random,,tabpfn25,0.4033827781677246,,0.8888888888888888,0.16784676909446716,0.9980425952648174,,,,
wine,classification,124,13,block_shift,0.5,0.46153846153846156,4,random,,tabpfn3,0.7418990135192871,,0.8888888888888888,0.1855204552412033,0.998523595745818,,,,
diabetes,regression,309,10,none,0.0,0.0,0,random,,tabpfn25,0.4191315174102783,,,,,55.485103558148396,0.4998247065452006,,
diabetes,regression,309,10,none,0.0,0.0,0,random,,tabpfn3,0.8100605010986328,,,,,55.351799578216855,0.502225180136322,,
diabetes,regression,309,10,block,0.3,0.3,0,random,,tabpfn25,0.40044689178466797,,,,,58.92650623139772,0.43585490230643087,,
diabetes,regression,309,10,block,0.3,0.3,0,random,,tabpfn3,0.8150243759155273,,,,,58.876550140387195,0.43681102679168926,,
diabetes,regression,309,10,block,0.5,0.5,0,random,,tabpfn25,0.40588831901550293,,,,,65.09223153083882,0.31162077535173016,,
diabetes,regression,309,10,block,0.5,0.5,0,random,,tabpfn3,0.8573212623596191,,,,,64.4940183477927,0.32421537407956313,,
diabetes,regression,309,10,block_shift,0.3,0.3,0,random,,tabpfn25,0.4235260486602783,,,,,58.81910560343657,0.43790947250832124,,
diabetes,regression,309,10,block_shift,0.3,0.3,0,random,,tabpfn3,0.8054683208465576,,,,,58.19129740273838,0.4498444304581559,,
diabetes,regression,309,10,block_shift,0.5,0.5,0,random,,tabpfn25,0.40732884407043457,,,,,64.75245130367844,0.31878867152510715,,
diabetes,regression,309,10,block_shift,0.5,0.5,0,random,,tabpfn3,0.8052284717559814,,,,,64.59306156959882,0.3221381805091318,,
diabetes,regression,309,10,none,0.0,0.0,1,random,,tabpfn25,0.4118032455444336,,,,,57.62898308166118,0.4318211103187328,,
diabetes,regression,309,10,none,0.0,0.0,1,random,,tabpfn3,0.7963860034942627,,,,,58.14588697147989,0.42158282368294686,,
diabetes,regression,309,10,block,0.3,0.266289592760181,1,random,,tabpfn25,0.4078714847564697,,,,,59.973822720798,0.38464370930289815,,
diabetes,regression,309,10,block,0.3,0.266289592760181,1,random,,tabpfn3,0.7951936721801758,,,,,59.44433303762232,0.3954613124244307,,
diabetes,regression,309,10,block,0.5,0.40226244343891404,1,random,,tabpfn25,0.4095888137817383,,,,,60.984659637652385,0.3637256877968055,,
diabetes,regression,309,10,block,0.5,0.40226244343891404,1,random,,tabpfn3,0.821514368057251,,,,,61.2859236480958,0.3574237745736405,,
diabetes,regression,309,10,block_shift,0.3,0.26380090497737557,1,random,,tabpfn25,0.45795106887817383,,,,,58.702658004570104,0.41045261972616554,,
diabetes,regression,309,10,block_shift,0.3,0.26380090497737557,1,random,,tabpfn3,0.791611909866333,,,,,58.52299526292913,0.41405578236666896,,
diabetes,regression,309,10,block_shift,0.5,0.5,1,random,,tabpfn25,0.3962700366973877,,,,,62.84398061807159,0.3243363521946254,,
diabetes,regression,309,10,block_shift,0.5,0.5,1,random,,tabpfn3,0.7875301837921143,,,,,62.48576502787371,0.3320170702457069,,
diabetes,regression,309,10,none,0.0,0.0,2,random,,tabpfn25,0.47930407524108887,,,,,57.99019777532557,0.44295978204128905,,
diabetes,regression,309,10,none,0.0,0.0,2,random,,tabpfn3,0.8139317035675049,,,,,57.579771467133575,0.45081679665840146,,
diabetes,regression,309,10,block,0.3,0.252262443438914,2,random,,tabpfn25,0.4033355712890625,,,,,58.38598283286004,0.43533019791719985,,
diabetes,regression,309,10,block,0.3,0.252262443438914,2,random,,tabpfn3,0.813373327255249,,,,,58.32068770694136,0.4365924724365272,,
diabetes,regression,309,10,block,0.5,0.46289592760181,2,random,,tabpfn25,0.4067037105560303,,,,,66.97549927766441,0.25696496479475595,,
diabetes,regression,309,10,block,0.5,0.46289592760181,2,random,,tabpfn3,0.8150358200073242,,,,,64.63180991924222,0.30805749732815646,,
diabetes,regression,309,10,block_shift,0.3,0.2,2,random,,tabpfn25,0.4134652614593506,,,,,58.762132635247255,0.428031027274289,,
diabetes,regression,309,10,block_shift,0.3,0.2,2,random,,tabpfn3,0.8443233966827393,,,,,58.62094213652755,0.4307763178925976,,
diabetes,regression,309,10,block_shift,0.5,0.43710407239819005,2,random,,tabpfn25,0.45227980613708496,,,,,62.22454575345647,0.35864151891580165,,
diabetes,regression,309,10,block_shift,0.5,0.43710407239819005,2,random,,tabpfn3,0.8082587718963623,,,,,63.16518581368049,0.3391042967273137,,
diabetes,regression,309,10,none,0.0,0.0,3,random,,tabpfn25,0.41452527046203613,,,,,50.890509829485794,0.5296573406761969,,
diabetes,regression,309,10,none,0.0,0.0,3,random,,tabpfn3,0.8037481307983398,,,,,50.867492464069386,0.5300827088098523,,
diabetes,regression,309,10,block,0.3,0.3,3,random,,tabpfn25,0.41409850120544434,,,,,55.0270951162213,0.45008705788541026,,
diabetes,regression,309,10,block,0.3,0.3,3,random,,tabpfn3,0.7877306938171387,,,,,54.96578117858706,0.4513118560689443,,
diabetes,regression,309,10,block,0.5,0.4276018099547511,3,random,,tabpfn25,0.4004840850830078,,,,,61.7014284612951,0.30859708845822187,,
diabetes,regression,309,10,block,0.5,0.4276018099547511,3,random,,tabpfn3,0.7881383895874023,,,,,61.01698553535478,0.32385122887923423,,
diabetes,regression,309,10,block_shift,0.3,0.3,3,random,,tabpfn25,0.406923770904541,,,,,59.077651828669936,0.36614894594053016,,
diabetes,regression,309,10,block_shift,0.3,0.3,3,random,,tabpfn3,0.7872891426086426,,,,,58.87391234473462,0.3705132969606293,,
diabetes,regression,309,10,block_shift,0.5,0.4671945701357466,3,random,,tabpfn25,0.44620513916015625,,,,,61.742956293426076,0.30766608484451385,,
diabetes,regression,309,10,block_shift,0.5,0.4671945701357466,3,random,,tabpfn3,0.8107218742370605,,,,,60.48260392825309,0.3356426752231033,,
diabetes,regression,309,10,none,0.0,0.0,4,random,,tabpfn25,0.4123389720916748,,,,,59.6362406412502,0.4548798801088717,,
diabetes,regression,309,10,none,0.0,0.0,4,random,,tabpfn3,0.7985045909881592,,,,,59.60210031441706,0.45550383801768024,,
diabetes,regression,309,10,block,0.3,0.2660633484162896,4,random,,tabpfn25,0.4068593978881836,,,,,63.320087711684195,0.3854535556620231,,
diabetes,regression,309,10,block,0.3,0.2660633484162896,4,random,,tabpfn3,0.7980592250823975,,,,,62.68279721320657,0.3977616162920762,,
diabetes,regression,309,10,block,0.5,0.4819004524886878,4,random,,tabpfn25,0.40382933616638184,,,,,69.44814682921219,0.26074713295847685,,
diabetes,regression,309,10,block,0.5,0.4819004524886878,4,random,,tabpfn3,0.8117189407348633,,,,,69.6378571500232,0.25670280763334574,,
diabetes,regression,309,10,block_shift,0.3,0.3,4,random,,tabpfn25,0.6350784301757812,,,,,59.790095870303325,0.45206354670644655,,
diabetes,regression,309,10,block_shift,0.3,0.3,4,random,,tabpfn3,0.7951240539550781,,,,,58.55846512821358,0.4744051942893499,,
diabetes,regression,309,10,block_shift,0.5,0.5,4,random,,tabpfn25,0.40807414054870605,,,,,68.98491429393995,0.2705761609461129,,
diabetes,regression,309,10,block_shift,0.5,0.5,4,random,,tabpfn3,0.835613489151001,,,,,67.86834248987087,0.2939975953154328,,
openml:31,classification,700,20,none,0.0,0.0,0,random,,tabpfn25,0.4494621753692627,,0.7633333333333333,0.46163710951805115,0.8331746031746032,,,,
openml:31,classification,700,20,none,0.0,0.0,0,random,,tabpfn3,0.7689106464385986,,0.7733333333333333,0.4543783664703369,0.8378835978835978,,,,
openml:31,classification,700,20,block,0.3,0.27515,0,random,,tabpfn25,0.44562315940856934,,0.7866666666666666,0.48050177097320557,0.8125396825396826,,,,
openml:31,classification,700,20,block,0.3,0.27515,0,random,,tabpfn3,0.7709345817565918,,0.78,0.46956467628479004,0.8215343915343915,,,,
openml:31,classification,700,20,block,0.5,0.5,0,random,,tabpfn25,0.4406428337097168,,0.71,0.5450077652931213,0.7218518518518519,,,,
openml:31,classification,700,20,block,0.5,0.5,0,random,,tabpfn3,0.7619132995605469,,0.72,0.5497506856918335,0.7129100529100529,,,,
openml:31,classification,700,20,block_shift,0.3,0.27515,0,random,,tabpfn25,0.455780029296875,,0.7366666666666667,0.5245744585990906,0.7606349206349206,,,,
openml:31,classification,700,20,block_shift,0.3,0.27515,0,random,,tabpfn3,0.768484354019165,,0.75,0.5134538412094116,0.7711640211640212,,,,
openml:31,classification,700,20,block_shift,0.5,0.48935,0,random,,tabpfn25,0.4879937171936035,,0.71,0.5590336918830872,0.7092592592592593,,,,
openml:31,classification,700,20,block_shift,0.5,0.48935,0,random,,tabpfn3,0.8171710968017578,,0.7133333333333334,0.5633000731468201,0.6913227513227513,,,,
openml:31,classification,700,20,none,0.0,0.0,1,random,,tabpfn25,0.45066308975219727,,0.7566666666666667,0.47055312991142273,0.8251322751322753,,,,
openml:31,classification,700,20,none,0.0,0.0,1,random,,tabpfn3,0.7740755081176758,,0.7766666666666666,0.4683198928833008,0.8207936507936509,,,,
openml:31,classification,700,20,block,0.3,0.2832,1,random,,tabpfn25,0.43965935707092285,,0.76,0.5012357234954834,0.7832275132275132,,,,
openml:31,classification,700,20,block,0.3,0.2832,1,random,,tabpfn3,0.7678747177124023,,0.75,0.5031528472900391,0.7815343915343915,,,,
openml:31,classification,700,20,block,0.5,0.4316,1,random,,tabpfn25,0.5610709190368652,,0.7233333333333334,0.5048672556877136,0.7796296296296296,,,,
openml:31,classification,700,20,block,0.5,0.4316,1,random,,tabpfn3,0.7751646041870117,,0.72,0.5083163976669312,0.7776190476190477,,,,
openml:31,classification,700,20,block_shift,0.3,0.3,1,random,,tabpfn25,0.45011043548583984,,0.71,0.5239416360855103,0.7613227513227514,,,,
openml:31,classification,700,20,block_shift,0.3,0.3,1,random,,tabpfn3,0.7752163410186768,,0.7166666666666667,0.5183690786361694,0.7696825396825397,,,,
openml:31,classification,700,20,block_shift,0.5,0.434,1,random,,tabpfn25,0.4464690685272217,,0.7166666666666667,0.5294369459152222,0.7648677248677249,,,,
openml:31,classification,700,20,block_shift,0.5,0.434,1,random,,tabpfn3,0.834343671798706,,0.7133333333333334,0.5277529954910278,0.7653439153439153,,,,
openml:31,classification,700,20,none,0.0,0.0,2,random,,tabpfn25,0.4843864440917969,,0.7966666666666666,0.4602307677268982,0.8319047619047618,,,,
openml:31,classification,700,20,none,0.0,0.0,2,random,,tabpfn3,0.8039500713348389,,0.7933333333333333,0.46346914768218994,0.8262433862433862,,,,
openml:31,classification,700,20,block,0.3,0.2746,2,random,,tabpfn25,0.439251184463501,,0.7833333333333333,0.4776190221309662,0.8121693121693122,,,,
openml:31,classification,700,20,block,0.3,0.2746,2,random,,tabpfn3,0.7707557678222656,,0.7566666666666667,0.48247069120407104,0.805132275132275,,,,
openml:31,classification,700,20,block,0.5,0.45015,2,random,,tabpfn25,0.440488338470459,,0.7166666666666667,0.5473729968070984,0.72,,,,
openml:31,classification,700,20,block,0.5,0.45015,2,random,,tabpfn3,0.7781832218170166,,0.7233333333333334,0.5549390912055969,0.7076190476190476,,,,
openml:31,classification,700,20,block_shift,0.3,0.3,2,random,,tabpfn25,0.44059085845947266,,0.7633333333333333,0.5188066959381104,0.7625396825396825,,,,
openml:31,classification,700,20,block_shift,0.3,0.3,2,random,,tabpfn3,0.7875998020172119,,0.7533333333333333,0.5257979035377502,0.7554497354497355,,,,
openml:31,classification,700,20,block_shift,0.5,0.48355,2,random,,tabpfn25,0.4388730525970459,,0.7466666666666667,0.5397249460220337,0.731957671957672,,,,
openml:31,classification,700,20,block_shift,0.5,0.48355,2,random,,tabpfn3,0.8248493671417236,,0.7533333333333333,0.5401178598403931,0.7345502645502645,,,,
openml:31,classification,700,20,none,0.0,0.0,3,random,,tabpfn25,0.44672346115112305,,0.76,0.5062897801399231,0.7764021164021164,,,,
openml:31,classification,700,20,none,0.0,0.0,3,random,,tabpfn3,0.7803623676300049,,0.78,0.5038489699363708,0.7811640211640211,,,,
openml:31,classification,700,20,block,0.3,0.3,3,random,,tabpfn25,0.4547595977783203,,0.7133333333333334,0.5649306178092957,0.6936507936507937,,,,
openml:31,classification,700,20,block,0.3,0.3,3,random,,tabpfn3,0.7586441040039062,,0.7033333333333334,0.57687908411026,0.686931216931217,,,,
openml:31,classification,700,20,block,0.5,0.467,3,random,,tabpfn25,0.44507908821105957,,0.7333333333333333,0.5697247385978699,0.6807407407407408,,,,
openml:31,classification,700,20,block,0.5,0.467,3,random,,tabpfn3,0.7694985866546631,,0.7233333333333334,0.5738669633865356,0.6865608465608465,,,,
openml:31,classification,700,20,block_shift,0.3,0.3,3,random,,tabpfn25,0.4386477470397949,,0.7466666666666667,0.5373504757881165,0.736931216931217,,,,
openml:31,classification,700,20,block_shift,0.3,0.3,3,random,,tabpfn3,0.7703573703765869,,0.74,0.5422577857971191,0.7337566137566137,,,,
openml:31,classification,700,20,block_shift,0.5,0.4844,3,random,,tabpfn25,0.4491608142852783,,0.7133333333333334,0.5753872990608215,0.6720634920634923,,,,
openml:31,classification,700,20,block_shift,0.5,0.4844,3,random,,tabpfn3,0.7751097679138184,,0.7233333333333334,0.5793728232383728,0.6683068783068783,,,,
openml:31,classification,700,20,none,0.0,0.0,4,random,,tabpfn25,0.48006248474121094,,0.7333333333333333,0.4754687547683716,0.8088359788359789,,,,
openml:31,classification,700,20,none,0.0,0.0,4,random,,tabpfn3,0.7770218849182129,,0.7466666666666667,0.46791696548461914,0.8144444444444445,,,,
openml:31,classification,700,20,block,0.3,0.3,4,random,,tabpfn25,0.44109535217285156,,0.7133333333333334,0.5416499972343445,0.7205291005291004,,,,
openml:31,classification,700,20,block,0.3,0.3,4,random,,tabpfn3,0.8689188957214355,,0.7166666666666667,0.5413953065872192,0.7243386243386244,,,,
openml:31,classification,700,20,block,0.5,0.5,4,random,,tabpfn25,0.443220853805542,,0.7133333333333334,0.5330948829650879,0.7395238095238094,,,,
openml:31,classification,700,20,block,0.5,0.5,4,random,,tabpfn3,0.7715094089508057,,0.7033333333333334,0.5250298976898193,0.7453439153439153,,,,
openml:31,classification,700,20,block_shift,0.3,0.2841,4,random,,tabpfn25,0.44406914710998535,,0.78,0.46763890981674194,0.8152380952380952,,,,
openml:31,classification,700,20,block_shift,0.3,0.2841,4,random,,tabpfn3,0.7755773067474365,,0.76,0.4711771607398987,0.8060846560846561,,,,
openml:31,classification,700,20,block_shift,0.5,0.4896,4,random,,tabpfn25,0.4431040287017822,,0.7366666666666667,0.5164147615432739,0.7578306878306879,,,,
openml:31,classification,700,20,block_shift,0.5,0.4896,4,random,,tabpfn3,0.8230469226837158,,0.71,0.5266022682189941,0.7419576719576718,,,,
openml:1590,classification,2100,14,none,0.0,0.0,0,random,,tabpfn25,0.5173711776733398,,0.8655555555555555,0.29911673069000244,0.9103024199268065,,,,
openml:1590,classification,2100,14,none,0.0,0.0,0,random,,tabpfn3,0.8607437610626221,,0.8611111111111112,0.3047492802143097,0.9077562484042101,,,,
openml:1590,classification,2100,14,block,0.3,0.216,0,random,,tabpfn25,0.5123672485351562,,0.8666666666666667,0.31105637550354004,0.902876677352549,,,,
openml:1590,classification,2100,14,block,0.3,0.216,0,random,,tabpfn3,0.8739032745361328,,0.87,0.3105805814266205,0.905160430083123,,,,
openml:1590,classification,2100,14,block,0.5,0.5,0,random,,tabpfn25,0.5122768878936768,,0.8377777777777777,0.3760252594947815,0.8551980198019802,,,,
openml:1590,classification,2100,14,block,0.5,0.5,0,random,,tabpfn3,0.8779056072235107,,0.8288888888888889,0.37602633237838745,0.8563682657664048,,,,
openml:1590,classification,2100,14,block_shift,0.3,0.24914285714285714,0,random,,tabpfn25,0.5061352252960205,,0.8566666666666667,0.32401007413864136,0.8959403103634145,,,,
openml:1590,classification,2100,14,block_shift,0.3,0.24914285714285714,0,random,,tabpfn3,0.8580453395843506,,0.8588888888888889,0.32498589158058167,0.895096314789072,,,,
openml:1590,classification,2100,14,block_shift,0.5,0.5,0,random,,tabpfn25,0.5063562393188477,,0.8,0.4213933050632477,0.8130868960821585,,,,
openml:1590,classification,2100,14,block_shift,0.5,0.5,0,random,,tabpfn3,0.8684487342834473,,0.8044444444444444,0.41881340742111206,0.8174558143493433,,,,
openml:1590,classification,2100,14,none,0.0,0.0,1,random,,tabpfn25,0.5457649230957031,,0.8777777777777778,0.2853856682777405,0.918167891287696,,,,
openml:1590,classification,2100,14,none,0.0,0.0,1,random,,tabpfn3,0.9713802337646484,,0.87,0.2979152798652649,0.9110825839030895,,,,
openml:1590,classification,2100,14,block,0.3,0.2857142857142857,1,random,,tabpfn25,0.5091309547424316,,0.8544444444444445,0.3057315945625305,0.9051001446849556,,,,
openml:1590,classification,2100,14,block,0.3,0.2857142857142857,1,random,,tabpfn3,0.8697011470794678,,0.8577777777777778,0.31076058745384216,0.9028873159522257,,,,
openml:1590,classification,2100,14,block,0.5,0.4756190476190476,1,random,,tabpfn25,0.5144717693328857,,0.8366666666666667,0.3421057462692261,0.8792873556696644,,,,
openml:1590,classification,2100,14,block,0.5,0.4756190476190476,1,random,,tabpfn3,0.8672530651092529,,0.8411111111111111,0.34455084800720215,0.876741184147068,,,,
openml:1590,classification,2100,14,block_shift,0.3,0.2618333333333333,1,random,,tabpfn25,0.5088653564453125,,0.8544444444444445,0.32908380031585693,0.8904791625294335,,,,
openml:1590,classification,2100,14,block_shift,0.3,0.2618333333333333,1,random,,tabpfn3,0.8573822975158691,,0.86,0.32664716243743896,0.8916706856932112,,,,
openml:1590,classification,2100,14,block_shift,0.5,0.4756190476190476,1,random,,tabpfn25,0.5608673095703125,,0.8333333333333334,0.3452576696872711,0.8781738489035151,,,,
openml:1590,classification,2100,14,block_shift,0.5,0.4756190476190476,1,random,,tabpfn3,0.8875467777252197,,0.8388888888888889,0.34391656517982483,0.8768475701438339,,,,
openml:1590,classification,2100,14,none,0.0,0.0,2,random,,tabpfn25,0.5271525382995605,,0.8677777777777778,0.286685585975647,0.9175153905075322,,,,
openml:1590,classification,2100,14,none,0.0,0.0,2,random,,tabpfn3,0.8633201122283936,,0.8666666666666667,0.2927502393722534,0.9142812562058498,,,,
openml:1590,classification,2100,14,block,0.3,0.21428571428571427,2,random,,tabpfn25,0.5069191455841064,,0.87,0.2935791015625,0.9137422338222362,,,,
openml:1590,classification,2100,14,block,0.3,0.21428571428571427,2,random,,tabpfn3,0.8753046989440918,,0.8722222222222222,0.2942364513874054,0.9137351414224517,,,,
openml:1590,classification,2100,14,block,0.5,0.5,2,random,,tabpfn25,0.5069892406463623,,0.8311111111111111,0.3512164354324341,0.8755283837839372,,,,
openml:1590,classification,2100,14,block,0.5,0.5,2,random,,tabpfn3,0.8603663444519043,,0.8255555555555556,0.35834020376205444,0.8679324236148543,,,,
openml:1590,classification,2100,14,block_shift,0.3,0.2507857142857143,2,random,,tabpfn25,0.5061793327331543,,0.8566666666666667,0.31467482447624207,0.9017064313881246,,,,
openml:1590,classification,2100,14,block_shift,0.3,0.2507857142857143,2,random,,tabpfn3,0.9069275856018066,,0.8566666666666667,0.3161899745464325,0.9004936310249936,,,,
openml:1590,classification,2100,14,block_shift,0.5,0.4522857142857143,2,random,,tabpfn25,0.5091795921325684,,0.85,0.34755590558052063,0.8784717296944594,,,,
openml:1590,classification,2100,14,block_shift,0.5,0.4522857142857143,2,random,,tabpfn3,0.8895649909973145,,0.8444444444444444,0.3558926582336426,0.8708899543249455,,,,
openml:1590,classification,2100,14,none,0.0,0.0,3,random,,tabpfn25,0.5143404006958008,,0.8566666666666667,0.3015453517436981,0.9093165763567762,,,,
openml:1590,classification,2100,14,none,0.0,0.0,3,random,,tabpfn3,0.8668043613433838,,0.8522222222222222,0.30270516872406006,0.9095222559505234,,,,
openml:1590,classification,2100,14,block,0.3,0.2857142857142857,3,random,,tabpfn25,0.5036063194274902,,0.8555555555555555,0.31996145844459534,0.8961388975573774,,,,
openml:1590,classification,2100,14,block,0.3,0.2857142857142857,3,random,,tabpfn3,0.8642668724060059,,0.86,0.32225489616394043,0.8954651195778605,,,,
openml:1590,classification,2100,14,block,0.5,0.4276190476190476,3,random,,tabpfn25,0.5264794826507568,,0.8222222222222222,0.3729747533798218,0.8563505347669437,,,,
openml:1590,classification,2100,14,block,0.5,0.4276190476190476,3,random,,tabpfn3,0.8569397926330566,,0.8222222222222222,0.3766605854034424,0.8536270532497375,,,,
openml:1590,classification,2100,14,block_shift,0.3,0.2857142857142857,3,random,,tabpfn25,0.5045835971832275,,0.8577777777777778,0.3286231458187103,0.889599704956169,,,,
openml:1590,classification,2100,14,block_shift,0.3,0.2857142857142857,3,random,,tabpfn3,0.9202282428741455,,0.8611111111111112,0.3261052370071411,0.8917345172912706,,,,
openml:1590,classification,2100,14,block_shift,0.5,0.45280952380952383,3,random,,tabpfn25,0.5163321495056152,,0.8466666666666667,0.35977452993392944,0.8649181537064881,,,,
openml:1590,classification,2100,14,block_shift,0.5,0.45280952380952383,3,random,,tabpfn3,0.867490291595459,,0.8355555555555556,0.3636397421360016,0.8608400238304632,,,,
openml:1590,classification,2100,14,none,0.0,0.0,4,random,,tabpfn25,0.5118088722229004,,0.8677777777777778,0.289505273103714,0.9172458793157253,,,,
openml:1590,classification,2100,14,none,0.0,0.0,4,random,,tabpfn3,0.8575148582458496,,0.8655555555555555,0.2948644459247589,0.914082669011887,,,,
openml:1590,classification,2100,14,block,0.3,0.2857142857142857,4,random,,tabpfn25,0.5120964050292969,,0.85,0.3450307846069336,0.8804150472353826,,,,
openml:1590,classification,2100,14,block,0.3,0.2857142857142857,4,random,,tabpfn3,0.855475902557373,,0.8466666666666667,0.3498689830303192,0.8775355329229199,,,,
openml:1590,classification,2100,14,block,0.5,0.48595238095238097,4,random,,tabpfn25,0.5113933086395264,,0.84,0.3492317497730255,0.8748865216034498,,,,
openml:1590,classification,2100,14,block,0.5,0.48595238095238097,4,random,,tabpfn3,0.8608429431915283,,0.8466666666666667,0.3495772182941437,0.8752269567931005,,,,
openml:1590,classification,2100,14,block_shift,0.3,0.2857142857142857,4,random,,tabpfn25,0.5153403282165527,,0.8544444444444445,0.32746821641921997,0.8927274532610855,,,,
openml:1590,classification,2100,14,block_shift,0.3,0.2857142857142857,4,random,,tabpfn3,0.8880519866943359,,0.85,0.3234170973300934,0.8964296859485376,,,,
openml:1590,classification,2100,14,block_shift,0.5,0.5,4,random,,tabpfn25,0.5527350902557373,,0.8422222222222222,0.3662278354167938,0.8599321966580613,,,,
openml:1590,classification,2100,14,block_shift,0.5,0.5,4,random,,tabpfn3,0.8870325088500977,,0.8333333333333334,0.3619232475757599,0.8645067945189934,,,,
openml:531,regression,354,13,none,0.0,0.0,0,random,,tabpfn25,0.44867467880249023,,,,,3.358123650401401,0.8721212723760541,,
openml:531,regression,354,13,none,0.0,0.0,0,random,,tabpfn3,0.8222634792327881,,,,,3.265481312923443,0.8790796639897066,,
openml:531,regression,354,13,block,0.3,0.3076923076923077,0,random,,tabpfn25,0.4290332794189453,,,,,4.072681283654409,0.811909964136722,,
openml:531,regression,354,13,block,0.3,0.3076923076923077,0,random,,tabpfn3,0.774151086807251,,,,,4.248595154313759,0.7953104653843304,,
openml:531,regression,354,13,block,0.5,0.46153846153846156,0,random,,tabpfn25,0.41532325744628906,,,,,4.630691607267594,0.7568374675726259,,
openml:531,regression,354,13,block,0.5,0.46153846153846156,0,random,,tabpfn3,0.7705979347229004,,,,,4.426338333855123,0.7778255297418869,,
openml:531,regression,354,13,block_shift,0.3,0.23076923076923078,0,random,,tabpfn25,0.42270612716674805,,,,,4.517912363037437,0.7685375507078185,,
openml:531,regression,354,13,block_shift,0.3,0.23076923076923078,0,random,,tabpfn3,0.8185536861419678,,,,,4.358062144860673,0.7846267421509094,,
openml:531,regression,354,13,block_shift,0.5,0.46153846153846156,0,random,,tabpfn25,0.40811967849731445,,,,,3.906674896275202,0.8269309206804609,,
openml:531,regression,354,13,block_shift,0.5,0.46153846153846156,0,random,,tabpfn3,0.8310315608978271,,,,,3.6801842014908273,0.8464166794699932,,
openml:531,regression,354,13,none,0.0,0.0,1,random,,tabpfn25,0.4056823253631592,,,,,2.7623586981739776,0.905842658218396,,
openml:531,regression,354,13,none,0.0,0.0,1,random,,tabpfn3,0.8108835220336914,,,,,2.9048414533014615,0.895878860532679,,
openml:531,regression,354,13,block,0.3,0.3076923076923077,1,random,,tabpfn25,0.4055769443511963,,,,,4.456808808935198,0.7549007101706968,,
openml:531,regression,354,13,block,0.3,0.3076923076923077,1,random,,tabpfn3,0.8095061779022217,,,,,4.207767206155271,0.7815271599611022,,
openml:531,regression,354,13,block,0.5,0.4350866524779568,1,random,,tabpfn25,0.39751243591308594,,,,,5.943678723299948,0.5640821050364728,,
openml:531,regression,354,13,block,0.5,0.4350866524779568,1,random,,tabpfn3,0.7626748085021973,,,,,5.900373582785619,0.5704110863585068,,
openml:531,regression,354,13,block_shift,0.3,0.28412891456369715,1,random,,tabpfn25,0.41295886039733887,,,,,4.026854733592414,0.7999097295837314,,
openml:531,regression,354,13,block_shift,0.3,0.28412891456369715,1,random,,tabpfn3,0.8110649585723877,,,,,4.15945315324115,0.786515415834196,,
openml:531,regression,354,13,block_shift,0.5,0.4350866524779568,1,random,,tabpfn25,0.4254794120788574,,,,,4.819075639752829,0.7134360656072758,,
openml:531,regression,354,13,block_shift,0.5,0.4350866524779568,1,random,,tabpfn3,0.84580397605896,,,,,4.9396026486412365,0.6989226569145528,,
openml:531,regression,354,13,none,0.0,0.0,2,random,,tabpfn25,0.41161298751831055,,,,,2.8451783050594806,0.8734876951608066,,
openml:531,regression,354,13,none,0.0,0.0,2,random,,tabpfn3,0.804232120513916,,,,,2.9641573957809135,0.862685527590025,,
openml:531,regression,354,13,block,0.3,0.233201581027668,2,random,,tabpfn25,0.43009161949157715,,,,,3.2891378074008264,0.8309255705316226,,
openml:531,regression,354,13,block,0.3,0.233201581027668,2,random,,tabpfn3,0.7912321090698242,,,,,3.211554188809945,0.8388076972445236,,
openml:531,regression,354,13,block,0.5,0.43402249923989056,2,random,,tabpfn25,0.4025993347167969,,,,,4.890177825289906,0.6262655818631415,,
openml:531,regression,354,13,block,0.5,0.43402249923989056,2,random,,tabpfn3,0.8047950267791748,,,,,4.931765157820716,0.619881884870735,,
openml:531,regression,354,13,block_shift,0.3,0.3076923076923077,2,random,,tabpfn25,0.39680957794189453,,,,,5.451022018927625,0.5356241098224552,,
openml:531,regression,354,13,block_shift,0.3,0.3076923076923077,2,random,,tabpfn3,0.7729299068450928,,,,,5.132258858791557,0.5883473675324277,,
openml:531,regression,354,13,block_shift,0.5,0.4378230465186987,2,random,,tabpfn25,0.4147963523864746,,,,,5.781395836884488,0.47762882782839566,,
openml:531,regression,354,13,block_shift,0.5,0.4378230465186987,2,random,,tabpfn3,0.7721316814422607,,,,,5.66145612783707,0.4990780259879468,,
openml:531,regression,354,13,none,0.0,0.0,3,random,,tabpfn25,0.46381640434265137,,,,,2.5189099912540707,0.9187601800251074,,
openml:531,regression,354,13,none,0.0,0.0,3,random,,tabpfn3,0.8035793304443359,,,,,2.362071968567618,0.9285618982875407,,
openml:531,regression,354,13,block,0.3,0.3076923076923077,3,random,,tabpfn25,0.42806148529052734,,,,,3.9215381978693604,0.8030950864949039,,
openml:531,regression,354,13,block,0.3,0.3076923076923077,3,random,,tabpfn3,0.8041641712188721,,,,,3.4757526615035035,0.8453174288852068,,
openml:531,regression,354,13,block,0.5,0.46153846153846156,3,random,,tabpfn25,0.4029672145843506,,,,,4.532364990742488,0.7369771938813636,,
openml:531,regression,354,13,block,0.5,0.46153846153846156,3,random,,tabpfn3,0.7809045314788818,,,,,4.634176298799393,0.7250278194325084,,
openml:531,regression,354,13,block_shift,0.3,0.3076923076923077,3,random,,tabpfn25,0.4196040630340576,,,,,4.058970787190526,0.7890519546219944,,
openml:531,regression,354,13,block_shift,0.3,0.3076923076923077,3,random,,tabpfn3,0.807868480682373,,,,,4.05480976288242,0.7894842366343362,,
openml:531,regression,354,13,block_shift,0.5,0.43645484949832775,3,random,,tabpfn25,0.4199354648590088,,,,,5.004372233945976,0.6793414193583527,,
openml:531,regression,354,13,block_shift,0.5,0.43645484949832775,3,random,,tabpfn3,0.8084361553192139,,,,,4.913827716536593,0.690839852703494,,
openml:531,regression,354,13,none,0.0,0.0,4,random,,tabpfn25,0.41548871994018555,,,,,2.092356403546486,0.9381484405798811,,
openml:531,regression,354,13,none,0.0,0.0,4,random,,tabpfn3,0.8841841220855713,,,,,2.0472846155091315,0.9407844490270971,,
openml:531,regression,354,13,block,0.3,0.2818485861964123,4,random,,tabpfn25,0.40346837043762207,,,,,3.0908426944112715,0.8650312785218485,,
openml:531,regression,354,13,block,0.3,0.2818485861964123,4,random,,tabpfn3,0.7588298320770264,,,,,3.052162644135667,0.8683882469081845,,
openml:531,regression,354,13,block,0.5,0.46153846153846156,4,random,,tabpfn25,0.4160189628601074,,,,,4.661225493250339,0.6930415771372653,,
openml:531,regression,354,13,block,0.5,0.46153846153846156,4,random,,tabpfn3,0.7728927135467529,,,,,4.600688011173409,0.7009630219896403,,
openml:531,regression,354,13,block_shift,0.3,0.3076923076923077,4,random,,tabpfn25,0.41697001457214355,,,,,3.7844445150346417,0.7976591298493119,,
openml:531,regression,354,13,block_shift,0.3,0.3076923076923077,4,random,,tabpfn3,0.7835466861724854,,,,,3.585510543397711,0.8183726123388466,,
openml:531,regression,354,13,block_shift,0.5,0.46153846153846156,4,random,,tabpfn25,0.40654683113098145,,,,,3.8216396464132596,0.7936621997571401,,
openml:531,regression,354,13,block_shift,0.5,0.46153846153846156,4,random,,tabpfn3,0.7760491371154785,,,,,3.9666748328822976,0.777703548446828,,
openml:1461,classification,2100,16,none,0.0,0.0,0,random,,tabpfn25,0.5324962139129639,,0.9011111111111111,0.20134776830673218,0.9352202581369248,,,,
openml:1461,classification,2100,16,none,0.0,0.0,0,random,,tabpfn3,0.9351966381072998,,0.9011111111111111,0.20211175084114075,0.9335601384212495,,,,
openml:1461,classification,2100,16,block,0.3,0.2805,0,random,,tabpfn25,0.5256266593933105,,0.9,0.25230515003204346,0.8766133557800224,,,,
openml:1461,classification,2100,16,block,0.3,0.2805,0,random,,tabpfn3,0.9032869338989258,,0.8988888888888888,0.24628452956676483,0.8822367190422745,,,,
openml:1461,classification,2100,16,block,0.5,0.4873125,0,random,,tabpfn25,0.538970947265625,,0.8944444444444445,0.28449228405952454,0.8211864010475122,,,,
openml:1461,classification,2100,16,block,0.5,0.4873125,0,random,,tabpfn3,0.8511552810668945,,0.8955555555555555,0.2779492437839508,0.8309366816311261,,,,
openml:1461,classification,2100,16,block_shift,0.3,0.2805,0,random,,tabpfn25,0.5316667556762695,,0.8933333333333333,0.2731322646141052,0.8368990834268613,,,,
openml:1461,classification,2100,16,block_shift,0.3,0.2805,0,random,,tabpfn3,0.8424694538116455,,0.8955555555555555,0.2714614272117615,0.8395061728395062,,,,
openml:1461,classification,2100,16,block_shift,0.5,0.5,0,random,,tabpfn25,0.5335066318511963,,0.8988888888888888,0.2736915051937103,0.8352857276468387,,,,
openml:1461,classification,2100,16,block_shift,0.5,0.5,0,random,,tabpfn3,0.8952822685241699,,0.9,0.27650609612464905,0.8315796857463524,,,,
openml:1461,classification,2100,16,none,0.0,0.0,1,random,,tabpfn25,0.5448617935180664,,0.9088888888888889,0.1966889500617981,0.9408670033670035,,,,
openml:1461,classification,2100,16,none,0.0,0.0,1,random,,tabpfn3,0.8524258136749268,,0.9111111111111111,0.19521935284137726,0.9401187803965583,,,,
openml:1461,classification,2100,16,block,0.3,0.3125,1,random,,tabpfn25,0.5440950393676758,,0.8977777777777778,0.26729655265808105,0.8560372240927796,,,,
openml:1461,classification,2100,16,block,0.3,0.3125,1,random,,tabpfn3,0.8823366165161133,,0.9,0.26205748319625854,0.8606785447063224,,,,
openml:1461,classification,2100,16,block,0.5,0.4786666666666667,1,random,,tabpfn25,0.5203309059143066,,0.8822222222222222,0.30020231008529663,0.8000491021324355,,,,
openml:1461,classification,2100,16,block,0.5,0.4786666666666667,1,random,,tabpfn3,0.8986878395080566,,0.8855555555555555,0.30002889037132263,0.7964132061354283,,,,
openml:1461,classification,2100,16,block_shift,0.3,0.3125,1,random,,tabpfn25,0.5330066680908203,,0.9011111111111111,0.2927979826927185,0.7916315937149271,,,,
openml:1461,classification,2100,16,block_shift,0.3,0.3125,1,random,,tabpfn3,0.8837883472442627,,0.9,0.29400262236595154,0.7932449494949496,,,,
openml:1461,classification,2100,16,block_shift,0.5,0.4392083333333333,1,random,,tabpfn25,0.5264496803283691,,0.8988888888888888,0.25896140933036804,0.8656472128694351,,,,
openml:1461,classification,2100,16,block_shift,0.5,0.4392083333333333,1,random,,tabpfn3,0.9245634078979492,,0.9022222222222223,0.2575933039188385,0.8629699775533108,,,,
openml:1461,classification,2100,16,none,0.0,0.0,2,random,,tabpfn25,0.5355374813079834,,0.8955555555555555,0.216047465801239,0.9223134118967452,,,,
openml:1461,classification,2100,16,none,0.0,0.0,2,random,,tabpfn3,0.9295389652252197,,0.89,0.21701544523239136,0.9215418069584737,,,,
openml:1461,classification,2100,16,block,0.3,0.2805625,2,random,,tabpfn25,0.5406007766723633,,0.8788888888888889,0.3006863594055176,0.8057776842499066,,,,
openml:1461,classification,2100,16,block,0.3,0.2805625,2,random,,tabpfn3,0.8763446807861328,,0.8755555555555555,0.30120283365249634,0.8084899925177702,,,,
openml:1461,classification,2100,16,block,0.5,0.4165625,2,random,,tabpfn25,0.5312774181365967,,0.8777777777777778,0.30773499608039856,0.7896791994014216,,,,
openml:1461,classification,2100,16,block,0.5,0.4165625,2,random,,tabpfn3,0.9250245094299316,,0.8766666666666667,0.30779364705085754,0.7931514216236438,,,,
openml:1461,classification,2100,16,block_shift,0.3,0.25,2,random,,tabpfn25,0.5332720279693604,,0.88,0.28008341789245605,0.8416339319117098,,,,
openml:1461,classification,2100,16,block_shift,0.3,0.25,2,random,,tabpfn3,0.8979816436767578,,0.8788888888888889,0.277495801448822,0.8470585484474373,,,,
openml:1461,classification,2100,16,block_shift,0.5,0.479125,2,random,,tabpfn25,0.5277173519134521,,0.8922222222222222,0.29363709688186646,0.8145576131687243,,,,
openml:1461,classification,2100,16,block_shift,0.5,0.479125,2,random,,tabpfn3,0.8814635276794434,,0.8888888888888888,0.30032485723495483,0.8026328095772539,,,,
openml:1461,classification,2100,16,none,0.0,0.0,3,random,,tabpfn25,0.5339853763580322,,0.9044444444444445,0.20378553867340088,0.9300411522633745,,,,
openml:1461,classification,2100,16,none,0.0,0.0,3,random,,tabpfn3,0.928908109664917,,0.9,0.20724402368068695,0.9274223718668162,,,,
openml:1461,classification,2100,16,block,0.3,0.3125,3,random,,tabpfn25,0.5329749584197998,,0.8911111111111111,0.26818934082984924,0.8567269921436588,,,,
openml:1461,classification,2100,16,block,0.3,0.3125,3,random,,tabpfn3,0.8832070827484131,,0.89,0.2696254253387451,0.8576856528245418,,,,
openml:1461,classification,2100,16,block,0.5,0.43666666666666665,3,random,,tabpfn25,0.5251052379608154,,0.8822222222222222,0.28069189190864563,0.8371913580246914,,,,
openml:1461,classification,2100,16,block,0.5,0.43666666666666665,3,random,,tabpfn3,0.8734071254730225,,0.8811111111111111,0.2797400653362274,0.8382201646090536,,,,
openml:1461,classification,2100,16,block_shift,0.3,0.3125,3,random,,tabpfn25,0.5400450229644775,,0.8922222222222222,0.25439295172691345,0.8739711934156378,,,,
openml:1461,classification,2100,16,block_shift,0.3,0.3125,3,random,,tabpfn3,0.8874995708465576,,0.8922222222222222,0.25447532534599304,0.8749532360643472,,,,
openml:1461,classification,2100,16,block_shift,0.5,0.4793541666666667,3,random,,tabpfn25,0.5312378406524658,,0.8922222222222222,0.24861788749694824,0.8809390198279088,,,,
openml:1461,classification,2100,16,block_shift,0.5,0.4793541666666667,3,random,,tabpfn3,0.8906905651092529,,0.8955555555555555,0.2513732612133026,0.877957818930041,,,,
openml:1461,classification,2100,16,none,0.0,0.0,4,random,,tabpfn25,0.5344810485839844,,0.9177777777777778,0.19157928228378296,0.9403175271230827,,,,
openml:1461,classification,2100,16,none,0.0,0.0,4,random,,tabpfn3,0.8755488395690918,,0.9122222222222223,0.19761298596858978,0.9360503179947625,,,,
openml:1461,classification,2100,16,block,0.3,0.291625,4,random,,tabpfn25,0.5298290252685547,,0.9011111111111111,0.2150285691022873,0.9233305274971941,,,,
openml:1461,classification,2100,16,block,0.3,0.291625,4,random,,tabpfn3,0.8844799995422363,,0.8955555555555555,0.21279428899288177,0.9243827160493827,,,,
openml:1461,classification,2100,16,block,0.5,0.487375,4,random,,tabpfn25,0.5378763675689697,,0.8866666666666667,0.2922293543815613,0.813294986906098,,,,
openml:1461,classification,2100,16,block,0.5,0.487375,4,random,,tabpfn3,0.9204413890838623,,0.8844444444444445,0.30028223991394043,0.8004349046015713,,,,
openml:1461,classification,2100,16,block_shift,0.3,0.3125,4,random,,tabpfn25,0.5273218154907227,,0.9011111111111111,0.2607261836528778,0.8588781331836888,,,,
openml:1461,classification,2100,16,block_shift,0.3,0.3125,4,random,,tabpfn3,0.9246680736541748,,0.8988888888888888,0.26296213269233704,0.8556280396558175,,,,
openml:1461,classification,2100,16,block_shift,0.5,0.5,4,random,,tabpfn25,0.5314648151397705,,0.8855555555555555,0.33398541808128357,0.7012252151141041,,,,
openml:1461,classification,2100,16,block_shift,0.5,0.5,4,random,,tabpfn3,0.8881442546844482,,0.8833333333333333,0.32862764596939087,0.71353582117471,,,,
openml:1494,classification,738,41,none,0.0,0.0,0,random,,tabpfn25,0.472273588180542,,0.8769716088328076,0.3351435661315918,0.9186025812194037,,,,
openml:1494,classification,738,41,none,0.0,0.0,0,random,,tabpfn3,0.7828037738800049,,0.886435331230284,0.34612584114074707,0.9197151757899421,,,,
openml:1494,classification,738,41,block,0.3,0.24392555773898972,0,random,,tabpfn25,0.47830748558044434,,0.8548895899053628,0.3725733757019043,0.9035603026257232,,,,
openml:1494,classification,738,41,block,0.3,0.24392555773898972,0,random,,tabpfn3,0.7880616188049316,,0.8675078864353313,0.36240342259407043,0.9117489986648863,,,,
openml:1494,classification,738,41,block,0.5,0.48271876083689746,0,random,,tabpfn25,0.45893144607543945,,0.8233438485804416,0.4158359467983246,0.8793502447708056,,,,
openml:1494,classification,738,41,block,0.5,0.48271876083689746,0,random,,tabpfn3,0.7371423244476318,,0.8391167192429022,0.4061429500579834,0.8883400089007566,,,,
openml:1494,classification,738,41,block_shift,0.3,0.25608600161831,0,random,,tabpfn25,0.5107109546661377,,0.8296529968454258,0.36783868074417114,0.9058299955496217,,,,
openml:1494,classification,738,41,block_shift,0.3,0.25608600161831,0,random,,tabpfn3,0.7846455574035645,,0.8201892744479495,0.3804730772972107,0.8995549621717845,,,,
openml:1494,classification,738,41,block_shift,0.5,0.4779794243440065,0,random,,tabpfn25,0.4752182960510254,,0.8422712933753943,0.4116494953632355,0.8867378727191811,,,,
openml:1494,classification,738,41,block_shift,0.5,0.4779794243440065,0,random,,tabpfn3,0.8001842498779297,,0.8359621451104101,0.4135393798351288,0.8854917668001779,,,,
openml:1494,classification,738,41,none,0.0,0.0,1,random,,tabpfn25,0.4738423824310303,,0.8548895899053628,0.3164976239204407,0.9282153983088561,,,,
openml:1494,classification,738,41,none,0.0,0.0,1,random,,tabpfn3,0.7166063785552979,,0.8643533123028391,0.3082866966724396,0.9330663106364041,,,,
openml:1494,classification,738,41,block,0.3,0.28442954571725815,1,random,,tabpfn25,0.47626185417175293,,0.8517350157728707,0.3468426465988159,0.9176680017801513,,,,
openml:1494,classification,738,41,block,0.3,0.28442954571725815,1,random,,tabpfn3,0.787116289138794,,0.8675078864353313,0.3415060043334961,0.9181575433911883,,,,
openml:1494,classification,738,41,block,0.5,0.4384695410935152,1,random,,tabpfn25,0.4703996181488037,,0.8548895899053628,0.34327763319015503,0.9151757899421451,,,,
openml:1494,classification,738,41,block,0.5,0.4384695410935152,1,random,,tabpfn3,0.816718339920044,,0.861198738170347,0.33828699588775635,0.9190921228304406,,,,
openml:1494,classification,738,41,block_shift,0.3,0.2926829268292683,1,random,,tabpfn25,0.47202372550964355,,0.8485804416403786,0.35761991143226624,0.9032487761459723,,,,
openml:1494,classification,738,41,block_shift,0.3,0.2926829268292683,1,random,,tabpfn3,0.7773592472076416,,0.8422712933753943,0.3496863543987274,0.9082331998219849,,,,
openml:1494,classification,738,41,block_shift,0.5,0.4473702462143105,1,random,,tabpfn25,0.4633204936981201,,0.8391167192429022,0.3575572371482849,0.9077436582109479,,,,
openml:1494,classification,738,41,block_shift,0.5,0.4473702462143105,1,random,,tabpfn3,0.7152979373931885,,0.8359621451104101,0.36627745628356934,0.907165109034268,,,,
openml:1494,classification,738,41,none,0.0,0.0,2,random,,tabpfn25,0.4703094959259033,,0.8927444794952681,0.2584376633167267,0.9554962171784602,,,,
openml:1494,classification,738,41,none,0.0,0.0,2,random,,tabpfn3,0.7245256900787354,,0.8927444794952681,0.2551293671131134,0.955896751223854,,,,
openml:1494,classification,738,41,block,0.3,0.2559472893307132,2,random,,tabpfn25,0.4613912105560303,,0.8832807570977917,0.26546621322631836,0.955318202047174,,,,
openml:1494,classification,738,41,block,0.3,0.2559472893307132,2,random,,tabpfn3,0.7239973545074463,,0.8990536277602523,0.25538188219070435,0.9565643079661772,,,,
openml:1494,classification,738,41,block,0.5,0.4473702462143105,2,random,,tabpfn25,0.5124537944793701,,0.8738170347003155,0.3052712380886078,0.9362260792167334,,,,
openml:1494,classification,738,41,block,0.5,0.4473702462143105,2,random,,tabpfn3,0.7251584529876709,,0.8643533123028391,0.2972361743450165,0.9378727191811304,,,,
openml:1494,classification,738,41,block_shift,0.3,0.23185758871806728,2,random,,tabpfn25,0.4733002185821533,,0.8769716088328076,0.2751658856868744,0.9503337783711615,,,,
openml:1494,classification,738,41,block_shift,0.3,0.23185758871806728,2,random,,tabpfn3,0.7236216068267822,,0.8927444794952681,0.2690901756286621,0.9529149977748108,,,,
openml:1494,classification,738,41,block_shift,0.5,0.4318344700034678,2,random,,tabpfn25,0.4612607955932617,,0.8485804416403786,0.33674877882003784,0.9197151757899421,,,,
openml:1494,classification,738,41,block_shift,0.5,0.4318344700034678,2,random,,tabpfn3,0.7156026363372803,,0.8485804416403786,0.33824220299720764,0.9171339563862929,,,,
openml:1494,classification,738,41,none,0.0,0.0,3,random,,tabpfn25,0.46337318420410156,,0.886435331230284,0.2691693902015686,0.9497552291944815,,,,
openml:1494,classification,738,41,none,0.0,0.0,3,random,,tabpfn3,0.7590351104736328,,0.889589905362776,0.27233198285102844,0.9470850022251891,,,,
openml:1494,classification,738,41,block,0.3,0.2926829268292683,3,random,,tabpfn25,0.4793581962585449,,0.886435331230284,0.3039548099040985,0.9348464619492657,,,,
openml:1494,classification,738,41,block,0.3,0.2926829268292683,3,random,,tabpfn3,0.7959492206573486,,0.8832807570977917,0.3063168227672577,0.9317757009345794,,,,
openml:1494,classification,738,41,block,0.5,0.44762455207490465,3,random,,tabpfn25,0.48040223121643066,,0.8738170347003155,0.3109726309776306,0.9344904316866933,,,,
openml:1494,classification,738,41,block,0.5,0.44762455207490465,3,random,,tabpfn3,0.7824618816375732,,0.8769716088328076,0.3036513030529022,0.9372051624388072,,,,
openml:1494,classification,738,41,block_shift,0.3,0.2926829268292683,3,random,,tabpfn25,0.4669620990753174,,0.8548895899053628,0.3187977969646454,0.9307966177125055,,,,
openml:1494,classification,738,41,block_shift,0.3,0.2926829268292683,3,random,,tabpfn3,0.7088229656219482,,0.861198738170347,0.3091318607330322,0.9327992879394749,,,,
openml:1494,classification,738,41,block_shift,0.5,0.4551612530343313,3,random,,tabpfn25,0.4769268035888672,,0.861198738170347,0.33743050694465637,0.9220293724966622,,,,
openml:1494,classification,738,41,block_shift,0.5,0.4551612530343313,3,random,,tabpfn3,0.7809898853302002,,0.8675078864353313,0.3362237215042114,0.9212283044058746,,,,
openml:1494,classification,738,41,none,0.0,0.0,4,random,,tabpfn25,0.46462464332580566,,0.8832807570977917,0.26151397824287415,0.956386292834891,,,,
openml:1494,classification,738,41,none,0.0,0.0,4,random,,tabpfn3,0.7180821895599365,,0.8927444794952681,0.2592693567276001,0.9562082777036048,,,,
openml:1494,classification,738,41,block,0.3,0.28463761414865335,4,random,,tabpfn25,0.5121490955352783,,0.8738170347003155,0.3056724965572357,0.9392968402314197,,,,
openml:1494,classification,738,41,block,0.3,0.28463761414865335,4,random,,tabpfn3,0.7228710651397705,,0.8675078864353313,0.30205586552619934,0.941967067200712,,,,
openml:1494,classification,738,41,block,0.5,0.47823373020460064,4,random,,tabpfn25,0.4578983783721924,,0.8832807570977917,0.32222750782966614,0.9262572318647083,,,,
openml:1494,classification,738,41,block,0.5,0.47823373020460064,4,random,,tabpfn3,0.7920198440551758,,0.8958990536277602,0.2966823875904083,0.9372941700044504,,,,
openml:1494,classification,738,41,block_shift,0.3,0.2767310137556352,4,random,,tabpfn25,0.47031497955322266,,0.8643533123028391,0.3292143642902374,0.9268357810413885,,,,
openml:1494,classification,738,41,block_shift,0.3,0.2767310137556352,4,random,,tabpfn3,0.7821006774902344,,0.8801261829652997,0.3283223509788513,0.927948375611927,,,,
openml:1494,classification,738,41,block_shift,0.5,0.47310137556351867,4,random,,tabpfn25,0.47896599769592285,,0.8422712933753943,0.3542817234992981,0.9107699154428125,,,,
openml:1494,classification,738,41,block_shift,0.5,0.47310137556351867,4,random,,tabpfn3,0.7959961891174316,,0.8517350157728707,0.34990236163139343,0.9139296840231421,,,,
openml:40701,classification,2100,20,none,0.0,0.0,0,random,,tabpfn25,0.5972788333892822,,0.9677777777777777,0.1348217874765396,0.924998217396176,,,,
openml:40701,classification,2100,20,none,0.0,0.0,0,random,,tabpfn3,0.844749927520752,,0.9733333333333334,0.12028294801712036,0.9346853958908435,,,,
openml:40701,classification,2100,20,block,0.3,0.2256,0,random,,tabpfn25,0.5553441047668457,,0.9611111111111111,0.14944040775299072,0.9271475282924692,,,,
openml:40701,classification,2100,20,block,0.3,0.2256,0,random,,tabpfn3,0.8923208713531494,,0.96,0.14611224830150604,0.9260474070754093,,,,
openml:40701,classification,2100,20,block,0.5,0.4903,0,random,,tabpfn25,0.5558655261993408,,0.9,0.2867431938648224,0.8117570361919507,,,,
openml:40701,classification,2100,20,block,0.5,0.4903,0,random,,tabpfn3,0.8964319229125977,,0.9066666666666666,0.275982528924942,0.8228295525155087,,,,
openml:40701,classification,2100,20,block_shift,0.3,0.2232,0,random,,tabpfn25,0.5484812259674072,,0.94,0.18814773857593536,0.9082926729889682,,,,
openml:40701,classification,2100,20,block_shift,0.3,0.2232,0,random,,tabpfn3,0.8964090347290039,,0.9422222222222222,0.19022582471370697,0.9067137953163358,,,,
openml:40701,classification,2100,20,block_shift,0.5,0.5,0,random,,tabpfn25,0.5593249797821045,,0.8888888888888888,0.32784131169319153,0.7708488250094223,,,,
openml:40701,classification,2100,20,block_shift,0.5,0.5,0,random,,tabpfn3,0.8870820999145508,,0.89,0.3253421485424042,0.7711340416212528,,,,
openml:40701,classification,2100,20,none,0.0,0.0,1,random,,tabpfn25,0.5559813976287842,,0.9688888888888889,0.10581031441688538,0.9480043717616581,,,,
openml:40701,classification,2100,20,none,0.0,0.0,1,random,,tabpfn3,0.9329955577850342,,0.9777777777777777,0.0934147983789444,0.9491883905440412,,,,
openml:40701,classification,2100,20,block,0.3,0.3,1,random,,tabpfn25,0.55257248878479,,0.9344444444444444,0.2137003093957901,0.8763762953367875,,,,
openml:40701,classification,2100,20,block,0.3,0.3,1,random,,tabpfn3,0.8838698863983154,,0.9444444444444444,0.19623425602912903,0.8784103788860104,,,,
openml:40701,classification,2100,20,block,0.5,0.4341333333333333,1,random,,tabpfn25,0.5500884056091309,,0.8933333333333333,0.28768929839134216,0.8180760200777202,,,,
openml:40701,classification,2100,20,block,0.5,0.4341333333333333,1,random,,tabpfn3,0.8936774730682373,,0.9022222222222223,0.2856515944004059,0.814250728626943,,,,
openml:40701,classification,2100,20,block_shift,0.3,0.3,1,random,,tabpfn25,0.5518369674682617,,0.9,0.27344822883605957,0.863078853626943,,,,
openml:40701,classification,2100,20,block_shift,0.3,0.3,1,random,,tabpfn3,0.889777660369873,,0.8944444444444445,0.2750144898891449,0.8614090835492227,,,,
openml:40701,classification,2100,20,block_shift,0.5,0.43421666666666664,1,random,,tabpfn25,0.5436511039733887,,0.9166666666666666,0.21370765566825867,0.9139107027202072,,,,
openml:40701,classification,2100,20,block_shift,0.5,0.43421666666666664,1,random,,tabpfn3,0.9197194576263428,,0.9122222222222223,0.2162764072418213,0.9180800680051814,,,,
openml:40701,classification,2100,20,none,0.0,0.0,2,random,,tabpfn25,0.5527856349945068,,0.9666666666666667,0.13627704977989197,0.9280784488341969,,,,
openml:40701,classification,2100,20,none,0.0,0.0,2,random,,tabpfn3,0.8777198791503906,,0.9666666666666667,0.12500065565109253,0.9349700453367874,,,,
openml:40701,classification,2100,20,block,0.3,0.2,2,random,,tabpfn25,0.5503790378570557,,0.9677777777777777,0.1424458920955658,0.9237066871761658,,,,
openml:40701,classification,2100,20,block,0.3,0.2,2,random,,tabpfn3,0.8839843273162842,,0.96,0.13090787827968597,0.9349295660621761,,,,
openml:40701,classification,2100,20,block,0.5,0.4665,2,random,,tabpfn25,0.55497145652771,,0.8955555555555555,0.30006253719329834,0.8125000000000001,,,,
openml:40701,classification,2100,20,block,0.5,0.4665,2,random,,tabpfn3,0.9175617694854736,,0.8933333333333333,0.2991277277469635,0.8112552623056994,,,,
openml:40701,classification,2100,20,block_shift,0.3,0.27445,2,random,,tabpfn25,0.5730700492858887,,0.9377777777777778,0.1897691786289215,0.9149631638601037,,,,
openml:40701,classification,2100,20,block_shift,0.3,0.27445,2,random,,tabpfn3,0.9724783897399902,,0.9422222222222222,0.17438392341136932,0.9193450453367875,,,,
openml:40701,classification,2100,20,block_shift,0.5,0.4833,2,random,,tabpfn25,0.5556924343109131,,0.8988888888888888,0.30458319187164307,0.7947397182642488,,,,
openml:40701,classification,2100,20,block_shift,0.5,0.4833,2,random,,tabpfn3,0.8996820449829102,,0.8955555555555555,0.3026910424232483,0.8055476845854922,,,,
openml:40701,classification,2100,20,none,0.0,0.0,3,random,,tabpfn25,0.5672557353973389,,0.9666666666666667,0.15139707922935486,0.9130598649295618,,,,
openml:40701,classification,2100,20,none,0.0,0.0,3,random,,tabpfn3,0.9845805168151855,,0.9644444444444444,0.14209173619747162,0.9120717930957207,,,,
openml:40701,classification,2100,20,block,0.3,0.28768333333333335,3,random,,tabpfn25,0.5607531070709229,,0.9433333333333334,0.2151215374469757,0.8837131128337288,,,,
openml:40701,classification,2100,20,block,0.3,0.28768333333333335,3,random,,tabpfn3,0.9022946357727051,,0.9444444444444444,0.19754303991794586,0.9014474743050392,,,,
openml:40701,classification,2100,20,block,0.5,0.45088333333333336,3,random,,tabpfn25,0.5498907566070557,,0.9,0.2823465168476105,0.8448625357794053,,,,
openml:40701,classification,2100,20,block,0.5,0.45088333333333336,3,random,,tabpfn3,0.8924267292022705,,0.9066666666666666,0.27749526500701904,0.8439966996363488,,,,
openml:40701,classification,2100,20,block_shift,0.3,0.3,3,random,,tabpfn25,0.5684044361114502,,0.9266666666666666,0.22695468366146088,0.8732008434262665,,,,
openml:40701,classification,2100,20,block_shift,0.3,0.3,3,random,,tabpfn3,0.8995347023010254,,0.9344444444444444,0.21998649835586548,0.8746574854081145,,,,
openml:40701,classification,2100,20,block_shift,0.5,0.4511,3,random,,tabpfn25,0.5476236343383789,,0.9022222222222223,0.2947004735469818,0.815913049678622,,,,
openml:40701,classification,2100,20,block_shift,0.5,0.4511,3,random,,tabpfn3,0.8952867984771729,,0.9122222222222223,0.288278728723526,0.8209247130007843,,,,
openml:40701,classification,2100,20,none,0.0,0.0,4,random,,tabpfn25,0.5961503982543945,,0.9711111111111111,0.11945516616106033,0.9366819121736563,,,,
openml:40701,classification,2100,20,none,0.0,0.0,4,random,,tabpfn3,0.8873722553253174,,0.9711111111111111,0.11523853242397308,0.95176783367797,,,,
openml:40701,classification,2100,20,block,0.3,0.2833333333333333,4,random,,tabpfn25,0.5517661571502686,,0.95,0.16179931163787842,0.9233276629554552,,,,
openml:40701,classification,2100,20,block,0.3,0.2833333333333333,4,random,,tabpfn3,0.9008932113647461,,0.9555555555555556,0.15350115299224854,0.9326481343777694,,,,
openml:40701,classification,2100,20,block,0.5,0.48015,4,random,,tabpfn25,0.55047607421875,,0.8966666666666666,0.2851601839065552,0.8365403224984974,,,,
openml:40701,classification,2100,20,block,0.5,0.48015,4,random,,tabpfn3,0.9010734558105469,,0.8977777777777778,0.288369745016098,0.837131128337289,,,,
openml:40701,classification,2100,20,block_shift,0.3,0.2833,4,random,,tabpfn25,0.5493409633636475,,0.9255555555555556,0.22447459399700165,0.8844465269784356,,,,
openml:40701,classification,2100,20,block_shift,0.3,0.2833,4,random,,tabpfn3,0.9001138210296631,,0.9255555555555556,0.21688446402549744,0.9009585315419014,,,,
openml:40701,classification,2100,20,block_shift,0.5,0.5,4,random,,tabpfn25,0.5518932342529297,,0.8944444444444445,0.30093133449554443,0.7990241517352376,,,,
openml:40701,classification,2100,20,block_shift,0.5,0.5,4,random,,tabpfn3,0.9358220100402832,,0.8966666666666666,0.30284586548805237,0.7938902527222907,,,,
openml:1063,classification,365,21,none,0.0,0.0,0,random,,tabpfn25,0.41162729263305664,,0.8471337579617835,0.3276021182537079,0.884625,,,,
openml:1063,classification,365,21,none,0.0,0.0,0,random,,tabpfn3,0.7742249965667725,,0.8471337579617835,0.3295277953147888,0.8836249999999999,,,,
openml:1063,classification,365,21,block,0.3,0.26126619230067505,0,random,,tabpfn25,0.4144303798675537,,0.8535031847133758,0.3333607017993927,0.8887499999999999,,,,
openml:1063,classification,365,21,block,0.3,0.26126619230067505,0,random,,tabpfn3,0.7622027397155762,,0.8535031847133758,0.3366582989692688,0.883,,,,
openml:1063,classification,365,21,block,0.5,0.46734172596241563,0,random,,tabpfn25,0.4125556945800781,,0.8471337579617835,0.33493945002555847,0.882,,,,
openml:1063,classification,365,21,block,0.5,0.46734172596241563,0,random,,tabpfn3,0.7552435398101807,,0.8343949044585988,0.36163708567619324,0.84775,,,,
openml:1063,classification,365,21,block_shift,0.3,0.21364714468162743,0,random,,tabpfn25,0.4499216079711914,,0.8471337579617835,0.3394016921520233,0.87525,,,,
openml:1063,classification,365,21,block_shift,0.3,0.21364714468162743,0,random,,tabpfn3,0.7604854106903076,,0.8471337579617835,0.3404347598552704,0.8737499999999999,,,,
openml:1063,classification,365,21,block_shift,0.5,0.47619047619047616,0,random,,tabpfn25,0.46381378173828125,,0.8471337579617835,0.3359556794166565,0.8927499999999999,,,,
openml:1063,classification,365,21,block_shift,0.5,0.47619047619047616,0,random,,tabpfn3,0.7620854377746582,,0.8407643312101911,0.33040744066238403,0.89,,,,
openml:1063,classification,365,21,none,0.0,0.0,1,random,,tabpfn25,0.4092717170715332,,0.8471337579617835,0.3505832254886627,0.873,,,,
openml:1063,classification,365,21,none,0.0,0.0,1,random,,tabpfn3,0.7568981647491455,,0.8726114649681529,0.3499827980995178,0.86875,,,,
openml:1063,classification,365,21,block,0.3,0.2857142857142857,1,random,,tabpfn25,0.4230995178222656,,0.8471337579617835,0.3570227026939392,0.8578749999999998,,,,
openml:1063,classification,365,21,block,0.3,0.2857142857142857,1,random,,tabpfn3,0.7536828517913818,,0.8471337579617835,0.3561965525150299,0.857375,,,,
openml:1063,classification,365,21,block,0.5,0.41224229155263636,1,random,,tabpfn25,0.4194324016571045,,0.8343949044585988,0.36419764161109924,0.8491249999999999,,,,
openml:1063,classification,365,21,block,0.5,0.41224229155263636,1,random,,tabpfn3,0.7643725872039795,,0.8280254777070064,0.3599027097225189,0.851125,,,,
openml:1063,classification,365,21,block_shift,0.3,0.2857142857142857,1,random,,tabpfn25,0.428877592086792,,0.8471337579617835,0.3648853302001953,0.84,,,,
openml:1063,classification,365,21,block_shift,0.3,0.2857142857142857,1,random,,tabpfn3,0.8077869415283203,,0.8407643312101911,0.370012104511261,0.8357500000000001,,,,
openml:1063,classification,365,21,block_shift,0.5,0.4439883232986681,1,random,,tabpfn25,0.4197721481323242,,0.8407643312101911,0.37464582920074463,0.8337499999999999,,,,
openml:1063,classification,365,21,block_shift,0.5,0.4439883232986681,1,random,,tabpfn3,0.7521023750305176,,0.8535031847133758,0.3720169961452484,0.836,,,,
openml:1063,classification,365,21,none,0.0,0.0,2,random,,tabpfn25,0.41596269607543945,,0.8343949044585988,0.3624609112739563,0.844375,,,,
openml:1063,classification,365,21,none,0.0,0.0,2,random,,tabpfn3,0.748154878616333,,0.8343949044585988,0.37025848031044006,0.846375,,,,
openml:1063,classification,365,21,block,0.3,0.262269658821383,2,random,,tabpfn25,0.41524839401245117,,0.8343949044585988,0.3713452219963074,0.845125,,,,
openml:1063,classification,365,21,block,0.3,0.262269658821383,2,random,,tabpfn3,0.7605903148651123,,0.8343949044585988,0.3730340003967285,0.8538749999999999,,,,
openml:1063,classification,365,21,block,0.5,0.4603174603174603,2,random,,tabpfn25,0.4891531467437744,,0.8471337579617835,0.35893505811691284,0.8455,,,,
openml:1063,classification,365,21,block,0.5,0.4603174603174603,2,random,,tabpfn3,0.7557344436645508,,0.8407643312101911,0.3565000295639038,0.8502500000000001,,,,
openml:1063,classification,365,21,block_shift,0.3,0.23809523809523808,2,random,,tabpfn25,0.5286955833435059,,0.8407643312101911,0.38798829913139343,0.8225,,,,
openml:1063,classification,365,21,block_shift,0.3,0.23809523809523808,2,random,,tabpfn3,0.7702512741088867,,0.8407643312101911,0.3800183832645416,0.8307499999999999,,,,
openml:1063,classification,365,21,block_shift,0.5,0.4430760810071155,2,random,,tabpfn25,0.461010217666626,,0.8471337579617835,0.3759767711162567,0.8320000000000001,,,,
openml:1063,classification,365,21,block_shift,0.5,0.4430760810071155,2,random,,tabpfn3,0.7544467449188232,,0.8471337579617835,0.3787641227245331,0.82475,,,,
openml:1063,classification,365,21,none,0.0,0.0,3,random,,tabpfn25,0.427579402923584,,0.8343949044585988,0.460104376077652,0.766875,,,,
openml:1063,classification,365,21,none,0.0,0.0,3,random,,tabpfn3,0.7568521499633789,,0.8343949044585988,0.46013423800468445,0.7641249999999999,,,,
openml:1063,classification,365,21,block,0.3,0.2857142857142857,3,random,,tabpfn25,0.41971445083618164,,0.821656050955414,0.479704350233078,0.7586249999999999,,,,
openml:1063,classification,365,21,block,0.3,0.2857142857142857,3,random,,tabpfn3,0.7573280334472656,,0.8152866242038217,0.459989994764328,0.7638750000000001,,,,
openml:1063,classification,365,21,block,0.5,0.47619047619047616,3,random,,tabpfn25,0.42362189292907715,,0.802547770700637,0.5052129626274109,0.763625,,,,
openml:1063,classification,365,21,block,0.5,0.47619047619047616,3,random,,tabpfn3,0.7514822483062744,,0.7834394904458599,0.4844304919242859,0.7623749999999999,,,,
openml:1063,classification,365,21,block_shift,0.3,0.2857142857142857,3,random,,tabpfn25,0.42461466789245605,,0.8280254777070064,0.46372130513191223,0.7815000000000001,,,,
openml:1063,classification,365,21,block_shift,0.3,0.2857142857142857,3,random,,tabpfn3,0.7517523765563965,,0.8280254777070064,0.47262486815452576,0.7689999999999999,,,,
openml:1063,classification,365,21,block_shift,0.5,0.44590403211092866,3,random,,tabpfn25,0.41544079780578613,,0.7961783439490446,0.49824678897857666,0.7662500000000001,,,,
openml:1063,classification,365,21,block_shift,0.5,0.44590403211092866,3,random,,tabpfn3,0.8010332584381104,,0.7898089171974523,0.4797546863555908,0.7687499999999999,,,,
openml:1063,classification,365,21,none,0.0,0.0,4,random,,tabpfn25,0.4100990295410156,,0.8089171974522293,0.38587743043899536,0.854,,,,
openml:1063,classification,365,21,none,0.0,0.0,4,random,,tabpfn3,0.766993522644043,,0.8089171974522293,0.3949483335018158,0.841,,,,
openml:1063,classification,365,21,block,0.3,0.2857142857142857,4,random,,tabpfn25,0.4141101837158203,,0.8089171974522293,0.4018029272556305,0.83075,,,,
openml:1063,classification,365,21,block,0.3,0.2857142857142857,4,random,,tabpfn3,0.774975061416626,,0.8152866242038217,0.38720881938934326,0.8370000000000001,,,,
openml:1063,classification,365,21,block,0.5,0.46734172596241563,4,random,,tabpfn25,0.4091510772705078,,0.8089171974522293,0.3940252363681793,0.8246249999999999,,,,
openml:1063,classification,365,21,block,0.5,0.46734172596241563,4,random,,tabpfn3,0.7619998455047607,,0.821656050955414,0.3834283947944641,0.838875,,,,
openml:1063,classification,365,21,block_shift,0.3,0.2857142857142857,4,random,,tabpfn25,0.41696882247924805,,0.8280254777070064,0.36442598700523376,0.841,,,,
openml:1063,classification,365,21,block_shift,0.3,0.2857142857142857,4,random,,tabpfn3,0.7529659271240234,,0.8343949044585988,0.36609116196632385,0.8415,,,,
openml:1063,classification,365,21,block_shift,0.5,0.47619047619047616,4,random,,tabpfn25,0.4210083484649658,,0.8343949044585988,0.3813588321208954,0.839,,,,
openml:1063,classification,365,21,block_shift,0.5,0.47619047619047616,4,random,,tabpfn3,0.7562758922576904,,0.821656050955414,0.38224977254867554,0.8385,,,,
openml:40994,classification,378,18,none,0.0,0.0,0,random,,tabpfn25,0.4370591640472412,,0.9444444444444444,0.13124318420886993,0.9594594594594595,,,,
openml:40994,classification,378,18,none,0.0,0.0,0,random,,tabpfn3,0.7933039665222168,,0.9506172839506173,0.13873422145843506,0.9565637065637066,,,,
openml:40994,classification,378,18,block,0.3,0.2222222222222222,0,random,,tabpfn25,0.4195842742919922,,0.9259259259259259,0.14358298480510712,0.958976833976834,,,,
openml:40994,classification,378,18,block,0.3,0.2222222222222222,0,random,,tabpfn3,0.9196047782897949,,0.9320987654320988,0.1512584686279297,0.9531853281853282,,,,
openml:40994,classification,378,18,block,0.5,0.4897119341563786,0,random,,tabpfn25,0.41765928268432617,,0.9135802469135802,0.2214229702949524,0.8667953667953668,,,,
openml:40994,classification,378,18,block,0.5,0.4897119341563786,0,random,,tabpfn3,0.8144536018371582,,0.9135802469135802,0.23019762337207794,0.833976833976834,,,,
openml:40994,classification,378,18,block_shift,0.3,0.2222222222222222,0,random,,tabpfn25,0.418168306350708,,0.9320987654320988,0.17279605567455292,0.9194015444015444,,,,
openml:40994,classification,378,18,block_shift,0.3,0.2222222222222222,0,random,,tabpfn3,0.760382890701294,,0.9259259259259259,0.17062945663928986,0.9295366795366795,,,,
openml:40994,classification,378,18,block_shift,0.5,0.4897119341563786,0,random,,tabpfn25,0.4183471202850342,,0.9135802469135802,0.24356715381145477,0.8566602316602316,,,,
openml:40994,classification,378,18,block_shift,0.5,0.4897119341563786,0,random,,tabpfn3,0.7540483474731445,,0.9135802469135802,0.2352648824453354,0.8875482625482626,,,,
openml:40994,classification,378,18,none,0.0,0.0,1,random,,tabpfn25,0.4319577217102051,,0.9444444444444444,0.13329973816871643,0.9594594594594594,,,,
openml:40994,classification,378,18,none,0.0,0.0,1,random,,tabpfn3,0.7499151229858398,,0.9382716049382716,0.13376343250274658,0.9546332046332047,,,,
openml:40994,classification,378,18,block,0.3,0.2777777777777778,1,random,,tabpfn25,0.4267301559448242,,0.9074074074074074,0.20436517894268036,0.9015444015444016,,,,
openml:40994,classification,378,18,block,0.3,0.2777777777777778,1,random,,tabpfn3,0.7505886554718018,,0.9135802469135802,0.2193199247121811,0.8875482625482625,,,,
openml:40994,classification,378,18,block,0.5,0.4617283950617284,1,random,,tabpfn25,0.42047858238220215,,0.9135802469135802,0.24925284087657928,0.8079150579150579,,,,
openml:40994,classification,378,18,block,0.5,0.4617283950617284,1,random,,tabpfn3,0.8126780986785889,,0.9135802469135802,0.24962522089481354,0.7972972972972974,,,,
openml:40994,classification,378,18,block_shift,0.3,0.2777777777777778,1,random,,tabpfn25,0.4259786605834961,,0.9197530864197531,0.20662713050842285,0.8918918918918919,,,,
openml:40994,classification,378,18,block_shift,0.3,0.2777777777777778,1,random,,tabpfn3,0.7578051090240479,,0.9135802469135802,0.20908185839653015,0.8846525096525097,,,,
openml:40994,classification,378,18,block_shift,0.5,0.4808641975308642,1,random,,tabpfn25,0.41280102729797363,,0.9259259259259259,0.2193922996520996,0.862934362934363,,,,
openml:40994,classification,378,18,block_shift,0.5,0.4808641975308642,1,random,,tabpfn3,0.7616367340087891,,0.9259259259259259,0.21778714656829834,0.8595559845559846,,,,
openml:40994,classification,378,18,none,0.0,0.0,2,random,,tabpfn25,0.42117834091186523,,0.9506172839506173,0.12412768602371216,0.9700772200772201,,,,
openml:40994,classification,378,18,none,0.0,0.0,2,random,,tabpfn3,0.763465166091919,,0.9629629629629629,0.10550474375486374,0.9773166023166023,,,,
openml:40994,classification,378,18,block,0.3,0.25020576131687244,2,random,,tabpfn25,0.42282891273498535,,0.9320987654320988,0.18751423060894012,0.9097490347490347,,,,
openml:40994,classification,378,18,block,0.3,0.25020576131687244,2,random,,tabpfn3,0.7604079246520996,,0.9320987654320988,0.17994047701358795,0.9237451737451737,,,,
openml:40994,classification,378,18,block,0.5,0.4596707818930041,2,random,,tabpfn25,0.4106295108795166,,0.9135802469135802,0.22381450235843658,0.8605212355212355,,,,
openml:40994,classification,378,18,block,0.5,0.4596707818930041,2,random,,tabpfn3,0.7580437660217285,,0.9135802469135802,0.22770950198173523,0.8474903474903475,,,,
openml:40994,classification,378,18,block_shift,0.3,0.2777777777777778,2,random,,tabpfn25,0.416278600692749,,0.9629629629629629,0.12872359156608582,0.9744208494208494,,,,
openml:40994,classification,378,18,block_shift,0.3,0.2777777777777778,2,random,,tabpfn3,0.7532942295074463,,0.9629629629629629,0.1212000921368599,0.9729729729729729,,,,
openml:40994,classification,378,18,block_shift,0.5,0.4630658436213992,2,random,,tabpfn25,0.41661787033081055,,0.9197530864197531,0.19768182933330536,0.9184362934362934,,,,
openml:40994,classification,378,18,block_shift,0.5,0.4630658436213992,2,random,,tabpfn3,0.747349739074707,,0.9259259259259259,0.1957085281610489,0.9174710424710424,,,,
openml:40994,classification,378,18,none,0.0,0.0,3,random,,tabpfn25,0.4155588150024414,,0.9691358024691358,0.08675861358642578,0.9860038610038611,,,,
openml:40994,classification,378,18,none,0.0,0.0,3,random,,tabpfn3,0.8022003173828125,,0.9691358024691358,0.08669526129961014,0.986003861003861,,,,
openml:40994,classification,378,18,block,0.3,0.2777777777777778,3,random,,tabpfn25,0.46781134605407715,,0.9629629629629629,0.11033717542886734,0.9787644787644788,,,,
openml:40994,classification,378,18,block,0.3,0.2777777777777778,3,random,,tabpfn3,0.7545220851898193,,0.9629629629629629,0.1168791651725769,0.9695945945945945,,,,
openml:40994,classification,378,18,block,0.5,0.5,3,random,,tabpfn25,0.4192464351654053,,0.9135802469135802,0.25843119621276855,0.7852316602316602,,,,
openml:40994,classification,378,18,block,0.5,0.5,3,random,,tabpfn3,0.7640058994293213,,0.9135802469135802,0.25730931758880615,0.8199806949806949,,,,
openml:40994,classification,378,18,block_shift,0.3,0.2777777777777778,3,random,,tabpfn25,0.41579604148864746,,0.9320987654320988,0.1487782597541809,0.9647683397683398,,,,
openml:40994,classification,378,18,block_shift,0.3,0.2777777777777778,3,random,,tabpfn3,0.7620816230773926,,0.9259259259259259,0.15166473388671875,0.9628378378378378,,,,
openml:40994,classification,378,18,block_shift,0.5,0.4596707818930041,3,random,,tabpfn25,0.42030930519104004,,0.9259259259259259,0.22696267068386078,0.8363899613899614,,,,
openml:40994,classification,378,18,block_shift,0.5,0.4596707818930041,3,random,,tabpfn3,0.7474813461303711,,0.9259259259259259,0.21437418460845947,0.8827220077220077,,,,
openml:40994,classification,378,18,none,0.0,0.0,4,random,,tabpfn25,0.42371034622192383,,0.9506172839506173,0.14427873492240906,0.9251930501930501,,,,
openml:40994,classification,378,18,none,0.0,0.0,4,random,,tabpfn3,0.7680957317352295,,0.9567901234567902,0.14186780154705048,0.9324324324324323,,,,
openml:40994,classification,378,18,block,0.3,0.2777777777777778,4,random,,tabpfn25,0.4192924499511719,,0.9320987654320988,0.21639113128185272,0.8672779922779923,,,,
openml:40994,classification,378,18,block,0.3,0.2777777777777778,4,random,,tabpfn3,0.7897131443023682,,0.9197530864197531,0.2179204672574997,0.8793436293436294,,,,
openml:40994,classification,378,18,block,0.5,0.48878600823045265,4,random,,tabpfn25,0.415924072265625,,0.9197530864197531,0.24262750148773193,0.8083976833976835,,,,
openml:40994,classification,378,18,block,0.5,0.48878600823045265,4,random,,tabpfn3,0.7552342414855957,,0.9259259259259259,0.2513766884803772,0.8170849420849421,,,,
openml:40994,classification,378,18,block_shift,0.3,0.25925925925925924,4,random,,tabpfn25,0.41223788261413574,,0.9259259259259259,0.22712379693984985,0.8412162162162161,,,,
openml:40994,classification,378,18,block_shift,0.3,0.25925925925925924,4,random,,tabpfn3,0.7535543441772461,,0.9259259259259259,0.22926749289035797,0.8605212355212355,,,,
openml:40994,classification,378,18,block_shift,0.5,0.5,4,random,,tabpfn25,0.4178488254547119,,0.9197530864197531,0.2279740273952484,0.8494208494208494,,,,
openml:40994,classification,378,18,block_shift,0.5,0.5,4,random,,tabpfn3,0.7555117607116699,,0.9135802469135802,0.22857235372066498,0.8576254826254827,,,,
openml:1480,classification,408,10,none,0.0,0.0,0,random,,tabpfn25,0.4370408058166504,,0.7085714285714285,0.5140681862831116,0.7372799999999999,,,,
openml:1480,classification,408,10,none,0.0,0.0,0,random,,tabpfn3,0.7630550861358643,,0.7428571428571429,0.5118133425712585,0.7334400000000001,,,,
openml:1480,classification,408,10,block,0.3,0.3,0,random,,tabpfn25,0.42460012435913086,,0.7142857142857143,0.5278884768486023,0.70672,,,,
openml:1480,classification,408,10,block,0.3,0.3,0,random,,tabpfn3,0.8128623962402344,,0.7257142857142858,0.526404619216919,0.6974400000000001,,,,
openml:1480,classification,408,10,block,0.5,0.5,0,random,,tabpfn25,0.428760290145874,,0.7142857142857143,0.5500209331512451,0.65728,,,,
openml:1480,classification,408,10,block,0.5,0.5,0,random,,tabpfn3,0.7721700668334961,,0.6971428571428572,0.5560309290885925,0.6625599999999999,,,,
openml:1480,classification,408,10,block_shift,0.3,0.2502572898799314,0,random,,tabpfn25,0.4292328357696533,,0.6971428571428572,0.5317452549934387,0.70928,,,,
openml:1480,classification,408,10,block_shift,0.3,0.2502572898799314,0,random,,tabpfn3,0.7610223293304443,,0.68,0.5223150849342346,0.72288,,,,
openml:1480,classification,408,10,block_shift,0.5,0.5,0,random,,tabpfn25,0.4347875118255615,,0.7085714285714285,0.5495206117630005,0.64768,,,,
openml:1480,classification,408,10,block_shift,0.5,0.5,0,random,,tabpfn3,0.7755281925201416,,0.6971428571428572,0.5510489344596863,0.6532800000000001,,,,
openml:1480,classification,408,10,none,0.0,0.0,1,random,,tabpfn25,0.4261918067932129,,0.7314285714285714,0.4823131561279297,0.7769600000000001,,,,
openml:1480,classification,408,10,none,0.0,0.0,1,random,,tabpfn3,0.7695708274841309,,0.7257142857142858,0.47715243697166443,0.78592,,,,
openml:1480,classification,408,10,block,0.3,0.3,1,random,,tabpfn25,0.46309900283813477,,0.7142857142857143,0.5023745894432068,0.74624,,,,
openml:1480,classification,408,10,block,0.3,0.3,1,random,,tabpfn3,0.7573511600494385,,0.72,0.5013272762298584,0.75776,,,,
openml:1480,classification,408,10,block,0.5,0.5,1,random,,tabpfn25,0.43139028549194336,,0.7314285714285714,0.5119225382804871,0.7150399999999999,,,,
openml:1480,classification,408,10,block,0.5,0.5,1,random,,tabpfn3,0.7611641883850098,,0.72,0.5156462788581848,0.71968,,,,
openml:1480,classification,408,10,block_shift,0.3,0.3,1,random,,tabpfn25,0.42541027069091797,,0.7428571428571429,0.5072580575942993,0.76272,,,,
openml:1480,classification,408,10,block_shift,0.3,0.3,1,random,,tabpfn3,0.7567415237426758,,0.7428571428571429,0.5060074329376221,0.75664,,,,
openml:1480,classification,408,10,block_shift,0.5,0.4327615780445969,1,random,,tabpfn25,0.4332258701324463,,0.6857142857142857,0.532672643661499,0.7092799999999999,,,,
openml:1480,classification,408,10,block_shift,0.5,0.4327615780445969,1,random,,tabpfn3,0.8033900260925293,,0.6971428571428572,0.5318803191184998,0.712,,,,
openml:1480,classification,408,10,none,0.0,0.0,2,random,,tabpfn25,0.42873597145080566,,0.7314285714285714,0.5137771964073181,0.7496,,,,
openml:1480,classification,408,10,none,0.0,0.0,2,random,,tabpfn3,0.7696938514709473,,0.7257142857142858,0.49361005425453186,0.76592,,,,
openml:1480,classification,408,10,block,0.3,0.2,2,random,,tabpfn25,0.428173303604126,,0.7257142857142858,0.5207966566085815,0.7403199999999999,,,,
openml:1480,classification,408,10,block,0.3,0.2,2,random,,tabpfn3,0.7685556411743164,,0.7314285714285714,0.5089055299758911,0.75056,,,,
openml:1480,classification,408,10,block,0.5,0.39502572898799315,2,random,,tabpfn25,0.43112921714782715,,0.7257142857142858,0.5421208143234253,0.7270399999999999,,,,
openml:1480,classification,408,10,block,0.5,0.39502572898799315,2,random,,tabpfn3,0.7725944519042969,,0.72,0.5486013889312744,0.71456,,,,
openml:1480,classification,408,10,block_shift,0.3,0.20085763293310463,2,random,,tabpfn25,0.428189754486084,,0.7142857142857143,0.5584056377410889,0.67312,,,,
openml:1480,classification,408,10,block_shift,0.3,0.20085763293310463,2,random,,tabpfn3,0.8066251277923584,,0.6914285714285714,0.5586276650428772,0.66928,,,,
openml:1480,classification,408,10,block_shift,0.5,0.4667238421955403,2,random,,tabpfn25,0.4288754463195801,,0.7085714285714285,0.5336869359016418,0.7195199999999999,,,,
openml:1480,classification,408,10,block_shift,0.5,0.4667238421955403,2,random,,tabpfn3,0.7603049278259277,,0.7028571428571428,0.5323578715324402,0.7209599999999999,,,,
openml:1480,classification,408,10,none,0.0,0.0,3,random,,tabpfn25,0.4310133457183838,,0.7028571428571428,0.526153564453125,0.7369600000000001,,,,
openml:1480,classification,408,10,none,0.0,0.0,3,random,,tabpfn3,0.7511308193206787,,0.7085714285714285,0.513594388961792,0.7536,,,,
openml:1480,classification,408,10,block,0.3,0.3,3,random,,tabpfn25,0.43993449211120605,,0.72,0.5269280076026917,0.7254400000000001,,,,
openml:1480,classification,408,10,block,0.3,0.3,3,random,,tabpfn3,0.7686975002288818,,0.6971428571428572,0.5264320373535156,0.7272,,,,
openml:1480,classification,408,10,block,0.5,0.4332761578044597,3,random,,tabpfn25,0.4203145503997803,,0.7028571428571428,0.5184302926063538,0.74816,,,,
openml:1480,classification,408,10,block,0.5,0.4332761578044597,3,random,,tabpfn3,0.8161334991455078,,0.7085714285714285,0.5211042165756226,0.75184,,,,
openml:1480,classification,408,10,block_shift,0.3,0.3,3,random,,tabpfn25,0.4317028522491455,,0.7028571428571428,0.5450099110603333,0.71536,,,,
openml:1480,classification,408,10,block_shift,0.3,0.3,3,random,,tabpfn3,0.7688484191894531,,0.72,0.5504767894744873,0.70704,,,,
openml:1480,classification,408,10,block_shift,0.5,0.46500857632933107,3,random,,tabpfn25,0.4204423427581787,,0.7142857142857143,0.5205530524253845,0.72976,,,,
openml:1480,classification,408,10,block_shift,0.5,0.46500857632933107,3,random,,tabpfn3,0.7571859359741211,,0.7142857142857143,0.5224162340164185,0.73024,,,,
openml:1480,classification,408,10,none,0.0,0.0,4,random,,tabpfn25,0.43331122398376465,,0.72,0.5162321925163269,0.7452799999999999,,,,
openml:1480,classification,408,10,none,0.0,0.0,4,random,,tabpfn3,0.7600514888763428,,0.7142857142857143,0.49901625514030457,0.7619199999999999,,,,
openml:1480,classification,408,10,block,0.3,0.3,4,random,,tabpfn25,0.41781187057495117,,0.72,0.5307425260543823,0.7220799999999999,,,,
openml:1480,classification,408,10,block,0.3,0.3,4,random,,tabpfn3,0.8023290634155273,,0.7142857142857143,0.5342928767204285,0.72304,,,,
openml:1480,classification,408,10,block,0.5,0.5,4,random,,tabpfn25,0.43134546279907227,,0.7314285714285714,0.5300176739692688,0.73504,,,,
openml:1480,classification,408,10,block,0.5,0.5,4,random,,tabpfn3,0.7681064605712891,,0.7314285714285714,0.5249814987182617,0.73056,,,,
openml:1480,classification,408,10,block_shift,0.3,0.3,4,random,,tabpfn25,0.43353939056396484,,0.7028571428571428,0.5269477367401123,0.7128,,,,
openml:1480,classification,408,10,block_shift,0.3,0.3,4,random,,tabpfn3,0.7551529407501221,,0.7028571428571428,0.5301064848899841,0.71456,,,,
openml:1480,classification,408,10,block_shift,0.5,0.5,4,random,,tabpfn25,0.43481993675231934,,0.7314285714285714,0.5188796520233154,0.73472,,,,
openml:1480,classification,408,10,block_shift,0.5,0.5,4,random,,tabpfn3,0.7693610191345215,,0.7257142857142858,0.5203991532325745,0.73584,,,,
openml:37,classification,537,8,none,0.0,0.0,0,random,,tabpfn25,0.41809749603271484,,0.7922077922077922,0.46214044094085693,0.8478189300411522,,,,
openml:37,classification,537,8,none,0.0,0.0,0,random,,tabpfn3,0.7629156112670898,,0.7878787878787878,0.4631471633911133,0.8507818930041151,,,,
openml:37,classification,537,8,block,0.3,0.18798828125,0,random,,tabpfn25,0.42493677139282227,,0.7662337662337663,0.47241830825805664,0.8347325102880657,,,,
openml:37,classification,537,8,block,0.3,0.18798828125,0,random,,tabpfn3,0.7914614677429199,,0.7575757575757576,0.473835825920105,0.8354732510288065,,,,
openml:37,classification,537,8,block,0.5,0.4737955729166667,0,random,,tabpfn25,0.4195702075958252,,0.70995670995671,0.5425223112106323,0.7661728395061729,,,,
openml:37,classification,537,8,block,0.5,0.4737955729166667,0,random,,tabpfn3,0.7590305805206299,,0.7186147186147186,0.5341227650642395,0.7791769547325104,,,,
openml:37,classification,537,8,block_shift,0.3,0.18701171875,0,random,,tabpfn25,0.4168567657470703,,0.7489177489177489,0.5296556949615479,0.7908641975308641,,,,
openml:37,classification,537,8,block_shift,0.3,0.18701171875,0,random,,tabpfn3,0.75699782371521,,0.7402597402597403,0.5274879932403564,0.7925102880658436,,,,
openml:37,classification,537,8,block_shift,0.5,0.5,0,random,,tabpfn25,0.41084933280944824,,0.6883116883116883,0.614742636680603,0.671687242798354,,,,
openml:37,classification,537,8,block_shift,0.5,0.5,0,random,,tabpfn3,0.7524690628051758,,0.6926406926406926,0.6188431978225708,0.6699588477366255,,,,
openml:37,classification,537,8,none,0.0,0.0,1,random,,tabpfn25,0.4123220443725586,,0.7662337662337663,0.4704868197441101,0.8395061728395061,,,,
openml:37,classification,537,8,none,0.0,0.0,1,random,,tabpfn3,0.7561111450195312,,0.7748917748917749,0.4852985739707947,0.8357201646090535,,,,
openml:37,classification,537,8,block,0.3,0.20979817708333334,1,random,,tabpfn25,0.4152641296386719,,0.7748917748917749,0.46674907207489014,0.8409053497942387,,,,
openml:37,classification,537,8,block,0.3,0.20979817708333334,1,random,,tabpfn3,0.7583165168762207,,0.7705627705627706,0.474496066570282,0.8392592592592594,,,,
openml:37,classification,537,8,block,0.5,0.5,1,random,,tabpfn25,0.45526599884033203,,0.7316017316017316,0.5456730723381042,0.7650205761316872,,,,
openml:37,classification,537,8,block,0.5,0.5,1,random,,tabpfn3,0.7580251693725586,,0.7229437229437229,0.549640953540802,0.7679835390946502,,,,
openml:37,classification,537,8,block_shift,0.3,0.25,1,random,,tabpfn25,0.41648125648498535,,0.7705627705627706,0.5291416645050049,0.7875720164609054,,,,
openml:37,classification,537,8,block_shift,0.3,0.25,1,random,,tabpfn3,0.7474391460418701,,0.7619047619047619,0.5269075036048889,0.7866666666666666,,,,
openml:37,classification,537,8,block_shift,0.5,0.4173177083333333,1,random,,tabpfn25,0.42631983757019043,,0.6926406926406926,0.5413512587547302,0.7627160493827161,,,,
openml:37,classification,537,8,block_shift,0.5,0.4173177083333333,1,random,,tabpfn3,0.7577435970306396,,0.6926406926406926,0.5527346134185791,0.7489711934156379,,,,
openml:37,classification,537,8,none,0.0,0.0,2,random,,tabpfn25,0.4213111400604248,,0.7662337662337663,0.45132365822792053,0.8578600823045267,,,,
openml:37,classification,537,8,none,0.0,0.0,2,random,,tabpfn3,0.755342960357666,,0.7748917748917749,0.447571337223053,0.8594238683127572,,,,
openml:37,classification,537,8,block,0.3,0.25,2,random,,tabpfn25,0.42171788215637207,,0.7705627705627706,0.4733363687992096,0.8366255144032922,,,,
openml:37,classification,537,8,block,0.3,0.25,2,random,,tabpfn3,0.7564449310302734,,0.7792207792207793,0.47028544545173645,0.8386831275720165,,,,
openml:37,classification,537,8,block,0.5,0.4143880208333333,2,random,,tabpfn25,0.41387248039245605,,0.696969696969697,0.5476670861244202,0.7639506172839505,,,,
openml:37,classification,537,8,block,0.5,0.4143880208333333,2,random,,tabpfn3,0.7878499031066895,,0.6883116883116883,0.5367589592933655,0.771522633744856,,,,
openml:37,classification,537,8,block_shift,0.3,0.18766276041666666,2,random,,tabpfn25,0.41470932960510254,,0.7705627705627706,0.45713093876838684,0.8497942386831276,,,,
openml:37,classification,537,8,block_shift,0.3,0.18766276041666666,2,random,,tabpfn3,0.7603650093078613,,0.7662337662337663,0.4615665674209595,0.8477366255144032,,,,
openml:37,classification,537,8,block_shift,0.5,0.4560546875,2,random,,tabpfn25,0.4181687831878662,,0.7056277056277056,0.5679615139961243,0.7407407407407407,,,,
openml:37,classification,537,8,block_shift,0.5,0.4560546875,2,random,,tabpfn3,0.7584567070007324,,0.6926406926406926,0.5725252032279968,0.728724279835391,,,,
openml:37,classification,537,8,none,0.0,0.0,3,random,,tabpfn25,0.4225456714630127,,0.7748917748917749,0.46533721685409546,0.8454320987654321,,,,
openml:37,classification,537,8,none,0.0,0.0,3,random,,tabpfn3,0.7608606815338135,,0.7748917748917749,0.4755803346633911,0.8431275720164608,,,,
openml:37,classification,537,8,block,0.3,0.25,3,random,,tabpfn25,0.41567349433898926,,0.7532467532467533,0.468428373336792,0.8409053497942386,,,,
openml:37,classification,537,8,block,0.3,0.25,3,random,,tabpfn3,0.7536993026733398,,0.7662337662337663,0.4614190459251404,0.8468312757201646,,,,
openml:37,classification,537,8,block,0.5,0.5,3,random,,tabpfn25,0.4198644161224365,,0.7056277056277056,0.5410776734352112,0.7802469135802469,,,,
openml:37,classification,537,8,block,0.5,0.5,3,random,,tabpfn3,0.7988524436950684,,0.7316017316017316,0.5369219779968262,0.7863374485596707,,,,
openml:37,classification,537,8,block_shift,0.3,0.25,3,random,,tabpfn25,0.4165053367614746,,0.7705627705627706,0.48302558064460754,0.8317695473251029,,,,
openml:37,classification,537,8,block_shift,0.3,0.25,3,random,,tabpfn3,0.7557942867279053,,0.7575757575757576,0.48393216729164124,0.8339917695473251,,,,
openml:37,classification,537,8,block_shift,0.5,0.4195963541666667,3,random,,tabpfn25,0.44309091567993164,,0.7186147186147186,0.553132176399231,0.7706172839506172,,,,
openml:37,classification,537,8,block_shift,0.5,0.4195963541666667,3,random,,tabpfn3,0.767221212387085,,0.7186147186147186,0.5622062087059021,0.7665020576131687,,,,
openml:37,classification,537,8,none,0.0,0.0,4,random,,tabpfn25,0.40784597396850586,,0.7575757575757576,0.47248920798301697,0.8391769547325103,,,,
openml:37,classification,537,8,none,0.0,0.0,4,random,,tabpfn3,0.7508494853973389,,0.7532467532467533,0.47457027435302734,0.8385185185185184,,,,
openml:37,classification,537,8,block,0.3,0.25,4,random,,tabpfn25,0.45308709144592285,,0.7316017316017316,0.5081146359443665,0.8090534979423869,,,,
openml:37,classification,537,8,block,0.3,0.25,4,random,,tabpfn3,0.7650508880615234,,0.7316017316017316,0.5058230757713318,0.8118518518518518,,,,
openml:37,classification,537,8,block,0.5,0.5,4,random,,tabpfn25,0.4217221736907959,,0.7359307359307359,0.508776068687439,0.8080658436213991,,,,
openml:37,classification,537,8,block,0.5,0.5,4,random,,tabpfn3,0.7683699131011963,,0.7359307359307359,0.5082851648330688,0.8067489711934156,,,,
openml:37,classification,537,8,block_shift,0.3,0.25,4,random,,tabpfn25,0.42984747886657715,,0.7186147186147186,0.5035461783409119,0.8093827160493827,,,,
openml:37,classification,537,8,block_shift,0.3,0.25,4,random,,tabpfn3,0.7919871807098389,,0.7142857142857143,0.50311279296875,0.8118518518518518,,,,
openml:37,classification,537,8,block_shift,0.5,0.5,4,random,,tabpfn25,0.4221186637878418,,0.7056277056277056,0.5651956796646118,0.745432098765432,,,,
openml:37,classification,537,8,block_shift,0.5,0.5,4,random,,tabpfn3,0.7624561786651611,,0.7012987012987013,0.5640448927879333,0.742798353909465,,,,
openml:1067,classification,1476,21,none,0.0,0.0,0,random,,tabpfn25,0.46788620948791504,,0.8546603475513428,0.33322760462760925,0.8349704367728399,,,,
openml:1067,classification,1476,21,none,0.0,0.0,0,random,,tabpfn3,0.8642110824584961,,0.8546603475513428,0.3246975541114807,0.8457085637993516,,,,
openml:1067,classification,1476,21,block,0.3,0.23809523809523808,0,random,,tabpfn25,0.4833865165710449,,0.8530805687203792,0.3506041467189789,0.8084016784283807,,,,
openml:1067,classification,1476,21,block,0.3,0.23809523809523808,0,random,,tabpfn3,0.8760089874267578,,0.8515007898894155,0.34661951661109924,0.8178809841693686,,,,
openml:1067,classification,1476,21,block,0.5,0.46623315044367675,0,random,,tabpfn25,0.480165958404541,,0.8467614533965245,0.36279812455177307,0.7977016975014304,,,,
openml:1067,classification,1476,21,block,0.5,0.46623315044367675,0,random,,tabpfn3,0.8691375255584717,,0.8515007898894155,0.3440392315387726,0.8219435437726492,,,,
openml:1067,classification,1476,21,block_shift,0.3,0.262457946668473,0,random,,tabpfn25,0.48247790336608887,,0.8530805687203792,0.366120845079422,0.7816326530612244,,,,
openml:1067,classification,1476,21,block_shift,0.3,0.262457946668473,0,random,,tabpfn3,0.9071094989776611,,0.8546603475513428,0.3688238859176636,0.778008773602899,,,,
openml:1067,classification,1476,21,block_shift,0.5,0.47619047619047616,0,random,,tabpfn25,0.47838544845581055,,0.8515007898894155,0.36355116963386536,0.7844745374785428,,,,
openml:1067,classification,1476,21,block_shift,0.5,0.47619047619047616,0,random,,tabpfn3,0.8675422668457031,,0.8483412322274881,0.3632580041885376,0.7861338928094602,,,,
openml:1067,classification,1476,21,none,0.0,0.0,1,random,,tabpfn25,0.47345972061157227,,0.8641390205371248,0.3167284429073334,0.8482262063703987,,,,
openml:1067,classification,1476,21,none,0.0,0.0,1,random,,tabpfn3,0.8663697242736816,,0.8688783570300158,0.31108516454696655,0.8543295823002099,,,,
openml:1067,classification,1476,21,block,0.3,0.2857142857142857,1,random,,tabpfn25,0.4839649200439453,,0.8609794628751974,0.3386309742927551,0.8189395384321952,,,,
openml:1067,classification,1476,21,block,0.3,0.2857142857142857,1,random,,tabpfn3,0.8731048107147217,,0.8562401263823065,0.3310767114162445,0.828437917222964,,,,
openml:1067,classification,1476,21,block,0.5,0.429406850459482,1,random,,tabpfn25,0.4826803207397461,,0.8562401263823065,0.34673523902893066,0.8067518596223536,,,,
openml:1067,classification,1476,21,block,0.5,0.429406850459482,1,random,,tabpfn3,0.8754634857177734,,0.8562401263823065,0.3408415615558624,0.8140759107381269,,,,
openml:1067,classification,1476,21,block_shift,0.3,0.270021901600849,1,random,,tabpfn25,0.48376893997192383,,0.8483412322274881,0.3569267988204956,0.7882510013351134,,,,
openml:1067,classification,1476,21,block_shift,0.3,0.270021901600849,1,random,,tabpfn3,0.9178032875061035,,0.8515007898894155,0.35487043857574463,0.7907114247568187,,,,
openml:1067,classification,1476,21,block_shift,0.5,0.46108514529567163,1,random,,tabpfn25,0.4725337028503418,,0.8515007898894155,0.35291582345962524,0.8015830631317948,,,,
openml:1067,classification,1476,21,block_shift,0.5,0.46108514529567163,1,random,,tabpfn3,0.8841063976287842,,0.8451816745655608,0.3512113392353058,0.8024032042723632,,,,
openml:1067,classification,1476,21,none,0.0,0.0,2,random,,tabpfn25,0.486691951751709,,0.8767772511848341,0.3066207766532898,0.8603089834064468,,,,
openml:1067,classification,1476,21,none,0.0,0.0,2,random,,tabpfn3,0.8578813076019287,,0.8783570300157978,0.2907629907131195,0.876215906923517,,,,
openml:1067,classification,1476,21,block,0.3,0.23809523809523808,2,random,,tabpfn25,0.48827433586120605,,0.8720379146919431,0.3163873553276062,0.8450505435819187,,,,
openml:1067,classification,1476,21,block,0.3,0.23809523809523808,2,random,,tabpfn3,0.8713541030883789,,0.8736176935229067,0.3084750175476074,0.8562654968529467,,,,
openml:1067,classification,1476,21,block,0.5,0.4289778500304816,2,random,,tabpfn25,0.49562811851501465,,0.8625592417061612,0.33851104974746704,0.8137135227922945,,,,
openml:1067,classification,1476,21,block,0.5,0.4289778500304816,2,random,,tabpfn3,0.8733541965484619,,0.8641390205371248,0.33021050691604614,0.8277703604806408,,,,
openml:1067,classification,1476,21,block_shift,0.3,0.2619160513897356,2,random,,tabpfn25,0.4741344451904297,,0.8657187993680885,0.33706602454185486,0.8154682433721152,,,,
openml:1067,classification,1476,21,block_shift,0.3,0.2619160513897356,2,random,,tabpfn3,0.8693492412567139,,0.8720379146919431,0.3316139876842499,0.8244135037192447,,,,
openml:1067,classification,1476,21,block_shift,0.5,0.444128338865181,2,random,,tabpfn25,0.48191070556640625,,0.8593996840442338,0.3428448438644409,0.8119969483120351,,,,
openml:1067,classification,1476,21,block_shift,0.5,0.444128338865181,2,random,,tabpfn3,0.9262650012969971,,0.8499210110584519,0.3498055934906006,0.802288765973679,,,,
openml:1067,classification,1476,21,none,0.0,0.0,3,random,,tabpfn25,0.48267483711242676,,0.8688783570300158,0.34795209765434265,0.8107190539767309,,,,
openml:1067,classification,1476,21,none,0.0,0.0,3,random,,tabpfn3,0.8904521465301514,,0.8672985781990521,0.3547806441783905,0.8219912263971009,,,,
openml:1067,classification,1476,21,block,0.3,0.2857142857142857,3,random,,tabpfn25,0.4860410690307617,,0.8546603475513428,0.37211376428604126,0.7826721342742705,,,,
openml:1067,classification,1476,21,block,0.3,0.2857142857142857,3,random,,tabpfn3,0.8765194416046143,,0.8641390205371248,0.36482545733451843,0.8001239748235742,,,,
openml:1067,classification,1476,21,block,0.5,0.41084693716272663,3,random,,tabpfn25,0.4819462299346924,,0.8625592417061612,0.36377179622650146,0.7868300591264543,,,,
openml:1067,classification,1476,21,block,0.5,0.41084693716272663,3,random,,tabpfn3,0.868833065032959,,0.8641390205371248,0.3543519675731659,0.807657829486935,,,,
openml:1067,classification,1476,21,block_shift,0.3,0.2857142857142857,3,random,,tabpfn25,0.48448753356933594,,0.8593996840442338,0.372244268655777,0.7702841884417319,,,,
openml:1067,classification,1476,21,block_shift,0.3,0.2857142857142857,3,random,,tabpfn3,0.8787021636962891,,0.8578199052132701,0.37849369645118713,0.764543200457753,,,,
openml:1067,classification,1476,21,block_shift,0.5,0.4600465126780916,3,random,,tabpfn25,0.47833681106567383,,0.8483412322274881,0.3651672899723053,0.7829296204463094,,,,
openml:1067,classification,1476,21,block_shift,0.5,0.4600465126780916,3,random,,tabpfn3,0.8765594959259033,,0.8515007898894155,0.36970528960227966,0.7753004005340454,,,,
openml:1067,classification,1476,21,none,0.0,0.0,4,random,,tabpfn25,0.47774553298950195,,0.8515007898894155,0.35252952575683594,0.8092981117680718,,,,
openml:1067,classification,1476,21,none,0.0,0.0,4,random,,tabpfn3,0.9171059131622314,,0.8578199052132701,0.35604891180992126,0.8125786763303453,,,,
openml:1067,classification,1476,21,block,0.3,0.2857142857142857,4,random,,tabpfn25,0.48363685607910156,,0.8404423380726699,0.3887898325920105,0.7562559603280564,,,,
openml:1067,classification,1476,21,block,0.3,0.2857142857142857,4,random,,tabpfn3,0.9577505588531494,,0.8483412322274881,0.37091290950775146,0.7909689109288575,,,,
openml:1067,classification,1476,21,block,0.5,0.46650409808304544,4,random,,tabpfn25,0.4828224182128906,,0.8420221169036335,0.38084879517555237,0.7616631699408735,,,,
openml:1067,classification,1476,21,block,0.5,0.46650409808304544,4,random,,tabpfn3,0.8709919452667236,,0.8451816745655608,0.3703988492488861,0.7853900438680146,,,,
openml:1067,classification,1476,21,block_shift,0.3,0.2857142857142857,4,random,,tabpfn25,0.4811670780181885,,0.8357030015797788,0.39012831449508667,0.7445164981880602,,,,
openml:1067,classification,1476,21,block_shift,0.3,0.2857142857142857,4,random,,tabpfn3,0.8809168338775635,,0.8404423380726699,0.3880208432674408,0.7487316421895861,,,,
openml:1067,classification,1476,21,block_shift,0.5,0.47619047619047616,4,random,,tabpfn25,0.48381662368774414,,0.8341232227488151,0.3963536024093628,0.7344077818043104,,,,
openml:1067,classification,1476,21,block_shift,0.5,0.47619047619047616,4,random,,tabpfn3,0.8669345378875732,,0.8388625592417062,0.3979964554309845,0.7331871066183482,,,,
openml:23,classification,1031,9,none,0.0,0.0,0,random,,tabpfn25,0.4421534538269043,,0.5633484162895928,0.8575835824012756,0.7657961458944564,,,,
openml:23,classification,1031,9,none,0.0,0.0,0,random,,tabpfn3,0.7817461490631104,,0.5859728506787331,0.8562982678413391,0.7674689402967455,,,,
openml:23,classification,1031,9,block,0.3,0.2769857433808554,0,random,,tabpfn25,0.44950366020202637,,0.5090497737556561,0.9295317530632019,0.7132248196314137,,,,
openml:23,classification,1031,9,block,0.3,0.2769857433808554,0,random,,tabpfn3,0.7742636203765869,,0.504524886877828,0.9286089539527893,0.71388587639322,,,,
openml:23,classification,1031,9,block,0.5,0.4444444444444444,0,random,,tabpfn25,0.44355010986328125,,0.5113122171945701,0.9559884071350098,0.6947950207858035,,,,
openml:23,classification,1031,9,block,0.5,0.4444444444444444,0,random,,tabpfn3,0.8306670188903809,,0.48868778280542985,0.9513422250747681,0.6977036329369365,,,,
openml:23,classification,1031,9,block_shift,0.3,0.16429056347589951,0,random,,tabpfn25,0.4364285469055176,,0.5588235294117647,0.8803374171257019,0.7508853409596337,,,,
openml:23,classification,1031,9,block_shift,0.3,0.16429056347589951,0,random,,tabpfn3,0.7736353874206543,,0.5497737556561086,0.8751512169837952,0.7540884480993585,,,,
openml:23,classification,1031,9,block_shift,0.5,0.4213622991627065,0,random,,tabpfn25,0.4430508613586426,,0.4751131221719457,0.9742544889450073,0.6715085753131823,,,,
openml:23,classification,1031,9,block_shift,0.5,0.4213622991627065,0,random,,tabpfn3,0.7907803058624268,,0.47285067873303166,0.9810822606086731,0.6684885140383571,,,,
openml:23,classification,1031,9,none,0.0,0.0,1,random,,tabpfn25,0.4298889636993408,,0.5588235294117647,0.8839583396911621,0.7470551193956415,,,,
openml:23,classification,1031,9,none,0.0,0.0,1,random,,tabpfn3,0.7740297317504883,,0.5588235294117647,0.8855690360069275,0.7461991554433981,,,,
openml:23,classification,1031,9,block,0.3,0.3333333333333333,1,random,,tabpfn25,0.44701313972473145,,0.5180995475113123,0.9361117482185364,0.7111730349493531,,,,
openml:23,classification,1031,9,block,0.3,0.3333333333333333,1,random,,tabpfn3,0.7989647388458252,,0.5271493212669683,0.9305351376533508,0.7157212862442437,,,,
openml:23,classification,1031,9,block,0.5,0.3690880289658294,1,random,,tabpfn25,0.44384169578552246,,0.497737556561086,0.9471608996391296,0.7001128610305427,,,,
openml:23,classification,1031,9,block,0.5,0.3690880289658294,1,random,,tabpfn3,0.7818803787231445,,0.5,0.9480166435241699,0.7001718541347731,,,,
openml:23,classification,1031,9,block_shift,0.3,0.29622086444897033,1,random,,tabpfn25,0.4314286708831787,,0.4592760180995475,0.9806374311447144,0.6705463846634795,,,,
openml:23,classification,1031,9,block_shift,0.3,0.29622086444897033,1,random,,tabpfn3,0.7787351608276367,,0.47058823529411764,0.9803302884101868,0.6705068966642997,,,,
openml:23,classification,1031,9,block_shift,0.5,0.406653088934148,1,random,,tabpfn25,0.4419252872467041,,0.5090497737556561,0.9784672260284424,0.6769991290932401,,,,
openml:23,classification,1031,9,block_shift,0.5,0.406653088934148,1,random,,tabpfn3,0.7703611850738525,,0.5135746606334841,0.9704994559288025,0.679972577340399,,,,
openml:23,classification,1031,9,none,0.0,0.0,2,random,,tabpfn25,0.44100213050842285,,0.5542986425339367,0.90503990650177,0.7386235666668101,,,,
openml:23,classification,1031,9,none,0.0,0.0,2,random,,tabpfn3,0.8218896389007568,,0.5520361990950227,0.9011635184288025,0.7409139806222705,,,,
openml:23,classification,1031,9,block,0.3,0.2784189484800483,2,random,,tabpfn25,0.4408116340637207,,0.5271493212669683,0.9300828576087952,0.7155136256717135,,,,
openml:23,classification,1031,9,block,0.3,0.2784189484800483,2,random,,tabpfn3,0.8180861473083496,,0.5271493212669683,0.9334420561790466,0.7106691162359043,,,,
openml:23,classification,1031,9,block,0.5,0.3694651882024591,2,random,,tabpfn25,0.4623141288757324,,0.48642533936651583,1.0048311948776245,0.6538223890168172,,,,
openml:23,classification,1031,9,block,0.5,0.3694651882024591,2,random,,tabpfn3,0.7800426483154297,,0.504524886877828,1.0040489435195923,0.6521322146322445,,,,
openml:23,classification,1031,9,block_shift,0.3,0.3333333333333333,2,random,,tabpfn25,0.4539604187011719,,0.504524886877828,0.9560014009475708,0.6898896774872695,,,,
openml:23,classification,1031,9,block_shift,0.3,0.3333333333333333,2,random,,tabpfn3,0.7774524688720703,,0.5158371040723982,0.9596542716026306,0.6881543228997247,,,,
openml:23,classification,1031,9,block_shift,0.5,0.4074074074074074,2,random,,tabpfn25,0.4394829273223877,,0.5158371040723982,0.9830704927444458,0.6706329109827883,,,,
openml:23,classification,1031,9,block_shift,0.5,0.4074074074074074,2,random,,tabpfn3,0.7827847003936768,,0.502262443438914,0.9840971827507019,0.6683207678048363,,,,
openml:23,classification,1031,9,none,0.0,0.0,3,random,,tabpfn25,0.4425218105316162,,0.581447963800905,0.8618425130844116,0.7744574309079092,,,,
openml:23,classification,1031,9,none,0.0,0.0,3,random,,tabpfn3,0.7728166580200195,,0.5746606334841629,0.8566322922706604,0.7798016309247068,,,,
openml:23,classification,1031,9,block,0.3,0.3333333333333333,3,random,,tabpfn25,0.44158077239990234,,0.5180995475113123,0.9278448224067688,0.7171618652767031,,,,
openml:23,classification,1031,9,block,0.3,0.3333333333333333,3,random,,tabpfn3,0.8158252239227295,,0.5135746606334841,0.9333478808403015,0.7110176001093856,,,,
openml:23,classification,1031,9,block,0.5,0.3672022327826808,3,random,,tabpfn25,0.44454479217529297,,0.5565610859728507,0.9013066291809082,0.7478972130087168,,,,
openml:23,classification,1031,9,block,0.5,0.3672022327826808,3,random,,tabpfn3,0.7781600952148438,,0.5588235294117647,0.8960330486297607,0.7545639945340277,,,,
openml:23,classification,1031,9,block_shift,0.3,0.3333333333333333,3,random,,tabpfn25,0.45905470848083496,,0.5429864253393665,0.9102919697761536,0.7349976793576936,,,,
openml:23,classification,1031,9,block_shift,0.3,0.3333333333333333,3,random,,tabpfn3,0.7830626964569092,,0.5429864253393665,0.9080854058265686,0.7379503297452404,,,,
openml:23,classification,1031,9,block_shift,0.5,0.40929320359055593,3,random,,tabpfn25,0.4429621696472168,,0.4660633484162896,0.97014981508255,0.674782823728331,,,,
openml:23,classification,1031,9,block_shift,0.5,0.40929320359055593,3,random,,tabpfn3,0.7771024703979492,,0.4683257918552036,0.9752624034881592,0.6721085846100534,,,,
openml:23,classification,1031,9,none,0.0,0.0,4,random,,tabpfn25,0.45467329025268555,,0.5678733031674208,0.8717666268348694,0.7581698940622358,,,,
openml:23,classification,1031,9,none,0.0,0.0,4,random,,tabpfn3,0.8014540672302246,,0.5723981900452488,0.8720192313194275,0.756213395375263,,,,
openml:23,classification,1031,9,block,0.3,0.3333333333333333,4,random,,tabpfn25,0.44664525985717773,,0.502262443438914,0.9611015319824219,0.6858402735993572,,,,
openml:23,classification,1031,9,block,0.3,0.3333333333333333,4,random,,tabpfn3,0.813178300857544,,0.5,0.9582045674324036,0.6891400565150635,,,,
openml:23,classification,1031,9,block,0.5,0.42181489024666213,4,random,,tabpfn25,0.45107507705688477,,0.504524886877828,0.9793458580970764,0.6630473860522772,,,,
openml:23,classification,1031,9,block,0.5,0.42181489024666213,4,random,,tabpfn3,0.7771334648132324,,0.48868778280542985,0.9773911833763123,0.6626502579163273,,,,
openml:23,classification,1031,9,block_shift,0.3,0.3333333333333333,4,random,,tabpfn25,0.4429018497467041,,0.5339366515837104,0.9631215333938599,0.6892219462199712,,,,
openml:23,classification,1031,9,block_shift,0.3,0.3333333333333333,4,random,,tabpfn3,0.7849380970001221,,0.5316742081447964,0.9535015821456909,0.6976103660914162,,,,
openml:23,classification,1031,9,block_shift,0.5,0.4444444444444444,4,random,,tabpfn25,0.48557615280151367,,0.5203619909502263,0.9284960031509399,0.7096501385163666,,,,
openml:23,classification,1031,9,block_shift,0.5,0.4444444444444444,4,random,,tabpfn3,0.7835733890533447,,0.5248868778280543,0.9304157495498657,0.7012194866892082,,,,
openml:507,regression,2100,6,none,0.0,0.0,0,random,,tabpfn25,0.4534485340118408,,,,,0.09462636709969692,0.8062402436331289,,
openml:507,regression,2100,6,none,0.0,0.0,0,random,,tabpfn3,0.8794686794281006,,,,,0.09705659867241297,0.7961600140191755,,
openml:507,regression,2100,6,block,0.3,0.248,0,random,,tabpfn25,0.45693445205688477,,,,,0.11935527203289191,0.6917362482527574,,
openml:507,regression,2100,6,block,0.3,0.248,0,random,,tabpfn3,0.9268045425415039,,,,,0.12395698583046003,0.6675079540290911,,
openml:507,regression,2100,6,block,0.5,0.5,0,random,,tabpfn25,0.4405782222747803,,,,,0.16514429092185537,0.40984461396892,,
openml:507,regression,2100,6,block,0.5,0.5,0,random,,tabpfn3,0.8704922199249268,,,,,0.16389535340204636,0.4187372022527237,,
openml:507,regression,2100,6,block_shift,0.3,0.252,0,random,,tabpfn25,0.44828033447265625,,,,,0.1574371933527971,0.46364303614994107,,
openml:507,regression,2100,6,block_shift,0.3,0.252,0,random,,tabpfn3,0.8724331855773926,,,,,0.15309676744251358,0.49280929298528664,,
openml:507,regression,2100,6,block_shift,0.5,0.5,0,random,,tabpfn25,0.4663095474243164,,,,,0.17303111739650667,0.3521302977690083,,
openml:507,regression,2100,6,block_shift,0.5,0.5,0,random,,tabpfn3,0.8608856201171875,,,,,0.17293818784323736,0.35282601164376426,,
openml:507,regression,2100,6,none,0.0,0.0,1,random,,tabpfn25,0.44861936569213867,,,,,0.09404883866827882,0.811330501094028,,
openml:507,regression,2100,6,none,0.0,0.0,1,random,,tabpfn3,0.8853015899658203,,,,,0.09701333658336116,0.7992490058077615,,
openml:507,regression,2100,6,block,0.3,0.2776111111111111,1,random,,tabpfn25,0.4570136070251465,,,,,0.11695320700717135,0.7082444729731944,,
openml:507,regression,2100,6,block,0.3,0.2776111111111111,1,random,,tabpfn3,0.8774046897888184,,,,,0.11720891462859542,0.7069672840642294,,
openml:507,regression,2100,6,block,0.5,0.5,1,random,,tabpfn25,0.49518632888793945,,,,,0.162017554997442,0.44008903888118067,,
openml:507,regression,2100,6,block,0.5,0.5,1,random,,tabpfn3,0.8783018589019775,,,,,0.16217255857584253,0.43901718320396454,,
openml:507,regression,2100,6,block_shift,0.3,0.3333333333333333,1,random,,tabpfn25,0.45577263832092285,,,,,0.1694384031771847,0.3876234926867974,,
openml:507,regression,2100,6,block_shift,0.3,0.3333333333333333,1,random,,tabpfn3,0.8638324737548828,,,,,0.1687935341332288,0.3922759346530402,,
openml:507,regression,2100,6,block_shift,0.5,0.44283333333333336,1,random,,tabpfn25,0.4509756565093994,,,,,0.1659842719139883,0.41233652729725256,,
openml:507,regression,2100,6,block_shift,0.5,0.44283333333333336,1,random,,tabpfn3,0.8847882747650146,,,,,0.16544593737627675,0.4161422676599563,,
openml:507,regression,2100,6,none,0.0,0.0,2,random,,tabpfn25,0.458080530166626,,,,,0.1069468170289669,0.7578726932615647,,
openml:507,regression,2100,6,none,0.0,0.0,2,random,,tabpfn3,0.8730049133300781,,,,,0.1016302767153126,0.7813475941494236,,
openml:507,regression,2100,6,block,0.3,0.25183333333333335,2,random,,tabpfn25,0.4430196285247803,,,,,0.1297988548871204,0.6433438097011495,,
openml:507,regression,2100,6,block,0.3,0.25183333333333335,2,random,,tabpfn3,0.8830094337463379,,,,,0.12726576214507088,0.6571286404498868,,
openml:507,regression,2100,6,block,0.5,0.44483333333333336,2,random,,tabpfn25,0.45617246627807617,,,,,0.15217476082928424,0.509777432895094,,
openml:507,regression,2100,6,block,0.5,0.44483333333333336,2,random,,tabpfn3,0.9163503646850586,,,,,0.15229409365493224,0.509008283254028,,
openml:507,regression,2100,6,block_shift,0.3,0.16666666666666666,2,random,,tabpfn25,0.47559070587158203,,,,,0.15147233406974836,0.5142926456885801,,
openml:507,regression,2100,6,block_shift,0.3,0.16666666666666666,2,random,,tabpfn3,0.8769233226776123,,,,,0.1473594799611441,0.5403109015263606,,
openml:507,regression,2100,6,block_shift,0.5,0.5,2,random,,tabpfn25,0.45084333419799805,,,,,0.17081682785880462,0.38231173680962327,,
openml:507,regression,2100,6,block_shift,0.5,0.5,2,random,,tabpfn3,0.8614881038665771,,,,,0.17261862646859474,0.3692120950537666,,
openml:507,regression,2100,6,none,0.0,0.0,3,random,,tabpfn25,0.4820668697357178,,,,,0.0862867530472486,0.7876635138858553,,
openml:507,regression,2100,6,none,0.0,0.0,3,random,,tabpfn3,0.8717465400695801,,,,,0.0823618344141371,0.8065412424938325,,
openml:507,regression,2100,6,block,0.3,0.3333333333333333,3,random,,tabpfn25,0.4498262405395508,,,,,0.12449518133456706,0.5579804719464619,,
openml:507,regression,2100,6,block,0.3,0.3333333333333333,3,random,,tabpfn3,0.8586194515228271,,,,,0.12247068294736403,0.5722395266943772,,
openml:507,regression,2100,6,block,0.5,0.4449444444444444,3,random,,tabpfn25,0.44680070877075195,,,,,0.13206787295404696,0.5025714147037776,,
openml:507,regression,2100,6,block,0.5,0.4449444444444444,3,random,,tabpfn3,0.8820345401763916,,,,,0.13209127243024502,0.5023951326267331,,
openml:507,regression,2100,6,block_shift,0.3,0.3333333333333333,3,random,,tabpfn25,0.4574615955352783,,,,,0.13951687107681113,0.4448762247655448,,
openml:507,regression,2100,6,block_shift,0.3,0.3333333333333333,3,random,,tabpfn3,0.9121968746185303,,,,,0.13838061684757766,0.45388148994303434,,
openml:507,regression,2100,6,block_shift,0.5,0.44272222222222224,3,random,,tabpfn25,0.4511401653289795,,,,,0.15565111795284803,0.30905916427235425,,
openml:507,regression,2100,6,block_shift,0.5,0.44272222222222224,3,random,,tabpfn3,0.8652653694152832,,,,,0.15427003293902156,0.3212661377564585,,
openml:507,regression,2100,6,none,0.0,0.0,4,random,,tabpfn25,0.4539766311645508,,,,,0.09323336420815684,0.8091740683554306,,
openml:507,regression,2100,6,none,0.0,0.0,4,random,,tabpfn3,0.8574719429016113,,,,,0.0923466626895918,0.8127865310092526,,
openml:507,regression,2100,6,block,0.3,0.3333333333333333,4,random,,tabpfn25,0.45204830169677734,,,,,0.14024571417567594,0.5682087104666159,,
openml:507,regression,2100,6,block,0.3,0.3333333333333333,4,random,,tabpfn3,0.8823904991149902,,,,,0.13830467466971172,0.5800782213812699,,
openml:507,regression,2100,6,block,0.5,0.4663333333333333,4,random,,tabpfn25,0.46346354484558105,,,,,0.1553747879075792,0.4700245185494021,,
openml:507,regression,2100,6,block,0.5,0.4663333333333333,4,random,,tabpfn3,0.8679592609405518,,,,,0.15324778911531076,0.4844353691914355,,
openml:507,regression,2100,6,block_shift,0.3,0.3333333333333333,4,random,,tabpfn25,0.4523138999938965,,,,,0.15785429717655255,0.4529745925464903,,
openml:507,regression,2100,6,block_shift,0.3,0.3333333333333333,4,random,,tabpfn3,0.8613231182098389,,,,,0.15313312394365713,0.4852066062898437,,
openml:507,regression,2100,6,block_shift,0.5,0.5,4,random,,tabpfn25,0.45752787590026855,,,,,0.16780387195688376,0.3818432218125104,,
openml:507,regression,2100,6,block_shift,0.5,0.5,4,random,,tabpfn3,0.8986499309539795,,,,,0.16643638916306222,0.39187724991251205,,
openml:189,regression,2100,8,none,0.0,0.0,0,random,,tabpfn25,0.46648550033569336,,,,,0.07565540278204301,0.9165342566369015,,
openml:189,regression,2100,8,none,0.0,0.0,0,random,,tabpfn3,0.8784284591674805,,,,,0.07049031121355794,0.927541852560984,,
openml:189,regression,2100,8,block,0.3,0.186,0,random,,tabpfn25,0.4633309841156006,,,,,0.19188461991243957,0.46308108663695335,,
openml:189,regression,2100,8,block,0.3,0.186,0,random,,tabpfn3,0.8765673637390137,,,,,0.1901967402143847,0.4724853700918553,,
openml:189,regression,2100,8,block,0.5,0.5,0,random,,tabpfn25,0.4612140655517578,,,,,0.22573662829793753,0.2569253629510948,,
openml:189,regression,2100,8,block,0.5,0.5,0,random,,tabpfn3,0.890967607498169,,,,,0.2225963101040619,0.277456011684199,,
openml:189,regression,2100,8,block_shift,0.3,0.189,0,random,,tabpfn25,0.47217464447021484,,,,,0.18881684900509305,0.48011191794499963,,
openml:189,regression,2100,8,block_shift,0.3,0.189,0,random,,tabpfn3,0.8792974948883057,,,,,0.18714811659549282,0.48926068243187015,,
openml:189,regression,2100,8,block_shift,0.5,0.5,0,random,,tabpfn25,0.45906615257263184,,,,,0.22892818390431946,0.23576504788161723,,
openml:189,regression,2100,8,block_shift,0.5,0.5,0,random,,tabpfn3,0.8861401081085205,,,,,0.22700950589151503,0.24852167800083724,,
openml:189,regression,2100,8,none,0.0,0.0,1,random,,tabpfn25,0.4953889846801758,,,,,0.07964959232036468,0.9021456739459436,,
openml:189,regression,2100,8,none,0.0,0.0,1,random,,tabpfn3,0.8891596794128418,,,,,0.07408327240621208,0.9153448796984978,,
openml:189,regression,2100,8,block,0.3,0.25,1,random,,tabpfn25,0.46915650367736816,,,,,0.19144631908433812,0.43466358965961616,,
openml:189,regression,2100,8,block,0.3,0.25,1,random,,tabpfn3,0.905958890914917,,,,,0.18858556514598146,0.45143283254760824,,
openml:189,regression,2100,8,block,0.5,0.457125,1,random,,tabpfn25,0.45859766006469727,,,,,0.21185874697674117,0.30768185467158526,,
openml:189,regression,2100,8,block,0.5,0.457125,1,random,,tabpfn3,0.8896958827972412,,,,,0.21174317158418998,0.30843700986121625,,
openml:189,regression,2100,8,block_shift,0.3,0.25,1,random,,tabpfn25,0.4553394317626953,,,,,0.1757009966313583,0.5238307286566749,,
openml:189,regression,2100,8,block_shift,0.3,0.25,1,random,,tabpfn3,0.8805181980133057,,,,,0.17168408747197347,0.5453543871718805,,
openml:189,regression,2100,8,block_shift,0.5,0.4573333333333333,1,random,,tabpfn25,0.4564218521118164,,,,,0.21189518639841992,0.30744367859666255,,
openml:189,regression,2100,8,block_shift,0.5,0.4573333333333333,1,random,,tabpfn3,0.8981969356536865,,,,,0.2114599100753246,0.31028606261306413,,
openml:189,regression,2100,8,none,0.0,0.0,2,random,,tabpfn25,0.45821046829223633,,,,,0.07819255631762391,0.9134756257088387,,
openml:189,regression,2100,8,none,0.0,0.0,2,random,,tabpfn3,0.8779242038726807,,,,,0.07179939794019503,0.9270459764028933,,
openml:189,regression,2100,8,block,0.3,0.188875,2,random,,tabpfn25,0.4931626319885254,,,,,0.15837347747715896,0.6450456116120076,,
openml:189,regression,2100,8,block,0.3,0.188875,2,random,,tabpfn3,0.9180824756622314,,,,,0.1563931074006908,0.6538671153359887,,
openml:189,regression,2100,8,block,0.5,0.5,2,random,,tabpfn25,0.6012396812438965,,,,,0.23358651043616413,0.2278473580939102,,
openml:189,regression,2100,8,block,0.5,0.5,2,random,,tabpfn3,1.0700602531433105,,,,,0.23216398389194684,0.2372234390328838,,
openml:189,regression,2100,8,block_shift,0.3,0.25,2,random,,tabpfn25,0.48648858070373535,,,,,0.18644266054116954,0.5080757551848503,,
openml:189,regression,2100,8,block_shift,0.3,0.25,2,random,,tabpfn3,0.8799469470977783,,,,,0.18193351971980104,0.5315825265435725,,
openml:189,regression,2100,8,block_shift,0.5,0.458625,2,random,,tabpfn25,0.4571373462677002,,,,,0.21899624918576208,0.32129508005678786,,
openml:189,regression,2100,8,block_shift,0.5,0.458625,2,random,,tabpfn3,0.8772521018981934,,,,,0.21605834768115526,0.33938300043810565,,
openml:189,regression,2100,8,none,0.0,0.0,3,random,,tabpfn25,0.4612138271331787,,,,,0.0762910884465383,0.9139802768113297,,
openml:189,regression,2100,8,none,0.0,0.0,3,random,,tabpfn3,0.8701179027557373,,,,,0.06975757562764455,0.9280827328609493,,
openml:189,regression,2100,8,block,0.3,0.25,3,random,,tabpfn25,0.4646732807159424,,,,,0.17060663498333004,0.5698278869068452,,
openml:189,regression,2100,8,block,0.3,0.25,3,random,,tabpfn3,0.8880002498626709,,,,,0.16637605660858878,0.5908975581162252,,
openml:189,regression,2100,8,block,0.5,0.45925,3,random,,tabpfn25,0.5032863616943359,,,,,0.23400199293274623,0.1907372862889637,,
openml:189,regression,2100,8,block,0.5,0.45925,3,random,,tabpfn3,0.8640706539154053,,,,,0.2322861725861592,0.20256161856115784,,
openml:189,regression,2100,8,block_shift,0.3,0.25,3,random,,tabpfn25,0.4653596878051758,,,,,0.19324883116981675,0.4480697844109889,,
openml:189,regression,2100,8,block_shift,0.3,0.25,3,random,,tabpfn3,0.9125444889068604,,,,,0.18812293388830537,0.47696120219775884,,
openml:189,regression,2100,8,block_shift,0.5,0.4570416666666667,3,random,,tabpfn25,0.45824766159057617,,,,,0.21480216826804366,0.31808893044363507,,
openml:189,regression,2100,8,block_shift,0.5,0.4570416666666667,3,random,,tabpfn3,0.8808815479278564,,,,,0.21347611487644025,0.32648232197351323,,
openml:189,regression,2100,8,none,0.0,0.0,4,random,,tabpfn25,0.4570651054382324,,,,,0.07695071369149914,0.9156975028538845,,
openml:189,regression,2100,8,none,0.0,0.0,4,random,,tabpfn3,0.8731215000152588,,,,,0.07056628903406896,0.929105965327968,,
openml:189,regression,2100,8,block,0.3,0.25,4,random,,tabpfn25,0.4498257637023926,,,,,0.19884256671600467,0.4370966206480409,,
openml:189,regression,2100,8,block,0.3,0.25,4,random,,tabpfn3,0.8881716728210449,,,,,0.19518246103438994,0.4576286827221474,,
openml:189,regression,2100,8,block,0.5,0.5,4,random,,tabpfn25,0.4625706672668457,,,,,0.22677577790333844,0.2678358405958413,,
openml:189,regression,2100,8,block,0.5,0.5,4,random,,tabpfn3,0.9352498054504395,,,,,0.226071071117735,0.27237917745823603,,
openml:189,regression,2100,8,block_shift,0.3,0.25,4,random,,tabpfn25,0.46439051628112793,,,,,0.20928788635751105,0.3764040027285389,,
openml:189,regression,2100,8,block_shift,0.3,0.25,4,random,,tabpfn3,0.8902935981750488,,,,,0.20789524697756973,0.3846754317664661,,
openml:189,regression,2100,8,block_shift,0.5,0.5,4,random,,tabpfn25,0.45232701301574707,,,,,0.2267801394293175,0.26780767723783006,,
openml:189,regression,2100,8,block_shift,0.5,0.5,4,random,,tabpfn3,0.8902864456176758,,,,,0.22632728988967682,0.2707289374835542,,
openml:42225,regression,2100,9,none,0.0,0.0,0,random,,tabpfn25,0.4677560329437256,,,,,703.0297174638691,0.9672319824035542,,
openml:42225,regression,2100,9,none,0.0,0.0,0,random,,tabpfn3,0.8737537860870361,,,,,674.3856793828827,0.9698477669956237,,
openml:42225,regression,2100,9,block,0.3,0.27644444444444444,0,random,,tabpfn25,0.4701220989227295,,,,,2023.6371032543643,0.7285011034971359,,
openml:42225,regression,2100,9,block,0.3,0.27644444444444444,0,random,,tabpfn3,0.8746247291564941,,,,,837.2519632990342,0.9535254545470215,,
openml:42225,regression,2100,9,block,0.5,0.42188888888888887,0,random,,tabpfn25,0.4787013530731201,,,,,1323.7154062467796,0.88383051913849,,
openml:42225,regression,2100,9,block,0.5,0.42188888888888887,0,random,,tabpfn3,0.8779926300048828,,,,,1307.3836752157508,0.8866793864591588,,
openml:42225,regression,2100,9,block_shift,0.3,0.27644444444444444,0,random,,tabpfn25,0.47336697578430176,,,,,1226.6070322772455,0.9002498167838477,,
openml:42225,regression,2100,9,block_shift,0.3,0.27644444444444444,0,random,,tabpfn3,0.9276535511016846,,,,,1230.9402163087084,0.8995438052241278,,
openml:42225,regression,2100,9,block_shift,0.5,0.42288888888888887,0,random,,tabpfn25,0.46915173530578613,,,,,1250.637307553865,0.8963031506208169,,
openml:42225,regression,2100,9,block_shift,0.5,0.42288888888888887,0,random,,tabpfn3,0.8855690956115723,,,,,1239.8916203263755,0.8980774568922734,,
openml:42225,regression,2100,9,none,0.0,0.0,1,random,,tabpfn25,0.4612405300140381,,,,,569.8593869268542,0.9786191430808963,,
openml:42225,regression,2100,9,none,0.0,0.0,1,random,,tabpfn3,0.8832414150238037,,,,,516.8226817307265,0.9824137669265742,,
openml:42225,regression,2100,9,block,0.3,0.3333333333333333,1,random,,tabpfn25,0.4758455753326416,,,,,1136.8078604689451,0.9149128788536104,,
openml:42225,regression,2100,9,block,0.3,0.3333333333333333,1,random,,tabpfn3,0.878481388092041,,,,,1123.6460277541787,0.9168717312533998,,
openml:42225,regression,2100,9,block,0.5,0.4063333333333333,1,random,,tabpfn25,0.4725687503814697,,,,,1139.3395440369056,0.9145334769542238,,
openml:42225,regression,2100,9,block,0.5,0.4063333333333333,1,random,,tabpfn3,0.8795578479766846,,,,,1118.2501609095316,0.9176681957415733,,
openml:42225,regression,2100,9,block_shift,0.3,0.3333333333333333,1,random,,tabpfn25,0.47777462005615234,,,,,871.4950937048411,0.9499942912417721,,
openml:42225,regression,2100,9,block_shift,0.3,0.3333333333333333,1,random,,tabpfn3,0.8862743377685547,,,,,886.4090226303654,0.9482681475465239,,
openml:42225,regression,2100,9,block_shift,0.5,0.4065185185185185,1,random,,tabpfn25,0.4703986644744873,,,,,1004.1594757242353,0.9336111606939477,,
openml:42225,regression,2100,9,block_shift,0.5,0.4065185185185185,1,random,,tabpfn3,0.9233088493347168,,,,,995.5548006175449,0.9347440621064863,,
openml:42225,regression,2100,9,none,0.0,0.0,2,random,,tabpfn25,0.47336816787719727,,,,,661.0340735911758,0.9728299939636961,,
openml:42225,regression,2100,9,none,0.0,0.0,2,random,,tabpfn3,0.8954730033874512,,,,,660.6835330582106,0.9728588023518883,,
openml:42225,regression,2100,9,block,0.3,0.3333333333333333,2,random,,tabpfn25,0.4680213928222656,,,,,955.0357567605437,0.9432871716734402,,
openml:42225,regression,2100,9,block,0.3,0.3333333333333333,2,random,,tabpfn3,0.8843402862548828,,,,,946.9790120142027,0.9442400019135587,,
openml:42225,regression,2100,9,block,0.5,0.4444444444444444,2,random,,tabpfn25,0.46714067459106445,,,,,1278.1550762149693,0.8984197819052195,,
openml:42225,regression,2100,9,block,0.5,0.4444444444444444,2,random,,tabpfn3,0.888070821762085,,,,,1276.1681702653573,0.8987353515410494,,
openml:42225,regression,2100,9,block_shift,0.3,0.3333333333333333,2,random,,tabpfn25,0.4745814800262451,,,,,1409.2800252689235,0.8765086223995513,,
openml:42225,regression,2100,9,block_shift,0.3,0.3333333333333333,2,random,,tabpfn3,0.8767409324645996,,,,,1393.0065469470715,0.8793441571762014,,
openml:42225,regression,2100,9,block_shift,0.5,0.4076666666666667,2,random,,tabpfn25,0.4785423278808594,,,,,1215.3718820288286,0.908153965154794,,
openml:42225,regression,2100,9,block_shift,0.5,0.4076666666666667,2,random,,tabpfn3,0.8973073959350586,,,,,1223.1525315234996,0.9069742286935779,,
openml:42225,regression,2100,9,none,0.0,0.0,3,random,,tabpfn25,0.583134651184082,,,,,538.5029161814791,0.981327961627553,,
openml:42225,regression,2100,9,none,0.0,0.0,3,random,,tabpfn3,0.8765602111816406,,,,,535.8817757622339,0.9815092899783113,,
openml:42225,regression,2100,9,block,0.3,0.3333333333333333,3,random,,tabpfn25,0.46660757064819336,,,,,786.9355948873537,0.9601256155347073,,
openml:42225,regression,2100,9,block,0.3,0.3333333333333333,3,random,,tabpfn3,0.8937699794769287,,,,,785.1988945752963,0.9603014201166968,,
openml:42225,regression,2100,9,block,0.5,0.3715185185185185,3,random,,tabpfn25,0.473020076751709,,,,,1189.4373011058935,0.9089041232243049,,
openml:42225,regression,2100,9,block,0.5,0.3715185185185185,3,random,,tabpfn3,0.8808996677398682,,,,,1187.5515046288135,0.9091927506319859,,
openml:42225,regression,2100,9,block_shift,0.3,0.3333333333333333,3,random,,tabpfn25,0.4752500057220459,,,,,942.5046712688419,0.9428017640527481,,
openml:42225,regression,2100,9,block_shift,0.3,0.3333333333333333,3,random,,tabpfn3,0.8862564563751221,,,,,937.7980465542373,0.9433716040863814,,
openml:42225,regression,2100,9,block_shift,0.5,0.40625925925925926,3,random,,tabpfn25,0.4731125831604004,,,,,905.5014150523077,0.9472048681418284,,
openml:42225,regression,2100,9,block_shift,0.5,0.40625925925925926,3,random,,tabpfn3,0.8822534084320068,,,,,911.6115606142018,0.9464899618843848,,
openml:42225,regression,2100,9,none,0.0,0.0,4,random,,tabpfn25,0.46902012825012207,,,,,574.2722739959968,0.9789069870571978,,
openml:42225,regression,2100,9,none,0.0,0.0,4,random,,tabpfn3,0.9209840297698975,,,,,568.9971119595461,0.979292720505645,,
openml:42225,regression,2100,9,block,0.3,0.3333333333333333,4,random,,tabpfn25,0.46041202545166016,,,,,1192.2348407159502,0.9090868848011949,,
openml:42225,regression,2100,9,block,0.3,0.3333333333333333,4,random,,tabpfn3,0.8780887126922607,,,,,1171.923035340238,0.9121582249910178,,
openml:42225,regression,2100,9,block,0.5,0.4444444444444444,4,random,,tabpfn25,0.46646714210510254,,,,,1129.0699642308095,0.9184648959101239,,
openml:42225,regression,2100,9,block,0.5,0.4444444444444444,4,random,,tabpfn3,0.8854966163635254,,,,,1108.955188706384,0.9213441704353856,,
openml:42225,regression,2100,9,block_shift,0.3,0.3333333333333333,4,random,,tabpfn25,0.4708290100097656,,,,,1212.827035772006,0.9059192739735116,,
openml:42225,regression,2100,9,block_shift,0.3,0.3333333333333333,4,random,,tabpfn3,0.8798573017120361,,,,,1210.4426427714784,0.906288831888082,,
openml:42225,regression,2100,9,block_shift,0.5,0.422,4,random,,tabpfn25,0.46253037452697754,,,,,1106.248363692526,0.9217276804786272,,
openml:42225,regression,2100,9,block_shift,0.5,0.422,4,random,,tabpfn3,0.8913288116455078,,,,,1086.5597995341557,0.9244890059929084,,
openml:44970,regression,635,6,none,0.0,0.0,0,random,,tabpfn25,0.3986201286315918,,,,,0.8523285890507765,0.647944828804743,,
openml:44970,regression,635,6,none,0.0,0.0,0,random,,tabpfn3,0.7877964973449707,,,,,0.8585856237104718,0.6427569071285116,,
openml:44970,regression,635,6,block,0.3,0.25073421439060206,0,random,,tabpfn25,0.39710092544555664,,,,,1.0715276629496873,0.4435791557056946,,
openml:44970,regression,635,6,block,0.3,0.25073421439060206,0,random,,tabpfn3,0.826974630355835,,,,,1.0678984492314798,0.4473419151287318,,
openml:44970,regression,635,6,block,0.5,0.5,0,random,,tabpfn25,0.40073513984680176,,,,,1.024896306306228,0.4909546531500133,,
openml:44970,regression,635,6,block,0.5,0.5,0,random,,tabpfn3,0.7858080863952637,,,,,1.0248681445316745,0.4909826275377682,,
openml:44970,regression,635,6,block_shift,0.3,0.25073421439060206,0,random,,tabpfn25,0.39421677589416504,,,,,1.0083072697063056,0.5073001695702517,,
openml:44970,regression,635,6,block_shift,0.3,0.25073421439060206,0,random,,tabpfn3,0.795067548751831,,,,,1.0176379520409393,0.49813927850975515,,
openml:44970,regression,635,6,block_shift,0.5,0.5,0,random,,tabpfn25,0.39571213722229004,,,,,1.0212684882316767,0.49455200340108374,,
openml:44970,regression,635,6,block_shift,0.5,0.5,0,random,,tabpfn3,0.792694091796875,,,,,1.0324364330063105,0.4834370430575736,,
openml:44970,regression,635,6,none,0.0,0.0,1,random,,tabpfn25,0.3932077884674072,,,,,0.8501107649191179,0.6610682563790433,,
openml:44970,regression,635,6,none,0.0,0.0,1,random,,tabpfn3,0.7805607318878174,,,,,0.8190990165458631,0.6853454446867635,,
openml:44970,regression,635,6,block,0.3,0.3333333333333333,1,random,,tabpfn25,0.3959214687347412,,,,,1.0763841625158987,0.4566298050736969,,
openml:44970,regression,635,6,block,0.3,0.3333333333333333,1,random,,tabpfn3,0.7808501720428467,,,,,1.0633788700379814,0.46968090209617686,,
openml:44970,regression,635,6,block,0.5,0.4430983847283407,1,random,,tabpfn25,0.40091443061828613,,,,,1.1479298273972953,0.3819951325063823,,
openml:44970,regression,635,6,block,0.5,0.4430983847283407,1,random,,tabpfn3,0.8237311840057373,,,,,1.141674825250049,0.38871172773419904,,
openml:44970,regression,635,6,block_shift,0.3,0.3333333333333333,1,random,,tabpfn25,0.39624738693237305,,,,,1.0601538590910626,0.47289272334222665,,
openml:44970,regression,635,6,block_shift,0.3,0.3333333333333333,1,random,,tabpfn3,0.7828369140625,,,,,1.054967549710314,0.47803736270072716,,
openml:44970,regression,635,6,block_shift,0.5,0.4430983847283407,1,random,,tabpfn25,0.3902461528778076,,,,,1.1348133561220333,0.39603733662244445,,
openml:44970,regression,635,6,block_shift,0.5,0.4430983847283407,1,random,,tabpfn3,0.8015272617340088,,,,,1.129610847227138,0.40156233092001703,,
openml:44970,regression,635,6,none,0.0,0.0,2,random,,tabpfn25,0.3973865509033203,,,,,0.8562466225032043,0.6762757801737507,,
openml:44970,regression,635,6,none,0.0,0.0,2,random,,tabpfn3,0.7912936210632324,,,,,0.852976127133385,0.6787440330587076,,
openml:44970,regression,635,6,block,0.3,0.2512848751835536,2,random,,tabpfn25,0.3963463306427002,,,,,0.9503306991624225,0.6012258778566488,,
openml:44970,regression,635,6,block,0.3,0.2512848751835536,2,random,,tabpfn3,0.7816653251647949,,,,,0.9356032351210865,0.6134898709170421,,
openml:44970,regression,635,6,block,0.5,0.5,2,random,,tabpfn25,0.3999471664428711,,,,,1.130440768249728,0.4357480441522654,,
openml:44970,regression,635,6,block,0.5,0.5,2,random,,tabpfn3,0.8319659233093262,,,,,1.1303754988924575,0.435813199798335,,
openml:44970,regression,635,6,block_shift,0.3,0.3333333333333333,2,random,,tabpfn25,0.40983057022094727,,,,,0.9860720681455729,0.5706665127132204,,
openml:44970,regression,635,6,block_shift,0.3,0.3333333333333333,2,random,,tabpfn3,0.772700309753418,,,,,0.9869291259178005,0.5699198664501322,,
openml:44970,regression,635,6,block_shift,0.5,0.4440161527165932,2,random,,tabpfn25,0.3999934196472168,,,,,1.0549806042067185,0.5085646415210548,,
openml:44970,regression,635,6,block_shift,0.5,0.4440161527165932,2,random,,tabpfn3,0.8016836643218994,,,,,1.0545798178243477,0.5089379624828103,,
openml:44970,regression,635,6,none,0.0,0.0,3,random,,tabpfn25,0.41439008712768555,,,,,0.8305501598864405,0.6841086350161303,,
openml:44970,regression,635,6,none,0.0,0.0,3,random,,tabpfn3,0.8057565689086914,,,,,0.8379000319732245,0.6784929977262089,,
openml:44970,regression,635,6,block,0.3,0.3333333333333333,3,random,,tabpfn25,0.3911292552947998,,,,,0.9421627862939782,0.5935024663661833,,
openml:44970,regression,635,6,block,0.3,0.3333333333333333,3,random,,tabpfn3,0.7875475883483887,,,,,0.9540966442146979,0.5831394868725193,,
openml:44970,regression,635,6,block,0.5,0.44713656387665196,3,random,,tabpfn25,0.3930940628051758,,,,,1.0984933325652302,0.4474127340464863,,
openml:44970,regression,635,6,block,0.5,0.44713656387665196,3,random,,tabpfn3,0.7903883457183838,,,,,1.0902542261566104,0.45567086582160954,,
openml:44970,regression,635,6,block_shift,0.3,0.2881791483113069,3,random,,tabpfn25,0.44730591773986816,,,,,1.0622220925193435,0.48330211752984165,,
openml:44970,regression,635,6,block_shift,0.3,0.2881791483113069,3,random,,tabpfn3,0.8003902435302734,,,,,1.0464959111196823,0.4984882718542222,,
openml:44970,regression,635,6,block_shift,0.5,0.5,3,random,,tabpfn25,0.3948957920074463,,,,,1.121644506807021,0.42387530712813193,,
openml:44970,regression,635,6,block_shift,0.5,0.5,3,random,,tabpfn3,0.8967514038085938,,,,,1.119858174837447,0.4257089191835747,,
openml:44970,regression,635,6,none,0.0,0.0,4,random,,tabpfn25,0.4001286029815674,,,,,0.827771913986046,0.6599610600889303,,
openml:44970,regression,635,6,none,0.0,0.0,4,random,,tabpfn3,0.8030111789703369,,,,,0.8367497407099462,0.6525450903593413,,
openml:44970,regression,635,6,block,0.3,0.3333333333333333,4,random,,tabpfn25,0.3881046772003174,,,,,0.9602656762669357,0.5423957057539026,,
openml:44970,regression,635,6,block,0.3,0.3333333333333333,4,random,,tabpfn3,0.8044335842132568,,,,,0.9707804484817969,0.5323194357549721,,
openml:44970,regression,635,6,block,0.5,0.5,4,random,,tabpfn25,0.3936128616333008,,,,,1.1135297475041492,0.3846659795565174,,
openml:44970,regression,635,6,block,0.5,0.5,4,random,,tabpfn3,0.7840251922607422,,,,,1.1063643645971672,0.39255964912159147,,
openml:44970,regression,635,6,block_shift,0.3,0.3333333333333333,4,random,,tabpfn25,0.4014604091644287,,,,,1.0460935972710768,0.45693930912843095,,
openml:44970,regression,635,6,block_shift,0.3,0.3333333333333333,4,random,,tabpfn3,0.8522233963012695,,,,,1.0443653263533663,0.4587322284198171,,
openml:44970,regression,635,6,block_shift,0.5,0.5,4,random,,tabpfn25,0.4126732349395752,,,,,1.1743155290794673,0.31565218042434984,,
openml:44970,regression,635,6,block_shift,0.5,0.5,4,random,,tabpfn3,0.8014199733734131,,,,,1.1716318647480457,0.3187764877205367,,
openml:560,regression,176,14,none,0.0,0.0,0,random,,tabpfn25,0.3941373825073242,,,,,2.188130604603288,0.9326467330664701,,
openml:560,regression,176,14,none,0.0,0.0,0,random,,tabpfn3,0.7846293449401855,,,,,2.1471228200497667,0.935147613806404,,
openml:560,regression,176,14,block,0.3,0.2536848072562358,0,random,,tabpfn25,0.402618408203125,,,,,5.096154289790967,0.6346599187616349,,
openml:560,regression,176,14,block,0.3,0.2536848072562358,0,random,,tabpfn3,0.8482820987701416,,,,,4.8461659188079835,0.6696238081401222,,
openml:560,regression,176,14,block,0.5,0.48667800453514737,0,random,,tabpfn25,0.3905675411224365,,,,,5.147577173939509,0.6272497721438972,,
openml:560,regression,176,14,block,0.5,0.48667800453514737,0,random,,tabpfn3,0.7835321426391602,,,,,5.076100108715681,0.6375296044361276,,
openml:560,regression,176,14,block_shift,0.3,0.2857142857142857,0,random,,tabpfn25,0.39297962188720703,,,,,2.4741930603260047,0.9138848913862644,,
openml:560,regression,176,14,block_shift,0.3,0.2857142857142857,0,random,,tabpfn3,0.7786788940429688,,,,,2.481907827170792,0.9133470241027426,,
openml:560,regression,176,14,block_shift,0.5,0.48327664399092973,0,random,,tabpfn25,0.3960306644439697,,,,,2.178197653528029,0.9332568412688819,,
openml:560,regression,176,14,block_shift,0.5,0.48327664399092973,0,random,,tabpfn3,0.8302385807037354,,,,,2.1285835871619008,0.9362627086855847,,
openml:560,regression,176,14,none,0.0,0.0,1,random,,tabpfn25,0.40238046646118164,,,,,2.0851963223816528,0.9335735760576364,,
openml:560,regression,176,14,none,0.0,0.0,1,random,,tabpfn3,0.7828726768493652,,,,,2.0245253365466365,0.9373828344521916,,
openml:560,regression,176,14,block,0.3,0.2857142857142857,1,random,,tabpfn25,0.39927220344543457,,,,,3.235769552569598,0.8400434087435125,,
openml:560,regression,176,14,block,0.3,0.2857142857142857,1,random,,tabpfn3,0.7817292213439941,,,,,3.216502823297243,0.8419425954405572,,
openml:560,regression,176,14,block,0.5,0.427437641723356,1,random,,tabpfn25,0.3958728313446045,,,,,4.682854250230557,0.664981913170958,,
openml:560,regression,176,14,block,0.5,0.427437641723356,1,random,,tabpfn3,0.7877280712127686,,,,,4.719444329819658,0.6597260461934159,,
openml:560,regression,176,14,block_shift,0.3,0.2857142857142857,1,random,,tabpfn25,0.401444673538208,,,,,3.7379844243701132,0.7865373251830243,,
openml:560,regression,176,14,block_shift,0.3,0.2857142857142857,1,random,,tabpfn3,0.7734277248382568,,,,,3.6425949199225265,0.7972930087891952,,
openml:560,regression,176,14,block_shift,0.5,0.45294784580498865,1,random,,tabpfn25,0.4002695083618164,,,,,3.5362771323581885,0.8089532924547831,,
openml:560,regression,176,14,block_shift,0.5,0.45294784580498865,1,random,,tabpfn3,0.7853529453277588,,,,,3.5711877199674875,0.8051625973725555,,
openml:560,regression,176,14,none,0.0,0.0,2,random,,tabpfn25,0.44474005699157715,,,,,2.2212820659294903,0.9041549860599659,,
openml:560,regression,176,14,none,0.0,0.0,2,random,,tabpfn3,0.7762296199798584,,,,,2.2524551432703777,0.9014459658115004,,
openml:560,regression,176,14,block,0.3,0.21428571428571427,2,random,,tabpfn25,0.4039905071258545,,,,,3.76912325809318,0.7240421298286643,,
openml:560,regression,176,14,block,0.3,0.21428571428571427,2,random,,tabpfn3,0.8061940670013428,,,,,3.9816175441959545,0.6920493060004487,,
openml:560,regression,176,14,block,0.5,0.4339569160997732,2,random,,tabpfn25,0.399461030960083,,,,,3.6901171378630617,0.7354898088419002,,
openml:560,regression,176,14,block,0.5,0.4339569160997732,2,random,,tabpfn3,0.7813127040863037,,,,,3.7557845969144688,0.7259918645762259,,
openml:560,regression,176,14,block_shift,0.3,0.2857142857142857,2,random,,tabpfn25,0.38750171661376953,,,,,3.838233613166175,0.7138294664154419,,
openml:560,regression,176,14,block_shift,0.3,0.2857142857142857,2,random,,tabpfn3,0.7798335552215576,,,,,3.769935269852231,0.7239232134876465,,
openml:560,regression,176,14,block_shift,0.5,0.4532312925170068,2,random,,tabpfn25,0.39128732681274414,,,,,4.64133106939409,0.5815465040331345,,
openml:560,regression,176,14,block_shift,0.5,0.4532312925170068,2,random,,tabpfn3,0.7836248874664307,,,,,4.547082097203158,0.5983685665521025,,
openml:560,regression,176,14,none,0.0,0.0,3,random,,tabpfn25,0.3938918113708496,,,,,1.9401093712668322,0.9434257773204908,,
openml:560,regression,176,14,none,0.0,0.0,3,random,,tabpfn3,0.8333861827850342,,,,,1.9129418741398856,0.9449991100731077,,
openml:560,regression,176,14,block,0.3,0.2857142857142857,3,random,,tabpfn25,0.3894174098968506,,,,,3.051222290971231,0.860069023241536,,
openml:560,regression,176,14,block,0.3,0.2857142857142857,3,random,,tabpfn3,0.7814533710479736,,,,,3.0935910034702885,0.8561559306235325,,
openml:560,regression,176,14,block,0.5,0.45096371882086167,3,random,,tabpfn25,0.401064395904541,,,,,3.9536040288628174,0.7650624097427842,,
openml:560,regression,176,14,block,0.5,0.45096371882086167,3,random,,tabpfn3,0.7720968723297119,,,,,3.91276183253246,0.7698913229397606,,
openml:560,regression,176,14,block_shift,0.3,0.2857142857142857,3,random,,tabpfn25,0.4393007755279541,,,,,3.9599642447849486,0.7643059072177827,,
openml:560,regression,176,14,block_shift,0.3,0.2857142857142857,3,random,,tabpfn3,0.775296688079834,,,,,3.9858364579845356,0.7612160570667597,,
openml:560,regression,176,14,block_shift,0.5,0.4537981859410431,3,random,,tabpfn25,0.3930344581604004,,,,,4.986985284396434,0.6261973791161946,,
openml:560,regression,176,14,block_shift,0.5,0.4537981859410431,3,random,,tabpfn3,0.7732133865356445,,,,,5.015160188352663,0.6219617124061783,,
openml:560,regression,176,14,none,0.0,0.0,4,random,,tabpfn25,0.3868834972381592,,,,,1.259350562414797,0.9756395256842391,,
openml:560,regression,176,14,none,0.0,0.0,4,random,,tabpfn3,0.8413481712341309,,,,,0.6047632572376057,0.9943822390608642,,
openml:560,regression,176,14,block,0.3,0.2857142857142857,4,random,,tabpfn25,0.38796305656433105,,,,,3.4009483933526936,0.8223388197235357,,
openml:560,regression,176,14,block,0.3,0.2857142857142857,4,random,,tabpfn3,0.7797865867614746,,,,,3.545160587302818,0.8069524545356017,,
openml:560,regression,176,14,block,0.5,0.5,4,random,,tabpfn25,0.4259192943572998,,,,,2.717905013060404,0.8865352374745795,,
openml:560,regression,176,14,block,0.5,0.5,4,random,,tabpfn3,0.782503604888916,,,,,2.6790129326473644,0.8897592702584218,,
openml:560,regression,176,14,block_shift,0.3,0.2602040816326531,4,random,,tabpfn25,0.3885843753814697,,,,,3.5557944412493265,0.805792609648252,,
openml:560,regression,176,14,block_shift,0.3,0.2602040816326531,4,random,,tabpfn3,0.7800960540771484,,,,,3.413071159020009,0.8210700069420126,,
openml:560,regression,176,14,block_shift,0.5,0.48412698412698413,4,random,,tabpfn25,0.39211249351501465,,,,,3.3447230169545823,0.828164545164122,,
openml:560,regression,176,14,block_shift,0.5,0.48412698412698413,4,random,,tabpfn3,0.7900550365447998,,,,,2.9200055459503,0.8690336235370607,,
