dataset,task,n_train,n_features,mechanism,rate,actual_rate,seed,split,held_out_source,model,seconds,error,acc,logloss,auc,rmse,r2,coverage80,width80
breast_cancer,classification,398,30,none,0.0,0.0,0,random,,tabicl_impute,1.5442521572113037,,0.9766081871345029,0.06760690688944813,0.9956191588785047,,,,
breast_cancer,classification,398,30,none,0.0,0.0,0,random,,tabicl_aware,0.40016698837280273,,0.9883040935672515,0.06306923124040685,0.9966413551401869,,,,
breast_cancer,classification,398,30,none,0.0,0.0,0,random,,catboost,1.1056139469146729,,0.9649122807017544,0.10222740564783224,0.9902161214953271,,,,
breast_cancer,classification,281,30,block,0.3,0.25061511423550087,0,source,0.0,tabicl_impute,0.2873096466064453,,0.9652777777777778,0.20641823401626958,0.9947530864197531,,,,
breast_cancer,classification,281,30,block,0.3,0.25061511423550087,0,source,0.0,tabicl_aware,0.3242611885070801,,0.9826388888888888,0.10099268839692775,0.9936213991769548,,,,
breast_cancer,classification,281,30,block,0.3,0.25061511423550087,0,source,0.0,catboost,0.40808916091918945,,0.6284722222222222,0.5898570041892726,0.9887860082304527,,,,
breast_cancer,classification,453,30,block,0.5,0.49279437609841825,0,source,2.0,tabicl_impute,0.2197709083557129,,0.9396551724137931,0.22211512816763732,0.9812042051608793,,,,
breast_cancer,classification,453,30,block,0.5,0.49279437609841825,0,source,2.0,tabicl_aware,0.34379053115844727,,0.9482758620689655,0.15834198488773946,0.9840713603058299,,,,
breast_cancer,classification,453,30,block,0.5,0.49279437609841825,0,source,2.0,catboost,0.3949000835418701,,0.8706896551724138,0.4882776161008615,0.9665498566422427,,,,
breast_cancer,classification,281,30,block_shift,0.3,0.2662565905096661,0,source,0.0,tabicl_impute,0.2055816650390625,,0.8611111111111112,0.2901145824683613,0.9789609053497943,,,,
breast_cancer,classification,281,30,block_shift,0.3,0.2662565905096661,0,source,0.0,tabicl_aware,0.28482627868652344,,0.8993055555555556,0.23545721520885068,0.9855452674897119,,,,
breast_cancer,classification,281,30,block_shift,0.3,0.2662565905096661,0,source,0.0,catboost,0.35967135429382324,,0.625,1.556388888634387,0.9433127572016461,,,,
breast_cancer,classification,453,30,block_shift,0.5,0.48728763913298184,0,source,2.0,tabicl_impute,0.22007036209106445,,0.8793103448275862,0.2295677349435257,0.9719655941382606,,,,
breast_cancer,classification,453,30,block_shift,0.5,0.48728763913298184,0,source,2.0,tabicl_aware,0.2985711097717285,,0.9137931034482759,0.2066724793243161,0.9767441860465116,,,,
breast_cancer,classification,453,30,block_shift,0.5,0.48728763913298184,0,source,2.0,catboost,0.36927318572998047,,0.8017241379310345,0.5542958465134866,0.9729213125199109,,,,
breast_cancer,classification,398,30,none,0.0,0.0,1,random,,tabicl_impute,0.21766448020935059,,0.9532163742690059,0.08575640123793131,0.9931366822429907,,,,
breast_cancer,classification,398,30,none,0.0,0.0,1,random,,tabicl_aware,0.29531359672546387,,0.9649122807017544,0.08698216066231364,0.9926985981308412,,,,
breast_cancer,classification,398,30,none,0.0,0.0,1,random,,catboost,0.38390469551086426,,0.9707602339181286,0.08424755747681414,0.9957651869158879,,,,
breast_cancer,classification,373,30,block,0.3,0.2886350322202695,1,source,0.0,tabicl_impute,0.21514248847961426,,0.9642857142857143,0.10460474572180532,0.9902412280701754,,,,
breast_cancer,classification,373,30,block,0.3,0.2886350322202695,1,source,0.0,tabicl_aware,0.29402709007263184,,0.9693877551020408,0.10567478030315146,0.9904605263157895,,,,
breast_cancer,classification,373,30,block,0.3,0.2886350322202695,1,source,0.0,catboost,0.3952465057373047,,0.9642857142857143,0.1329876471399174,0.9850877192982457,,,,
breast_cancer,classification,366,30,block,0.5,0.47855887521968365,1,source,0.0,tabicl_impute,0.2139601707458496,,0.9064039408866995,0.32872645309779114,0.9698795180722891,,,,
breast_cancer,classification,366,30,block,0.5,0.47855887521968365,1,source,0.0,tabicl_aware,0.2941572666168213,,0.9359605911330049,0.1354997927916612,0.9929718875502008,,,,
breast_cancer,classification,366,30,block,0.5,0.47855887521968365,1,source,0.0,catboost,0.3525087833404541,,0.5911330049261084,1.9286800354413145,0.9542168674698794,,,,
breast_cancer,classification,373,30,block_shift,0.3,0.3,1,source,0.0,tabicl_impute,0.21441411972045898,,0.9489795918367347,0.1838959127823983,0.9786184210526316,,,,
breast_cancer,classification,373,30,block_shift,0.3,0.3,1,source,0.0,tabicl_aware,0.29461121559143066,,0.9336734693877551,0.1748039010356095,0.981907894736842,,,,
breast_cancer,classification,373,30,block_shift,0.3,0.3,1,source,0.0,catboost,0.4082944393157959,,0.8571428571428571,0.4543295863102562,0.9667763157894737,,,,
breast_cancer,classification,366,30,block_shift,0.5,0.44499121265377856,1,source,0.0,tabicl_impute,0.22022175788879395,,0.6896551724137931,0.47271999146396887,0.9720883534136546,,,,
breast_cancer,classification,366,30,block_shift,0.5,0.44499121265377856,1,source,0.0,tabicl_aware,0.33386874198913574,,0.9211822660098522,0.20509131864894456,0.9890562248995984,,,,
breast_cancer,classification,366,30,block_shift,0.5,0.44499121265377856,1,source,0.0,catboost,0.3747410774230957,,0.7733990147783252,0.5326482205551998,0.9843373493975903,,,,
breast_cancer,classification,398,30,none,0.0,0.0,2,random,,tabicl_impute,0.2301771640777588,,0.9707602339181286,0.045252837739097704,0.9982476635514018,,,,
breast_cancer,classification,398,30,none,0.0,0.0,2,random,,tabicl_aware,0.3026123046875,,0.9707602339181286,0.045217520558681466,0.9986857476635514,,,,
breast_cancer,classification,398,30,none,0.0,0.0,2,random,,catboost,0.3854503631591797,,0.9883040935672515,0.03192124400626812,0.9994158878504673,,,,
breast_cancer,classification,289,30,block,0.3,0.26719390743995314,2,source,1.0,tabicl_impute,0.21304750442504883,,0.9392857142857143,0.19544313774602828,0.9872416020671835,,,,
breast_cancer,classification,289,30,block,0.3,0.26719390743995314,2,source,1.0,tabicl_aware,0.29070258140563965,,0.9571428571428572,0.12344851434244875,0.989394918173988,,,,
breast_cancer,classification,289,30,block,0.3,0.26719390743995314,2,source,1.0,catboost,0.3586111068725586,,0.7964285714285714,0.4138296543425903,0.9842269595176572,,,,
breast_cancer,classification,395,30,block,0.5,0.4555360281195079,2,source,2.0,tabicl_impute,0.2194042205810547,,0.8620689655172413,0.4960683215853921,0.9166666666666666,,,,
breast_cancer,classification,395,30,block,0.5,0.4555360281195079,2,source,2.0,tabicl_aware,0.297318696975708,,0.9482758620689655,0.12910871727100984,0.9918630751964086,,,,
breast_cancer,classification,395,30,block,0.5,0.4555360281195079,2,source,2.0,catboost,0.37474775314331055,,0.6206896551724138,1.4300757043895116,0.9774130190796857,,,,
breast_cancer,classification,289,30,block_shift,0.3,0.2338605741066198,2,source,1.0,tabicl_impute,0.2228083610534668,,0.95,0.13892183839653846,0.9906330749354005,,,,
breast_cancer,classification,289,30,block_shift,0.3,0.2338605741066198,2,source,1.0,tabicl_aware,0.3124103546142578,,0.9535714285714286,0.1322887156255167,0.9909022394487511,,,,
breast_cancer,classification,289,30,block_shift,0.3,0.2338605741066198,2,source,1.0,catboost,0.36623620986938477,,0.8,0.37091949559375437,0.9700689061154177,,,,
breast_cancer,classification,395,30,block_shift,0.5,0.46397188049209137,2,source,2.0,tabicl_impute,0.2286844253540039,,0.8620689655172413,0.34990266914971635,0.9779741863075196,,,,
breast_cancer,classification,395,30,block_shift,0.5,0.46397188049209137,2,source,2.0,tabicl_aware,0.30013012886047363,,0.8563218390804598,0.39451345804733917,0.9898989898989898,,,,
breast_cancer,classification,395,30,block_shift,0.5,0.46397188049209137,2,source,2.0,catboost,0.3935410976409912,,0.6206896551724138,1.4637272463728743,0.9473905723905724,,,,
breast_cancer,classification,398,30,none,0.0,0.0,3,random,,tabicl_impute,0.22220635414123535,,0.9649122807017544,0.0965537121423505,0.9941588785046729,,,,
breast_cancer,classification,398,30,none,0.0,0.0,3,random,,tabicl_aware,0.30234718322753906,,0.9590643274853801,0.08689144385504503,0.9951810747663552,,,,
breast_cancer,classification,398,30,none,0.0,0.0,3,random,,catboost,0.39002537727355957,,0.9590643274853801,0.09239252084032869,0.9959112149532711,,,,
breast_cancer,classification,407,30,block,0.3,0.29086115992970124,3,source,3.0,tabicl_impute,0.21874189376831055,,0.9135802469135802,0.2597153347009235,0.9622770919067216,,,,
breast_cancer,classification,407,30,block,0.3,0.29086115992970124,3,source,3.0,tabicl_aware,0.30317187309265137,,0.9259259259259259,0.17586562810282488,0.9809670781893004,,,,
breast_cancer,classification,407,30,block,0.3,0.29086115992970124,3,source,3.0,catboost,0.4047729969024658,,0.9320987654320988,0.2996607969468321,0.9725651577503429,,,,
breast_cancer,classification,369,30,block,0.5,0.4561218512009373,3,source,2.0,tabicl_impute,0.2529282569885254,,0.94,0.2999896773327283,0.9767465894997933,,,,
breast_cancer,classification,369,30,block,0.5,0.4561218512009373,3,source,2.0,tabicl_aware,0.2996532917022705,,0.94,0.18280678823948915,0.9780901198842497,,,,
breast_cancer,classification,369,30,block,0.5,0.4561218512009373,3,source,2.0,catboost,0.37369847297668457,,0.59,1.6001572833833264,0.9661016949152542,,,,
breast_cancer,classification,407,30,block_shift,0.3,0.3,3,source,3.0,tabicl_impute,0.21875619888305664,,0.9320987654320988,0.19718866910114147,0.9818244170096022,,,,
breast_cancer,classification,407,30,block_shift,0.3,0.3,3,source,3.0,tabicl_aware,0.3009638786315918,,0.9444444444444444,0.13901418072602437,0.9876543209876544,,,,
breast_cancer,classification,407,30,block_shift,0.3,0.3,3,source,3.0,catboost,0.4198875427246094,,0.8024691358024691,0.47585726240552695,0.9749657064471879,,,,
breast_cancer,classification,369,30,block_shift,0.5,0.4666666666666667,3,source,2.0,tabicl_impute,0.21020078659057617,,0.825,0.4768363987148719,0.8973749483257545,,,,
breast_cancer,classification,369,30,block_shift,0.5,0.4666666666666667,3,source,2.0,tabicl_aware,0.2912290096282959,,0.905,0.21693557050948806,0.9735427862753203,,,,
breast_cancer,classification,369,30,block_shift,0.5,0.4666666666666667,3,source,2.0,catboost,0.35466718673706055,,0.59,1.5206510714872146,0.8787722199255891,,,,
breast_cancer,classification,398,30,none,0.0,0.0,4,random,,tabicl_impute,0.21967363357543945,,0.9941520467836257,0.030102302118464232,1.0,,,,
breast_cancer,classification,398,30,none,0.0,0.0,4,random,,tabicl_aware,0.29767513275146484,,0.9941520467836257,0.02872148199379312,1.0,,,,
breast_cancer,classification,398,30,none,0.0,0.0,4,random,,catboost,0.3775596618652344,,0.9824561403508771,0.05446864075112399,0.9979556074766355,,,,
breast_cancer,classification,377,30,block,0.3,0.3,4,source,0.0,tabicl_impute,0.21966218948364258,,0.9479166666666666,0.21890836738713407,0.9855448898927159,,,,
breast_cancer,classification,377,30,block,0.3,0.3,4,source,0.0,tabicl_aware,0.301516056060791,,0.96875,0.09663451970369952,0.9939017504234895,,,,
breast_cancer,classification,377,30,block,0.3,0.3,4,source,0.0,catboost,0.40241169929504395,,0.9322916666666666,0.20874405708913732,0.9852060982495765,,,,
breast_cancer,classification,452,30,block,0.5,0.49420035149384883,4,source,2.0,tabicl_impute,0.21998953819274902,,0.9658119658119658,0.18185377015558105,0.9938271604938271,,,,
breast_cancer,classification,452,30,block,0.5,0.49420035149384883,4,source,2.0,tabicl_aware,0.3015010356903076,,0.9572649572649573,0.07926213775404417,0.9959876543209877,,,,
breast_cancer,classification,452,30,block,0.5,0.49420035149384883,4,source,2.0,catboost,0.3789682388305664,,0.9401709401709402,0.1979150191340444,0.9944444444444445,,,,
breast_cancer,classification,377,30,block_shift,0.3,0.28886936145284126,4,source,0.0,tabicl_impute,0.21572613716125488,,0.8958333333333334,0.2553474809153431,0.9801242236024844,,,,
breast_cancer,classification,377,30,block_shift,0.3,0.28886936145284126,4,source,0.0,tabicl_aware,0.2963674068450928,,0.921875,0.21590910316637169,0.9843026538678713,,,,
breast_cancer,classification,377,30,block_shift,0.3,0.28886936145284126,4,source,0.0,catboost,0.3966681957244873,,0.65625,0.889995172773213,0.9651044607566347,,,,
breast_cancer,classification,452,30,block_shift,0.5,0.4884007029876977,4,source,2.0,tabicl_impute,0.22015380859375,,0.905982905982906,0.26838428314987833,0.9932098765432099,,,,
breast_cancer,classification,452,30,block_shift,0.5,0.4884007029876977,4,source,2.0,tabicl_aware,0.3023355007171631,,0.8717948717948718,0.27010908785908805,0.9978395061728395,,,,
breast_cancer,classification,452,30,block_shift,0.5,0.4884007029876977,4,source,2.0,catboost,0.38860225677490234,,0.6752136752136753,0.9625768243153955,0.9938271604938272,,,,
wine,classification,124,13,none,0.0,0.0,0,random,,tabicl_impute,0.1909503936767578,,1.0,0.009828142599833037,1.0,,,,
wine,classification,124,13,none,0.0,0.0,0,random,,tabicl_aware,0.3107564449310303,,1.0,0.006550401737755122,1.0,,,,
wine,classification,124,13,none,0.0,0.0,0,random,,catboost,0.20787787437438965,,1.0,0.0529660567230378,1.0,,,,
wine,classification,82,13,block,0.3,0.23076923076923078,0,source,0.0,tabicl_impute,0.18732404708862305,,0.96875,0.07656554914082823,0.9990875019914904,,,,
wine,classification,82,13,block,0.3,0.23076923076923078,0,source,0.0,tabicl_aware,0.2679755687713623,,0.9791666666666666,0.07938108417225222,0.9995501574448943,,,,
wine,classification,82,13,block,0.3,0.23076923076923078,0,source,0.0,catboost,0.16719865798950195,,0.9166666666666666,0.37951504260551944,0.9970618996489433,,,,
wine,classification,131,13,block,0.5,0.46153846153846156,0,source,2.0,tabicl_impute,0.18978166580200195,,0.9361702127659575,0.1715956680604027,1.0,,,,
wine,classification,131,13,block,0.5,0.46153846153846156,0,source,2.0,tabicl_aware,0.2685422897338867,,0.9787234042553191,0.07942655734529164,1.0,,,,
wine,classification,131,13,block,0.5,0.46153846153846156,0,source,2.0,catboost,0.21405935287475586,,0.8723404255319149,0.294449136287604,0.9690864690864691,,,,
wine,classification,82,13,block_shift,0.3,0.2722558340535869,0,source,0.0,tabicl_impute,0.1891942024230957,,0.8958333333333334,0.2280027171428829,0.9932861497760554,,,,
wine,classification,82,13,block_shift,0.3,0.2722558340535869,0,source,0.0,tabicl_aware,0.2660672664642334,,0.8958333333333334,0.1895775677302304,0.9917610487957735,,,,
wine,classification,82,13,block_shift,0.3,0.2722558340535869,0,source,0.0,catboost,0.19741487503051758,,0.5520833333333334,0.8375308990835778,0.9208759130332113,,,,
wine,classification,131,13,block_shift,0.5,0.46153846153846156,0,source,2.0,tabicl_impute,0.19017982482910156,,0.7872340425531915,0.5161136837946172,0.9457209457209457,,,,
wine,classification,131,13,block_shift,0.5,0.46153846153846156,0,source,2.0,tabicl_aware,0.2685084342956543,,0.7872340425531915,0.3143723231493665,0.9737484737484737,,,,
wine,classification,131,13,block_shift,0.5,0.46153846153846156,0,source,2.0,catboost,0.2407374382019043,,0.6595744680851063,1.419395885121759,0.6383227883227883,,,,
wine,classification,124,13,none,0.0,0.0,1,random,,tabicl_impute,0.20368528366088867,,0.9814814814814815,0.027829652370605393,1.0,,,,
wine,classification,124,13,none,0.0,0.0,1,random,,tabicl_aware,0.2710750102996826,,0.9814814814814815,0.037986220928360806,1.0,,,,
wine,classification,124,13,none,0.0,0.0,1,random,,catboost,0.2081921100616455,,0.9814814814814815,0.12881691069314985,0.9970137886804554,,,,
wine,classification,116,13,block,0.3,0.2808988764044944,1,source,0.0,tabicl_impute,0.19284701347351074,,0.9032258064516129,0.22449870974151395,1.0,,,,
wine,classification,116,13,block,0.3,0.2808988764044944,1,source,0.0,tabicl_aware,0.26700544357299805,,0.9193548387096774,0.206444626316035,0.9992650867650866,,,,
wine,classification,116,13,block,0.3,0.2808988764044944,1,source,0.0,catboost,0.2061610221862793,,0.41935483870967744,1.8825976599124765,0.6892188829688829,,,,
wine,classification,116,13,block,0.5,0.4347450302506482,1,source,0.0,tabicl_impute,0.19316935539245605,,0.8548387096774194,0.5343506439322446,0.9748907139867794,,,,
wine,classification,116,13,block,0.5,0.4347450302506482,1,source,0.0,tabicl_aware,0.26685428619384766,,0.9354838709677419,0.21763928117472164,0.9896442207689392,,,,
wine,classification,116,13,block,0.5,0.4347450302506482,1,source,0.0,catboost,0.19870233535766602,,0.3064516129032258,1.3090295473041647,0.9321067274456972,,,,
wine,classification,116,13,block_shift,0.3,0.3076923076923077,1,source,0.0,tabicl_impute,0.22725844383239746,,0.7580645161290323,0.4430560070406146,0.989612702112702,,,,
wine,classification,116,13,block_shift,0.3,0.3076923076923077,1,source,0.0,tabicl_aware,0.270615816116333,,0.8387096774193549,0.29035223918421166,0.9907490657490658,,,,
wine,classification,116,13,block_shift,0.3,0.3076923076923077,1,source,0.0,catboost,0.2290022373199463,,0.7741935483870968,0.6533382178325171,0.9691697191697192,,,,
wine,classification,116,13,block_shift,0.5,0.4105445116681072,1,source,0.0,tabicl_impute,0.18796539306640625,,0.8225806451612904,0.5881775704549599,0.9700508726502997,,,,
wine,classification,116,13,block_shift,0.5,0.4105445116681072,1,source,0.0,tabicl_aware,0.2661740779876709,,0.7580645161290323,0.6502731706686963,0.979313053797847,,,,
wine,classification,116,13,block_shift,0.5,0.4105445116681072,1,source,0.0,catboost,0.22971200942993164,,0.3709677419354839,1.085214792017826,0.9188383535374781,,,,
wine,classification,124,13,none,0.0,0.0,2,random,,tabicl_impute,0.18927955627441406,,0.9814814814814815,0.03456587341045934,1.0,,,,
wine,classification,124,13,none,0.0,0.0,2,random,,tabicl_aware,0.2698073387145996,,0.9814814814814815,0.051610830215602414,1.0,,,,
wine,classification,124,13,none,0.0,0.0,2,random,,catboost,0.18909025192260742,,0.9444444444444444,0.1856370749122552,0.9943203915426136,,,,
wine,classification,93,13,block,0.3,0.23076923076923078,2,source,1.0,tabicl_impute,0.21719861030578613,,0.9764705882352941,0.05011177911807746,0.9991874773957098,,,,
wine,classification,93,13,block,0.3,0.23076923076923078,2,source,1.0,tabicl_aware,0.2727956771850586,,0.9764705882352941,0.0740828653722811,0.9986205839716735,,,,
wine,classification,93,13,block,0.3,0.23076923076923078,2,source,1.0,catboost,0.18021726608276367,,0.9647058823529412,0.17309295221250143,0.9994331065759637,,,,
wine,classification,116,13,block,0.5,0.4407951598962835,2,source,0.0,tabicl_impute,0.19433021545410156,,0.8870967741935484,0.20275455006615248,0.9903083853083854,,,,
wine,classification,116,13,block,0.5,0.4407951598962835,2,source,0.0,tabicl_aware,0.2689778804779053,,0.8709677419354839,0.25531082865254684,0.9842203742203742,,,,
wine,classification,116,13,block,0.5,0.4407951598962835,2,source,0.0,catboost,0.19531488418579102,,0.43548387096774194,1.2331862881544275,0.9490165278400573,,,,
wine,classification,93,13,block_shift,0.3,0.27095937770095074,2,source,1.0,tabicl_impute,0.18790054321289062,,0.7764705882352941,0.4803208332985829,0.9744998064872142,,,,
wine,classification,93,13,block_shift,0.3,0.27095937770095074,2,source,1.0,tabicl_aware,0.2660245895385742,,0.9294117647058824,0.2785221338624058,0.9765583596716926,,,,
wine,classification,93,13,block_shift,0.3,0.27095937770095074,2,source,1.0,catboost,0.20702886581420898,,0.6823529411764706,0.6167805256270795,0.9593235194334122,,,,
wine,classification,116,13,block_shift,0.5,0.40535868625756266,2,source,0.0,tabicl_impute,0.18881583213806152,,0.6129032258064516,0.8538139236953511,0.8652006572594808,,,,
wine,classification,116,13,block_shift,0.5,0.40535868625756266,2,source,0.0,tabicl_aware,0.2688407897949219,,0.6612903225806451,0.9544690362000849,0.9156159882630469,,,,
wine,classification,116,13,block_shift,0.5,0.40535868625756266,2,source,0.0,catboost,0.22546052932739258,,0.41935483870967744,1.8484232707524102,0.8163109221932752,,,,
wine,classification,124,13,none,0.0,0.0,3,random,,tabicl_impute,0.19728374481201172,,1.0,0.00488890534418755,1.0,,,,
wine,classification,124,13,none,0.0,0.0,3,random,,tabicl_aware,0.31079769134521484,,1.0,0.008357069972736804,1.0,,,,
wine,classification,124,13,none,0.0,0.0,3,random,,catboost,0.20836234092712402,,1.0,0.03354117518816149,1.0,,,,
wine,classification,127,13,block,0.3,0.3076923076923077,3,source,3.0,tabicl_impute,0.19219231605529785,,0.9019607843137255,0.3334147552927114,0.9880952380952381,,,,
wine,classification,127,13,block,0.3,0.3076923076923077,3,source,3.0,tabicl_aware,0.26886820793151855,,0.9411764705882353,0.14466809889435528,0.9902998236331569,,,,
wine,classification,127,13,block,0.3,0.3076923076923077,3,source,3.0,catboost,0.20581531524658203,,0.6862745098039216,0.844697735028829,0.917283950617284,,,,
wine,classification,119,13,block,0.5,0.439066551426102,3,source,1.0,tabicl_impute,0.19088125228881836,,0.9152542372881356,0.32333223041797304,0.9861322395135126,,,,
wine,classification,119,13,block,0.5,0.439066551426102,3,source,1.0,tabicl_aware,0.26906871795654297,,0.9322033898305084,0.21885877362950157,0.9857354141166871,,,,
wine,classification,119,13,block,0.5,0.439066551426102,3,source,1.0,catboost,0.19098114967346191,,0.4067796610169492,0.9115144302133055,0.941765751588273,,,,
wine,classification,127,13,block_shift,0.3,0.28565254969749354,3,source,3.0,tabicl_impute,0.18987345695495605,,0.8627450980392157,0.2601598544213675,0.9944444444444445,,,,
wine,classification,127,13,block_shift,0.3,0.28565254969749354,3,source,3.0,tabicl_aware,0.26833534240722656,,0.8627450980392157,0.2655620632440743,0.9955908289241622,,,,
wine,classification,127,13,block_shift,0.3,0.28565254969749354,3,source,3.0,catboost,0.2196505069732666,,0.7843137254901961,0.6045612344636976,0.9589065255731922,,,,
wine,classification,119,13,block_shift,0.5,0.4070872947277442,3,source,1.0,tabicl_impute,0.18792247772216797,,0.8305084745762712,0.49609794198478074,0.9596908939014203,,,,
wine,classification,119,13,block_shift,0.5,0.4070872947277442,3,source,1.0,tabicl_aware,0.2678837776184082,,0.8813559322033898,0.3249151354314587,0.9746031746031746,,,,
wine,classification,119,13,block_shift,0.5,0.4070872947277442,3,source,1.0,catboost,0.22827839851379395,,0.5084745762711864,0.785229910866017,0.9205474927629149,,,,
wine,classification,124,13,none,0.0,0.0,4,random,,tabicl_impute,0.1884298324584961,,0.9814814814814815,0.025558252053188582,1.0,,,,
wine,classification,124,13,none,0.0,0.0,4,random,,tabicl_aware,0.266693115234375,,0.9814814814814815,0.03145428460793697,1.0,,,,
wine,classification,124,13,none,0.0,0.0,4,random,,catboost,0.2081921100616455,,0.9629629629629629,0.0961999291686303,1.0,,,,
wine,classification,126,13,block,0.3,0.3076923076923077,4,source,1.0,tabicl_impute,0.18982625007629395,,0.5,1.0091479840641697,0.9116931795240619,,,,
wine,classification,126,13,block,0.3,0.3076923076923077,4,source,1.0,tabicl_aware,0.2699596881866455,,0.8846153846153846,0.28145699275560465,0.9978378851540617,,,,
wine,classification,126,13,block,0.3,0.3076923076923077,4,source,1.0,catboost,0.2155909538269043,,0.28846153846153844,2.13795819638106,0.769544873129432,,,,
wine,classification,151,13,block,0.5,0.46153846153846156,4,source,1.0,tabicl_impute,0.19413256645202637,,0.8518518518518519,0.30573914502499755,1.0,,,,
wine,classification,151,13,block,0.5,0.46153846153846156,4,source,1.0,tabicl_aware,0.26984715461730957,,1.0,0.07596912634194475,1.0,,,,
wine,classification,151,13,block,0.5,0.46153846153846156,4,source,1.0,catboost,0.22684192657470703,,0.6296296296296297,0.5705735395451024,0.9963369963369964,,,,
wine,classification,126,13,block_shift,0.3,0.3076923076923077,4,source,1.0,tabicl_impute,0.19068169593811035,,0.9230769230769231,0.2658260282226693,0.9913111641052818,,,,
wine,classification,126,13,block_shift,0.3,0.3076923076923077,4,source,1.0,tabicl_aware,0.31247544288635254,,0.9038461538461539,0.23513674479539431,0.9917542016806723,,,,
wine,classification,126,13,block_shift,0.3,0.3076923076923077,4,source,1.0,catboost,0.24228191375732422,,0.6730769230769231,0.8312460892494411,0.944390306798395,,,,
wine,classification,151,13,block_shift,0.5,0.44727744165946415,4,source,1.0,tabicl_impute,0.18843460083007812,,0.7407407407407407,0.7627884305212284,0.8318274318274318,,,,
wine,classification,151,13,block_shift,0.5,0.44727744165946415,4,source,1.0,tabicl_aware,0.2689168453216553,,0.7037037037037037,0.8567871224460964,0.8597883597883597,,,,
wine,classification,151,13,block_shift,0.5,0.44727744165946415,4,source,1.0,catboost,0.2582571506500244,,0.5185185185185185,1.7413935356048156,0.7346764346764347,,,,
diabetes,regression,309,10,none,0.0,0.0,0,random,,tabicl_impute,0.20919227600097656,,,,,55.49007198857481,0.49973512583790924,0.7669172932330827,1.7310169945255784
diabetes,regression,309,10,none,0.0,0.0,0,random,,tabicl_aware,0.30106639862060547,,,,,56.02447256693238,0.49005306364083057,0.7593984962406015,1.6967912194311086
diabetes,regression,309,10,none,0.0,0.0,0,random,,catboost,0.1755506992340088,,,,,59.82022009416467,0.418612825561116,,
diabetes,regression,212,10,block,0.3,0.24796380090497738,0,source,0.0,tabicl_impute,0.197235107421875,,,,,66.71395662837004,0.30045530753904726,0.6826086956521739,1.8445754651793822
diabetes,regression,212,10,block,0.3,0.24796380090497738,0,source,0.0,tabicl_aware,0.2673828601837158,,,,,66.15129092042838,0.3122054712612573,0.6869565217391305,1.8051649552034057
diabetes,regression,212,10,block,0.3,0.24796380090497738,0,source,0.0,catboost,0.12788128852844238,,,,,68.58564699846205,0.26065260146573854,,
diabetes,regression,355,10,block,0.5,0.5,0,source,1.0,tabicl_impute,0.1997687816619873,,,,,62.775651583633476,0.2838058399036053,0.8275862068965517,2.327758364333125
diabetes,regression,355,10,block,0.5,0.5,0,source,1.0,tabicl_aware,0.27147865295410156,,,,,63.4183320677014,0.2690663627120945,0.8160919540229885,2.311142566685648
diabetes,regression,355,10,block,0.5,0.5,0,source,1.0,catboost,0.15635013580322266,,,,,68.7883315409314,0.14004075729261356,,
diabetes,regression,212,10,block_shift,0.3,0.24796380090497738,0,source,0.0,tabicl_impute,0.19629120826721191,,,,,84.79011678060968,-0.12998462974320701,0.48695652173913045,1.3073226148906132
diabetes,regression,212,10,block_shift,0.3,0.24796380090497738,0,source,0.0,tabicl_aware,0.26583290100097656,,,,,80.24354530248738,-0.012050738266223604,0.5173913043478261,1.388170822896967
diabetes,regression,212,10,block_shift,0.3,0.24796380090497738,0,source,0.0,catboost,0.17813920974731445,,,,,79.3054666361734,0.011473493404513757,,
diabetes,regression,355,10,block_shift,0.5,0.5,0,source,1.0,tabicl_impute,0.20035457611083984,,,,,63.24256881480024,0.2731122983637263,0.9425287356321839,2.735593657565309
diabetes,regression,355,10,block_shift,0.5,0.5,0,source,1.0,tabicl_aware,0.2758946418762207,,,,,59.18956610265204,0.36329445854539577,0.8160919540229885,2.1022969552742383
diabetes,regression,355,10,block_shift,0.5,0.5,0,source,1.0,catboost,0.21972322463989258,,,,,65.42198012344701,0.2221503035973954,,
diabetes,regression,309,10,none,0.0,0.0,1,random,,tabicl_impute,0.1992192268371582,,,,,57.08003334003881,0.44259402753226396,0.7669172932330827,1.722600177233775
diabetes,regression,309,10,none,0.0,0.0,1,random,,tabicl_aware,0.2711622714996338,,,,,57.174812573203276,0.44074138768366267,0.7518796992481203,1.6745028789597132
diabetes,regression,309,10,none,0.0,0.0,1,random,,catboost,0.17559528350830078,,,,,58.831645086753454,0.40785895379889814,,
diabetes,regression,309,10,block,0.3,0.3,1,source,1.0,tabicl_impute,0.20056724548339844,,,,,60.502594173308374,0.3255041506055264,0.8195488721804511,2.155755447854671
diabetes,regression,309,10,block,0.3,0.3,1,source,1.0,tabicl_aware,0.31639623641967773,,,,,60.26375606091831,0.330818876372733,0.8195488721804511,2.147528796632862
diabetes,regression,309,10,block,0.3,0.3,1,source,1.0,catboost,0.14963197708129883,,,,,67.67795237511942,0.15603252538600199,,
diabetes,regression,286,10,block,0.5,0.4339366515837104,1,source,0.0,tabicl_impute,0.19985628128051758,,,,,67.60427572786254,0.20541929557414584,0.7756410256410257,2.4113955745044438
diabetes,regression,286,10,block,0.5,0.4339366515837104,1,source,0.0,tabicl_aware,0.2836270332336426,,,,,67.06537207662878,0.21803671488601162,0.7628205128205128,2.337770460079683
diabetes,regression,286,10,block,0.5,0.4339366515837104,1,source,0.0,catboost,0.1462113857269287,,,,,69.73175085280369,0.1546222264994862,,
diabetes,regression,309,10,block_shift,0.3,0.3,1,source,1.0,tabicl_impute,0.20383787155151367,,,,,64.00710626237395,0.24510304153120632,0.7443609022556391,2.07231079997643
diabetes,regression,309,10,block_shift,0.3,0.3,1,source,1.0,tabicl_aware,0.2621767520904541,,,,,62.76141349164499,0.2742004058769215,0.7518796992481203,2.0339617385832174
diabetes,regression,309,10,block_shift,0.3,0.3,1,source,1.0,catboost,0.20977139472961426,,,,,64.37358213860303,0.23643389425796713,,
diabetes,regression,286,10,block_shift,0.5,0.4669683257918552,1,source,0.0,tabicl_impute,0.1975390911102295,,,,,74.99179653605565,0.022273916237920743,0.717948717948718,2.1389675012285654
diabetes,regression,286,10,block_shift,0.5,0.4669683257918552,1,source,0.0,tabicl_aware,0.2632107734680176,,,,,69.38449701239787,0.16302097543114014,0.7756410256410257,2.4122786147410125
diabetes,regression,286,10,block_shift,0.5,0.4669683257918552,1,source,0.0,catboost,0.19664478302001953,,,,,79.15403729351662,-0.08927071566116962,,
diabetes,regression,309,10,none,0.0,0.0,2,random,,tabicl_impute,0.20147252082824707,,,,,57.14077778066393,0.45915892494513266,0.7518796992481203,1.786914434296781
diabetes,regression,309,10,none,0.0,0.0,2,random,,tabicl_aware,0.26704955101013184,,,,,57.3286808357188,0.4555960478408776,0.7443609022556391,1.7222127771234301
diabetes,regression,309,10,none,0.0,0.0,2,random,,catboost,0.16781949996948242,,,,,60.57583475342699,0.3921783188675436,,
diabetes,regression,211,10,block,0.3,0.20452488687782805,2,source,0.0,tabicl_impute,0.20095062255859375,,,,,60.20573581994797,0.4013314001900603,0.7402597402597403,1.8121666085180759
diabetes,regression,211,10,block,0.3,0.20452488687782805,2,source,0.0,tabicl_aware,0.2721872329711914,,,,,59.44263241706834,0.4164113853118847,0.7532467532467533,1.8257992168376853
diabetes,regression,211,10,block,0.3,0.20452488687782805,2,source,0.0,catboost,0.15374231338500977,,,,,63.058265172969094,0.3432580173222306,,
diabetes,regression,293,10,block,0.5,0.4291855203619909,2,source,0.0,tabicl_impute,0.2003464698791504,,,,,63.746118270822514,0.34447043068080585,0.785234899328859,1.921964128932721
diabetes,regression,293,10,block,0.5,0.4291855203619909,2,source,0.0,tabicl_aware,0.2650306224822998,,,,,61.82805506627101,0.3833255314837737,0.7919463087248322,1.9584244529558776
diabetes,regression,293,10,block,0.5,0.4291855203619909,2,source,0.0,catboost,0.12308597564697266,,,,,73.5857976934585,0.126480101852379,,
diabetes,regression,211,10,block_shift,0.3,0.252262443438914,2,source,0.0,tabicl_impute,0.19870805740356445,,,,,67.78974916699032,0.2410052066485907,0.7705627705627706,2.2504222468707167
diabetes,regression,211,10,block_shift,0.3,0.252262443438914,2,source,0.0,tabicl_aware,0.2603328227996826,,,,,66.95528941949013,0.2595759341751521,0.7445887445887446,2.140934668829161
diabetes,regression,211,10,block_shift,0.3,0.252262443438914,2,source,0.0,catboost,0.1830885410308838,,,,,67.33806368668411,0.2510859282341241,,
diabetes,regression,293,10,block_shift,0.5,0.466289592760181,2,source,0.0,tabicl_impute,0.1972801685333252,,,,,70.45460671489127,0.199237755843781,0.825503355704698,2.488769353133095
diabetes,regression,293,10,block_shift,0.5,0.466289592760181,2,source,0.0,tabicl_aware,0.26336240768432617,,,,,68.38244936159923,0.24564790088198074,0.7785234899328859,2.14409167125901
diabetes,regression,293,10,block_shift,0.5,0.466289592760181,2,source,0.0,catboost,0.2007122039794922,,,,,108.46040693917833,-0.897698687401512,,
diabetes,regression,309,10,none,0.0,0.0,3,random,,tabicl_impute,0.23943352699279785,,,,,50.20083414182888,0.5423192632585732,0.8796992481203008,1.949746612637376
diabetes,regression,309,10,none,0.0,0.0,3,random,,tabicl_aware,0.26651740074157715,,,,,50.108298980422646,0.5440049933174224,0.8721804511278195,1.9268118718102207
diabetes,regression,309,10,none,0.0,0.0,3,random,,catboost,0.17484593391418457,,,,,54.66469048621737,0.45730658265100355,,
diabetes,regression,345,10,block,0.3,0.3,3,source,2.0,tabicl_impute,0.20279812812805176,,,,,69.2550763115618,0.2812535917743243,0.7525773195876289,2.1981033621052997
diabetes,regression,345,10,block,0.3,0.3,3,source,2.0,tabicl_aware,0.2650787830352783,,,,,64.62837392008802,0.3740798668936275,0.711340206185567,1.967449911586153
diabetes,regression,345,10,block,0.3,0.3,3,source,2.0,catboost,0.17466998100280762,,,,,73.21747365543233,0.1966552823616795,,
diabetes,regression,282,10,block,0.5,0.5,3,source,2.0,tabicl_impute,0.19979643821716309,,,,,62.45585757783205,0.34614357731571366,0.86875,2.2947192110903174
diabetes,regression,282,10,block,0.5,0.5,3,source,2.0,tabicl_aware,0.2601933479309082,,,,,61.60534374539961,0.3638305459446578,0.84375,2.2124673721773522
diabetes,regression,282,10,block,0.5,0.5,3,source,2.0,catboost,0.1140437126159668,,,,,76.54822330643306,0.017785655686761048,,
diabetes,regression,345,10,block_shift,0.3,0.3,3,source,2.0,tabicl_impute,0.20108819007873535,,,,,61.562203875037646,0.4320621922387927,0.8247422680412371,2.1430014665451824
diabetes,regression,345,10,block_shift,0.3,0.3,3,source,2.0,tabicl_aware,0.26389527320861816,,,,,60.70682435719218,0.4477350347812915,0.7731958762886598,1.9167833719342466
diabetes,regression,345,10,block_shift,0.3,0.3,3,source,2.0,catboost,0.22716593742370605,,,,,68.41968585025123,0.2984887910872214,,
diabetes,regression,282,10,block_shift,0.5,0.4690045248868778,3,source,2.0,tabicl_impute,0.1968061923980713,,,,,73.55635130819672,0.09306450625533091,0.80625,2.1008021576102256
diabetes,regression,282,10,block_shift,0.5,0.4690045248868778,3,source,2.0,tabicl_aware,0.2609274387359619,,,,,66.73071977908779,0.25357244962521164,0.81875,2.273069748089433
diabetes,regression,282,10,block_shift,0.5,0.4690045248868778,3,source,2.0,catboost,0.19122648239135742,,,,,70.841106416959,0.15878557153830875,,
diabetes,regression,309,10,none,0.0,0.0,4,random,,tabicl_impute,0.20070195198059082,,,,,59.03447701626218,0.4658255210042811,0.7593984962406015,1.6929645683170675
diabetes,regression,309,10,none,0.0,0.0,4,random,,tabicl_aware,0.2630734443664551,,,,,59.44683920413473,0.4583369250308206,0.7518796992481203,1.632308454582187
diabetes,regression,309,10,none,0.0,0.0,4,random,,catboost,0.17496228218078613,,,,,63.84842203406696,0.37515538460242925,,
diabetes,regression,292,10,block,0.3,0.3,4,source,2.0,tabicl_impute,0.199554443359375,,,,,63.03176816698863,0.31889404467989446,0.7866666666666666,2.2390902006119178
diabetes,regression,292,10,block,0.3,0.3,4,source,2.0,tabicl_aware,0.26284217834472656,,,,,62.641966684559,0.3272921961948886,0.7466666666666667,2.0255563158120844
diabetes,regression,292,10,block,0.3,0.3,4,source,2.0,catboost,0.15700387954711914,,,,,70.5419629445754,0.14691800040982794,,
diabetes,regression,354,10,block,0.5,0.4800904977375566,4,source,0.0,tabicl_impute,0.20105886459350586,,,,,75.22051199031418,-0.024182639019322716,0.7386363636363636,2.73443569721664
diabetes,regression,354,10,block,0.5,0.4800904977375566,4,source,0.0,tabicl_aware,0.2633535861968994,,,,,66.63828888583356,0.19619165007599748,0.8295454545454546,2.490314097260095
diabetes,regression,354,10,block,0.5,0.4800904977375566,4,source,0.0,catboost,0.1697990894317627,,,,,77.52039175619817,-0.08776919862986787,,
diabetes,regression,292,10,block_shift,0.3,0.3,4,source,2.0,tabicl_impute,0.20371007919311523,,,,,59.73751939078437,0.38822733745905735,0.8533333333333334,2.210946161046503
diabetes,regression,292,10,block_shift,0.3,0.3,4,source,2.0,tabicl_aware,0.27431607246398926,,,,,58.72678207154628,0.408754149075335,0.7733333333333333,1.979645190007213
diabetes,regression,292,10,block_shift,0.3,0.3,4,source,2.0,catboost,0.23831725120544434,,,,,69.32295618395105,0.17614677514080923,,
diabetes,regression,354,10,block_shift,0.5,0.4800904977375566,4,source,0.0,tabicl_impute,0.3088862895965576,,,,,63.26344652184232,0.2755464652896763,0.8409090909090909,2.3402742260384577
diabetes,regression,354,10,block_shift,0.5,0.4800904977375566,4,source,0.0,tabicl_aware,0.28584814071655273,,,,,61.93294231726478,0.30569824094931075,0.875,2.2408163046708265
diabetes,regression,354,10,block_shift,0.5,0.4800904977375566,4,source,0.0,catboost,0.21240758895874023,,,,,70.18786053510033,0.10827929961631455,,
openml:31,classification,700,20,none,0.0,0.0,0,random,,tabicl_impute,0.2419726848602295,,0.78,0.45170808940162793,0.8355555555555556,,,,
openml:31,classification,700,20,none,0.0,0.0,0,random,,tabicl_aware,0.3223109245300293,,0.7833333333333333,0.45131875276066363,0.8393650793650793,,,,
openml:31,classification,700,20,none,0.0,0.0,0,random,,catboost,0.25086164474487305,,0.7666666666666667,0.5321151045006128,0.7991534391534391,,,,
openml:31,classification,503,20,block,0.3,0.25,0,source,0.0,tabicl_impute,0.22863554954528809,,0.7303822937625755,0.5266751006992069,0.7529040501819872,,,,
openml:31,classification,503,20,block,0.3,0.25,0,source,0.0,tabicl_aware,0.29508399963378906,,0.7203219315895373,0.5253327685331056,0.7570665221095021,,,,
openml:31,classification,503,20,block,0.3,0.25,0,source,0.0,catboost,0.254422664642334,,0.6237424547283702,0.852945234441484,0.661058623093007,,,,
openml:31,classification,809,20,block,0.5,0.4794,0,source,4.0,tabicl_impute,0.24639034271240234,,0.7120418848167539,0.5845313998530419,0.6441176470588235,,,,
openml:31,classification,809,20,block,0.5,0.4794,0,source,4.0,tabicl_aware,0.3230609893798828,,0.7068062827225131,0.5732099617720492,0.6548128342245989,,,,
openml:31,classification,809,20,block,0.5,0.4794,0,source,4.0,catboost,0.28514623641967773,,0.7172774869109948,0.5872607246976709,0.6318181818181818,,,,
openml:31,classification,503,20,block_shift,0.3,0.22485,0,source,0.0,tabicl_impute,0.22084593772888184,,0.7002012072434608,0.5780549186375096,0.6574382405327964,,,,
openml:31,classification,503,20,block_shift,0.3,0.22485,0,source,0.0,tabicl_aware,0.29514551162719727,,0.6981891348088531,0.5828626342313323,0.6632753813985905,,,,
openml:31,classification,503,20,block_shift,0.3,0.22485,0,source,0.0,catboost,0.2589864730834961,,0.6961770623742455,0.715706492511328,0.6005478974676682,,,,
openml:31,classification,809,20,block_shift,0.5,0.4896,0,source,4.0,tabicl_impute,0.23403620719909668,,0.7120418848167539,0.5761144565076698,0.6451871657754011,,,,
openml:31,classification,809,20,block_shift,0.5,0.4896,0,source,4.0,tabicl_aware,0.30706119537353516,,0.7172774869109948,0.5817268886446388,0.6279411764705883,,,,
openml:31,classification,809,20,block_shift,0.5,0.4896,0,source,4.0,catboost,0.2879951000213623,,0.6544502617801047,0.638244540755313,0.6188502673796791,,,,
openml:31,classification,700,20,none,0.0,0.0,1,random,,tabicl_impute,0.2336878776550293,,0.7766666666666666,0.46458699489224725,0.8243386243386245,,,,
openml:31,classification,700,20,none,0.0,0.0,1,random,,tabicl_aware,0.3030405044555664,,0.7766666666666666,0.46253710894490807,0.8283597883597883,,,,
openml:31,classification,700,20,none,0.0,0.0,1,random,,catboost,0.26868271827697754,,0.79,0.5156855488475127,0.80994708994709,,,,
openml:31,classification,667,20,block,0.3,0.3,1,source,2.0,tabicl_impute,0.22638893127441406,,0.7387387387387387,0.5452109908665239,0.7522618641174462,,,,
openml:31,classification,667,20,block,0.3,0.3,1,source,2.0,tabicl_aware,0.3388638496398926,,0.7327327327327328,0.5380776325211397,0.7493598497780812,,,,
openml:31,classification,667,20,block,0.3,0.3,1,source,2.0,catboost,0.27747631072998047,,0.7177177177177178,0.6397240661080272,0.7344656879481052,,,,
openml:31,classification,684,20,block,0.5,0.4486,1,source,2.0,tabicl_impute,0.22686004638671875,,0.6772151898734177,0.599386114352849,0.678066037735849,,,,
openml:31,classification,684,20,block,0.5,0.4486,1,source,2.0,tabicl_aware,0.30319690704345703,,0.689873417721519,0.5952134984681045,0.6668632075471698,,,,
openml:31,classification,684,20,block,0.5,0.4486,1,source,2.0,catboost,0.21698641777038574,,0.6487341772151899,0.7230788876808323,0.5882619738751814,,,,
openml:31,classification,667,20,block_shift,0.3,0.3,1,source,2.0,tabicl_impute,0.2362840175628662,,0.7177177177177178,0.5560666778854937,0.7431290542847387,,,,
openml:31,classification,667,20,block_shift,0.3,0.3,1,source,2.0,tabicl_aware,0.30405259132385254,,0.7117117117117117,0.5360697576689339,0.735788665073404,,,,
openml:31,classification,667,20,block_shift,0.3,0.3,1,source,2.0,catboost,0.35588717460632324,,0.6636636636636637,0.608327542459562,0.7008364629566405,,,,
openml:31,classification,684,20,block_shift,0.5,0.4498,1,source,2.0,tabicl_impute,0.229233980178833,,0.7025316455696202,0.601542014860024,0.6689495645863571,,,,
openml:31,classification,684,20,block_shift,0.5,0.4498,1,source,2.0,tabicl_aware,0.3054502010345459,,0.6835443037974683,0.6037026150652501,0.6697659651669087,,,,
openml:31,classification,684,20,block_shift,0.5,0.4498,1,source,2.0,catboost,0.2817096710205078,,0.6708860759493671,0.6986222083192417,0.5834089259796809,,,,
openml:31,classification,700,20,none,0.0,0.0,2,random,,tabicl_impute,0.23315691947937012,,0.7866666666666666,0.463114357020689,0.822857142857143,,,,
openml:31,classification,700,20,none,0.0,0.0,2,random,,tabicl_aware,0.30318403244018555,,0.79,0.4603118515179879,0.8265608465608466,,,,
openml:31,classification,700,20,none,0.0,0.0,2,random,,catboost,0.26993846893310547,,0.7766666666666666,0.4908016371688312,0.8126984126984127,,,,
openml:31,classification,508,20,block,0.3,0.2746,2,source,1.0,tabicl_impute,0.21896123886108398,,0.7317073170731707,0.5590082532263957,0.7398133116883117,,,,
openml:31,classification,508,20,block,0.3,0.2746,2,source,1.0,tabicl_aware,0.2915463447570801,,0.733739837398374,0.5426779015738846,0.7259943181818181,,,,
openml:31,classification,508,20,block,0.3,0.2746,2,source,1.0,catboost,0.26328563690185547,,0.733739837398374,0.6009328937122366,0.6886769480519481,,,,
openml:31,classification,655,20,block,0.5,0.43385,2,source,0.0,tabicl_impute,0.2234821319580078,,0.6985507246376812,0.6207502209107391,0.6459574468085106,,,,
openml:31,classification,655,20,block,0.5,0.43385,2,source,0.0,tabicl_aware,0.2959868907928467,,0.6782608695652174,0.6012244914754667,0.6411992263056093,,,,
openml:31,classification,655,20,block,0.5,0.43385,2,source,0.0,catboost,0.28045654296875,,0.5565217391304348,0.7887394660824942,0.5502514506769827,,,,
openml:31,classification,508,20,block_shift,0.3,0.3,2,source,1.0,tabicl_impute,0.21857047080993652,,0.7154471544715447,0.5894019256469806,0.6022930194805194,,,,
openml:31,classification,508,20,block_shift,0.3,0.3,2,source,1.0,tabicl_aware,0.2925567626953125,,0.7113821138211383,0.5873574302385571,0.6028003246753246,,,,
openml:31,classification,508,20,block_shift,0.3,0.3,2,source,1.0,catboost,0.2723104953765869,,0.6158536585365854,0.7114664000732981,0.5601461038961039,,,,
openml:31,classification,655,20,block_shift,0.5,0.46645,2,source,0.0,tabicl_impute,0.2259964942932129,,0.6811594202898551,0.6086789713993765,0.6348355899419729,,,,
openml:31,classification,655,20,block_shift,0.5,0.46645,2,source,0.0,tabicl_aware,0.3419532775878906,,0.6811594202898551,0.6090686025814276,0.6244294003868472,,,,
openml:31,classification,655,20,block_shift,0.5,0.46645,2,source,0.0,catboost,0.26216626167297363,,0.4811594202898551,0.8358780051003937,0.516982591876209,,,,
openml:31,classification,700,20,none,0.0,0.0,3,random,,tabicl_impute,0.23229694366455078,,0.7866666666666666,0.5072088774524776,0.7725396825396824,,,,
openml:31,classification,700,20,none,0.0,0.0,3,random,,tabicl_aware,0.30396461486816406,,0.78,0.5030395211232422,0.7775661375661375,,,,
openml:31,classification,700,20,none,0.0,0.0,3,random,,catboost,0.2621278762817383,,0.7766666666666666,0.5714117448387641,0.784973544973545,,,,
openml:31,classification,731,20,block,0.3,0.3,3,source,3.0,tabicl_impute,0.23335909843444824,,0.7286245353159851,0.5542776086519152,0.741222956341495,,,,
openml:31,classification,731,20,block,0.3,0.3,3,source,3.0,tabicl_aware,0.3045368194580078,,0.7137546468401487,0.5382605909763142,0.7407047545018784,,,,
openml:31,classification,731,20,block,0.3,0.3,3,source,3.0,catboost,0.28122949600219727,,0.6988847583643123,0.7178184467884522,0.6529343179168285,,,,
openml:31,classification,688,20,block,0.5,0.4826,3,source,2.0,tabicl_impute,0.22738409042358398,,0.7051282051282052,0.5717786859919746,0.7059041501976285,,,,
openml:31,classification,688,20,block,0.5,0.4826,3,source,2.0,tabicl_aware,0.2951052188873291,,0.7147435897435898,0.5610108661008604,0.6995306324110673,,,,
openml:31,classification,688,20,block,0.5,0.4826,3,source,2.0,catboost,0.28085827827453613,,0.6794871794871795,0.6795539776238088,0.5167243083003952,,,,
openml:31,classification,731,20,block_shift,0.3,0.3,3,source,3.0,tabicl_impute,0.2334308624267578,,0.6951672862453532,0.5469193181017359,0.7443321673791943,,,,
openml:31,classification,731,20,block_shift,0.3,0.3,3,source,3.0,tabicl_aware,0.30587077140808105,,0.7063197026022305,0.5373587527480054,0.7602020987174504,,,,
openml:31,classification,731,20,block_shift,0.3,0.3,3,source,3.0,catboost,0.28657960891723633,,0.7026022304832714,0.8050609062510057,0.7063738826272833,,,,
openml:31,classification,688,20,block_shift,0.5,0.4844,3,source,2.0,tabicl_impute,0.22850823402404785,,0.7051282051282052,0.58947581228447,0.6434288537549407,,,,
openml:31,classification,688,20,block_shift,0.5,0.4844,3,source,2.0,tabicl_aware,0.29778623580932617,,0.7051282051282052,0.5791458724747812,0.6624505928853756,,,,
openml:31,classification,688,20,block_shift,0.5,0.4844,3,source,2.0,catboost,0.2660980224609375,,0.6762820512820513,0.6287593619559987,0.6567440711462451,,,,
openml:31,classification,700,20,none,0.0,0.0,4,random,,tabicl_impute,0.23193693161010742,,0.7466666666666667,0.4685279330205753,0.8142328042328042,,,,
openml:31,classification,700,20,none,0.0,0.0,4,random,,tabicl_aware,0.3040444850921631,,0.75,0.46907025999995217,0.8123809523809524,,,,
openml:31,classification,700,20,none,0.0,0.0,4,random,,catboost,0.2730121612548828,,0.7533333333333333,0.5289923056391965,0.8036507936507937,,,,
openml:31,classification,653,20,block,0.3,0.3,4,source,1.0,tabicl_impute,0.2278611660003662,,0.7377521613832853,0.5569065945527316,0.6519144917582417,,,,
openml:31,classification,653,20,block,0.3,0.3,4,source,1.0,tabicl_aware,0.2981221675872803,,0.7319884726224783,0.5549579597484366,0.6608430631868132,,,,
openml:31,classification,653,20,block,0.3,0.3,4,source,1.0,catboost,0.26108598709106445,,0.6570605187319885,0.6737018112194116,0.6105769230769231,,,,
openml:31,classification,809,20,block,0.5,0.5,4,source,1.0,tabicl_impute,0.23377752304077148,,0.6178010471204188,0.6230339019295722,0.8478058973763641,,,,
openml:31,classification,809,20,block,0.5,0.5,4,source,1.0,tabicl_aware,0.3508784770965576,,0.6178010471204188,0.5879943178414332,0.8403761318783376,,,,
openml:31,classification,809,20,block,0.5,0.5,4,source,1.0,catboost,0.2883944511413574,,0.6701570680628273,0.6340671231019218,0.7280009287206873,,,,
openml:31,classification,653,20,block_shift,0.3,0.28265,4,source,1.0,tabicl_impute,0.22917413711547852,,0.729106628242075,0.5126886544055869,0.7535628434065935,,,,
openml:31,classification,653,20,block_shift,0.3,0.28265,4,source,1.0,tabicl_aware,0.2986283302307129,,0.7377521613832853,0.5085761709717294,0.7476390796703296,,,,
openml:31,classification,653,20,block_shift,0.3,0.28265,4,source,1.0,catboost,0.2782106399536133,,0.7089337175792507,0.6465606186544368,0.6934881524725275,,,,
openml:31,classification,809,20,block_shift,0.5,0.4895,4,source,1.0,tabicl_impute,0.23600506782531738,,0.6387434554973822,0.5908055270339082,0.8238913396795915,,,,
openml:31,classification,809,20,block_shift,0.5,0.4895,4,source,1.0,tabicl_aware,0.31343603134155273,,0.6858638743455497,0.5628628252116644,0.839911771534711,,,,
openml:31,classification,809,20,block_shift,0.5,0.4895,4,source,1.0,catboost,0.29873108863830566,,0.6492146596858639,0.6069319290331316,0.7455305316925934,,,,
openml:1590,classification,2100,14,none,0.0,0.0,0,random,,tabicl_impute,0.3053305149078369,,0.8611111111111112,0.3040684781556162,0.9066037334392465,,,,
openml:1590,classification,2100,14,none,0.0,0.0,0,random,,tabicl_aware,0.40389466285705566,,0.8588888888888889,0.3029848311420191,0.9083910181849131,,,,
openml:1590,classification,2100,14,none,0.0,0.0,0,random,,catboost,0.30472350120544434,,0.8433333333333334,0.3397449075232371,0.8893656557632841,,,,
openml:1590,classification,1464,14,block,0.3,0.25085714285714283,0,source,1.0,tabicl_impute,0.2403700351715088,,0.7740885416666666,0.6801762577988142,0.8545320243420242,,,,
openml:1590,classification,1464,14,block,0.3,0.25085714285714283,0,source,1.0,tabicl_aware,0.3198072910308838,,0.7799479166666666,0.4960387873003587,0.8659100619654665,,,,
openml:1590,classification,1464,14,block,0.3,0.25085714285714283,0,source,1.0,catboost,0.3220822811126709,,0.7877604166666666,0.5039551962360141,0.7860936168569242,,,,
openml:1590,classification,2418,14,block,0.5,0.5,0,source,1.0,tabicl_impute,0.2505669593811035,,0.8539518900343642,0.3568325194821469,0.8776064213564214,,,,
openml:1590,classification,2418,14,block,0.5,0.5,0,source,1.0,tabicl_aware,0.34107422828674316,,0.8556701030927835,0.3160962703775386,0.8881222943722944,,,,
openml:1590,classification,2418,14,block,0.5,0.5,0,source,1.0,catboost,0.38938331604003906,,0.8436426116838488,0.4058295169762022,0.8282738095238095,,,,
openml:1590,classification,1464,14,block_shift,0.3,0.24914285714285714,0,source,1.0,tabicl_impute,0.23654794692993164,,0.8138020833333334,0.3887116557253772,0.8660029980954129,,,,
openml:1590,classification,1464,14,block_shift,0.3,0.24914285714285714,0,source,1.0,tabicl_aware,0.31587672233581543,,0.8216145833333334,0.3887865046079419,0.8805806939070107,,,,
openml:1590,classification,1464,14,block_shift,0.3,0.24914285714285714,0,source,1.0,catboost,0.3373560905456543,,0.806640625,0.7011842450868921,0.8441931816261651,,,,
openml:1590,classification,2418,14,block_shift,0.5,0.5,0,source,1.0,tabicl_impute,0.2536780834197998,,0.802405498281787,0.3860506771223085,0.862310606060606,,,,
openml:1590,classification,2418,14,block_shift,0.5,0.5,0,source,1.0,tabicl_aware,0.34367942810058594,,0.8367697594501718,0.3716607215088563,0.8492784992784993,,,,
openml:1590,classification,2418,14,block_shift,0.5,0.5,0,source,1.0,catboost,0.4759652614593506,,0.7989690721649485,0.5437806450984571,0.8081349206349207,,,,
openml:1590,classification,2100,14,none,0.0,0.0,1,random,,tabicl_impute,0.2542693614959717,,0.8733333333333333,0.2941219179164892,0.9123734006638485,,,,
openml:1590,classification,2100,14,none,0.0,0.0,1,random,,tabicl_aware,0.3801712989807129,,0.8655555555555555,0.2957033038558863,0.9118662940792647,,,,
openml:1590,classification,2100,14,none,0.0,0.0,1,random,,catboost,0.3652071952819824,,0.8611111111111112,0.31220459532277467,0.9028128457544895,,,,
openml:1590,classification,1997,14,block,0.3,0.2857142857142857,1,source,1.0,tabicl_impute,0.25086045265197754,,0.8295114656031904,0.3516032539066301,0.8972953216374269,,,,
openml:1590,classification,1997,14,block,0.3,0.2857142857142857,1,source,1.0,tabicl_aware,0.3395082950592041,,0.8364905284147557,0.3407615233204835,0.8969866796621182,,,,
openml:1590,classification,1997,14,block,0.3,0.2857142857142857,1,source,1.0,catboost,0.35651659965515137,,0.7906281156530409,0.7445584123437564,0.8196583279185619,,,,
openml:1590,classification,1976,14,block,0.5,0.4756190476190476,1,source,0.0,tabicl_impute,0.24430179595947266,,0.849609375,0.35891111460940406,0.8875426356589147,,,,
openml:1590,classification,1976,14,block,0.5,0.4756190476190476,1,source,0.0,tabicl_aware,0.3338768482208252,,0.84375,0.3609587716003305,0.8781550387596899,,,,
openml:1590,classification,1976,14,block,0.5,0.4756190476190476,1,source,0.0,catboost,0.3408932685852051,,0.794921875,0.4732826232762807,0.8430103359173127,,,,
openml:1590,classification,1997,14,block_shift,0.3,0.2857142857142857,1,source,1.0,tabicl_impute,0.24700617790222168,,0.8494516450648056,0.3448092763556676,0.9001813948451374,,,,
openml:1590,classification,1997,14,block_shift,0.3,0.2857142857142857,1,source,1.0,tabicl_aware,0.3376035690307617,,0.847457627118644,0.3306604750848535,0.9004710851202079,,,,
openml:1590,classification,1997,14,block_shift,0.3,0.2857142857142857,1,source,1.0,catboost,0.3730342388153076,,0.8075772681954138,0.505421907053378,0.8572178904050249,,,,
openml:1590,classification,1976,14,block_shift,0.5,0.43052380952380953,1,source,0.0,tabicl_impute,0.24663257598876953,,0.7900390625,0.4548352548076995,0.7900645994832042,,,,
openml:1590,classification,1976,14,block_shift,0.5,0.43052380952380953,1,source,0.0,tabicl_aware,0.33354616165161133,,0.8017578125,0.433022837277765,0.7963514211886304,,,,
openml:1590,classification,1976,14,block_shift,0.5,0.43052380952380953,1,source,0.0,catboost,0.4439511299133301,,0.77734375,0.6170231921915206,0.7551937984496124,,,,
openml:1590,classification,2100,14,none,0.0,0.0,2,random,,tabicl_impute,0.2541468143463135,,0.8722222222222222,0.288551821079258,0.9164373457403048,,,,
openml:1590,classification,2100,14,none,0.0,0.0,2,random,,tabicl_aware,0.33701062202453613,,0.8711111111111111,0.29067662811281425,0.9157990297597095,,,,
openml:1590,classification,2100,14,none,0.0,0.0,2,random,,catboost,0.3682374954223633,,0.8477777777777777,0.3265286929967714,0.8960821583591023,,,,
openml:1590,classification,1467,14,block,0.3,0.2507857142857143,2,source,1.0,tabicl_impute,0.2446908950805664,,0.8180039138943248,0.38696972037508337,0.8669095405003121,,,,
openml:1590,classification,1467,14,block,0.3,0.2507857142857143,2,source,1.0,tabicl_aware,0.33448195457458496,,0.8382257012393999,0.3625112896963697,0.873068612858309,,,,
openml:1590,classification,1467,14,block,0.3,0.2507857142857143,2,source,1.0,catboost,0.32869601249694824,,0.7697325505544683,0.9162755635717991,0.8302720026888175,,,,
openml:1590,classification,1995,14,block,0.5,0.4522857142857143,2,source,0.0,tabicl_impute,0.24780011177062988,,0.7920398009950249,0.41209058127994447,0.8251868275334263,,,,
openml:1590,classification,1995,14,block,0.5,0.4522857142857143,2,source,0.0,tabicl_aware,0.34152936935424805,,0.7920398009950249,0.42058442621392833,0.8268637734659884,,,,
openml:1590,classification,1995,14,block,0.5,0.4522857142857143,2,source,0.0,catboost,0.360154390335083,,0.7721393034825871,0.9192606643719415,0.804013978300995,,,,
openml:1590,classification,1467,14,block_shift,0.3,0.24921428571428572,2,source,1.0,tabicl_impute,0.23405218124389648,,0.4657534246575342,1.1653826325449055,0.7561950833053248,,,,
openml:1590,classification,1467,14,block_shift,0.3,0.24921428571428572,2,source,1.0,tabicl_aware,0.354184627532959,,0.6144814090019569,0.7118411815717113,0.7998127430738944,,,,
openml:1590,classification,1467,14,block_shift,0.3,0.24921428571428572,2,source,1.0,catboost,0.33713746070861816,,0.6960208741030659,0.6486913492693015,0.7476292793009076,,,,
openml:1590,classification,1995,14,block_shift,0.5,0.4525,2,source,0.0,tabicl_impute,0.24616622924804688,,0.7920398009950249,0.4753695199234931,0.74229055057849,,,,
openml:1590,classification,1995,14,block_shift,0.5,0.4525,2,source,0.0,tabicl_aware,0.33930158615112305,,0.7920398009950249,0.470857083129815,0.7489561292936568,,,,
openml:1590,classification,1995,14,block_shift,0.5,0.4525,2,source,0.0,catboost,0.37613582611083984,,0.7721393034825871,0.7801324517574799,0.7053977400621256,,,,
openml:1590,classification,2100,14,none,0.0,0.0,3,random,,tabicl_impute,0.25717997550964355,,0.86,0.2970396216767025,0.9116677068853016,,,,
openml:1590,classification,2100,14,none,0.0,0.0,3,random,,tabicl_aware,0.3536200523376465,,0.86,0.29830287719389403,0.9118627478793725,,,,
openml:1590,classification,2100,14,none,0.0,0.0,3,random,,catboost,0.3714570999145508,,0.8466666666666667,0.3332169923162539,0.8932522908451302,,,,
openml:1590,classification,2251,14,block,0.3,0.26811904761904765,3,source,2.0,tabicl_impute,0.2542729377746582,,0.8371161548731643,0.3495523253469256,0.8860678231892579,,,,
openml:1590,classification,2251,14,block,0.3,0.26811904761904765,3,source,2.0,tabicl_aware,0.3481268882751465,,0.8384512683578104,0.3473986459603244,0.8869450161717143,,,,
openml:1590,classification,2251,14,block,0.3,0.26811904761904765,3,source,2.0,catboost,0.3793923854827881,,0.8010680907877169,0.41140665001852783,0.8620405763010879,,,,
openml:1590,classification,1969,14,block,0.5,0.47545238095238096,3,source,0.0,tabicl_impute,0.24389028549194336,,0.7982541222114452,0.4727345022783497,0.8249702112495685,,,,
openml:1590,classification,1969,14,block,0.5,0.47545238095238096,3,source,0.0,tabicl_aware,0.3306605815887451,,0.7972841901066925,0.4015628822031058,0.8222112718404436,,,,
openml:1590,classification,1969,14,block,0.5,0.47545238095238096,3,source,0.0,catboost,0.285581111907959,,0.7604267701260912,0.4739762288256908,0.7443457054087461,,,,
openml:1590,classification,2251,14,block_shift,0.3,0.2857142857142857,3,source,2.0,tabicl_impute,0.2524099349975586,,0.7930574098798397,0.47070192835065616,0.849049299225718,,,,
openml:1590,classification,2251,14,block_shift,0.3,0.2857142857142857,3,source,2.0,tabicl_aware,0.34209561347961426,,0.8184245660881175,0.36642162610080087,0.8782906988140742,,,,
openml:1590,classification,2251,14,block_shift,0.3,0.2857142857142857,3,source,2.0,catboost,0.38870978355407715,,0.787716955941255,0.5054413525140575,0.8320003920415564,,,,
openml:1590,classification,1969,14,block_shift,0.5,0.4764047619047619,3,source,0.0,tabicl_impute,0.2465529441833496,,0.8477206595538312,0.3568985771879785,0.861557478368356,,,,
openml:1590,classification,1969,14,block_shift,0.5,0.4764047619047619,3,source,0.0,tabicl_aware,0.3336527347564697,,0.8399612027158099,0.37165568940429405,0.8467521910043541,,,,
openml:1590,classification,1969,14,block_shift,0.5,0.4764047619047619,3,source,0.0,catboost,0.4370577335357666,,0.8031037827352085,0.5510896820618182,0.8420778627824363,,,,
openml:1590,classification,2100,14,none,0.0,0.0,4,random,,tabicl_impute,0.2530801296234131,,0.86,0.29257412192103655,0.9145826831966865,,,,
openml:1590,classification,2100,14,none,0.0,0.0,4,random,,tabicl_aware,0.3392672538757324,,0.8588888888888889,0.2924681224911723,0.9154160401713525,,,,
openml:1590,classification,2100,14,none,0.0,0.0,4,random,,catboost,0.36915040016174316,,0.8477777777777777,0.3176025918905408,0.9009120826122726,,,,
openml:1590,classification,2002,14,block,0.3,0.2857142857142857,4,source,0.0,tabicl_impute,0.24768328666687012,,0.7925851703406813,0.4503802032791101,0.8327441053088385,,,,
openml:1590,classification,2002,14,block,0.3,0.2857142857142857,4,source,0.0,tabicl_aware,0.379835844039917,,0.8086172344689379,0.40826706546158437,0.8267496021987559,,,,
openml:1590,classification,2002,14,block,0.3,0.2857142857142857,4,source,0.0,catboost,0.35570764541625977,,0.781563126252505,0.8144943415322294,0.8312396933314046,,,,
openml:1590,classification,2428,14,block,0.5,0.4852619047619048,4,source,4.0,tabicl_impute,0.2560567855834961,,0.8111888111888111,0.4023414865272843,0.8203777137994097,,,,
openml:1590,classification,2428,14,block,0.5,0.4852619047619048,4,source,4.0,tabicl_aware,0.34991455078125,,0.8059440559440559,0.40267431301693907,0.817779347058504,,,,
openml:1590,classification,2428,14,block,0.5,0.4852619047619048,4,source,4.0,catboost,0.39309024810791016,,0.798951048951049,0.45682597448725787,0.7917323048508882,,,,
openml:1590,classification,2002,14,block_shift,0.3,0.2857142857142857,4,source,0.0,tabicl_impute,0.24627137184143066,,0.8106212424849699,0.42937411859124125,0.789726602054101,,,,
openml:1590,classification,2002,14,block_shift,0.3,0.2857142857142857,4,source,0.0,tabicl_aware,0.33593297004699707,,0.8036072144288577,0.4286585089124314,0.8194213800086793,,,,
openml:1590,classification,2002,14,block_shift,0.3,0.2857142857142857,4,source,0.0,catboost,0.37760186195373535,,0.7875751503006012,0.6693123452491415,0.7284594242731086,,,,
openml:1590,classification,2428,14,block_shift,0.5,0.5,4,source,4.0,tabicl_impute,0.24797654151916504,,0.6048951048951049,0.8163233708561847,0.7432958516667572,,,,
openml:1590,classification,2428,14,block_shift,0.5,0.5,4,source,4.0,tabicl_aware,0.34029412269592285,,0.8286713286713286,0.39927661338858866,0.831576946058993,,,,
openml:1590,classification,2428,14,block_shift,0.5,0.5,4,source,4.0,catboost,0.4643123149871826,,0.7902097902097902,0.5686184201599269,0.8037373024064317,,,,
openml:531,regression,354,13,none,0.0,0.0,0,random,,tabicl_impute,0.2066488265991211,,,,,3.40736769441784,0.8683433068269795,0.8421052631578947,0.5755899519474612
openml:531,regression,354,13,none,0.0,0.0,0,random,,tabicl_aware,0.279102087020874,,,,,3.3410187952504424,0.8734206744419635,0.8092105263157895,0.5502218463816333
openml:531,regression,354,13,none,0.0,0.0,0,random,,catboost,0.2037508487701416,,,,,3.24099931317918,0.8808859976284427,,
openml:531,regression,261,13,block,0.3,0.3076923076923077,0,source,1.0,tabicl_impute,0.2011706829071045,,,,,6.584471188506546,0.4364136092448475,0.7591836734693878,1.5937182430594674
openml:531,regression,261,13,block,0.3,0.3076923076923077,0,source,1.0,tabicl_aware,0.274822473526001,,,,,6.465187551233483,0.456648400202162,0.7959183673469388,1.6986618649141059
openml:531,regression,261,13,block,0.3,0.3076923076923077,0,source,1.0,catboost,0.17369365692138672,,,,,10.55490310096864,-0.44819550553307974,,
openml:531,regression,397,13,block,0.5,0.46153846153846156,0,source,4.0,tabicl_impute,0.20884013175964355,,,,,5.11742212032646,0.7550883158691148,0.8623853211009175,1.3309915625839814
openml:531,regression,397,13,block,0.5,0.46153846153846156,0,source,4.0,tabicl_aware,0.28016138076782227,,,,,5.6030825640467175,0.7063966106803085,0.8073394495412844,1.1365093313821149
openml:531,regression,397,13,block,0.5,0.46153846153846156,0,source,4.0,catboost,0.19986987113952637,,,,,7.031089708578137,0.5376697619797393,,
openml:531,regression,261,13,block_shift,0.3,0.2680145941015506,0,source,1.0,tabicl_impute,0.20276618003845215,,,,,5.965760711217834,0.5373523576030517,0.7020408163265306,1.265453910188103
openml:531,regression,261,13,block_shift,0.3,0.2680145941015506,0,source,1.0,tabicl_aware,0.2766263484954834,,,,,5.584172996508646,0.594644171123043,0.6979591836734694,1.05571030213124
openml:531,regression,261,13,block_shift,0.3,0.2680145941015506,0,source,1.0,catboost,0.19839239120483398,,,,,6.353807919527049,0.4752084213033143,,
openml:531,regression,397,13,block_shift,0.5,0.44588020674977197,0,source,4.0,tabicl_impute,0.20547032356262207,,,,,7.010861419667709,0.540326162921954,0.9174311926605505,2.2482240587751017
openml:531,regression,397,13,block_shift,0.5,0.44588020674977197,0,source,4.0,tabicl_aware,0.32770633697509766,,,,,7.231427637362668,0.5109479203547724,0.7798165137614679,1.6125921784038146
openml:531,regression,397,13,block_shift,0.5,0.44588020674977197,0,source,4.0,catboost,0.23886537551879883,,,,,10.01437241555363,0.062104404128513147,,
openml:531,regression,354,13,none,0.0,0.0,1,random,,tabicl_impute,0.20714235305786133,,,,,2.7680791803032396,0.9054522794434854,0.8223684210526315,0.6498066019510961
openml:531,regression,354,13,none,0.0,0.0,1,random,,tabicl_aware,0.2807786464691162,,,,,2.831501699878624,0.9010700707270738,0.7894736842105263,0.6151013677533701
openml:531,regression,354,13,none,0.0,0.0,1,random,,catboost,0.20071148872375488,,,,,2.9217150626739516,0.8946657119380619,,
openml:531,regression,332,13,block,0.3,0.3076923076923077,1,source,2.0,tabicl_impute,0.20549345016479492,,,,,5.260969656669735,0.7041337644373175,0.7873563218390804,1.261269859287128
openml:531,regression,332,13,block,0.3,0.3076923076923077,1,source,2.0,tabicl_aware,0.2838876247406006,,,,,5.458962359032893,0.6814453040303509,0.6839080459770115,0.9646806481378688
openml:531,regression,332,13,block,0.3,0.3076923076923077,1,source,2.0,catboost,0.1870884895324707,,,,,10.490484069324692,-0.1763996031018069,,
openml:531,regression,341,13,block,0.5,0.46153846153846156,1,source,2.0,tabicl_impute,0.20542383193969727,,,,,5.622578174016917,0.5980536797606144,0.9515151515151515,2.759879485823825
openml:531,regression,341,13,block,0.5,0.46153846153846156,1,source,2.0,tabicl_aware,0.27926135063171387,,,,,5.257247977058948,0.6485901120817661,0.8363636363636363,1.3627611827139374
openml:531,regression,341,13,block,0.5,0.46153846153846156,1,source,2.0,catboost,0.20995807647705078,,,,,7.6337720216911,0.25907299509153103,,
openml:531,regression,332,13,block_shift,0.3,0.3076923076923077,1,source,2.0,tabicl_impute,0.20885205268859863,,,,,7.837020271026317,0.34345310414736807,0.9252873563218391,2.746054136326082
openml:531,regression,332,13,block_shift,0.3,0.3076923076923077,1,source,2.0,tabicl_aware,0.28115367889404297,,,,,5.274864347021547,0.7025688824036646,0.7873563218390804,1.204087402504406
openml:531,regression,332,13,block_shift,0.3,0.3076923076923077,1,source,2.0,catboost,0.22399282455444336,,,,,6.640419046359373,0.5286377640824478,,
openml:531,regression,341,13,block_shift,0.5,0.4107631498935847,1,source,2.0,tabicl_impute,0.20765399932861328,,,,,6.600433493648476,0.44608647287158754,0.9272727272727272,3.1361550018972637
openml:531,regression,341,13,block_shift,0.5,0.4107631498935847,1,source,2.0,tabicl_aware,0.2839505672454834,,,,,5.8366123452238865,0.5668695156256075,0.8848484848484849,2.039566065208979
openml:531,regression,341,13,block_shift,0.5,0.4107631498935847,1,source,2.0,catboost,0.22612333297729492,,,,,6.962643143013795,0.3836245594729062,,
openml:531,regression,354,13,none,0.0,0.0,2,random,,tabicl_impute,0.20580720901489258,,,,,2.8561412040136083,0.8725108750725776,0.75,0.6574281223965665
openml:531,regression,354,13,none,0.0,0.0,2,random,,tabicl_aware,0.279254674911499,,,,,2.8254385207040347,0.8752370845866837,0.7302631578947368,0.6148611619714349
openml:531,regression,354,13,none,0.0,0.0,2,random,,catboost,0.19895124435424805,,,,,2.8126887840158967,0.8763605245905307,,
openml:531,regression,245,13,block,0.3,0.233201581027668,2,source,0.0,tabicl_impute,0.2030773162841797,,,,,4.5087564429865905,0.7794174215929875,0.8199233716475096,1.123928487687854
openml:531,regression,245,13,block,0.3,0.233201581027668,2,source,0.0,tabicl_aware,0.2768721580505371,,,,,5.194255108006692,0.7072450762073315,0.7816091954022989,0.9662032503698881
openml:531,regression,245,13,block,0.3,0.233201581027668,2,source,0.0,catboost,0.1788620948791504,,,,,5.17965345263298,0.7088886990440142,,
openml:531,regression,337,13,block,0.5,0.46153846153846156,2,source,0.0,tabicl_impute,0.20425915718078613,,,,,5.7730073350787725,0.6103860996106422,0.9526627218934911,2.0634862046289397
openml:531,regression,337,13,block,0.5,0.46153846153846156,2,source,0.0,tabicl_aware,0.2809619903564453,,,,,5.122940023776533,0.6931905251893976,0.863905325443787,1.336552563830216
openml:531,regression,337,13,block,0.5,0.46153846153846156,2,source,0.0,catboost,0.19232559204101562,,,,,8.237630162117048,0.20670484081220408,,
openml:531,regression,245,13,block_shift,0.3,0.233201581027668,2,source,0.0,tabicl_impute,0.24360084533691406,,,,,7.711202790581113,0.35478878757792376,0.632183908045977,1.5665415163361802
openml:531,regression,245,13,block_shift,0.3,0.233201581027668,2,source,0.0,tabicl_aware,0.2818930149078369,,,,,5.842833495339479,0.6295712572313954,0.7394636015325671,1.388692158631971
openml:531,regression,245,13,block_shift,0.3,0.233201581027668,2,source,0.0,catboost,0.19776391983032227,,,,,5.806264795119586,0.6341935717278888,,
openml:531,regression,337,13,block_shift,0.5,0.4103070842201277,2,source,0.0,tabicl_impute,0.20586943626403809,,,,,7.7944169314739495,0.289772490088022,0.8165680473372781,1.8220069444872324
openml:531,regression,337,13,block_shift,0.5,0.4103070842201277,2,source,0.0,tabicl_aware,0.2815861701965332,,,,,7.742101702070503,0.29927442538181526,0.7159763313609467,1.2595357055328298
openml:531,regression,337,13,block_shift,0.5,0.4103070842201277,2,source,0.0,catboost,0.2298121452331543,,,,,15.631551181179354,-1.856500985363474,,
openml:531,regression,354,13,none,0.0,0.0,3,random,,tabicl_impute,0.20718073844909668,,,,,2.4672891734020834,0.922055807819188,0.7763157894736842,0.6000729827200585
openml:531,regression,354,13,none,0.0,0.0,3,random,,tabicl_aware,0.2773702144622803,,,,,2.402636532120704,0.9260871741285377,0.7697368421052632,0.5651890672108629
openml:531,regression,354,13,none,0.0,0.0,3,random,,catboost,0.19882583618164062,,,,,2.7856270557759846,0.9006450296357418,,
openml:531,regression,366,13,block,0.3,0.3076923076923077,3,source,1.0,tabicl_impute,0.20705366134643555,,,,,4.355958059291243,0.7773209474540268,0.7357142857142858,0.8366191317545537
openml:531,regression,366,13,block,0.3,0.3076923076923077,3,source,1.0,tabicl_aware,0.28493547439575195,,,,,4.370149269433771,0.7758676585182901,0.7142857142857143,0.7543071819965796
openml:531,regression,366,13,block,0.3,0.3076923076923077,3,source,1.0,catboost,0.1969144344329834,,,,,7.526391958732752,0.33520820735180323,,
openml:531,regression,322,13,block,0.5,0.46153846153846156,3,source,2.0,tabicl_impute,0.2045278549194336,,,,,5.700559120009396,0.5890415493561815,0.7771739130434783,1.2706790596325879
openml:531,regression,322,13,block,0.5,0.46153846153846156,3,source,2.0,tabicl_aware,0.28117871284484863,,,,,5.851358509045781,0.567011438996502,0.7771739130434783,1.111488280928216
openml:531,regression,322,13,block,0.5,0.46153846153846156,3,source,2.0,catboost,0.18296360969543457,,,,,7.353748024690535,0.31611906508361165,,
openml:531,regression,366,13,block_shift,0.3,0.3076923076923077,3,source,1.0,tabicl_impute,0.20952057838439941,,,,,5.471074382566263,0.6487169261784322,0.9928571428571429,3.160669275996503
openml:531,regression,366,13,block_shift,0.3,0.3076923076923077,3,source,1.0,tabicl_aware,0.2834928035736084,,,,,5.204149446384406,0.682157838944396,0.8928571428571429,1.411938048046603
openml:531,regression,366,13,block_shift,0.3,0.3076923076923077,3,source,1.0,catboost,0.2133769989013672,,,,,7.4587097448883,0.34711092787073783,,
openml:531,regression,322,13,block_shift,0.5,0.38172696868349043,3,source,2.0,tabicl_impute,0.20245623588562012,,,,,7.633638260355412,0.2630701317315056,0.7771739130434783,1.5056997091584157
openml:531,regression,322,13,block_shift,0.5,0.38172696868349043,3,source,2.0,tabicl_aware,0.2816927433013916,,,,,7.72182213792732,0.2459457444565203,0.8315217391304348,1.5217051201557144
openml:531,regression,322,13,block_shift,0.5,0.38172696868349043,3,source,2.0,catboost,0.22330713272094727,,,,,8.904528587905606,-0.0027319945339594476,,
openml:531,regression,354,13,none,0.0,0.0,4,random,,tabicl_impute,0.20682001113891602,,,,,2.0629269110783723,0.9398761183342342,0.8223684210526315,0.6236956708821503
openml:531,regression,354,13,none,0.0,0.0,4,random,,tabicl_aware,0.281585693359375,,,,,2.0851581317980163,0.9385732807132142,0.7697368421052632,0.5841002874139051
openml:531,regression,354,13,none,0.0,0.0,4,random,,catboost,0.1795637607574463,,,,,2.3248571103702416,0.9236389555607809,,
openml:531,regression,336,13,block,0.3,0.3076923076923077,4,source,1.0,tabicl_impute,0.20246291160583496,,,,,6.973916322726602,0.43792357830366113,0.7352941176470589,1.4612429127349154
openml:531,regression,336,13,block,0.3,0.3076923076923077,4,source,1.0,tabicl_aware,0.27908873558044434,,,,,5.062303858715163,0.7038318704445105,0.8470588235294118,1.2794284289557303
openml:531,regression,336,13,block,0.3,0.3076923076923077,4,source,1.0,catboost,0.1968235969543457,,,,,8.532404567752533,0.15863434013619027,,
openml:531,regression,388,13,block,0.5,0.46153846153846156,4,source,4.0,tabicl_impute,0.24787116050720215,,,,,6.983963113485557,0.43674292460212594,0.8305084745762712,1.376254465957263
openml:531,regression,388,13,block,0.5,0.46153846153846156,4,source,4.0,tabicl_aware,0.28741002082824707,,,,,6.540477739228541,0.5060059412483412,0.7542372881355932,1.1129767749206771
openml:531,regression,388,13,block,0.5,0.46153846153846156,4,source,4.0,catboost,0.21743297576904297,,,,,9.901154687977359,-0.13207310611123146,,
openml:531,regression,336,13,block_shift,0.3,0.2818485861964123,4,source,1.0,tabicl_impute,0.2073838710784912,,,,,6.1017905170498645,0.5697147185819182,0.7235294117647059,1.6429757882563676
openml:531,regression,336,13,block_shift,0.3,0.2818485861964123,4,source,1.0,tabicl_aware,0.28189802169799805,,,,,6.214040797767408,0.5537377981977545,0.7058823529411765,1.6261509541357337
openml:531,regression,336,13,block_shift,0.3,0.2818485861964123,4,source,1.0,catboost,0.19900870323181152,,,,,10.746624210991923,-0.3347072783267926,,
openml:531,regression,388,13,block_shift,0.5,0.46153846153846156,4,source,4.0,tabicl_impute,0.20595359802246094,,,,,6.338386095846754,0.5360617687174103,0.8983050847457628,1.9802390736454503
openml:531,regression,388,13,block_shift,0.5,0.46153846153846156,4,source,4.0,tabicl_aware,0.2836642265319824,,,,,5.046703873103552,0.705884151966696,0.8728813559322034,1.1763894119983747
openml:531,regression,388,13,block_shift,0.5,0.46153846153846156,4,source,4.0,catboost,0.24413251876831055,,,,,5.924997306655074,0.594604338587992,,
openml:1461,classification,2100,16,none,0.0,0.0,0,random,,tabicl_impute,0.2603261470794678,,0.9044444444444445,0.20386180456915207,0.9317304994388327,,,,
openml:1461,classification,2100,16,none,0.0,0.0,0,random,,tabicl_aware,0.3502042293548584,,0.9011111111111111,0.20700265095852485,0.930549710063599,,,,
openml:1461,classification,2100,16,none,0.0,0.0,0,random,,catboost,0.37302637100219727,,0.8933333333333333,0.24355305144119663,0.917987747848859,,,,
openml:1461,classification,1464,16,block,0.3,0.2805,0,source,1.0,tabicl_impute,0.24777579307556152,,0.876953125,0.4484284343634575,0.74186357725858,,,,
openml:1461,classification,1464,16,block,0.3,0.2805,0,source,1.0,tabicl_aware,0.33078575134277344,,0.873046875,0.33520173959161,0.7466914092265233,,,,
openml:1461,classification,1464,16,block,0.3,0.2805,0,source,1.0,catboost,0.31452035903930664,,0.8736979166666666,0.5004138912134019,0.6640401390536919,,,,
openml:1461,classification,2418,16,block,0.5,0.5,0,source,1.0,tabicl_impute,0.2643423080444336,,0.865979381443299,0.3626599195358247,0.7509751616880992,,,,
openml:1461,classification,2418,16,block,0.5,0.5,0,source,1.0,tabicl_aware,0.359525203704834,,0.865979381443299,0.3608139403362275,0.7518182046958752,,,,
openml:1461,classification,2418,16,block,0.5,0.5,0,source,1.0,catboost,0.3904097080230713,,0.865979381443299,0.4503193677425756,0.6573470568991117,,,,
openml:1461,classification,1464,16,block_shift,0.3,0.282,0,source,1.0,tabicl_impute,0.24278926849365234,,0.8841145833333334,0.3900963579243932,0.6281469996171095,,,,
openml:1461,classification,1464,16,block_shift,0.3,0.282,0,source,1.0,tabicl_aware,0.32992982864379883,,0.8723958333333334,0.352162183716815,0.6779701497063875,,,,
openml:1461,classification,1464,16,block_shift,0.3,0.282,0,source,1.0,catboost,0.3366396427154541,,0.7552083333333334,0.5105685481281534,0.5989146381684946,,,,
openml:1461,classification,2418,16,block_shift,0.5,0.5,0,source,1.0,tabicl_impute,0.2626628875732422,,0.8711340206185567,0.36497146954122517,0.7132395500415231,,,,
openml:1461,classification,2418,16,block_shift,0.5,0.5,0,source,1.0,tabicl_aware,0.40090155601501465,,0.8711340206185567,0.3704390971216549,0.7043938898256032,,,,
openml:1461,classification,2418,16,block_shift,0.5,0.5,0,source,1.0,catboost,0.4709441661834717,,0.8642611683848798,0.4100399300847015,0.666947681002592,,,,
openml:1461,classification,2100,16,none,0.0,0.0,1,random,,tabicl_impute,0.260073184967041,,0.91,0.20193867215169634,0.9360503179947625,,,,
openml:1461,classification,2100,16,none,0.0,0.0,1,random,,tabicl_aware,0.3492085933685303,,0.9044444444444445,0.20833764407414074,0.9298307145529368,,,,
openml:1461,classification,2100,16,none,0.0,0.0,1,random,,catboost,0.36842894554138184,,0.9077777777777778,0.2407485247346849,0.910388608305275,,,,
openml:1461,classification,1997,16,block,0.3,0.3125,1,source,1.0,tabicl_impute,0.2596445083618164,,0.8893320039880359,0.2851499519474392,0.8992537313432836,,,,
openml:1461,classification,1997,16,block,0.3,0.3125,1,source,1.0,tabicl_aware,0.35202574729919434,,0.8823529411764706,0.2564892739985989,0.899339608058671,,,,
openml:1461,classification,1997,16,block,0.3,0.3125,1,source,1.0,catboost,0.36037206649780273,,0.8803589232303091,0.27329072506337754,0.876062724352919,,,,
openml:1461,classification,1976,16,block,0.5,0.4589375,1,source,0.0,tabicl_impute,0.24436640739440918,,0.876953125,0.3011597228772509,0.878151660820233,,,,
openml:1461,classification,1976,16,block,0.5,0.4589375,1,source,0.0,tabicl_aware,0.32903337478637695,,0.8759765625,0.2774750338878811,0.87470876098913,,,,
openml:1461,classification,1976,16,block,0.5,0.4589375,1,source,0.0,catboost,0.3463921546936035,,0.8349609375,0.3724334968806848,0.8472868217054264,,,,
openml:1461,classification,1997,16,block_shift,0.3,0.3125,1,source,1.0,tabicl_impute,0.25594663619995117,,0.8753738783649053,0.40381253108752807,0.8349750098758223,,,,
openml:1461,classification,1997,16,block_shift,0.3,0.3125,1,source,1.0,tabicl_aware,0.3520324230194092,,0.8783649052841476,0.3077356967562082,0.835923947580853,,,,
openml:1461,classification,1997,16,block_shift,0.3,0.3125,1,source,1.0,catboost,0.4469311237335205,,0.8664007976071785,0.4021027858673209,0.7660804149562888,,,,
openml:1461,classification,1976,16,block_shift,0.5,0.4408125,1,source,0.0,tabicl_impute,0.25423169136047363,,0.873046875,0.32264969357347656,0.8276687887055563,,,,
openml:1461,classification,1976,16,block_shift,0.5,0.4408125,1,source,0.0,tabicl_aware,0.34101152420043945,,0.8798828125,0.2961652737106232,0.8332293967346585,,,,
openml:1461,classification,1976,16,block_shift,0.5,0.4408125,1,source,0.0,catboost,0.4488029479980469,,0.7978515625,0.45149794263800563,0.6634749469490278,,,,
openml:1461,classification,2100,16,none,0.0,0.0,2,random,,tabicl_impute,0.2608370780944824,,0.8955555555555555,0.2170850881733261,0.9211150860456415,,,,
openml:1461,classification,2100,16,none,0.0,0.0,2,random,,tabicl_aware,0.34743380546569824,,0.8944444444444445,0.21892843873916226,0.9199635241301908,,,,
openml:1461,classification,2100,16,none,0.0,0.0,2,random,,catboost,0.38353919982910156,,0.8922222222222222,0.2640545318552877,0.8976103628881407,,,,
openml:1461,classification,1467,16,block,0.3,0.2194375,2,source,1.0,tabicl_impute,0.24654531478881836,,0.8851924331376386,0.37837108393037916,0.6754276441545132,,,,
openml:1461,classification,1467,16,block,0.3,0.2194375,2,source,1.0,tabicl_aware,0.33385562896728516,,0.8851924331376386,0.3324256913286049,0.687840102162826,,,,
openml:1461,classification,1467,16,block,0.3,0.2194375,2,source,1.0,catboost,0.33472442626953125,,0.8812785388127854,0.692382229931183,0.678361978510017,,,,
openml:1461,classification,1995,16,block,0.5,0.458375,2,source,0.0,tabicl_impute,0.2496788501739502,,0.881592039800995,0.40363740643591883,0.7078409558356081,,,,
openml:1461,classification,1995,16,block,0.5,0.458375,2,source,0.0,tabicl_aware,0.3885164260864258,,0.8796019900497513,0.3371815864372111,0.7233788938334391,,,,
openml:1461,classification,1995,16,block,0.5,0.458375,2,source,0.0,catboost,0.4001810550689697,,0.8796019900497513,0.6996289611017386,0.5748429378108523,,,,
openml:1461,classification,1467,16,block_shift,0.3,0.248625,2,source,1.0,tabicl_impute,0.24694156646728516,,0.8962818003913894,0.263462222001348,0.8701185934716651,,,,
openml:1461,classification,1467,16,block_shift,0.3,0.248625,2,source,1.0,tabicl_aware,0.33594274520874023,,0.8969341161121983,0.2723275903156375,0.8754605867855314,,,,
openml:1461,classification,1467,16,block_shift,0.3,0.248625,2,source,1.0,catboost,0.34319615364074707,,0.8858447488584474,0.3662209069934175,0.8403299143491593,,,,
openml:1461,classification,1995,16,block_shift,0.5,0.4584375,2,source,0.0,tabicl_impute,0.2540926933288574,,0.8805970149253731,0.35829149963073714,0.8661605773905239,,,,
openml:1461,classification,1995,16,block_shift,0.5,0.4584375,2,source,0.0,tabicl_aware,0.35346055030822754,,0.8805970149253731,0.29415582652228506,0.8662306944392506,,,,
openml:1461,classification,1995,16,block_shift,0.5,0.4584375,2,source,0.0,catboost,0.44388604164123535,,0.8656716417910447,0.31286927380019136,0.8039059870610674,,,,
openml:1461,classification,2100,16,none,0.0,0.0,3,random,,tabicl_impute,0.2666783332824707,,0.8966666666666666,0.21292207688050685,0.922979797979798,,,,
openml:1461,classification,2100,16,none,0.0,0.0,3,random,,tabicl_aware,0.3559403419494629,,0.9,0.21610364330168774,0.9217171717171717,,,,
openml:1461,classification,2100,16,none,0.0,0.0,3,random,,catboost,0.3760383129119873,,0.9055555555555556,0.22410012748142674,0.9185021511410401,,,,
openml:1461,classification,2251,16,block,0.3,0.29689583333333336,3,source,2.0,tabicl_impute,0.2637441158294678,,0.910547396528705,0.28623593221154975,0.9131539611360239,,,,
openml:1461,classification,2251,16,block,0.3,0.29689583333333336,3,source,2.0,tabicl_aware,0.36499786376953125,,0.9145527369826435,0.21469024217366126,0.9130418535127056,,,,
openml:1461,classification,2251,16,block,0.3,0.29689583333333336,3,source,2.0,catboost,0.39307641983032227,,0.9198931909212283,0.21462521425968514,0.9014013452914797,,,,
openml:1461,classification,1969,16,block,0.5,0.479625,3,source,0.0,tabicl_impute,0.25530052185058594,,0.8603297769156159,0.47097339274505406,0.6687440154502815,,,,
openml:1461,classification,1969,16,block,0.5,0.479625,3,source,0.0,tabicl_aware,0.35344529151916504,,0.8632395732298739,0.36820087150462244,0.6874401545028157,,,,
openml:1461,classification,1969,16,block,0.5,0.479625,3,source,0.0,catboost,0.40287303924560547,,0.8671193016488846,0.4681325354742838,0.5826760471947676,,,,
openml:1461,classification,2251,16,block_shift,0.3,0.3125,3,source,2.0,tabicl_impute,0.26741838455200195,,0.9118825100133512,0.26626021050186677,0.9177130044843049,,,,
openml:1461,classification,2251,16,block_shift,0.3,0.3125,3,source,2.0,tabicl_aware,0.3630399703979492,,0.9038718291054739,0.2144973972404454,0.9148729446935725,,,,
openml:1461,classification,2251,16,block_shift,0.3,0.3125,3,source,2.0,catboost,0.39574408531188965,,0.9012016021361816,0.25694254255892957,0.9088378176382661,,,,
openml:1461,classification,1969,16,block_shift,0.5,0.45897916666666666,3,source,0.0,tabicl_impute,0.2533583641052246,,0.871968962172648,0.37297661248812763,0.6536872940909164,,,,
openml:1461,classification,1969,16,block_shift,0.5,0.45897916666666666,3,source,0.0,tabicl_aware,0.3458442687988281,,0.8690591658583899,0.3830707514294375,0.6448991349789831,,,,
openml:1461,classification,1969,16,block_shift,0.5,0.45897916666666666,3,source,0.0,catboost,0.4358789920806885,,0.8399612027158099,0.4510854702797187,0.5185541327880293,,,,
openml:1461,classification,2100,16,none,0.0,0.0,4,random,,tabicl_impute,0.26070070266723633,,0.9111111111111111,0.1897052221339101,0.940931303778526,,,,
openml:1461,classification,2100,16,none,0.0,0.0,4,random,,tabicl_aware,0.3888435363769531,,0.91,0.1947382171341045,0.9372369528619529,,,,
openml:1461,classification,2100,16,none,0.0,0.0,4,random,,catboost,0.36780762672424316,,0.8944444444444445,0.23876292401190755,0.9108094837261504,,,,
openml:1461,classification,2002,16,block,0.3,0.3125,4,source,0.0,tabicl_impute,0.2564213275909424,,0.8396793587174348,0.4863443415955685,0.7202767252499195,,,,
openml:1461,classification,2002,16,block,0.3,0.3125,4,source,0.0,tabicl_aware,0.3479480743408203,,0.8887775551102205,0.31612660888210453,0.7349746049661401,,,,
openml:1461,classification,2002,16,block,0.3,0.3125,4,source,0.0,catboost,0.36417531967163086,,0.8877755511022044,0.7358538449888993,0.7140740890035473,,,,
openml:1461,classification,2428,16,block,0.5,0.5,4,source,4.0,tabicl_impute,0.2680068016052246,,0.8933566433566433,0.31189852724171435,0.8668242943697355,,,,
openml:1461,classification,2428,16,block,0.5,0.5,4,source,4.0,tabicl_aware,0.36511731147766113,,0.8916083916083916,0.2619376543395331,0.8626422343726909,,,,
openml:1461,classification,2428,16,block,0.5,0.5,4,source,4.0,catboost,0.40033984184265137,,0.7937062937062938,0.4720812146158356,0.801832422048175,,,,
openml:1461,classification,2002,16,block_shift,0.3,0.3125,4,source,0.0,tabicl_impute,0.26076674461364746,,0.9128256513026052,0.3158639353658549,0.8530111254434054,,,,
openml:1461,classification,2002,16,block_shift,0.3,0.3125,4,source,0.0,tabicl_aware,0.3488280773162842,,0.8967935871743486,0.2651054296439297,0.8491162125120928,,,,
openml:1461,classification,2002,16,block_shift,0.3,0.3125,4,source,0.0,catboost,0.3838963508605957,,0.3226452905811623,1.2213272075401533,0.7558851983231216,,,,
openml:1461,classification,2428,16,block_shift,0.5,0.5,4,source,4.0,tabicl_impute,0.27429866790771484,,0.8846153846153846,0.3630503340145686,0.6807300132998374,,,,
openml:1461,classification,2428,16,block_shift,0.5,0.5,4,source,4.0,tabicl_aware,0.3674783706665039,,0.8863636363636364,0.3405116362897978,0.6692034875129304,,,,
openml:1461,classification,2428,16,block_shift,0.5,0.5,4,source,4.0,catboost,0.4786078929901123,,0.7097902097902098,0.572512452853379,0.5189596571597458,,,,
openml:1494,classification,738,41,none,0.0,0.0,0,random,,tabicl_impute,0.2870962619781494,,0.8927444794952681,0.33882942316993814,0.9220293724966623,,,,
openml:1494,classification,738,41,none,0.0,0.0,0,random,,tabicl_aware,0.3764357566833496,,0.886435331230284,0.333397698233385,0.9223854027592345,,,,
openml:1494,classification,738,41,none,0.0,0.0,0,random,,catboost,0.3680446147918701,,0.861198738170347,0.4103531416595283,0.904138851802403,,,,
openml:1494,classification,527,41,block,0.3,0.23171887643047046,0,source,1.0,tabicl_impute,0.2541508674621582,,0.7954545454545454,0.4423071352183646,0.8687443938599015,,,,
openml:1494,classification,527,41,block,0.3,0.23171887643047046,0,source,1.0,tabicl_aware,0.349379301071167,,0.8579545454545454,0.33490305176142693,0.9174183830622641,,,,
openml:1494,classification,527,41,block,0.3,0.23171887643047046,0,source,1.0,catboost,0.31293463706970215,,0.7367424242424242,0.6562258811113659,0.8214412645759641,,,,
openml:1494,classification,837,41,block,0.5,0.48274187955149694,0,source,2.0,tabicl_impute,0.2818942070007324,,0.7431192660550459,0.45901092299013185,0.9087709284627092,,,,
openml:1494,classification,837,41,block,0.5,0.48274187955149694,0,source,2.0,tabicl_aware,0.24682927131652832,BracketError: The algorithm terminated without finding a valid bracket. Consider trying different initial points.,,,,,,,
openml:1494,classification,837,41,block,0.5,0.48274187955149694,0,source,2.0,catboost,0.3848235607147217,,0.7981651376146789,0.5038139357070707,0.8706240487062404,,,,
openml:1494,classification,527,41,block_shift,0.3,0.25608600161831,0,source,1.0,tabicl_impute,0.29032039642333984,,0.6950757575757576,0.6042373132194512,0.895713101020529,,,,
openml:1494,classification,527,41,block_shift,0.3,0.25608600161831,0,source,1.0,tabicl_aware,0.3451039791107178,,0.8257575757575758,0.433191125858337,0.9000287711340904,,,,
openml:1494,classification,527,41,block_shift,0.3,0.25608600161831,0,source,1.0,catboost,0.31554555892944336,,0.8143939393939394,0.4718003349613929,0.8925990488601554,,,,
openml:1494,classification,837,41,block_shift,0.5,0.47827996763379954,0,source,2.0,tabicl_impute,0.29236578941345215,,0.6697247706422018,0.5091420571286209,0.916095890410959,,,,
openml:1494,classification,837,41,block_shift,0.5,0.47827996763379954,0,source,2.0,tabicl_aware,0.38513922691345215,,0.8532110091743119,0.33886106385059,0.9312214611872146,,,,
openml:1494,classification,837,41,block_shift,0.5,0.47827996763379954,0,source,2.0,catboost,0.404829740524292,,0.7798165137614679,0.4122189133578719,0.875951293759513,,,,
openml:1494,classification,738,41,none,0.0,0.0,1,random,,tabicl_impute,0.284137487411499,,0.861198738170347,0.30519416353624124,0.9344904316866933,,,,
openml:1494,classification,738,41,none,0.0,0.0,1,random,,tabicl_aware,0.3723616600036621,,0.8738170347003155,0.3051765590876569,0.9344904316866933,,,,
openml:1494,classification,738,41,none,0.0,0.0,1,random,,catboost,0.36481451988220215,,0.8359621451104101,0.3939601362864099,0.9183800623052959,,,,
openml:1494,classification,698,41,block,0.3,0.28470697029245173,1,source,0.0,tabicl_impute,0.2762284278869629,,0.803921568627451,0.4462535331673724,0.8917227071111746,,,,
openml:1494,classification,698,41,block,0.3,0.28470697029245173,1,source,0.0,tabicl_aware,0.3705925941467285,,0.8291316526610645,0.3749199385772378,0.898733724424095,,,,
openml:1494,classification,698,41,block,0.3,0.28470697029245173,1,source,0.0,catboost,0.36403703689575195,,0.8123249299719888,0.40439870806900285,0.888396050937187,,,,
openml:1494,classification,702,41,block,0.5,0.4466304473471275,1,source,0.0,tabicl_impute,0.25733089447021484,,0.7110481586402266,0.5283455146484415,0.8606141710100015,,,,
openml:1494,classification,702,41,block,0.5,0.4466304473471275,1,source,0.0,tabicl_aware,0.3501441478729248,,0.7847025495750708,0.4593453688592924,0.8600154951401606,,,,
openml:1494,classification,702,41,block,0.5,0.4466304473471275,1,source,0.0,catboost,0.3189847469329834,,0.7365439093484419,0.6263247379365099,0.8340611353711791,,,,
openml:1494,classification,698,41,block_shift,0.3,0.27617616460524796,1,source,0.0,tabicl_impute,0.2705111503601074,,0.6722689075630253,0.5215036470637548,0.895013592788668,,,,
openml:1494,classification,698,41,block_shift,0.3,0.27617616460524796,1,source,0.0,tabicl_aware,0.36668896675109863,,0.8235294117647058,0.3912834737863164,0.8984117899556446,,,,
openml:1494,classification,698,41,block_shift,0.3,0.27617616460524796,1,source,0.0,catboost,0.34718918800354004,,0.742296918767507,0.46198642105108695,0.8634282443840321,,,,
openml:1494,classification,702,41,block_shift,0.5,0.43920933996069816,1,source,0.0,tabicl_impute,0.26095032691955566,,0.6487252124645893,0.6914676577036892,0.840083110297225,,,,
openml:1494,classification,702,41,block_shift,0.5,0.43920933996069816,1,source,0.0,tabicl_aware,0.3533322811126709,,0.7762039660056658,0.46581598099511834,0.8529370333849838,,,,
openml:1494,classification,702,41,block_shift,0.5,0.43920933996069816,1,source,0.0,catboost,0.40067100524902344,,0.6458923512747875,0.6108233729861747,0.7804620369066065,,,,
openml:1494,classification,738,41,none,0.0,0.0,2,random,,tabicl_impute,0.2791612148284912,,0.8832807570977917,0.24420812688038432,0.9598575878949711,,,,
openml:1494,classification,738,41,none,0.0,0.0,2,random,,tabicl_aware,0.37126946449279785,,0.8958990536277602,0.2521239459494806,0.9564307966177125,,,,
openml:1494,classification,738,41,none,0.0,0.0,2,random,,catboost,0.3507256507873535,,0.861198738170347,0.3119500102003014,0.9393858477970628,,,,
openml:1494,classification,521,41,block,0.3,0.2559472893307132,2,source,0.0,tabicl_impute,0.25233888626098633,,0.6573033707865169,0.5936711363275865,0.9043064363072196,,,,
openml:1494,classification,521,41,block,0.3,0.2559472893307132,2,source,0.0,tabicl_aware,0.3865039348602295,,0.8426966292134831,0.36776283699045925,0.9097742095829128,,,,
openml:1494,classification,521,41,block,0.3,0.2559472893307132,2,source,0.0,catboost,0.3141975402832031,,0.8146067415730337,0.40344021161809157,0.892233653165434,,,,
openml:1494,classification,708,41,block,0.5,0.46373829615073403,2,source,1.0,tabicl_impute,0.25786924362182617,,0.6340057636887608,0.6033572726422936,0.8052612741589119,,,,
openml:1494,classification,708,41,block,0.5,0.46373829615073403,2,source,1.0,tabicl_aware,0.35190677642822266,,0.7809798270893372,0.4378852525545576,0.8680028632784538,,,,
openml:1494,classification,708,41,block,0.5,0.46373829615073403,2,source,1.0,catboost,0.31545472145080566,,0.7550432276657061,0.5156453746311469,0.8104151753758052,,,,
openml:1494,classification,521,41,block_shift,0.3,0.23185758871806728,2,source,0.0,tabicl_impute,0.2574169635772705,,0.8389513108614233,0.42952672249065443,0.8947265360225339,,,,
openml:1494,classification,521,41,block_shift,0.3,0.23185758871806728,2,source,0.0,tabicl_aware,0.3475346565246582,,0.8295880149812734,0.42181654389740203,0.8863516546415822,,,,
openml:1494,classification,521,41,block_shift,0.3,0.23185758871806728,2,source,0.0,catboost,0.3300809860229492,,0.8089887640449438,0.5082618099528179,0.8636370483061953,,,,
openml:1494,classification,708,41,block_shift,0.5,0.43976418911108545,2,source,1.0,tabicl_impute,0.25939512252807617,,0.6368876080691642,0.6282364386458149,0.8998926270579815,,,,
openml:1494,classification,708,41,block_shift,0.5,0.43976418911108545,2,source,1.0,tabicl_aware,0.35419201850891113,,0.7665706051873199,0.4612606729629176,0.8914101646385111,,,,
openml:1494,classification,708,41,block_shift,0.5,0.43976418911108545,2,source,1.0,catboost,0.40101122856140137,,0.7435158501440923,0.5721263008740356,0.8438439513242663,,,,
openml:1494,classification,738,41,none,0.0,0.0,3,random,,tabicl_impute,0.27862024307250977,,0.8927444794952681,0.258885766267455,0.9514463729417001,,,,
openml:1494,classification,738,41,none,0.0,0.0,3,random,,tabicl_aware,0.3681480884552002,,0.886435331230284,0.2681999903313598,0.9479305740987983,,,,
openml:1494,classification,738,41,none,0.0,0.0,3,random,,catboost,0.361238956451416,,0.886435331230284,0.2866835304934857,0.946995994659546,,,,
openml:1494,classification,760,41,block,0.3,0.2873425037567911,3,source,1.0,tabicl_impute,0.2759578227996826,,0.8610169491525423,0.39523183511345683,0.8868953106806393,,,,
openml:1494,classification,760,41,block,0.3,0.2873425037567911,3,source,1.0,tabicl_aware,0.3704822063446045,,0.847457627118644,0.35982802580532436,0.8963162908859956,,,,
openml:1494,classification,760,41,block,0.3,0.2873425037567911,3,source,1.0,catboost,0.3313906192779541,,0.823728813559322,0.3955116863959212,0.8900709219858156,,,,
openml:1494,classification,683,41,block,0.5,0.44762455207490465,3,source,0.0,tabicl_impute,0.2626357078552246,,0.7661290322580645,0.49584614240404934,0.8012863685344827,,,,
openml:1494,classification,683,41,block,0.5,0.44762455207490465,3,source,0.0,tabicl_aware,0.3570084571838379,,0.8279569892473119,0.4155354118154554,0.8703529094827586,,,,
openml:1494,classification,683,41,block,0.5,0.44762455207490465,3,source,0.0,catboost,0.3457515239715576,,0.75,0.5920155120473597,0.8326373922413792,,,,
openml:1494,classification,760,41,block_shift,0.3,0.2873425037567911,3,source,1.0,tabicl_impute,0.27686262130737305,,0.8338983050847457,0.4121127776540359,0.9059489785116969,,,,
openml:1494,classification,760,41,block_shift,0.3,0.2873425037567911,3,source,1.0,tabicl_aware,0.3689894676208496,,0.8677966101694915,0.3447178202310571,0.9137292262093786,,,,
openml:1494,classification,760,41,block_shift,0.3,0.2873425037567911,3,source,1.0,catboost,0.4020111560821533,,0.8610169491525423,0.3826871788382364,0.8944638509579761,,,,
openml:1494,classification,683,41,block_shift,0.5,0.4551612530343313,3,source,0.0,tabicl_impute,0.2624168395996094,,0.7688172043010753,0.4747029465179937,0.863213900862069,,,,
openml:1494,classification,683,41,block_shift,0.5,0.4551612530343313,3,source,0.0,tabicl_aware,0.40856480598449707,,0.803763440860215,0.4050684650965654,0.8847992995689655,,,,
openml:1494,classification,683,41,block_shift,0.5,0.4551612530343313,3,source,0.0,catboost,0.3930246829986572,,0.7311827956989247,0.542967694726657,0.7606411637931034,,,,
openml:1494,classification,738,41,none,0.0,0.0,4,random,,tabicl_impute,0.2788529396057129,,0.889589905362776,0.2544242864963699,0.9588340008900758,,,,
openml:1494,classification,738,41,none,0.0,0.0,4,random,,tabicl_aware,0.371079683303833,,0.8958990536277602,0.26264383245372935,0.9556297285269248,,,,
openml:1494,classification,738,41,none,0.0,0.0,4,random,,catboost,0.3649861812591553,,0.8675078864353313,0.31348345350164974,0.9400979083222074,,,,
openml:1494,classification,707,41,block,0.3,0.2926829268292683,4,source,2.0,tabicl_impute,0.2762730121612549,,0.8477011494252874,0.38242523270634693,0.9082936979785968,,,,
openml:1494,classification,707,41,block,0.3,0.2926829268292683,4,source,2.0,tabicl_aware,0.3728313446044922,,0.8591954022988506,0.3455026003105275,0.9154652199762189,,,,
openml:1494,classification,707,41,block,0.3,0.2926829268292683,4,source,2.0,catboost,0.3706352710723877,,0.8362068965517241,0.40703392581808967,0.8907922116527943,,,,
openml:1494,classification,849,41,block,0.5,0.48304242284129,4,source,3.0,tabicl_impute,0.28188514709472656,,0.7475728155339806,0.47508015361842804,0.8782697201017812,,,,
openml:1494,classification,849,41,block,0.5,0.48304242284129,4,source,3.0,tabicl_aware,0.38100099563598633,,0.8106796116504854,0.39035900605299473,0.9026972010178117,,,,
openml:1494,classification,849,41,block,0.5,0.48304242284129,4,source,3.0,catboost,0.37041330337524414,,0.8155339805825242,0.45645725515641267,0.8656488549618321,,,,
openml:1494,classification,707,41,block_shift,0.3,0.2926829268292683,4,source,2.0,tabicl_impute,0.2751505374908447,,0.8189655172413793,0.4233935635215985,0.9007505945303209,,,,
openml:1494,classification,707,41,block_shift,0.3,0.2926829268292683,4,source,2.0,tabicl_aware,0.3736279010772705,,0.8448275862068966,0.36596021617761726,0.902422711058264,,,,
openml:1494,classification,707,41,block_shift,0.3,0.2926829268292683,4,source,2.0,catboost,0.4151191711425781,,0.8017241379310345,0.4214380323116384,0.869500594530321,,,,
openml:1494,classification,849,41,block_shift,0.5,0.4729857819905213,4,source,3.0,tabicl_impute,0.28444576263427734,,0.6893203883495146,0.5148718925747481,0.8748091603053435,,,,
openml:1494,classification,849,41,block_shift,0.5,0.4729857819905213,4,source,3.0,tabicl_aware,0.3821103572845459,,0.8203883495145631,0.39511138943529406,0.901882951653944,,,,
openml:1494,classification,849,41,block_shift,0.5,0.4729857819905213,4,source,3.0,catboost,0.39607834815979004,,0.7087378640776699,0.5541304903030859,0.8231043256997456,,,,
openml:40701,classification,2100,20,none,0.0,0.0,0,random,,tabicl_impute,0.27272677421569824,,0.96,0.13032119974975448,0.9405323364333662,,,,
openml:40701,classification,2100,20,none,0.0,0.0,0,random,,tabicl_aware,0.36010169982910156,,0.9588888888888889,0.13411356063548496,0.9248759817053915,,,,
openml:40701,classification,2100,20,none,0.0,0.0,0,random,,catboost,0.3983950614929199,,0.9588888888888889,0.15220756765802407,0.9298468997972926,,,,
openml:40701,classification,1464,20,block,0.3,0.2756,0,source,1.0,tabicl_impute,0.24856090545654297,,0.8893229166666666,0.3480474339984328,0.6834759590719945,,,,
openml:40701,classification,1464,20,block,0.3,0.2756,0,source,1.0,tabicl_aware,0.33718156814575195,,0.8912760416666666,0.3075015518636579,0.7795862309753179,,,,
openml:40701,classification,1464,20,block,0.3,0.2756,0,source,1.0,catboost,0.34893250465393066,,0.9049479166666666,0.30530892278542976,0.758254716981132,,,,
openml:40701,classification,2418,20,block,0.5,0.48985,0,source,1.0,tabicl_impute,0.27607083320617676,,0.8780068728522337,0.3483788300439988,0.6854014041514043,,,,
openml:40701,classification,2418,20,block,0.5,0.48985,0,source,1.0,tabicl_aware,0.41926121711730957,,0.8848797250859106,0.35119781497892827,0.6836334961334961,,,,
openml:40701,classification,2418,20,block,0.5,0.48985,0,source,1.0,catboost,0.4325094223022461,,0.8780068728522337,0.42388371120613316,0.6457315832315832,,,,
openml:40701,classification,1464,20,block_shift,0.3,0.2488,0,source,1.0,tabicl_impute,0.24875211715698242,,0.8834635416666666,0.3717334424674346,0.7102975545801744,,,,
openml:40701,classification,1464,20,block_shift,0.3,0.2488,0,source,1.0,tabicl_aware,0.3355123996734619,,0.8899739583333334,0.3544374749783446,0.6889019124437097,,,,
openml:40701,classification,1464,20,block_shift,0.3,0.2488,0,source,1.0,catboost,0.35664987564086914,,0.8821614583333334,0.48283258228881437,0.710468562959585,,,,
openml:40701,classification,2418,20,block_shift,0.5,0.4895333333333333,0,source,1.0,tabicl_impute,0.26999521255493164,,0.8402061855670103,0.4403663528834907,0.6641356328856329,,,,
openml:40701,classification,2418,20,block_shift,0.5,0.4895333333333333,0,source,1.0,tabicl_aware,0.37299656867980957,,0.8797250859106529,0.36209196868044796,0.6757605820105821,,,,
openml:40701,classification,2418,20,block_shift,0.5,0.4895333333333333,0,source,1.0,catboost,0.5508053302764893,,0.8505154639175257,0.3967258583972849,0.6891280016280016,,,,
openml:40701,classification,2100,20,none,0.0,0.0,1,random,,tabicl_impute,0.2782289981842041,,0.9677777777777777,0.11844889594659312,0.9480094316709844,,,,
openml:40701,classification,2100,20,none,0.0,0.0,1,random,,tabicl_aware,0.36461877822875977,,0.9633333333333334,0.12224272283442847,0.9458033112046632,,,,
openml:40701,classification,2100,20,none,0.0,0.0,1,random,,catboost,0.396160364151001,,0.96,0.14431343552470166,0.935880829015544,,,,
openml:40701,classification,1997,20,block,0.3,0.3,1,source,1.0,tabicl_impute,0.26628661155700684,,0.8773678963110668,0.3892845571007706,0.7179947959017727,,,,
openml:40701,classification,1997,20,block,0.3,0.3,1,source,1.0,tabicl_aware,0.3667027950286865,,0.8783649052841476,0.389950617773898,0.7040331761261993,,,,
openml:40701,classification,1997,20,block,0.3,0.3,1,source,1.0,catboost,0.3870048522949219,,0.872382851445663,0.5246051211820514,0.6675882257277608,,,,
openml:40701,classification,1976,20,block,0.5,0.4169833333333333,1,source,0.0,tabicl_impute,0.26387667655944824,,0.87890625,0.3427618205914378,0.7472799085850557,,,,
openml:40701,classification,1976,20,block,0.5,0.4169833333333333,1,source,0.0,tabicl_aware,0.35440659523010254,,0.8837890625,0.3260664576309876,0.7384406465288819,,,,
openml:40701,classification,1976,20,block,0.5,0.4169833333333333,1,source,0.0,catboost,0.4537506103515625,,0.8779296875,0.392674627633235,0.7228404875463699,,,,
openml:40701,classification,1997,20,block_shift,0.3,0.2830666666666667,1,source,1.0,tabicl_impute,0.26999807357788086,,0.8863409770687937,0.27849808768659284,0.8791429500731827,,,,
openml:40701,classification,1997,20,block_shift,0.3,0.2830666666666667,1,source,1.0,tabicl_aware,0.37102627754211426,,0.9062811565304087,0.26045363401331706,0.8818994958529842,,,,
openml:40701,classification,1997,20,block_shift,0.3,0.2830666666666667,1,source,1.0,catboost,0.4673326015472412,,0.8843469591226321,0.29706619138642415,0.8520165880630997,,,,
openml:40701,classification,1976,20,block_shift,0.5,0.46715,1,source,0.0,tabicl_impute,0.25998711585998535,,0.8583984375,0.3479919712264635,0.703675642554319,,,,
openml:40701,classification,1976,20,block_shift,0.5,0.46715,1,source,0.0,tabicl_aware,0.3508269786834717,,0.8701171875,0.3274125092112309,0.798862281399046,,,,
openml:40701,classification,1976,20,block_shift,0.5,0.46715,1,source,0.0,catboost,0.46451520919799805,,0.8681640625,0.38138806912077083,0.6553640037095919,,,,
openml:40701,classification,2100,20,none,0.0,0.0,2,random,,tabicl_impute,0.27193617820739746,,0.9522222222222222,0.14598495923217117,0.9280632691062176,,,,
openml:40701,classification,2100,20,none,0.0,0.0,2,random,,tabicl_aware,0.39983510971069336,,0.9577777777777777,0.13949847177144276,0.9277799141839378,,,,
openml:40701,classification,2100,20,none,0.0,0.0,2,random,,catboost,0.4038417339324951,,0.9555555555555556,0.16505079773856415,0.9205695433937823,,,,
openml:40701,classification,1467,20,block,0.3,0.25,2,source,1.0,tabicl_impute,0.2506074905395508,,0.8878016960208741,0.37231298782778666,0.8384375263646334,,,,
openml:40701,classification,1467,20,block,0.3,0.25,2,source,1.0,tabicl_aware,0.34275054931640625,,0.8838878016960209,0.27127599750799536,0.8820077195646672,,,,
openml:40701,classification,1467,20,block,0.3,0.25,2,source,1.0,catboost,0.3485589027404785,,0.8956294846705806,0.45549260543600717,0.8090145954610647,,,,
openml:40701,classification,1995,20,block,0.5,0.48325,2,source,0.0,tabicl_impute,0.2565879821777344,,0.8537313432835821,0.33856273857590896,0.8089698508309944,,,,
openml:40701,classification,1995,20,block,0.5,0.48325,2,source,0.0,tabicl_aware,0.3516807556152344,,0.8955223880597015,0.28650992008396664,0.8255030117632218,,,,
openml:40701,classification,1995,20,block,0.5,0.48325,2,source,0.0,catboost,0.450664758682251,,0.8945273631840795,0.32436112094131725,0.7917547068655586,,,,
openml:40701,classification,1467,20,block_shift,0.3,0.3,2,source,1.0,tabicl_impute,0.24877476692199707,,0.8617090671885193,0.418329318437175,0.6464186281953935,,,,
openml:40701,classification,1467,20,block_shift,0.3,0.3,2,source,1.0,tabicl_aware,0.337827205657959,,0.8604044357469015,0.38758850999842903,0.6656577800275598,,,,
openml:40701,classification,1467,20,block_shift,0.3,0.3,2,source,1.0,catboost,0.3610410690307617,,0.8460534898891063,0.5681238352989334,0.5961184229027814,,,,
openml:40701,classification,1995,20,block_shift,0.5,0.4499,2,source,0.0,tabicl_impute,0.2640562057495117,,0.8865671641791045,0.3155499471879074,0.8129001229934718,,,,
openml:40701,classification,1995,20,block_shift,0.5,0.4499,2,source,0.0,tabicl_aware,0.36040568351745605,,0.8885572139303483,0.30726319819172093,0.8575719827178403,,,,
openml:40701,classification,1995,20,block_shift,0.5,0.4499,2,source,0.0,catboost,0.4663965702056885,,0.8796019900497513,0.36815903566259084,0.7892081112617869,,,,
openml:40701,classification,2100,20,none,0.0,0.0,3,random,,tabicl_impute,0.27008938789367676,,0.9522222222222222,0.1631486240074748,0.9074981409988694,,,,
openml:40701,classification,2100,20,none,0.0,0.0,3,random,,tabicl_aware,0.3610548973083496,,0.9522222222222222,0.16373011179197583,0.9070295708508622,,,,
openml:40701,classification,2100,20,none,0.0,0.0,3,random,,catboost,0.39911866188049316,,0.9566666666666667,0.17627203426947194,0.9053488301025762,,,,
openml:40701,classification,2251,20,block,0.3,0.2876666666666667,3,source,2.0,tabicl_impute,0.26938891410827637,,0.9332443257676902,0.18964672723936177,0.9268241776590415,,,,
openml:40701,classification,2251,20,block,0.3,0.2876666666666667,3,source,2.0,tabicl_aware,0.3689155578613281,,0.9279038718291055,0.19161065232279115,0.9228655312517393,,,,
openml:40701,classification,2251,20,block,0.3,0.2876666666666667,3,source,2.0,catboost,0.40389227867126465,,0.9265687583444593,0.22803578111842918,0.9332943730171982,,,,
openml:40701,classification,1969,20,block,0.5,0.4337,3,source,0.0,tabicl_impute,0.2594883441925049,,0.9088263821532493,0.2971170014685435,0.8369849286515952,,,,
openml:40701,classification,1969,20,block,0.5,0.4337,3,source,0.0,tabicl_aware,0.35515451431274414,,0.9204655674102813,0.2603859447365649,0.8402116402116402,,,,
openml:40701,classification,1969,20,block,0.5,0.4337,3,source,0.0,catboost,0.3986318111419678,,0.9020368574199806,0.3108072500694997,0.7600609267275934,,,,
openml:40701,classification,2251,20,block_shift,0.3,0.3,3,source,2.0,tabicl_impute,0.2737252712249756,,0.9012016021361816,0.33479580506895734,0.9026409528580175,,,,
openml:40701,classification,2251,20,block_shift,0.3,0.3,3,source,2.0,tabicl_aware,0.41680264472961426,,0.8998664886515354,0.25245512799523134,0.9016739021539488,,,,
openml:40701,classification,2251,20,block_shift,0.3,0.3,3,source,2.0,catboost,0.5518021583557129,,0.8931909212283045,0.2559685317911149,0.9013886569822452,,,,
openml:40701,classification,1969,20,block_shift,0.5,0.4674,3,source,0.0,tabicl_impute,0.26329469680786133,,0.8642095053346266,0.44619933342439416,0.4918831168831169,,,,
openml:40701,classification,1969,20,block_shift,0.5,0.4674,3,source,0.0,tabicl_aware,0.35837626457214355,,0.8642095053346266,0.4346219589695324,0.5522166105499439,,,,
openml:40701,classification,1969,20,block_shift,0.5,0.4674,3,source,0.0,catboost,0.46236538887023926,,0.8642095053346266,0.5986922030885078,0.4984367484367485,,,,
openml:40701,classification,2100,20,none,0.0,0.0,4,random,,tabicl_impute,0.2717299461364746,,0.9644444444444444,0.1301846060316679,0.9436799054710658,,,,
openml:40701,classification,2100,20,none,0.0,0.0,4,random,,tabicl_aware,0.36170434951782227,,0.9655555555555555,0.1281851476154573,0.9375528414704953,,,,
openml:40701,classification,2100,20,none,0.0,0.0,4,random,,catboost,0.399616003036499,,0.9577777777777777,0.1451244033134258,0.9409601613511119,,,,
openml:40701,classification,2002,20,block,0.3,0.28336666666666666,4,source,0.0,tabicl_impute,0.2632019519805908,,0.9008016032064128,0.2733023940280486,0.9147904895746696,,,,
openml:40701,classification,2002,20,block,0.3,0.28336666666666666,4,source,0.0,tabicl_aware,0.36197423934936523,,0.9218436873747495,0.20915605515334346,0.9239825623081996,,,,
openml:40701,classification,2002,20,block,0.3,0.28336666666666666,4,source,0.0,catboost,0.4124631881713867,,0.8997995991983968,0.2733059668557656,0.9063297674018412,,,,
openml:40701,classification,2428,20,block,0.5,0.48968333333333336,4,source,4.0,tabicl_impute,0.2726306915283203,,0.8513986013986014,0.4694922823381484,0.7139779923180734,,,,
openml:40701,classification,2428,20,block,0.5,0.48968333333333336,4,source,4.0,tabicl_aware,0.37674975395202637,,0.8618881118881119,0.3598970338246106,0.697524135783245,,,,
openml:40701,classification,2428,20,block,0.5,0.48968333333333336,4,source,4.0,catboost,0.47504210472106934,,0.8636363636363636,0.40346883388739846,0.6461123222256826,,,,
openml:40701,classification,2002,20,block_shift,0.3,0.3,4,source,0.0,tabicl_impute,0.26842284202575684,,0.9278557114228457,0.20918941868588165,0.9079119702488503,,,,
openml:40701,classification,2002,20,block_shift,0.3,0.3,4,source,0.0,tabicl_aware,0.36876463890075684,,0.93687374749499,0.1918318273444373,0.9180218162350264,,,,
openml:40701,classification,2002,20,block_shift,0.3,0.3,4,source,0.0,catboost,0.4742722511291504,,0.906813627254509,0.24074011614952762,0.872496438848577,,,,
openml:40701,classification,2428,20,block_shift,0.5,0.4711,4,source,4.0,tabicl_impute,0.270160436630249,,0.8653846153846154,0.3931696011481137,0.5843584553098724,,,,
openml:40701,classification,2428,20,block_shift,0.5,0.4711,4,source,4.0,tabicl_aware,0.37021756172180176,,0.8688811188811189,0.38178817626103384,0.5969453960344648,,,,
openml:40701,classification,2428,20,block_shift,0.5,0.4711,4,source,4.0,catboost,0.6352291107177734,,0.7692307692307693,0.5055532301783306,0.5429513131942282,,,,
openml:1063,classification,365,21,none,0.0,0.0,0,random,,tabicl_impute,0.21077752113342285,,0.8471337579617835,0.3310776578189894,0.880625,,,,
openml:1063,classification,365,21,none,0.0,0.0,0,random,,tabicl_aware,0.2933502197265625,,0.8535031847133758,0.32800963189650223,0.881375,,,,
openml:1063,classification,365,21,none,0.0,0.0,0,random,,catboost,0.2703864574432373,,0.821656050955414,0.4268656861796162,0.841625,,,,
openml:1063,classification,254,21,block,0.3,0.2368180988870644,0,source,0.0,tabicl_impute,0.20187044143676758,,0.8022388059701493,0.4201945082272681,0.8482229047827994,,,,
openml:1063,classification,254,21,block,0.3,0.2368180988870644,0,source,0.0,tabicl_aware,0.3287484645843506,,0.8470149253731343,0.35714322989929004,0.8684071961386572,,,,
openml:1063,classification,254,21,block,0.3,0.2368180988870644,0,source,0.0,catboost,0.23851346969604492,,0.8619402985074627,0.35794972153155924,0.8569986836331723,,,,
openml:1063,classification,425,21,block,0.5,0.47619047619047616,0,source,1.0,tabicl_impute,0.21061086654663086,,0.8969072164948454,0.29835716225699477,0.944922547332186,,,,
openml:1063,classification,425,21,block,0.5,0.47619047619047616,0,source,1.0,tabicl_aware,0.29520678520202637,,0.8865979381443299,0.25083565194136936,0.9432013769363167,,,,
openml:1063,classification,425,21,block,0.5,0.47619047619047616,0,source,1.0,catboost,0.26149415969848633,,0.845360824742268,0.24474578669816258,0.9500860585197934,,,,
openml:1063,classification,254,21,block_shift,0.3,0.21492428388980114,0,source,0.0,tabicl_impute,0.20518946647644043,,0.8582089552238806,0.34517408363839325,0.8783677051338307,,,,
openml:1063,classification,254,21,block_shift,0.3,0.21492428388980114,0,source,0.0,tabicl_aware,0.28984642028808594,,0.8544776119402985,0.339556320770408,0.88117595436595,,,,
openml:1063,classification,254,21,block_shift,0.3,0.21492428388980114,0,source,0.0,catboost,0.34169578552246094,,0.8432835820895522,0.3373593697302354,0.8834576568670469,,,,
openml:1063,classification,425,21,block_shift,0.5,0.47619047619047616,0,source,1.0,tabicl_impute,0.21115922927856445,,0.8969072164948454,0.300850466409512,0.9354561101549053,,,,
openml:1063,classification,425,21,block_shift,0.5,0.47619047619047616,0,source,1.0,tabicl_aware,0.2963526248931885,,0.8865979381443299,0.2519394141493636,0.9440619621342513,,,,
openml:1063,classification,425,21,block_shift,0.5,0.47619047619047616,0,source,1.0,catboost,0.35664796829223633,,0.7628865979381443,0.4480041486893966,0.8717728055077452,,,,
openml:1063,classification,365,21,none,0.0,0.0,1,random,,tabicl_impute,0.2096538543701172,,0.8535031847133758,0.3491895005022543,0.8667499999999999,,,,
openml:1063,classification,365,21,none,0.0,0.0,1,random,,tabicl_aware,0.29177308082580566,,0.8598726114649682,0.3522222562706374,0.8564999999999999,,,,
openml:1063,classification,365,21,none,0.0,0.0,1,random,,catboost,0.26293420791625977,,0.8343949044585988,0.3895504195439,0.8454999999999999,,,,
openml:1063,classification,363,21,block,0.3,0.2857142857142857,1,source,1.0,tabicl_impute,0.21456360816955566,,0.8364779874213837,0.4089822146912624,0.8405511811023623,,,,
openml:1063,classification,363,21,block,0.3,0.2857142857142857,1,source,1.0,tabicl_aware,0.2934305667877197,,0.8490566037735849,0.3616972189364825,0.8403051181102362,,,,
openml:1063,classification,363,21,block,0.3,0.2857142857142857,1,source,1.0,catboost,0.2512993812561035,,0.7924528301886793,0.4516213820409603,0.7858021653543307,,,,
openml:1063,classification,348,21,block,0.5,0.42857142857142855,1,source,1.0,tabicl_impute,0.20772504806518555,,0.8275862068965517,0.3999956982450998,0.818035426731079,,,,
openml:1063,classification,348,21,block,0.5,0.42857142857142855,1,source,1.0,tabicl_aware,0.2919578552246094,,0.8563218390804598,0.3832418330705015,0.8210547504025766,,,,
openml:1063,classification,348,21,block,0.5,0.42857142857142855,1,source,1.0,catboost,0.2587711811065674,,0.7988505747126436,0.4539416795703017,0.7791867954911433,,,,
openml:1063,classification,363,21,block_shift,0.3,0.2712096332785988,1,source,1.0,tabicl_impute,0.20706868171691895,,0.8427672955974843,0.5611034073403262,0.8489173228346457,,,,
openml:1063,classification,363,21,block_shift,0.3,0.2712096332785988,1,source,1.0,tabicl_aware,0.29027223587036133,,0.8427672955974843,0.4058181014386107,0.8558070866141733,,,,
openml:1063,classification,363,21,block_shift,0.3,0.2712096332785988,1,source,1.0,catboost,0.3287169933319092,,0.8364779874213837,0.3784066297994357,0.8339074803149605,,,,
openml:1063,classification,348,21,block_shift,0.5,0.47619047619047616,1,source,1.0,tabicl_impute,0.20956778526306152,,0.8045977011494253,0.47427854936009134,0.7906602254428341,,,,
openml:1063,classification,348,21,block_shift,0.5,0.47619047619047616,1,source,1.0,tabicl_aware,0.3311886787414551,,0.8218390804597702,0.44724573164392084,0.7993156199677939,,,,
openml:1063,classification,348,21,block_shift,0.5,0.47619047619047616,1,source,1.0,catboost,0.3176910877227783,,0.7931034482758621,0.7099340077430788,0.34259259259259256,,,,
openml:1063,classification,365,21,none,0.0,0.0,2,random,,tabicl_impute,0.20830059051513672,,0.8280254777070064,0.3639643758102222,0.853625,,,,
openml:1063,classification,365,21,none,0.0,0.0,2,random,,tabicl_aware,0.29285168647766113,,0.8280254777070064,0.3646570819970686,0.8508749999999998,,,,
openml:1063,classification,365,21,none,0.0,0.0,2,random,,catboost,0.2710549831390381,,0.8598726114649682,0.4895893841773082,0.783625,,,,
openml:1063,classification,265,21,block,0.3,0.262269658821383,2,source,1.0,tabicl_impute,0.20276403427124023,,0.7704280155642024,0.4434895731956115,0.8038863208354734,,,,
openml:1063,classification,265,21,block,0.3,0.262269658821383,2,source,1.0,tabicl_aware,0.2851521968841553,,0.8132295719844358,0.4410880469467039,0.8072247902756379,,,,
openml:1063,classification,265,21,block,0.3,0.262269658821383,2,source,1.0,catboost,0.2402324676513672,,0.7704280155642024,0.551353660776336,0.7754665297038179,,,,
openml:1063,classification,348,21,block,0.5,0.42857142857142855,2,source,0.0,tabicl_impute,0.2065737247467041,,0.8045977011494253,0.4420134630559416,0.8773109243697479,,,,
openml:1063,classification,348,21,block,0.5,0.42857142857142855,2,source,0.0,tabicl_aware,0.2880098819732666,,0.867816091954023,0.33768183115313016,0.8661764705882354,,,,
openml:1063,classification,348,21,block,0.5,0.42857142857142855,2,source,0.0,catboost,0.26361918449401855,,0.25862068965517243,0.9408783444779555,0.17993697478991597,,,,
openml:1063,classification,265,21,block_shift,0.3,0.2388250319284802,2,source,1.0,tabicl_impute,0.20270299911499023,,0.7509727626459144,0.5568899928226005,0.7860811504879303,,,,
openml:1063,classification,265,21,block_shift,0.3,0.2388250319284802,2,source,1.0,tabicl_aware,0.28554582595825195,,0.7315175097276264,0.5913438709863372,0.7813730525594932,,,,
openml:1063,classification,265,21,block_shift,0.3,0.2388250319284802,2,source,1.0,catboost,0.28290319442749023,,0.7704280155642024,0.5099774152337675,0.6930320150659134,,,,
openml:1063,classification,348,21,block_shift,0.5,0.4430760810071155,2,source,0.0,tabicl_impute,0.20763254165649414,,0.8563218390804598,0.3970127525893755,0.8577731092436974,,,,
openml:1063,classification,348,21,block_shift,0.5,0.4430760810071155,2,source,0.0,tabicl_aware,0.2909269332885742,,0.8563218390804598,0.3323132200812464,0.8840336134453781,,,,
openml:1063,classification,348,21,block_shift,0.5,0.4430760810071155,2,source,0.0,catboost,0.3189256191253662,,0.8160919540229885,0.5304579184090421,0.6006302521008403,,,,
openml:1063,classification,365,21,none,0.0,0.0,3,random,,tabicl_impute,0.2099003791809082,,0.8280254777070064,0.46446405472910673,0.768125,,,,
openml:1063,classification,365,21,none,0.0,0.0,3,random,,tabicl_aware,0.29265403747558594,,0.8152866242038217,0.4774174141461745,0.752875,,,,
openml:1063,classification,365,21,none,0.0,0.0,3,random,,catboost,0.2704885005950928,,0.802547770700637,0.5933929872941058,0.710375,,,,
openml:1063,classification,408,21,block,0.3,0.2857142857142857,3,source,2.0,tabicl_impute,0.21550989151000977,,0.8508771929824561,0.3543735682887933,0.879416282642089,,,,
openml:1063,classification,408,21,block,0.3,0.2857142857142857,3,source,2.0,tabicl_aware,0.2943150997161865,,0.8421052631578947,0.3119331839161417,0.8824884792626727,,,,
openml:1063,classification,408,21,block,0.3,0.2857142857142857,3,source,2.0,catboost,0.27366209030151367,,0.8421052631578947,0.36728083103228326,0.8445980542754735,,,,
openml:1063,classification,332,21,block,0.5,0.4294836708629812,3,source,2.0,tabicl_impute,0.2094275951385498,,0.8421052631578947,0.3598182158178486,0.8577880184331798,,,,
openml:1063,classification,332,21,block,0.5,0.4294836708629812,3,source,2.0,tabicl_aware,0.33506083488464355,,0.8473684210526315,0.3514069672281365,0.8496774193548386,,,,
openml:1063,classification,332,21,block,0.5,0.4294836708629812,3,source,2.0,catboost,0.2553586959838867,,0.8263157894736842,0.36540265364677793,0.8391705069124423,,,,
openml:1063,classification,408,21,block_shift,0.3,0.2857142857142857,3,source,2.0,tabicl_impute,0.21172618865966797,,0.8245614035087719,0.5377992864686744,0.8760880696364568,,,,
openml:1063,classification,408,21,block_shift,0.3,0.2857142857142857,3,source,2.0,tabicl_aware,0.294069766998291,,0.8157894736842105,0.39788473608686087,0.8771121351766512,,,,
openml:1063,classification,408,21,block_shift,0.3,0.2857142857142857,3,source,2.0,catboost,0.35976505279541016,,0.7368421052631579,0.5733507234606199,0.8279569892473119,,,,
openml:1063,classification,332,21,block_shift,0.5,0.42857142857142855,3,source,2.0,tabicl_impute,0.20687389373779297,,0.8105263157894737,0.4343908225021923,0.8184331797235023,,,,
openml:1063,classification,332,21,block_shift,0.5,0.42857142857142855,3,source,2.0,tabicl_aware,0.29406213760375977,,0.8157894736842105,0.4157986506621734,0.8230414746543779,,,,
openml:1063,classification,332,21,block_shift,0.5,0.42857142857142855,3,source,2.0,catboost,0.3121926784515381,,0.7789473684210526,0.6318015694556909,0.2923502304147465,,,,
openml:1063,classification,365,21,none,0.0,0.0,4,random,,tabicl_impute,0.209669828414917,,0.8089171974522293,0.3924731450746891,0.8455,,,,
openml:1063,classification,365,21,none,0.0,0.0,4,random,,tabicl_aware,0.29386305809020996,,0.8089171974522293,0.39155545237579215,0.83325,,,,
openml:1063,classification,365,21,none,0.0,0.0,4,random,,catboost,0.26080322265625,,0.821656050955414,0.5488921093990955,0.73475,,,,
openml:1063,classification,345,21,block,0.3,0.2857142857142857,4,source,0.0,tabicl_impute,0.21002626419067383,,0.7909604519774012,0.4363352702303545,0.7803822937625753,,,,
openml:1063,classification,345,21,block,0.3,0.2857142857142857,4,source,0.0,tabicl_aware,0.29289841651916504,,0.7570621468926554,0.44895038802854037,0.7813883299798792,,,,
openml:1063,classification,345,21,block,0.3,0.2857142857142857,4,source,0.0,catboost,0.2617769241333008,,0.7966101694915254,0.44833256077334677,0.7757545271629779,,,,
openml:1063,classification,416,21,block,0.5,0.46652070790001826,4,source,2.0,tabicl_impute,0.2123432159423828,,0.8490566037735849,0.39773190501419453,0.8398268398268399,,,,
openml:1063,classification,416,21,block,0.5,0.46652070790001826,4,source,2.0,tabicl_aware,0.2971627712249756,,0.8584905660377359,0.3249919510897755,0.8939393939393938,,,,
openml:1063,classification,416,21,block,0.5,0.46652070790001826,4,source,2.0,catboost,0.2596876621246338,,0.7924528301886793,0.6763754127674922,0.6517857142857142,,,,
openml:1063,classification,345,21,block_shift,0.3,0.2857142857142857,4,source,0.0,tabicl_impute,0.2101731300354004,,0.8192090395480226,0.4812552293963227,0.7659959758551308,,,,
openml:1063,classification,345,21,block_shift,0.3,0.2857142857142857,4,source,0.0,tabicl_aware,0.30187225341796875,,0.8022598870056498,0.42988917828821016,0.7633802816901409,,,,
openml:1063,classification,345,21,block_shift,0.3,0.2857142857142857,4,source,0.0,catboost,0.32878828048706055,,0.7062146892655368,0.557927311502493,0.6730382293762576,,,,
openml:1063,classification,416,21,block_shift,0.5,0.47619047619047616,4,source,2.0,tabicl_impute,0.21991825103759766,,0.8018867924528302,0.4166385463176451,0.8890692640692641,,,,
openml:1063,classification,416,21,block_shift,0.5,0.47619047619047616,4,source,2.0,tabicl_aware,0.302950382232666,,0.8584905660377359,0.31853023055242113,0.8923160173160173,,,,
openml:1063,classification,416,21,block_shift,0.5,0.47619047619047616,4,source,2.0,catboost,0.34663939476013184,,0.8301886792452831,0.32993332885161925,0.8928571428571428,,,,
openml:40994,classification,378,18,none,0.0,0.0,0,random,,tabicl_impute,0.21201729774475098,,0.9567901234567902,0.12042805344411027,0.9700772200772201,,,,
openml:40994,classification,378,18,none,0.0,0.0,0,random,,tabicl_aware,0.3363480567932129,,0.9567901234567902,0.11156877492718704,0.9753861003861003,,,,
openml:40994,classification,378,18,none,0.0,0.0,0,random,,catboost,0.34275388717651367,,0.9382716049382716,0.16776535016478308,0.9444980694980695,,,,
openml:40994,classification,277,18,block,0.3,0.2777777777777778,0,source,1.0,tabicl_impute,0.2021350860595703,,0.9429657794676806,0.12886573348333175,0.9494623655913978,,,,
openml:40994,classification,277,18,block,0.3,0.2777777777777778,0,source,1.0,tabicl_aware,0.28606629371643066,,0.9391634980988594,0.12981664586784294,0.9553763440860216,,,,
openml:40994,classification,277,18,block,0.3,0.2777777777777778,0,source,1.0,catboost,0.28716492652893066,,0.9049429657794676,0.2085417135109949,0.9290322580645161,,,,
openml:40994,classification,425,18,block,0.5,0.4883744855967078,0,source,4.0,tabicl_impute,0.20668315887451172,,0.9304347826086956,0.2561390695878242,0.6004672897196262,,,,
openml:40994,classification,425,18,block,0.5,0.4883744855967078,0,source,4.0,tabicl_aware,0.29532480239868164,,0.9304347826086956,0.2581308818217875,0.5899532710280373,,,,
openml:40994,classification,425,18,block,0.5,0.4883744855967078,0,source,4.0,catboost,0.34650564193725586,,0.9304347826086956,0.3834682386110706,0.5735981308411215,,,,
openml:40994,classification,277,18,block_shift,0.3,0.2492798353909465,0,source,1.0,tabicl_impute,0.20475459098815918,,0.9429657794676806,0.21666776361449025,0.6301075268817204,,,,
openml:40994,classification,277,18,block_shift,0.3,0.2492798353909465,0,source,1.0,tabicl_aware,0.2871589660644531,,0.9429657794676806,0.22088781667400698,0.488978494623656,,,,
openml:40994,classification,277,18,block_shift,0.3,0.2492798353909465,0,source,1.0,catboost,0.28862738609313965,,0.9429657794676806,0.31320334170030895,0.5596774193548387,,,,
openml:40994,classification,425,18,block_shift,0.5,0.4881687242798354,0,source,4.0,tabicl_impute,0.20695090293884277,,0.9304347826086956,0.22754633019417894,0.919392523364486,,,,
openml:40994,classification,425,18,block_shift,0.5,0.4881687242798354,0,source,4.0,tabicl_aware,0.2924039363861084,,0.9304347826086956,0.1886811217006438,0.9392523364485982,,,,
openml:40994,classification,425,18,block_shift,0.5,0.4881687242798354,0,source,4.0,catboost,0.2942814826965332,,0.7391304347826086,0.48655869446699845,0.7605140186915889,,,,
openml:40994,classification,378,18,none,0.0,0.0,1,random,,tabicl_impute,0.20655179023742676,,0.9567901234567902,0.12582511731282275,0.9555984555984556,,,,
openml:40994,classification,378,18,none,0.0,0.0,1,random,,tabicl_aware,0.28802490234375,,0.9320987654320988,0.12722253049485058,0.9599420849420849,,,,
openml:40994,classification,378,18,none,0.0,0.0,1,random,,catboost,0.34543704986572266,,0.9382716049382716,0.20511632945744274,0.9338803088803088,,,,
openml:40994,classification,356,18,block,0.3,0.2588477366255144,1,source,0.0,tabicl_impute,0.20515084266662598,,0.9510869565217391,0.1340474210626209,0.9760479041916167,,,,
openml:40994,classification,356,18,block,0.3,0.2588477366255144,1,source,0.0,tabicl_aware,0.2894308567047119,,0.9402173913043478,0.12634762862405075,0.9756956674885523,,,,
openml:40994,classification,356,18,block,0.3,0.2588477366255144,1,source,0.0,catboost,0.31792330741882324,,0.9184782608695652,0.2678622137338184,0.8376188798872842,,,,
openml:40994,classification,354,18,block,0.5,0.4623456790123457,1,source,0.0,tabicl_impute,0.2020115852355957,,0.9193548387096774,0.27834170918822504,0.7005847953216375,,,,
openml:40994,classification,354,18,block,0.5,0.4623456790123457,1,source,0.0,tabicl_aware,0.28759288787841797,,0.9193548387096774,0.26479381006737146,0.7017543859649122,,,,
openml:40994,classification,354,18,block,0.5,0.4623456790123457,1,source,0.0,catboost,0.32229089736938477,,0.9193548387096774,0.3718357492823682,0.5407407407407407,,,,
openml:40994,classification,356,18,block_shift,0.3,0.2777777777777778,1,source,0.0,tabicl_impute,0.20607447624206543,,0.8641304347826086,0.25867530076293266,0.9256780556533991,,,,
openml:40994,classification,356,18,block_shift,0.3,0.2777777777777778,1,source,0.0,tabicl_aware,0.33321380615234375,,0.8804347826086957,0.21450324119101155,0.9344839732300105,,,,
openml:40994,classification,356,18,block_shift,0.3,0.2777777777777778,1,source,0.0,catboost,0.3224813938140869,,0.907608695652174,0.19226590020072634,0.9246213455442056,,,,
openml:40994,classification,354,18,block_shift,0.5,0.46296296296296297,1,source,0.0,tabicl_impute,0.20138168334960938,,0.9193548387096774,0.2752367461253491,0.7734892787524367,,,,
openml:40994,classification,354,18,block_shift,0.5,0.46296296296296297,1,source,0.0,tabicl_aware,0.2862849235534668,,0.9193548387096774,0.2815682139036521,0.7524366471734892,,,,
openml:40994,classification,354,18,block_shift,0.5,0.46296296296296297,1,source,0.0,catboost,0.3144991397857666,,0.9193548387096774,0.36340212201275607,0.6042884990253411,,,,
openml:40994,classification,378,18,none,0.0,0.0,2,random,,tabicl_impute,0.21104931831359863,,0.9259259259259259,0.13614129818861548,0.9618725868725869,,,,
openml:40994,classification,378,18,none,0.0,0.0,2,random,,tabicl_aware,0.2958681583404541,,0.9444444444444444,0.12273558108451277,0.9691119691119691,,,,
openml:40994,classification,378,18,none,0.0,0.0,2,random,,catboost,0.34431934356689453,,0.9382716049382716,0.17059512415166359,0.9642857142857143,,,,
openml:40994,classification,268,18,block,0.3,0.2222222222222222,2,source,0.0,tabicl_impute,0.20441722869873047,,0.9044117647058824,0.5637794277671607,0.8323886639676114,,,,
openml:40994,classification,268,18,block,0.3,0.2222222222222222,2,source,0.0,tabicl_aware,0.2909121513366699,,0.9044117647058824,0.26490127353501175,0.8391093117408908,,,,
openml:40994,classification,268,18,block,0.3,0.2222222222222222,2,source,0.0,catboost,0.29073524475097656,,0.9080882352941176,0.5662032335848526,0.6676923076923077,,,,
openml:40994,classification,344,18,block,0.5,0.4612139917695473,2,source,1.0,tabicl_impute,0.20674967765808105,,0.9081632653061225,0.2685818120234899,0.7774656679151061,,,,
openml:40994,classification,344,18,block,0.5,0.4612139917695473,2,source,1.0,tabicl_aware,0.28997135162353516,,0.8877551020408163,0.2767535668225449,0.7818352059925093,,,,
openml:40994,classification,344,18,block,0.5,0.4612139917695473,2,source,1.0,catboost,0.31404709815979004,,0.9081632653061225,0.45756821050972146,0.6950686641697877,,,,
openml:40994,classification,268,18,block_shift,0.3,0.2222222222222222,2,source,0.0,tabicl_impute,0.2053089141845703,,0.9117647058823529,0.3416981150436986,0.9264777327935224,,,,
openml:40994,classification,268,18,block_shift,0.3,0.2222222222222222,2,source,0.0,tabicl_aware,0.28914308547973633,,0.9117647058823529,0.31258862877915816,0.9292307692307693,,,,
openml:40994,classification,268,18,block_shift,0.3,0.2222222222222222,2,source,0.0,catboost,0.28622007369995117,,0.9117647058823529,0.3743066030701767,0.8137651821862348,,,,
openml:40994,classification,344,18,block_shift,0.5,0.4832304526748971,2,source,1.0,tabicl_impute,0.20654988288879395,,0.9081632653061225,0.29323048428312676,0.6813358302122346,,,,
openml:40994,classification,344,18,block_shift,0.5,0.4832304526748971,2,source,1.0,tabicl_aware,0.29349470138549805,,0.9081632653061225,0.28689794138569924,0.7100499375780275,,,,
openml:40994,classification,344,18,block_shift,0.5,0.4832304526748971,2,source,1.0,catboost,0.3176262378692627,,0.9081632653061225,0.41815659395326005,0.6004993757802747,,,,
openml:40994,classification,378,18,none,0.0,0.0,3,random,,tabicl_impute,0.20858311653137207,,0.9691358024691358,0.0782601391567776,0.9898648648648649,,,,
openml:40994,classification,378,18,none,0.0,0.0,3,random,,tabicl_aware,0.2957165241241455,,0.9567901234567902,0.08118556553822051,0.9893822393822393,,,,
openml:40994,classification,378,18,none,0.0,0.0,3,random,,catboost,0.3430972099304199,,0.9629629629629629,0.09776984086747702,0.984073359073359,,,,
openml:40994,classification,390,18,block,0.3,0.2777777777777778,3,source,1.0,tabicl_impute,0.20601677894592285,,0.9066666666666666,0.2925833712658819,0.8774154589371981,,,,
openml:40994,classification,390,18,block,0.3,0.2777777777777778,3,source,1.0,tabicl_aware,0.33631134033203125,,0.9133333333333333,0.19484366449253337,0.8985507246376812,,,,
openml:40994,classification,390,18,block,0.3,0.2777777777777778,3,source,1.0,catboost,0.3105156421661377,,0.8266666666666667,0.3616493422100576,0.7463768115942029,,,,
openml:40994,classification,373,18,block,0.5,0.4444444444444444,3,source,1.0,tabicl_impute,0.20339727401733398,,0.9401197604790419,0.22603652300685975,0.6229299363057325,,,,
openml:40994,classification,373,18,block,0.5,0.4444444444444444,3,source,1.0,tabicl_aware,0.28592419624328613,,0.9401197604790419,0.21980283363758316,0.7076433121019108,,,,
openml:40994,classification,373,18,block,0.5,0.4444444444444444,3,source,1.0,catboost,0.3253209590911865,,0.9401197604790419,0.2966389562833419,0.610828025477707,,,,
openml:40994,classification,390,18,block_shift,0.3,0.2777777777777778,3,source,1.0,tabicl_impute,0.20649361610412598,,0.92,0.27578754116792664,0.6727053140096618,,,,
openml:40994,classification,390,18,block_shift,0.3,0.2777777777777778,3,source,1.0,tabicl_aware,0.2896130084991455,,0.92,0.3801976849836444,0.7898550724637681,,,,
openml:40994,classification,390,18,block_shift,0.3,0.2777777777777778,3,source,1.0,catboost,0.33182358741760254,,0.92,0.4364030791473895,0.4643719806763285,,,,
openml:40994,classification,373,18,block_shift,0.5,0.44248971193415637,3,source,1.0,tabicl_impute,0.20279479026794434,,0.9401197604790419,0.2289677816834283,0.4656050955414013,,,,
openml:40994,classification,373,18,block_shift,0.5,0.44248971193415637,3,source,1.0,tabicl_aware,0.2885775566101074,,0.9401197604790419,0.2300828573173443,0.5114649681528662,,,,
openml:40994,classification,373,18,block_shift,0.5,0.44248971193415637,3,source,1.0,catboost,0.32373547554016113,,0.9401197604790419,0.29403118877914536,0.5872611464968153,,,,
openml:40994,classification,378,18,none,0.0,0.0,4,random,,tabicl_impute,0.20746469497680664,,0.9629629629629629,0.1436097690171881,0.927123552123552,,,,
openml:40994,classification,378,18,none,0.0,0.0,4,random,,tabicl_aware,0.28975796699523926,,0.9506172839506173,0.15272624789936007,0.9242277992277992,,,,
openml:40994,classification,378,18,none,0.0,0.0,4,random,,catboost,0.3471395969390869,,0.9506172839506173,0.181612167091506,0.9068532818532818,,,,
openml:40994,classification,360,18,block,0.3,0.25905349794238686,4,source,1.0,tabicl_impute,0.2038259506225586,,0.9166666666666666,0.24765772772508604,0.8323232323232324,,,,
openml:40994,classification,360,18,block,0.3,0.25905349794238686,4,source,1.0,tabicl_aware,0.28803372383117676,,0.9166666666666666,0.2579456174778479,0.8375757575757576,,,,
openml:40994,classification,360,18,block,0.3,0.25905349794238686,4,source,1.0,catboost,0.322237491607666,,0.9166666666666666,0.3878435687101702,0.8165656565656565,,,,
openml:40994,classification,440,18,block,0.5,0.49022633744855965,4,source,3.0,tabicl_impute,0.2096102237701416,,0.91,0.23070089453475617,0.9261363636363636,,,,
openml:40994,classification,440,18,block,0.5,0.49022633744855965,4,source,3.0,tabicl_aware,0.28719425201416016,,0.88,0.2439148227209369,0.9043560606060606,,,,
openml:40994,classification,440,18,block,0.5,0.49022633744855965,4,source,3.0,catboost,0.33159565925598145,,0.88,0.30286079151756595,0.838068181818182,,,,
openml:40994,classification,360,18,block_shift,0.3,0.2777777777777778,4,source,1.0,tabicl_impute,0.2079007625579834,,0.9222222222222223,0.19003900393698536,0.9066666666666666,,,,
openml:40994,classification,360,18,block_shift,0.3,0.2777777777777778,4,source,1.0,tabicl_aware,0.28865981101989746,,0.9277777777777778,0.20872910956903704,0.873939393939394,,,,
openml:40994,classification,360,18,block_shift,0.3,0.2777777777777778,4,source,1.0,catboost,0.31972789764404297,,0.8944444444444445,0.249227311114856,0.850909090909091,,,,
openml:40994,classification,440,18,block_shift,0.5,0.5,4,source,3.0,tabicl_impute,0.20688581466674805,,0.88,0.23688009650016362,0.9554924242424242,,,,
openml:40994,classification,440,18,block_shift,0.5,0.5,4,source,3.0,tabicl_aware,0.33178210258483887,,0.89,0.2032640747211631,0.9517045454545454,,,,
openml:40994,classification,440,18,block_shift,0.5,0.5,4,source,3.0,catboost,0.35088205337524414,,0.9,0.32373001088710734,0.8134469696969697,,,,
openml:1480,classification,408,10,none,0.0,0.0,0,random,,tabicl_impute,0.19986224174499512,,0.7257142857142858,0.5056086419007682,0.75552,,,,
openml:1480,classification,408,10,none,0.0,0.0,0,random,,tabicl_aware,0.2796475887298584,,0.7142857142857143,0.5008588792303704,0.7484799999999999,,,,
openml:1480,classification,408,10,none,0.0,0.0,0,random,,catboost,0.23810791969299316,,0.68,0.656185437411995,0.692,,,,
openml:1480,classification,290,10,block,0.3,0.2502572898799314,0,source,0.0,tabicl_impute,0.19815921783447266,,0.7098976109215017,0.5950681516789034,0.7154977375565611,,,,
openml:1480,classification,290,10,block,0.3,0.2502572898799314,0,source,0.0,tabicl_aware,0.2762565612792969,,0.7098976109215017,0.5350807643830395,0.726866515837104,,,,
openml:1480,classification,290,10,block,0.3,0.2502572898799314,0,source,0.0,catboost,0.2054448127746582,,0.5767918088737202,0.8949880306691947,0.5715497737556561,,,,
openml:1480,classification,462,10,block,0.5,0.5,0,source,2.0,tabicl_impute,0.19881892204284668,,0.6859504132231405,0.6387553762491202,0.7130627774254914,,,,
openml:1480,classification,462,10,block,0.5,0.5,0,source,2.0,tabicl_aware,0.28172969818115234,,0.6859504132231405,0.556645484354706,0.7152821813570069,,,,
openml:1480,classification,462,10,block,0.5,0.5,0,source,2.0,catboost,0.25772881507873535,,0.5289256198347108,0.7658622133903534,0.5421686746987951,,,,
openml:1480,classification,290,10,block_shift,0.3,0.2497427101200686,0,source,0.0,tabicl_impute,0.19704604148864746,,0.4948805460750853,0.6484369107877983,0.6805995475113122,,,,
openml:1480,classification,290,10,block_shift,0.3,0.2497427101200686,0,source,0.0,tabicl_aware,0.28084325790405273,,0.49829351535836175,0.62725246883741,0.717420814479638,,,,
openml:1480,classification,290,10,block_shift,0.3,0.2497427101200686,0,source,0.0,catboost,0.272754430770874,,0.43686006825938567,1.0849869022559597,0.5254242081447964,,,,
openml:1480,classification,462,10,block_shift,0.5,0.5,0,source,2.0,tabicl_impute,0.20380592346191406,,0.6859504132231405,0.6097134074855574,0.6461636017755231,,,,
openml:1480,classification,462,10,block_shift,0.5,0.5,0,source,2.0,tabicl_aware,0.2873668670654297,,0.6859504132231405,0.6107565040473704,0.61287254280279,,,,
openml:1480,classification,462,10,block_shift,0.5,0.5,0,source,2.0,catboost,0.31276822090148926,,0.6859504132231405,0.8536776245680621,0.6731135066582118,,,,
openml:1480,classification,408,10,none,0.0,0.0,1,random,,tabicl_impute,0.19978046417236328,,0.7485714285714286,0.45815908377287495,0.80752,,,,
openml:1480,classification,408,10,none,0.0,0.0,1,random,,tabicl_aware,0.2813591957092285,,0.7142857142857143,0.4855274823179822,0.77232,,,,
openml:1480,classification,408,10,none,0.0,0.0,1,random,,catboost,0.24915146827697754,,0.7028571428571428,0.6201697198460122,0.7369600000000001,,,,
openml:1480,classification,398,10,block,0.3,0.2658662092624357,1,source,1.0,tabicl_impute,0.20035290718078613,,0.6864864864864865,0.5504614369371063,0.7453591606133979,,,,
openml:1480,classification,398,10,block,0.3,0.2658662092624357,1,source,1.0,tabicl_aware,0.28323817253112793,,0.6972972972972973,0.5425037862923832,0.7430723701910142,,,,
openml:1480,classification,398,10,block,0.3,0.2658662092624357,1,source,1.0,catboost,0.24050283432006836,,0.6702702702702703,0.6745923547399973,0.6591337099811675,,,,
openml:1480,classification,375,10,block,0.5,0.4,1,source,0.0,tabicl_impute,0.19893169403076172,,0.75,0.4951163603484617,0.7212439115773698,,,,
openml:1480,classification,375,10,block,0.5,0.4,1,source,0.0,tabicl_aware,0.3258628845214844,,0.7692307692307693,0.49474219153686927,0.7273635568877233,,,,
openml:1480,classification,375,10,block,0.5,0.4,1,source,0.0,catboost,0.24438118934631348,,0.6826923076923077,0.6132380231052295,0.6671662295491445,,,,
openml:1480,classification,398,10,block_shift,0.3,0.26826758147512864,1,source,1.0,tabicl_impute,0.20035433769226074,,0.6810810810810811,0.571615836113884,0.7089050309389293,,,,
openml:1480,classification,398,10,block_shift,0.3,0.26826758147512864,1,source,1.0,tabicl_aware,0.280623197555542,,0.6810810810810811,0.5874480981048342,0.6967984934086628,,,,
openml:1480,classification,398,10,block_shift,0.3,0.26826758147512864,1,source,1.0,catboost,0.31676673889160156,,0.6486486486486487,0.6915362338938307,0.5617433414043583,,,,
openml:1480,classification,375,10,block_shift,0.5,0.4,1,source,0.0,tabicl_impute,0.19687128067016602,,0.7548076923076923,0.5418109991679317,0.7604595978518796,,,,
openml:1480,classification,375,10,block_shift,0.5,0.4,1,source,0.0,tabicl_aware,0.27925753593444824,,0.7548076923076923,0.5075702032790187,0.7590857999250655,,,,
openml:1480,classification,375,10,block_shift,0.5,0.4,1,source,0.0,catboost,0.30524539947509766,,0.6490384615384616,0.6480535704552324,0.46115898588734866,,,,
openml:1480,classification,408,10,none,0.0,0.0,2,random,,tabicl_impute,0.19962596893310547,,0.7485714285714286,0.47746878567131806,0.78208,,,,
openml:1480,classification,408,10,none,0.0,0.0,2,random,,tabicl_aware,0.28148317337036133,,0.7428571428571429,0.4984779792313853,0.76528,,,,
openml:1480,classification,408,10,none,0.0,0.0,2,random,,catboost,0.23761630058288574,,0.7028571428571428,0.5741636139718619,0.7627200000000001,,,,
openml:1480,classification,289,10,block,0.3,0.3,2,source,0.0,tabicl_impute,0.19720697402954102,,0.6938775510204082,0.7210921385592488,0.6848039215686275,,,,
openml:1480,classification,289,10,block,0.3,0.3,2,source,0.0,tabicl_aware,0.27823495864868164,,0.6938775510204082,0.5860909637301106,0.6888888888888889,,,,
openml:1480,classification,289,10,block,0.3,0.3,2,source,0.0,catboost,0.2255702018737793,,0.5034013605442177,1.4322588043956759,0.6400326797385621,,,,
openml:1480,classification,389,10,block,0.5,0.4667238421955403,2,source,0.0,tabicl_impute,0.19863581657409668,,0.6855670103092784,0.6602611434571358,0.6522864538395169,,,,
openml:1480,classification,389,10,block,0.5,0.4667238421955403,2,source,0.0,tabicl_aware,0.280900239944458,,0.6855670103092784,0.6006510771624125,0.6816220880069025,,,,
openml:1480,classification,389,10,block,0.5,0.4667238421955403,2,source,0.0,catboost,0.220991849899292,,0.6855670103092784,0.6908808730610864,0.5502280290891163,,,,
openml:1480,classification,289,10,block_shift,0.3,0.2,2,source,0.0,tabicl_impute,0.19627928733825684,,0.6870748299319728,0.5473978452132772,0.6925381263616558,,,,
openml:1480,classification,289,10,block_shift,0.3,0.2,2,source,0.0,tabicl_aware,0.27782106399536133,,0.6904761904761905,0.5449157120301633,0.6895424836601307,,,,
openml:1480,classification,289,10,block_shift,0.3,0.2,2,source,0.0,catboost,0.2679271697998047,,0.6258503401360545,0.695311249878246,0.6388344226579521,,,,
openml:1480,classification,389,10,block_shift,0.5,0.4667238421955403,2,source,0.0,tabicl_impute,0.19910526275634766,,0.6855670103092784,0.5677396728699038,0.7112042401084679,,,,
openml:1480,classification,389,10,block_shift,0.5,0.4667238421955403,2,source,0.0,tabicl_aware,0.27832794189453125,,0.6855670103092784,0.550469890295605,0.7096018735362998,,,,
openml:1480,classification,389,10,block_shift,0.5,0.4667238421955403,2,source,0.0,catboost,0.30821776390075684,,0.6907216494845361,0.7941438874346523,0.6627634660421546,,,,
openml:1480,classification,408,10,none,0.0,0.0,3,random,,tabicl_impute,0.20304036140441895,,0.7028571428571428,0.4945506721024386,0.77088,,,,
openml:1480,classification,408,10,none,0.0,0.0,3,random,,tabicl_aware,0.32466697692871094,,0.72,0.5120377934938686,0.75136,,,,
openml:1480,classification,408,10,none,0.0,0.0,3,random,,catboost,0.2052171230316162,,0.7142857142857143,0.6890080883422262,0.7273599999999999,,,,
openml:1480,classification,455,10,block,0.3,0.3,3,source,0.0,tabicl_impute,0.20370078086853027,,0.7265625,0.49879395367925716,0.7966205837173579,,,,
openml:1480,classification,455,10,block,0.3,0.3,3,source,0.0,tabicl_aware,0.28448987007141113,,0.7109375,0.5050144053886018,0.7471582181259601,,,,
openml:1480,classification,455,10,block,0.3,0.3,3,source,0.0,catboost,0.2283170223236084,,0.6171875,0.6625174558209563,0.6411674347158218,,,,
openml:1480,classification,398,10,block,0.5,0.4365351629502573,3,source,1.0,tabicl_impute,0.198638916015625,,0.7351351351351352,0.5519094098083578,0.6827731092436975,,,,
openml:1480,classification,398,10,block,0.5,0.4365351629502573,3,source,1.0,tabicl_aware,0.2781398296356201,,0.7351351351351352,0.5215260432495391,0.7055822328931572,,,,
openml:1480,classification,398,10,block,0.5,0.4365351629502573,3,source,1.0,catboost,0.23526549339294434,,0.6810810810810811,0.6398013611854337,0.6616146458583434,,,,
openml:1480,classification,455,10,block_shift,0.3,0.3,3,source,0.0,tabicl_impute,0.19747686386108398,,0.7265625,0.576463099017518,0.637173579109063,,,,
openml:1480,classification,455,10,block_shift,0.3,0.3,3,source,0.0,tabicl_aware,0.28101420402526855,,0.71875,0.5528383706595041,0.6460829493087558,,,,
openml:1480,classification,455,10,block_shift,0.3,0.3,3,source,0.0,catboost,0.27940893173217773,,0.4453125,1.0278652742445535,0.4678955453149001,,,,
openml:1480,classification,398,10,block_shift,0.5,0.46826758147512865,3,source,1.0,tabicl_impute,0.1986527442932129,,0.7351351351351352,0.5475171043726441,0.6889255702280912,,,,
openml:1480,classification,398,10,block_shift,0.5,0.46826758147512865,3,source,1.0,tabicl_aware,0.28084731101989746,,0.7351351351351352,0.5352787611707226,0.6916266506602641,,,,
openml:1480,classification,398,10,block_shift,0.5,0.46826758147512865,3,source,1.0,catboost,0.32103896141052246,,0.6054054054054054,0.6922842688927148,0.5130552220888355,,,,
openml:1480,classification,408,10,none,0.0,0.0,4,random,,tabicl_impute,0.20012855529785156,,0.6857142857142857,0.5142289296798584,0.7420800000000001,,,,
openml:1480,classification,408,10,none,0.0,0.0,4,random,,tabicl_aware,0.2804529666900635,,0.7028571428571428,0.5070294576687757,0.7456,,,,
openml:1480,classification,408,10,none,0.0,0.0,4,random,,catboost,0.2442951202392578,,0.68,0.6726253762305291,0.72176,,,,
openml:1480,classification,388,10,block,0.3,0.3,4,source,2.0,tabicl_impute,0.20112013816833496,,0.7230769230769231,0.5351416817726956,0.7019963225636985,,,,
openml:1480,classification,388,10,block,0.3,0.3,4,source,2.0,tabicl_aware,0.282487154006958,,0.717948717948718,0.5330267558610094,0.6998949303913843,,,,
openml:1480,classification,388,10,block,0.3,0.3,4,source,2.0,catboost,0.23960423469543457,,0.6512820512820513,0.7960711979798012,0.6333070659311794,,,,
openml:1480,classification,480,10,block,0.5,0.5,4,source,1.0,tabicl_impute,0.20005345344543457,,0.6213592233009708,0.5972905091146051,0.7122719734660032,,,,
openml:1480,classification,480,10,block,0.5,0.5,4,source,1.0,tabicl_aware,0.28334474563598633,,0.6504854368932039,0.5942933740276207,0.6940298507462687,,,,
openml:1480,classification,480,10,block,0.5,0.5,4,source,1.0,catboost,0.2458043098449707,,0.6893203883495146,0.6389331961145258,0.7209784411276949,,,,
openml:1480,classification,388,10,block_shift,0.3,0.3,4,source,2.0,tabicl_impute,0.19997549057006836,,0.7230769230769231,0.6429130462467669,0.6598371421066456,,,,
openml:1480,classification,388,10,block_shift,0.3,0.3,4,source,2.0,tabicl_aware,0.32822346687316895,,0.7230769230769231,0.6015203538887838,0.6671920147097452,,,,
openml:1480,classification,388,10,block_shift,0.3,0.3,4,source,2.0,catboost,0.30620336532592773,,0.7230769230769231,0.920778869073623,0.5960073548726031,,,,
openml:1480,classification,480,10,block_shift,0.5,0.5,4,source,1.0,tabicl_impute,0.19914484024047852,,0.6504854368932039,0.6776197910520777,0.6633499170812605,,,,
openml:1480,classification,480,10,block_shift,0.5,0.5,4,source,1.0,tabicl_aware,0.28307414054870605,,0.6504854368932039,0.6521724978079946,0.6393034825870646,,,,
openml:1480,classification,480,10,block_shift,0.5,0.5,4,source,1.0,catboost,0.33026719093322754,,0.3592233009708738,0.8943130744250147,0.3754145936981758,,,,
openml:37,classification,537,8,none,0.0,0.0,0,random,,tabicl_impute,0.20373201370239258,,0.7835497835497836,0.46261403803712403,0.8507818930041152,,,,
openml:37,classification,537,8,none,0.0,0.0,0,random,,tabicl_aware,0.28644490242004395,,0.7792207792207793,0.46362049088428353,0.8502057613168724,,,,
openml:37,classification,537,8,none,0.0,0.0,0,random,,catboost,0.2645695209503174,,0.7359307359307359,0.5592164624975452,0.8182716049382716,,,,
openml:37,classification,387,8,block,0.3,0.25,0,source,0.0,tabicl_impute,0.20050263404846191,,0.7454068241469817,0.5030443438378417,0.7964531249999999,,,,
openml:37,classification,387,8,block,0.3,0.25,0,source,0.0,tabicl_aware,0.2855391502380371,,0.7454068241469817,0.49705935929378664,0.803234375,,,,
openml:37,classification,387,8,block,0.3,0.25,0,source,0.0,catboost,0.25957655906677246,,0.7427821522309711,0.7929099291151069,0.779171875,,,,
openml:37,classification,628,8,block,0.5,0.44580078125,0,source,3.0,tabicl_impute,0.20702862739562988,,0.7071428571428572,0.5202798085803823,0.8084444444444445,,,,
openml:37,classification,628,8,block,0.5,0.44580078125,0,source,3.0,tabicl_aware,0.29129934310913086,,0.7,0.5088887070373899,0.806,,,,
openml:37,classification,628,8,block,0.5,0.44580078125,0,source,3.0,catboost,0.2627065181732178,,0.7071428571428572,0.6203109251635462,0.7771111111111112,,,,
openml:37,classification,387,8,block_shift,0.3,0.125,0,source,0.0,tabicl_impute,0.19955658912658691,,0.6404199475065617,0.5978225579120293,0.75078125,,,,
openml:37,classification,387,8,block_shift,0.3,0.125,0,source,0.0,tabicl_aware,0.2846224308013916,,0.6535433070866141,0.5956859128803477,0.7474375,,,,
openml:37,classification,387,8,block_shift,0.3,0.125,0,source,0.0,catboost,0.27462100982666016,,0.5853018372703412,0.8852251807494514,0.67221875,,,,
openml:37,classification,628,8,block_shift,0.5,0.5,0,source,3.0,tabicl_impute,0.20339345932006836,,0.65,0.6564044387015069,0.615111111111111,,,,
openml:37,classification,628,8,block_shift,0.5,0.5,0,source,3.0,tabicl_aware,0.287611722946167,,0.6714285714285714,0.6841676620839449,0.572,,,,
openml:37,classification,628,8,block_shift,0.5,0.5,0,source,3.0,catboost,0.3285691738128662,,0.6428571428571429,2.277568656437109,0.6092222222222222,,,,
openml:37,classification,537,8,none,0.0,0.0,1,random,,tabicl_impute,0.20580053329467773,,0.7835497835497836,0.46370411976871345,0.8413168724279835,,,,
openml:37,classification,537,8,none,0.0,0.0,1,random,,tabicl_aware,0.2879674434661865,,0.7835497835497836,0.47423625875201414,0.8362139917695474,,,,
openml:37,classification,537,8,none,0.0,0.0,1,random,,catboost,0.25676894187927246,,0.7489177489177489,0.6127799579042992,0.8065843621399176,,,,
openml:37,classification,510,8,block,0.3,0.20719401041666666,1,source,2.0,tabicl_impute,0.20302200317382812,,0.751937984496124,0.4926772867404136,0.8025280898876405,,,,
openml:37,classification,510,8,block,0.3,0.20719401041666666,1,source,2.0,tabicl_aware,0.3289761543273926,,0.748062015503876,0.489870058887736,0.8054073033707865,,,,
openml:37,classification,510,8,block,0.3,0.20719401041666666,1,source,2.0,catboost,0.2628192901611328,,0.7286821705426356,0.5656076260150141,0.7763342696629213,,,,
openml:37,classification,534,8,block,0.5,0.4153645833333333,1,source,2.0,tabicl_impute,0.20424199104309082,,0.6837606837606838,0.5450466237250916,0.7267736486486486,,,,
openml:37,classification,534,8,block,0.5,0.4153645833333333,1,source,2.0,tabicl_aware,0.28921008110046387,,0.7051282051282052,0.544864041004884,0.7297297297297298,,,,
openml:37,classification,534,8,block,0.5,0.4153645833333333,1,source,2.0,catboost,0.25210046768188477,,0.6837606837606838,0.9727766842254534,0.702027027027027,,,,
openml:37,classification,510,8,block_shift,0.3,0.25,1,source,2.0,tabicl_impute,0.204850435256958,,0.7674418604651163,0.48605014819217895,0.8270365168539325,,,,
openml:37,classification,510,8,block_shift,0.3,0.25,1,source,2.0,tabicl_aware,0.28513526916503906,,0.7906976744186046,0.4712591768464736,0.8195224719101124,,,,
openml:37,classification,510,8,block_shift,0.3,0.25,1,source,2.0,catboost,0.3609802722930908,,0.7558139534883721,0.6259691693467722,0.8108848314606741,,,,
openml:37,classification,534,8,block_shift,0.5,0.4554036458333333,1,source,2.0,tabicl_impute,0.2023768424987793,,0.6837606837606838,0.6306964633164782,0.6385979729729729,,,,
openml:37,classification,534,8,block_shift,0.5,0.4554036458333333,1,source,2.0,tabicl_aware,0.2858850955963135,,0.688034188034188,0.618640667387986,0.6380912162162162,,,,
openml:37,classification,534,8,block_shift,0.5,0.4554036458333333,1,source,2.0,catboost,0.2711904048919678,,0.6837606837606838,0.9939240763789027,0.494679054054054,,,,
openml:37,classification,537,8,none,0.0,0.0,2,random,,tabicl_impute,0.20473647117614746,,0.7705627705627706,0.4542312863319845,0.854238683127572,,,,
openml:37,classification,537,8,none,0.0,0.0,2,random,,tabicl_aware,0.2870187759399414,,0.7662337662337663,0.4536965398186118,0.8556378600823045,,,,
openml:37,classification,537,8,none,0.0,0.0,2,random,,catboost,0.2690010070800781,,0.8051948051948052,0.5250252052292825,0.8483127572016461,,,,
openml:37,classification,383,8,block,0.3,0.25,2,source,0.0,tabicl_impute,0.20237517356872559,,0.6675324675324675,0.6993350305702991,0.6760533750075134,,,,
openml:37,classification,383,8,block,0.3,0.25,2,source,0.0,tabicl_aware,0.28130102157592773,,0.6701298701298701,0.6358240620658641,0.6967602332151229,,,,
openml:37,classification,383,8,block,0.3,0.25,2,source,0.0,catboost,0.26024961471557617,,0.6337662337662338,0.8622033111004344,0.6793592594818778,,,,
openml:37,classification,533,8,block,0.5,0.4132486979166667,2,source,2.0,tabicl_impute,0.20586562156677246,,0.8,0.4887428007551725,0.8423535253227408,,,,
openml:37,classification,533,8,block,0.5,0.4132486979166667,2,source,2.0,tabicl_aware,0.29053401947021484,,0.8042553191489362,0.4549973178671084,0.8477325388944058,,,,
openml:37,classification,533,8,block,0.5,0.4132486979166667,2,source,2.0,catboost,0.2761807441711426,,0.7319148936170212,0.58377364460523,0.7708540218470704,,,,
openml:37,classification,383,8,block_shift,0.3,0.18733723958333334,2,source,0.0,tabicl_impute,0.20163321495056152,,0.7454545454545455,0.5187129959973117,0.7955761255033961,,,,
openml:37,classification,383,8,block_shift,0.3,0.18733723958333334,2,source,0.0,tabicl_aware,0.2829287052154541,,0.7376623376623377,0.49764229444983327,0.8081685400012022,,,,
openml:37,classification,383,8,block_shift,0.3,0.18733723958333334,2,source,0.0,catboost,0.2715721130371094,,0.7324675324675325,0.7280291013511012,0.7897758009256476,,,,
openml:37,classification,533,8,block_shift,0.5,0.5,2,source,2.0,tabicl_impute,0.2046654224395752,,0.6893617021276596,0.6063919311402339,0.6835484938762,,,,
openml:37,classification,533,8,block_shift,0.5,0.5,2,source,2.0,tabicl_aware,0.3273026943206787,,0.6893617021276596,0.5913545790202225,0.7118503806686527,,,,
openml:37,classification,533,8,block_shift,0.5,0.5,2,source,2.0,catboost,0.35516357421875,,0.6808510638297872,1.0209435040252406,0.3638282025819265,,,,
openml:37,classification,537,8,none,0.0,0.0,3,random,,tabicl_impute,0.20525169372558594,,0.7792207792207793,0.46664593684702643,0.8480658436213991,,,,
openml:37,classification,537,8,none,0.0,0.0,3,random,,tabicl_aware,0.2857942581176758,,0.7705627705627706,0.4686408330591029,0.8463374485596707,,,,
openml:37,classification,537,8,none,0.0,0.0,3,random,,catboost,0.26451611518859863,,0.7445887445887446,0.6025700472742609,0.8162962962962963,,,,
openml:37,classification,559,8,block,0.3,0.25,3,source,3.0,tabicl_impute,0.20739150047302246,,0.7655502392344498,0.4608397521412271,0.8380281690140845,,,,
openml:37,classification,559,8,block,0.3,0.25,3,source,3.0,tabicl_aware,0.28931736946105957,,0.7559808612440191,0.471343388477755,0.8389741433676687,,,,
openml:37,classification,559,8,block,0.3,0.25,3,source,3.0,catboost,0.2676224708557129,,0.7033492822966507,0.7551755579191047,0.8100693714525962,,,,
openml:37,classification,494,8,block,0.5,0.4554036458333333,3,source,0.0,tabicl_impute,0.20062994956970215,,0.7773722627737226,0.5076078588997194,0.840299045217078,,,,
openml:37,classification,494,8,block,0.5,0.4554036458333333,3,source,0.0,tabicl_aware,0.28259754180908203,,0.7737226277372263,0.4666380131475119,0.8399987990151925,,,,
openml:37,classification,494,8,block,0.5,0.4554036458333333,3,source,0.0,catboost,0.2498006820678711,,0.7627737226277372,0.5980128722621287,0.8174202846333994,,,,
openml:37,classification,559,8,block_shift,0.3,0.25,3,source,3.0,tabicl_impute,0.20529770851135254,,0.5885167464114832,0.6385569115222204,0.7099011982341812,,,,
openml:37,classification,559,8,block_shift,0.3,0.25,3,source,3.0,tabicl_aware,0.28865814208984375,,0.6028708133971292,0.6307565573256493,0.7208324574311541,,,,
openml:37,classification,559,8,block_shift,0.3,0.25,3,source,3.0,catboost,0.331085205078125,,0.6267942583732058,0.7360419552787325,0.6203489594282111,,,,
openml:37,classification,494,8,block_shift,0.5,0.4143880208333333,3,source,0.0,tabicl_impute,0.2027878761291504,,0.6678832116788321,0.5889684720418898,0.769711163153786,,,,
openml:37,classification,494,8,block_shift,0.5,0.4143880208333333,3,source,0.0,tabicl_aware,0.29005980491638184,,0.6934306569343066,0.5782632970623217,0.7602834324145799,,,,
openml:37,classification,494,8,block_shift,0.5,0.4143880208333333,3,source,0.0,catboost,0.3457658290863037,,0.6788321167883211,0.8316470816913758,0.6161652555095178,,,,
openml:37,classification,537,8,none,0.0,0.0,4,random,,tabicl_impute,0.20618987083435059,,0.7489177489177489,0.47014712792426566,0.8432921810699588,,,,
openml:37,classification,537,8,none,0.0,0.0,4,random,,tabicl_aware,0.2910881042480469,,0.7532467532467533,0.46974315075228407,0.8434567901234568,,,,
openml:37,classification,537,8,none,0.0,0.0,4,random,,catboost,0.26317763328552246,,0.7748917748917749,0.5246898232817032,0.8413991769547324,,,,
openml:37,classification,514,8,block,0.3,0.25,4,source,0.0,tabicl_impute,0.2053542137145996,,0.7322834645669292,0.531039891961544,0.7871029572836802,,,,
openml:37,classification,514,8,block,0.3,0.25,4,source,0.0,tabicl_aware,0.29057908058166504,,0.7322834645669292,0.5137501261184192,0.7953860898138007,,,,
openml:37,classification,514,8,block,0.3,0.25,4,source,0.0,catboost,0.31030845642089844,,0.6614173228346457,0.8294867017230482,0.6777792990142388,,,,
openml:37,classification,612,8,block,0.5,0.5,4,source,2.0,tabicl_impute,0.2078385353088379,,0.8012820512820513,0.44083545690254056,0.8626109467455622,,,,
openml:37,classification,612,8,block,0.5,0.5,4,source,2.0,tabicl_aware,0.3353006839752197,,0.7948717948717948,0.4273006478424208,0.8603920118343196,,,,
openml:37,classification,612,8,block,0.5,0.5,4,source,2.0,catboost,0.26522397994995117,,0.7307692307692307,0.5642796033614541,0.805103550295858,,,,
openml:37,classification,514,8,block_shift,0.3,0.20865885416666666,4,source,0.0,tabicl_impute,0.20438432693481445,,0.7637795275590551,0.4963685663699023,0.8283132530120483,,,,
openml:37,classification,514,8,block_shift,0.3,0.20865885416666666,4,source,0.0,tabicl_aware,0.28603339195251465,,0.7598425196850394,0.492329524066452,0.825985761226725,,,,
openml:37,classification,514,8,block_shift,0.3,0.20865885416666666,4,source,0.0,catboost,0.350893497467041,,0.7086614173228346,0.8793287625080191,0.803737677984666,,,,
openml:37,classification,612,8,block_shift,0.5,0.5,4,source,2.0,tabicl_impute,0.2072310447692871,,0.7051282051282052,0.5358865506325762,0.8163831360946746,,,,
openml:37,classification,612,8,block_shift,0.5,0.5,4,source,2.0,tabicl_aware,0.29190492630004883,,0.7371794871794872,0.5247939275362729,0.8241494082840236,,,,
openml:37,classification,612,8,block_shift,0.5,0.5,4,source,2.0,catboost,0.3311319351196289,,0.6858974358974359,0.6251317092686961,0.7259615384615384,,,,
openml:1067,classification,1476,21,none,0.0,0.0,0,random,,tabicl_impute,0.2539975643157959,,0.8625592417061612,0.31685748451875034,0.8481594506961664,,,,
openml:1067,classification,1476,21,none,0.0,0.0,0,random,,tabicl_aware,0.3355519771575928,,0.8625592417061612,0.3211341972834923,0.845517833301545,,,,
openml:1067,classification,1476,21,none,0.0,0.0,0,random,,catboost,0.3575248718261719,,0.8515007898894155,0.36986100960537466,0.8066946404730116,,,,
openml:1067,classification,1030,21,block,0.3,0.23698886856781592,0,source,1.0,tabicl_impute,0.22820162773132324,,0.8646895273401297,0.43744307693118056,0.7108673841036848,,,,
openml:1067,classification,1030,21,block,0.3,0.23698886856781592,0,source,1.0,tabicl_aware,0.3129920959472656,,0.835032437442076,0.35169752998633375,0.8056838329278851,,,,
openml:1067,classification,1030,21,block,0.3,0.23698886856781592,0,source,1.0,catboost,0.31556153297424316,,0.809082483781279,0.47680504995067635,0.7951387457221787,,,,
openml:1067,classification,1706,21,block,0.5,0.47619047619047616,0,source,4.0,tabicl_impute,0.2524867057800293,,0.8436724565756824,0.43138679119317674,0.8289449112978524,,,,
openml:1067,classification,1706,21,block,0.5,0.47619047619047616,0,source,4.0,tabicl_aware,0.3468458652496338,,0.8486352357320099,0.323290354173646,0.8566059757236228,,,,
openml:1067,classification,1706,21,block,0.5,0.47619047619047616,0,source,4.0,catboost,0.3997609615325928,,0.826302729528536,0.35813595402787174,0.8275443510737628,,,,
openml:1067,classification,1030,21,block_shift,0.3,0.26135157714105084,0,source,1.0,tabicl_impute,0.23030400276184082,,0.845227062094532,0.38988932047388924,0.7921975288280487,,,,
openml:1067,classification,1030,21,block_shift,0.3,0.26135157714105084,0,source,1.0,tabicl_aware,0.3196079730987549,,0.8387395736793327,0.3727806334670449,0.7970422903008563,,,,
openml:1067,classification,1030,21,block_shift,0.3,0.26135157714105084,0,source,1.0,catboost,0.33717775344848633,,0.8192771084337349,0.435407534393752,0.7093417996399072,,,,
openml:1067,classification,1706,21,block_shift,0.5,0.47619047619047616,0,source,4.0,tabicl_impute,0.251110315322876,,0.8535980148883374,0.3697526252580176,0.850513538748833,,,,
openml:1067,classification,1706,21,block_shift,0.5,0.47619047619047616,0,source,4.0,tabicl_aware,0.34731197357177734,,0.8511166253101737,0.32774259823767243,0.8554621848739495,,,,
openml:1067,classification,1706,21,block_shift,0.5,0.47619047619047616,0,source,4.0,catboost,0.46057891845703125,,0.8337468982630273,0.4021979890593975,0.773295985060691,,,,
openml:1067,classification,1476,21,none,0.0,0.0,1,random,,tabicl_impute,0.24735593795776367,,0.8609794628751974,0.31161889506641555,0.8561129124547016,,,,
openml:1067,classification,1476,21,none,0.0,0.0,1,random,,tabicl_aware,0.37710142135620117,,0.8546603475513428,0.31180165423097117,0.8548445546442875,,,,
openml:1067,classification,1476,21,none,0.0,0.0,1,random,,catboost,0.35530757904052734,,0.8546603475513428,0.35704231253598645,0.8150390997520504,,,,
openml:1067,classification,1407,21,block,0.3,0.2857142857142857,1,source,0.0,tabicl_impute,0.24538326263427734,,0.8418803418803419,0.5098648275625924,0.7942153011597456,,,,
openml:1067,classification,1407,21,block,0.3,0.2857142857142857,1,source,0.0,tabicl_aware,0.32882118225097656,,0.8618233618233618,0.3538972770210021,0.7982993515400922,,,,
openml:1067,classification,1407,21,block,0.3,0.2857142857142857,1,source,0.0,catboost,0.35559558868408203,,0.8162393162393162,0.4451288553624767,0.7709112732260881,,,,
openml:1067,classification,1403,21,block,0.5,0.430039061618009,1,source,0.0,tabicl_impute,0.23602867126464844,,0.8257790368271954,0.41927702538636563,0.7772419909100986,,,,
openml:1067,classification,1403,21,block,0.5,0.430039061618009,1,source,0.0,tabicl_aware,0.3281114101409912,,0.8243626062322946,0.3956253119718423,0.7820640727192107,,,,
openml:1067,classification,1403,21,block,0.5,0.430039061618009,1,source,0.0,catboost,0.36323046684265137,,0.8271954674220963,0.417516047048262,0.774422181576322,,,,
openml:1067,classification,1407,21,block_shift,0.3,0.2857142857142857,1,source,0.0,tabicl_impute,0.2464735507965088,,0.8461538461538461,0.394166905499479,0.7574276717795236,,,,
openml:1067,classification,1407,21,block_shift,0.3,0.2857142857142857,1,source,0.0,tabicl_aware,0.3381502628326416,,0.8433048433048433,0.3736289569210828,0.7613714303529118,,,,
openml:1067,classification,1407,21,block_shift,0.3,0.2857142857142857,1,source,0.0,catboost,0.4421992301940918,,0.8333333333333334,0.4102855366121392,0.7491582491582492,,,,
openml:1067,classification,1403,21,block_shift,0.5,0.47619047619047616,1,source,0.0,tabicl_impute,0.2367548942565918,,0.8243626062322946,0.410147008248923,0.7660805343088349,,,,
openml:1067,classification,1403,21,block_shift,0.5,0.47619047619047616,1,source,0.0,tabicl_aware,0.3278388977050781,,0.830028328611898,0.3961983072490567,0.7729187451502052,,,,
openml:1067,classification,1403,21,block_shift,0.5,0.47619047619047616,1,source,0.0,catboost,0.4425804615020752,,0.8257790368271954,0.44742045537891584,0.7225085910652921,,,,
openml:1067,classification,1476,21,none,0.0,0.0,2,random,,tabicl_impute,0.248823881149292,,0.8688783570300158,0.29142334277934445,0.8806790005721916,,,,
openml:1067,classification,1476,21,none,0.0,0.0,2,random,,tabicl_aware,0.33886289596557617,,0.8672985781990521,0.2952630931787392,0.8725252717909594,,,,
openml:1067,classification,1476,21,none,0.0,0.0,2,random,,catboost,0.3575916290283203,,0.8562401263823065,0.3448209488006606,0.8189490749570857,,,,
openml:1067,classification,1054,21,block,0.3,0.2142744248007406,2,source,0.0,tabicl_impute,0.23213839530944824,,0.8341232227488151,0.44050714075296155,0.8117245293357862,,,,
openml:1067,classification,1054,21,block,0.3,0.2142744248007406,2,source,0.0,tabicl_aware,0.3196845054626465,,0.8369668246445497,0.3615627831050274,0.8165649014312367,,,,
openml:1067,classification,1054,21,block,0.3,0.2142744248007406,2,source,0.0,catboost,0.3248915672302246,,0.8303317535545024,0.40077974980034387,0.7937003405221339,,,,
openml:1067,classification,1390,21,block,0.5,0.444534760324234,2,source,0.0,tabicl_impute,0.23598551750183105,,0.8414464534075105,0.5088276956846859,0.4358489198202117,,,,
openml:1067,classification,1390,21,block,0.5,0.444534760324234,2,source,0.0,tabicl_aware,0.3251311779022217,,0.8511821974965229,0.3477456619515046,0.8253153545019573,,,,
openml:1067,classification,1390,21,block,0.5,0.444534760324234,2,source,0.0,catboost,0.3521397113800049,,0.8497913769123783,0.35960160816703307,0.8011526750761202,,,,
openml:1067,classification,1054,21,block_shift,0.3,0.2619160513897356,2,source,0.0,tabicl_impute,0.232496976852417,,0.8322274881516588,0.5069671188468706,0.5922801936148838,,,,
openml:1067,classification,1054,21,block_shift,0.3,0.2619160513897356,2,source,0.0,tabicl_aware,0.3630988597869873,,0.8341232227488151,0.3957815725797217,0.8037431341083148,,,,
openml:1067,classification,1054,21,block_shift,0.3,0.2619160513897356,2,source,0.0,catboost,0.3493156433105469,,0.8274881516587678,0.39623288455430655,0.7695669758764204,,,,
openml:1067,classification,1390,21,block_shift,0.5,0.4443992865045497,2,source,0.0,tabicl_impute,0.23288345336914062,,0.8414464534075105,0.5061422438671798,0.7376540524865882,,,,
openml:1067,classification,1390,21,block_shift,0.5,0.4443992865045497,2,source,0.0,tabicl_aware,0.3278064727783203,,0.8442280945757997,0.43496727411963876,0.780680005799623,,,,
openml:1067,classification,1390,21,block_shift,0.5,0.4443992865045497,2,source,0.0,catboost,0.43445301055908203,,0.8164116828929068,0.4240857290159393,0.7327533710308831,,,,
openml:1067,classification,1476,21,none,0.0,0.0,3,random,,tabicl_impute,0.24861669540405273,,0.8751974723538705,0.33392622321592497,0.8300495899294297,,,,
openml:1067,classification,1476,21,none,0.0,0.0,3,random,,tabicl_aware,0.33783602714538574,,0.8720379146919431,0.34060629666482783,0.8276273126072858,,,,
openml:1067,classification,1476,21,none,0.0,0.0,3,random,,catboost,0.3543870449066162,,0.8467614533965245,0.379600390149893,0.7971485790577915,,,,
openml:1067,classification,1590,21,block,0.3,0.2857142857142857,3,source,2.0,tabicl_impute,0.25719618797302246,,0.8689788053949904,0.4521311921566072,0.8238486312399355,,,,
openml:1067,classification,1590,21,block,0.3,0.2857142857142857,3,source,2.0,tabicl_aware,0.3467745780944824,,0.8651252408477842,0.30321981204797555,0.8385507246376811,,,,
openml:1067,classification,1590,21,block,0.3,0.2857142857142857,3,source,2.0,catboost,0.424227237701416,,0.8208092485549133,0.3727253916742103,0.8181320450885669,,,,
openml:1067,classification,1447,21,block,0.5,0.4435187066766014,3,source,2.0,tabicl_impute,0.24648761749267578,,0.8202416918429003,0.558718121847616,0.5421406131513379,,,,
openml:1067,classification,1447,21,block,0.5,0.4435187066766014,3,source,2.0,tabicl_aware,0.3357400894165039,,0.8338368580060423,0.3617601887887661,0.8383242799882384,,,,
openml:1067,classification,1447,21,block,0.5,0.4435187066766014,3,source,2.0,catboost,0.40226125717163086,,0.8096676737160121,0.5268319112592892,0.6731355525635669,,,,
openml:1067,classification,1590,21,block_shift,0.3,0.2857142857142857,3,source,2.0,tabicl_impute,0.24890661239624023,,0.8670520231213873,0.4130533930626459,0.8171658615136875,,,,
openml:1067,classification,1590,21,block_shift,0.3,0.2857142857142857,3,source,2.0,tabicl_aware,0.3481593132019043,,0.8709055876685935,0.3234370925535092,0.8330112721417069,,,,
openml:1067,classification,1590,21,block_shift,0.3,0.2857142857142857,3,source,2.0,catboost,0.4526829719543457,,0.8246628131021194,0.38799385993120955,0.8054750402576489,,,,
openml:1067,classification,1447,21,block_shift,0.5,0.4289552710605342,3,source,2.0,tabicl_impute,0.239546537399292,,0.8187311178247734,0.4610325538452329,0.8003157063930545,,,,
openml:1067,classification,1447,21,block_shift,0.5,0.4289552710605342,3,source,2.0,tabicl_aware,0.332613468170166,,0.8217522658610272,0.39916622767418,0.8016001980902859,,,,
openml:1067,classification,1447,21,block_shift,0.5,0.4289552710605342,3,source,2.0,catboost,0.4411911964416504,,0.8217522658610272,0.42920585606881817,0.7440147329650093,,,,
openml:1067,classification,1476,21,none,0.0,0.0,4,random,,tabicl_impute,0.24776649475097656,,0.8641390205371248,0.34641075880801964,0.8197596795727636,,,,
openml:1067,classification,1476,21,none,0.0,0.0,4,random,,tabicl_aware,0.34111905097961426,,0.8641390205371248,0.3507898629391772,0.8178142284951364,,,,
openml:1067,classification,1476,21,none,0.0,0.0,4,random,,catboost,0.3550088405609131,,0.8451816745655608,0.4160766922104102,0.7664791150104902,,,,
openml:1067,classification,1414,21,block,0.3,0.2700670595407437,4,source,2.0,tabicl_impute,0.24565815925598145,,0.8431654676258993,0.44266157137704204,0.8085214641325109,,,,
openml:1067,classification,1414,21,block,0.3,0.2700670595407437,4,source,2.0,tabicl_aware,0.3781428337097168,,0.8532374100719424,0.35079008118821065,0.8053433321852397,,,,
openml:1067,classification,1414,21,block,0.3,0.2700670595407437,4,source,2.0,catboost,0.338315486907959,,0.8489208633093526,0.3796485211051472,0.7929674045777626,,,,
openml:1067,classification,1673,21,block,0.5,0.47619047619047616,4,source,0.0,tabicl_impute,0.24833154678344727,,0.8279816513761468,0.4303037268032774,0.8109215153452687,,,,
openml:1067,classification,1673,21,block,0.5,0.47619047619047616,4,source,0.0,tabicl_aware,0.34627628326416016,,0.8463302752293578,0.3531365966222727,0.8071851023017904,,,,
openml:1067,classification,1673,21,block,0.5,0.47619047619047616,4,source,0.0,catboost,0.4042699337005615,,0.8073394495412844,0.46340471061271893,0.8106218030690536,,,,
openml:1067,classification,1414,21,block_shift,0.3,0.270021901600849,4,source,2.0,tabicl_impute,0.2414689064025879,,0.8431654676258993,0.4424066714707889,0.6829695963928986,,,,
openml:1067,classification,1414,21,block_shift,0.3,0.270021901600849,4,source,2.0,tabicl_aware,0.3288722038269043,,0.8460431654676259,0.3872746460332852,0.7377493189717256,,,,
openml:1067,classification,1414,21,block_shift,0.3,0.270021901600849,4,source,2.0,catboost,0.43900632858276367,,0.8201438848920863,0.4373976590420511,0.7076431724958513,,,,
openml:1067,classification,1673,21,block_shift,0.5,0.47619047619047616,4,source,0.0,tabicl_impute,0.24960780143737793,,0.8486238532110092,0.38016848873399606,0.7917998721227621,,,,
openml:1067,classification,1673,21,block_shift,0.5,0.47619047619047616,4,source,0.0,tabicl_aware,0.34648585319519043,,0.8555045871559633,0.3562571028589009,0.8030890345268542,,,,
openml:1067,classification,1673,21,block_shift,0.5,0.47619047619047616,4,source,0.0,catboost,0.4579129219055176,,0.805045871559633,0.44327919760340145,0.7513986572890025,,,,
openml:23,classification,1031,9,none,0.0,0.0,0,random,,tabicl_impute,0.21418237686157227,,0.5746606334841629,0.8633673756434004,0.7627213357470692,,,,
openml:23,classification,1031,9,none,0.0,0.0,0,random,,tabicl_aware,0.2967250347137451,,0.579185520361991,0.8667139410739358,0.7582681860234709,,,,
openml:23,classification,1031,9,none,0.0,0.0,0,random,,catboost,0.2171318531036377,,0.5520361990950227,0.9109825109175311,0.7451239717696948,,,,
openml:23,classification,726,9,block,0.3,0.2769857433808554,0,source,1.0,tabicl_impute,0.23234343528747559,,0.4819277108433735,0.9613750365997559,0.705990410406224,,,,
openml:23,classification,726,9,block,0.3,0.2769857433808554,0,source,1.0,tabicl_aware,0.31493186950683594,,0.536813922356091,0.9409213850745604,0.7051376223698992,,,,
openml:23,classification,726,9,block,0.3,0.2769857433808554,0,source,1.0,catboost,0.19347643852233887,,0.41365461847389556,1.3374188104449212,0.6003773402372506,,,,
openml:23,classification,1197,9,block,0.5,0.4444444444444444,0,source,1.0,tabicl_impute,0.21719050407409668,,0.4492753623188406,1.0070288587143061,0.6099090381025173,,,,
openml:23,classification,1197,9,block,0.5,0.4444444444444444,0,source,1.0,tabicl_aware,0.30303049087524414,,0.4492753623188406,1.0047392029649251,0.5949906342633887,,,,
openml:23,classification,1197,9,block,0.5,0.4444444444444444,0,source,1.0,catboost,0.2559187412261963,,0.4420289855072464,1.0936277286432998,0.588227716512661,,,,
openml:23,classification,726,9,block_shift,0.3,0.22063815342837745,0,source,1.0,tabicl_impute,0.22716164588928223,,0.5113788487282463,0.973957794647732,0.6855455717729261,,,,
openml:23,classification,726,9,block_shift,0.3,0.22063815342837745,0,source,1.0,tabicl_aware,0.31609034538269043,,0.5287817938420348,0.9734189314428816,0.6811624063187662,,,,
openml:23,classification,726,9,block_shift,0.3,0.22063815342837745,0,source,1.0,catboost,0.3852095603942871,,0.4404283801874163,1.15428846534018,0.6034976184515625,,,,
openml:23,classification,1197,9,block_shift,0.5,0.4444444444444444,0,source,1.0,tabicl_impute,0.21012616157531738,,0.4673913043478261,1.0505557208632557,0.5557287438104584,,,,
openml:23,classification,1197,9,block_shift,0.5,0.4444444444444444,0,source,1.0,tabicl_aware,0.3460066318511963,,0.44565217391304346,1.01024157651611,0.6063120664769603,,,,
openml:23,classification,1197,9,block_shift,0.5,0.4444444444444444,0,source,1.0,catboost,0.39878177642822266,,0.463768115942029,1.036750380632089,0.5882814142350252,,,,
openml:23,classification,1031,9,none,0.0,0.0,1,random,,tabicl_impute,0.21671128273010254,,0.5633484162895928,0.8859160338260227,0.7471924345528366,,,,
openml:23,classification,1031,9,none,0.0,0.0,1,random,,tabicl_aware,0.29547619819641113,,0.5542986425339367,0.8903605963691575,0.7429000994419007,,,,
openml:23,classification,1031,9,none,0.0,0.0,1,random,,catboost,0.22983312606811523,,0.5226244343891403,0.942904439938747,0.7294903188535278,,,,
openml:23,classification,979,9,block,0.3,0.3333333333333333,1,source,0.0,tabicl_impute,0.23187971115112305,,0.5020242914979757,1.0044019136482423,0.6839946516886205,,,,
openml:23,classification,979,9,block,0.3,0.3333333333333333,1,source,0.0,tabicl_aware,0.3170011043548584,,0.5080971659919028,0.9596760871899371,0.6848827226861499,,,,
openml:23,classification,979,9,block,0.3,0.3333333333333333,1,source,0.0,catboost,0.23528289794921875,,0.43724696356275305,1.067635196186228,0.6493693379335871,,,,
openml:23,classification,972,9,block,0.5,0.4444444444444444,1,source,1.0,tabicl_impute,0.23427343368530273,,0.4351297405189621,1.056953266974528,0.5791751668615323,,,,
openml:23,classification,972,9,block,0.5,0.4444444444444444,1,source,1.0,tabicl_aware,0.3182337284088135,,0.43313373253493015,1.041359579784265,0.5739808307637905,,,,
openml:23,classification,972,9,block,0.5,0.4444444444444444,1,source,1.0,catboost,0.22378849983215332,,0.35528942115768464,1.2122074249429435,0.5001731625514014,,,,
openml:23,classification,979,9,block_shift,0.3,0.29622086444897033,1,source,0.0,tabicl_impute,0.23290467262268066,,0.45546558704453444,1.0064421951109401,0.6460754542867854,,,,
openml:23,classification,979,9,block_shift,0.3,0.29622086444897033,1,source,0.0,tabicl_aware,0.31856703758239746,,0.4331983805668016,1.0148484151610637,0.6478743219825943,,,,
openml:23,classification,979,9,block_shift,0.3,0.29622086444897033,1,source,0.0,catboost,0.37039709091186523,,0.43724696356275305,1.851519265981281,0.5565617921743458,,,,
openml:23,classification,972,9,block_shift,0.5,0.4444444444444444,1,source,1.0,tabicl_impute,0.23535537719726562,,0.46506986027944114,0.9905842537825474,0.6592124360521435,,,,
openml:23,classification,972,9,block_shift,0.5,0.4444444444444444,1,source,1.0,tabicl_aware,0.32111072540283203,,0.47904191616766467,0.9787079890447713,0.6645431146547512,,,,
openml:23,classification,972,9,block_shift,0.5,0.4444444444444444,1,source,1.0,catboost,0.38642239570617676,,0.41317365269461076,1.0732218774850322,0.5844017108863235,,,,
openml:23,classification,1031,9,none,0.0,0.0,2,random,,tabicl_impute,0.20781517028808594,,0.5520361990950227,0.9043422442493236,0.7391922630690466,,,,
openml:23,classification,1031,9,none,0.0,0.0,2,random,,tabicl_aware,0.2920868396759033,,0.5520361990950227,0.9060579365746461,0.736963295794531,,,,
openml:23,classification,1031,9,none,0.0,0.0,2,random,,catboost,0.22995567321777344,,0.5316742081447964,0.9629096281345962,0.7190372262127055,,,,
openml:23,classification,745,9,block,0.3,0.3333333333333333,2,source,1.0,tabicl_impute,0.22750258445739746,,0.4478021978021978,1.0005739520362933,0.66521036420064,,,,
openml:23,classification,745,9,block,0.3,0.3333333333333333,2,source,1.0,tabicl_aware,0.3157820701599121,,0.49313186813186816,0.9924498771234537,0.6750259988098973,,,,
openml:23,classification,745,9,block,0.3,0.3333333333333333,2,source,1.0,catboost,0.19756102561950684,,0.4175824175824176,1.9939769939329792,0.4284504591050952,,,,
openml:23,classification,994,9,block,0.5,0.4074074074074074,2,source,1.0,tabicl_impute,0.2339763641357422,,0.5156576200417536,0.9644163758943788,0.7077037613253948,,,,
openml:23,classification,994,9,block,0.5,0.4074074074074074,2,source,1.0,tabicl_aware,0.3633716106414795,,0.48851774530271397,0.9653695753108317,0.7074459172518104,,,,
openml:23,classification,994,9,block,0.5,0.4074074074074074,2,source,1.0,catboost,0.24393010139465332,,0.4551148225469729,1.1263244845349654,0.5754509249264689,,,,
openml:23,classification,745,9,block_shift,0.3,0.2784189484800483,2,source,1.0,tabicl_impute,0.22500991821289062,,0.5494505494505495,0.9208507590444328,0.7530081633568302,,,,
openml:23,classification,745,9,block_shift,0.3,0.2784189484800483,2,source,1.0,tabicl_aware,0.3077685832977295,,0.5576923076923077,0.9143468169689877,0.7509757793383397,,,,
openml:23,classification,745,9,block_shift,0.3,0.2784189484800483,2,source,1.0,catboost,0.3539998531341553,,0.5288461538461539,0.9924645375885074,0.7002164910598042,,,,
openml:23,classification,994,9,block_shift,0.5,0.37037037037037035,2,source,1.0,tabicl_impute,0.2328953742980957,,0.5198329853862212,0.9582950224003788,0.6892636101367532,,,,
openml:23,classification,994,9,block_shift,0.5,0.37037037037037035,2,source,1.0,tabicl_aware,0.31974244117736816,,0.5469728601252609,0.9449602571727278,0.6965008445467804,,,,
openml:23,classification,994,9,block_shift,0.5,0.37037037037037035,2,source,1.0,catboost,0.4142310619354248,,0.4989561586638831,0.9963484298714316,0.665541338432169,,,,
openml:23,classification,1031,9,none,0.0,0.0,3,random,,tabicl_impute,0.21449732780456543,,0.5746606334841629,0.8609678090290603,0.7759113800810967,,,,
openml:23,classification,1031,9,none,0.0,0.0,3,random,,tabicl_aware,0.2967872619628906,,0.5904977375565611,0.8742320210637706,0.7656324354813019,,,,
openml:23,classification,1031,9,none,0.0,0.0,3,random,,catboost,0.2325904369354248,,0.5746606334841629,0.9022618850920332,0.7498026151394847,,,,
openml:23,classification,1133,9,block,0.3,0.3333333333333333,3,source,0.0,tabicl_impute,0.20970821380615234,,0.47941176470588237,0.955965891717717,0.6943913089216581,,,,
openml:23,classification,1133,9,block,0.3,0.3333333333333333,3,source,0.0,tabicl_aware,0.2966034412384033,,0.49117647058823527,0.9476464989600594,0.690283499243785,,,,
openml:23,classification,1133,9,block,0.3,0.3333333333333333,3,source,0.0,catboost,0.2555873394012451,,0.49117647058823527,1.011912185355386,0.65447611199541,,,,
openml:23,classification,978,9,block,0.5,0.4058233386135626,3,source,1.0,tabicl_impute,0.23751258850097656,,0.5151515151515151,0.971399600092626,0.7045233351899434,,,,
openml:23,classification,978,9,block,0.5,0.4058233386135626,3,source,1.0,tabicl_aware,0.32411789894104004,,0.5151515151515151,0.9557539298737593,0.7015786362363019,,,,
openml:23,classification,978,9,block,0.5,0.4058233386135626,3,source,1.0,catboost,0.22383332252502441,,0.45252525252525255,1.0832593027704362,0.6005909967703914,,,,
openml:23,classification,1133,9,block_shift,0.3,0.30700761861657994,3,source,0.0,tabicl_impute,0.21109342575073242,,0.4676470588235294,0.9856237778089914,0.6446686444177586,,,,
openml:23,classification,1133,9,block_shift,0.3,0.30700761861657994,3,source,0.0,tabicl_aware,0.29881834983825684,,0.5029411764705882,0.9751742060801821,0.6557346012361649,,,,
openml:23,classification,1133,9,block_shift,0.3,0.30700761861657994,3,source,0.0,catboost,0.3987307548522949,,0.4441176470588235,1.0587247774904056,0.5640962887485662,,,,
openml:23,classification,978,9,block_shift,0.5,0.4058233386135626,3,source,1.0,tabicl_impute,0.23103547096252441,,0.4080808080808081,1.054323882886101,0.5941979479918814,,,,
openml:23,classification,978,9,block_shift,0.5,0.4058233386135626,3,source,1.0,tabicl_aware,0.3213212490081787,,0.4080808080808081,1.0463824802441948,0.5998881271559321,,,,
openml:23,classification,978,9,block_shift,0.5,0.4058233386135626,3,source,1.0,catboost,0.3836526870727539,,0.39191919191919194,1.1852585362761645,0.5366547954745594,,,,
openml:23,classification,1031,9,none,0.0,0.0,4,random,,tabicl_impute,0.20782756805419922,,0.5859728506787331,0.869165324216285,0.7583403527754552,,,,
openml:23,classification,1031,9,none,0.0,0.0,4,random,,tabicl_aware,0.33384084701538086,,0.5633484162895928,0.87441813388546,0.7539189636602645,,,,
openml:23,classification,1031,9,none,0.0,0.0,4,random,,catboost,0.23033761978149414,,0.5407239819004525,0.9459156006321712,0.7269254514963013,,,,
openml:23,classification,968,9,block,0.3,0.3333333333333333,4,source,1.0,tabicl_impute,0.2357313632965088,,0.48514851485148514,0.9852621895520254,0.6695890847865384,,,,
openml:23,classification,968,9,block,0.3,0.3333333333333333,4,source,1.0,tabicl_aware,0.32170677185058594,,0.500990099009901,0.9730332643825651,0.6758543845636277,,,,
openml:23,classification,968,9,block,0.3,0.3333333333333333,4,source,1.0,catboost,0.24029159545898438,,0.38613861386138615,1.0743611246242026,0.5998402819974227,,,,
openml:23,classification,1182,9,block,0.5,0.4444444444444444,4,source,1.0,tabicl_impute,0.21007943153381348,,0.5257731958762887,0.9533902665686297,0.7237546819877866,,,,
openml:23,classification,1182,9,block,0.5,0.4444444444444444,4,source,1.0,tabicl_aware,0.3027358055114746,,0.5395189003436426,0.9344779985725864,0.7215654483404114,,,,
openml:23,classification,1182,9,block,0.5,0.4444444444444444,4,source,1.0,catboost,0.2380385398864746,,0.5154639175257731,0.971938775754046,0.6927110286048909,,,,
openml:23,classification,968,9,block_shift,0.3,0.2968243192275779,4,source,1.0,tabicl_impute,0.23469233512878418,,0.44554455445544555,0.9959100505746674,0.7130792932653107,,,,
openml:23,classification,968,9,block_shift,0.3,0.2968243192275779,4,source,1.0,tabicl_aware,0.32296323776245117,,0.5425742574257426,0.9543237993813581,0.709494870605775,,,,
openml:23,classification,968,9,block_shift,0.3,0.2968243192275779,4,source,1.0,catboost,0.42032527923583984,,0.4534653465346535,1.0463286940408272,0.6312955256426227,,,,
openml:23,classification,1182,9,block_shift,0.5,0.4444444444444444,4,source,1.0,tabicl_impute,0.21894121170043945,,0.5017182130584192,0.9773842236368072,0.7100187987001733,,,,
openml:23,classification,1182,9,block_shift,0.5,0.4444444444444444,4,source,1.0,tabicl_aware,0.3038506507873535,,0.5738831615120275,0.9572881768020619,0.707329163825249,,,,
openml:23,classification,1182,9,block_shift,0.5,0.4444444444444444,4,source,1.0,catboost,0.39986348152160645,,0.4020618556701031,1.0951104876309097,0.5794722227584538,,,,
openml:507,regression,2100,6,none,0.0,0.0,0,random,,tabicl_impute,0.25064516067504883,,,,,0.10612938450093853,0.7562691310242688,0.79,0.9482926937022143
openml:507,regression,2100,6,none,0.0,0.0,0,random,,tabicl_aware,0.32123708724975586,,,,,0.11246534060241666,0.726298831508048,0.7788888888888889,0.9507028456657158
openml:507,regression,2100,6,none,0.0,0.0,0,random,,catboost,0.24243497848510742,,,,,0.1265606639602128,0.6533934744508454,,
openml:507,regression,1464,6,block,0.3,0.252,0,source,1.0,tabicl_impute,0.23482656478881836,,,,,0.346715088951522,-2.2139189761720295,0.8307291666666666,4.943177742003032
openml:507,regression,1464,6,block,0.3,0.252,0,source,1.0,tabicl_aware,0.3120594024658203,,,,,0.16490994568275025,0.2729184301234626,0.83203125,2.489005710254922
openml:507,regression,1464,6,block,0.3,0.252,0,source,1.0,catboost,0.23128938674926758,,,,,0.21332263259656842,-0.21664341043152202,,
openml:507,regression,2418,6,block,0.5,0.5,0,source,1.0,tabicl_impute,0.24001836776733398,,,,,0.21906213726838242,-0.03463825853929814,0.8986254295532646,3.404057109684092
openml:507,regression,2418,6,block,0.5,0.5,0,source,1.0,tabicl_aware,0.3224184513092041,,,,,0.1696696931329881,0.37932758910971753,0.8694158075601375,1.8146150742471878
openml:507,regression,2418,6,block,0.5,0.5,0,source,1.0,catboost,0.4197685718536377,,,,,0.2090211164354712,0.05803618768056429,,
openml:507,regression,1464,6,block_shift,0.3,0.252,0,source,1.0,tabicl_impute,0.23403453826904297,,,,,0.8119401626005786,-16.625339355351166,0.5748697916666666,5.757895953074281
openml:507,regression,1464,6,block_shift,0.3,0.252,0,source,1.0,tabicl_aware,0.3484206199645996,,,,,0.3093901976797519,-1.5591900518668118,0.7890625,3.8130049370685035
openml:507,regression,1464,6,block_shift,0.3,0.252,0,source,1.0,catboost,0.24003863334655762,,,,,0.20172380515964025,-0.08793698851198473,,
openml:507,regression,2418,6,block_shift,0.5,0.5,0,source,1.0,tabicl_impute,0.23424935340881348,,,,,0.17792057326129157,0.3174943814621769,0.9329896907216495,2.3712064917144415
openml:507,regression,2418,6,block_shift,0.5,0.5,0,source,1.0,tabicl_aware,0.3157830238342285,,,,,0.1725807150888513,0.35784714044010435,0.8848797250859106,2.021216804104455
openml:507,regression,2418,6,block_shift,0.5,0.5,0,source,1.0,catboost,0.3434884548187256,,,,,0.18160806488637285,0.28891068279359033,,
openml:507,regression,2100,6,none,0.0,0.0,1,random,,tabicl_impute,0.2346193790435791,,,,,0.10499035154015274,0.7648778191174502,0.7777777777777778,0.9229277577928241
openml:507,regression,2100,6,none,0.0,0.0,1,random,,tabicl_aware,0.30956459045410156,,,,,0.11141930806113105,0.735201368823879,0.7777777777777778,0.9376860973612763
openml:507,regression,2100,6,none,0.0,0.0,1,random,,catboost,0.2577202320098877,,,,,0.12915410416049747,0.6441956573157313,,
openml:507,regression,1997,6,block,0.3,0.3333333333333333,1,source,1.0,tabicl_impute,0.23042702674865723,,,,,0.6599596042513488,-11.639768514774916,0.5682951146560319,4.628466616769242
openml:507,regression,1997,6,block,0.3,0.3333333333333333,1,source,1.0,tabicl_aware,0.307767391204834,,,,,0.31035795388957443,-1.7953112571039265,0.7906281156530409,3.6736525640737963
openml:507,regression,1997,6,block,0.3,0.3333333333333333,1,source,1.0,catboost,0.32036757469177246,,,,,0.8781101044669939,-21.377025806460423,,
openml:507,regression,1976,6,block,0.5,0.4473888888888889,1,source,0.0,tabicl_impute,0.23082590103149414,,,,,0.1821172247016481,0.10045177899720348,0.6494140625,1.6819585669138863
openml:507,regression,1976,6,block,0.5,0.4473888888888889,1,source,0.0,tabicl_aware,0.30721402168273926,,,,,0.17554740641549832,0.16418292901789067,0.787109375,2.2122384987540813
openml:507,regression,1976,6,block,0.5,0.4473888888888889,1,source,0.0,catboost,0.3230557441711426,,,,,0.19409017352556696,-0.021714363299730977,,
openml:507,regression,1997,6,block_shift,0.3,0.3333333333333333,1,source,1.0,tabicl_impute,0.22997450828552246,,,,,0.172415093746384,0.13730957326695348,0.7208374875373879,1.9473878069791626
openml:507,regression,1997,6,block_shift,0.3,0.3333333333333333,1,source,1.0,tabicl_aware,0.3079948425292969,,,,,0.14947819056922954,0.3515745119003453,0.8075772681954138,1.987521036073582
openml:507,regression,1997,6,block_shift,0.3,0.3333333333333333,1,source,1.0,catboost,0.3206593990325928,,,,,0.201958155845053,-0.18366063938077182,,
openml:507,regression,1976,6,block_shift,0.5,0.4431111111111111,1,source,0.0,tabicl_impute,0.23023486137390137,,,,,0.22490469202547225,-0.3718904532790335,0.7158203125,3.099285781252482
openml:507,regression,1976,6,block_shift,0.5,0.4431111111111111,1,source,0.0,tabicl_aware,0.30648016929626465,,,,,0.17508470717301294,0.16858313371435085,0.7216796875,2.0365992712338117
openml:507,regression,1976,6,block_shift,0.5,0.4431111111111111,1,source,0.0,catboost,0.33177995681762695,,,,,0.3426225852205593,-2.183863040290862,,
openml:507,regression,2100,6,none,0.0,0.0,2,random,,tabicl_impute,0.23485875129699707,,,,,0.11200270300410202,0.7344385374896387,0.7655555555555555,0.9107038518964928
openml:507,regression,2100,6,none,0.0,0.0,2,random,,tabicl_aware,0.31015634536743164,,,,,0.11825388021152558,0.7039678740379476,0.7655555555555555,0.9127390025219587
openml:507,regression,2100,6,none,0.0,0.0,2,random,,catboost,0.25716519355773926,,,,,0.1295277723585819,0.6448319938821154,,
openml:507,regression,1467,6,block,0.3,0.24816666666666667,2,source,1.0,tabicl_impute,0.2268834114074707,,,,,0.31009883091417734,-1.3644773855812509,0.6086105675146771,2.6680740550758775
openml:507,regression,1467,6,block,0.3,0.24816666666666667,2,source,1.0,tabicl_aware,0.3012826442718506,,,,,0.20570905411526938,-0.04049912965664637,0.7795172863666014,2.3898231961033107
openml:507,regression,1467,6,block,0.3,0.24816666666666667,2,source,1.0,catboost,0.23356366157531738,,,,,0.4607499527388735,-4.2199399329019425,,
openml:507,regression,1995,6,block,0.5,0.44433333333333336,2,source,0.0,tabicl_impute,0.26963305473327637,,,,,0.2121607781974438,-0.03180320157585759,0.7631840796019901,2.3944072605121582
openml:507,regression,1995,6,block,0.5,0.44433333333333336,2,source,0.0,tabicl_aware,0.31621265411376953,,,,,0.1962391714430637,0.11724929156593233,0.7502487562189055,1.9346385184662402
openml:507,regression,1995,6,block,0.5,0.44433333333333336,2,source,0.0,catboost,0.32813143730163574,,,,,0.24478743665476901,-0.373551415430452,,
openml:507,regression,1467,6,block_shift,0.3,0.24816666666666667,2,source,1.0,tabicl_impute,0.22774410247802734,,,,,0.1618435813074968,0.3559406834122698,0.8395303326810176,2.2783135360067464
openml:507,regression,1467,6,block_shift,0.3,0.24816666666666667,2,source,1.0,tabicl_aware,0.300647497177124,,,,,0.15735544357059,0.3911666273293928,0.8284409654272668,1.907813564142093
openml:507,regression,1467,6,block_shift,0.3,0.24816666666666667,2,source,1.0,catboost,0.21965384483337402,,,,,0.2250689815179216,-0.24556443204454936,,
openml:507,regression,1995,6,block_shift,0.5,0.44416666666666665,2,source,0.0,tabicl_impute,0.22997689247131348,,,,,0.197268692408055,0.10796272272773355,0.7054726368159204,2.0147596597195663
openml:507,regression,1995,6,block_shift,0.5,0.44416666666666665,2,source,0.0,tabicl_aware,0.31072497367858887,,,,,0.18585971720522002,0.20816040246297118,0.7134328358208956,1.8191486301194093
openml:507,regression,1995,6,block_shift,0.5,0.44416666666666665,2,source,0.0,catboost,0.32531166076660156,,,,,0.17846226497901402,0.2699384554684473,,
openml:507,regression,2100,6,none,0.0,0.0,3,random,,tabicl_impute,0.23583555221557617,,,,,0.08414546809783392,0.7980714002229431,0.7988888888888889,1.079273248091472
openml:507,regression,2100,6,none,0.0,0.0,3,random,,tabicl_aware,0.311478853225708,,,,,0.08770573428211308,0.7806223651040262,0.79,1.0884491283660158
openml:507,regression,2100,6,none,0.0,0.0,3,random,,catboost,0.256725549697876,,,,,0.10665277045072931,0.6756001423549352,,
openml:507,regression,2251,6,block,0.3,0.3333333333333333,3,source,2.0,tabicl_impute,0.23858356475830078,,,,,0.18511295620931023,0.059831130892390894,0.9799732977303071,4.309568037809818
openml:507,regression,2251,6,block,0.3,0.3333333333333333,3,source,2.0,tabicl_aware,0.31195640563964844,,,,,0.13517707403356294,0.4986531192021365,0.855807743658211,2.047136029987606
openml:507,regression,2251,6,block,0.3,0.3333333333333333,3,source,2.0,catboost,0.3427298069000244,,,,,0.1355674382770017,0.4957533600562204,,
openml:507,regression,1969,6,block,0.5,0.5,3,source,0.0,tabicl_impute,0.23279643058776855,,,,,0.20313491837195552,-0.01609926741777823,0.8729388942774006,2.7892002997686203
openml:507,regression,1969,6,block,0.5,0.5,3,source,0.0,tabicl_aware,0.3167307376861572,,,,,0.17278521788047385,0.26484292637574114,0.8496605237633366,2.211247204725486
openml:507,regression,1969,6,block,0.5,0.5,3,source,0.0,catboost,0.30523133277893066,,,,,0.37009414472952307,-2.3728062868546913,,
openml:507,regression,2251,6,block_shift,0.3,0.3333333333333333,3,source,2.0,tabicl_impute,0.23086333274841309,,,,,0.3958475412183121,-3.29920483204509,0.8798397863818425,4.485509374035221
openml:507,regression,2251,6,block_shift,0.3,0.3333333333333333,3,source,2.0,tabicl_aware,0.3121044635772705,,,,,0.2000678566892697,-0.09821374016750672,0.8304405874499332,2.526431274737109
openml:507,regression,2251,6,block_shift,0.3,0.3333333333333333,3,source,2.0,catboost,0.3477969169616699,,,,,0.309024372664142,-1.6200989961872896,,
openml:507,regression,1969,6,block_shift,0.5,0.5,3,source,0.0,tabicl_impute,0.2282402515411377,,,,,0.2073744624387501,-0.05895502828937804,0.7575169738118331,2.26686781789542
openml:507,regression,1969,6,block_shift,0.5,0.5,3,source,0.0,tabicl_aware,0.3072965145111084,,,,,0.19215936248843044,0.09073584879012497,0.8341416100872939,2.3122820731720597
openml:507,regression,1969,6,block_shift,0.5,0.5,3,source,0.0,catboost,0.3238792419433594,,,,,0.19748393999008834,0.03964779731562407,,
openml:507,regression,2100,6,none,0.0,0.0,4,random,,tabicl_impute,0.2357344627380371,,,,,0.10412348074158723,0.761991736465806,0.7711111111111111,0.9205874375035686
openml:507,regression,2100,6,none,0.0,0.0,4,random,,tabicl_aware,0.3100130558013916,,,,,0.10932375473897318,0.7376242102764139,0.7733333333333333,0.9384266366981809
openml:507,regression,2100,6,none,0.0,0.0,4,random,,catboost,0.2573091983795166,,,,,0.12412454889807095,0.661771619021329,,
openml:507,regression,2002,6,block,0.3,0.3333333333333333,4,source,0.0,tabicl_impute,0.27277302742004395,,,,,0.19321028546204766,0.16991689572983815,0.872745490981964,2.637703079392906
openml:507,regression,2002,6,block,0.3,0.3333333333333333,4,source,0.0,tabicl_aware,0.31846165657043457,,,,,0.1575994679360068,0.4477056711154841,0.8837675350701403,1.854951279657537
openml:507,regression,2002,6,block,0.3,0.3333333333333333,4,source,0.0,catboost,0.3352091312408447,,,,,0.16525998414017723,0.392709477677762,,
openml:507,regression,2428,6,block,0.5,0.5,4,source,4.0,tabicl_impute,0.23601555824279785,,,,,0.22597531509346172,-0.01877864068640811,0.7709790209790209,2.1864263419063614
openml:507,regression,2428,6,block,0.5,0.5,4,source,4.0,tabicl_aware,0.31563329696655273,,,,,0.2086722818961742,0.1312649172165241,0.7622377622377622,1.8681596706104175
openml:507,regression,2428,6,block,0.5,0.5,4,source,4.0,catboost,0.34543561935424805,,,,,0.21432893517824284,0.08352749026674688,,
openml:507,regression,2002,6,block_shift,0.3,0.3333333333333333,4,source,0.0,tabicl_impute,0.23218417167663574,,,,,0.2116344084124333,0.004058918476014695,0.7935871743486974,2.1105188009057714
openml:507,regression,2002,6,block_shift,0.3,0.3333333333333333,4,source,0.0,tabicl_aware,0.30585622787475586,,,,,0.2110876678847307,0.009198139389308135,0.6673346693386774,1.5932979441102904
openml:507,regression,2002,6,block_shift,0.3,0.3333333333333333,4,source,0.0,catboost,0.3334171772003174,,,,,0.2809740153954154,-0.7554699752776413,,
openml:507,regression,2428,6,block_shift,0.5,0.5,4,source,4.0,tabicl_impute,0.23579001426696777,,,,,0.21405636552379306,0.08585702877450374,0.8059440559440559,2.1214711102482773
openml:507,regression,2428,6,block_shift,0.5,0.5,4,source,4.0,tabicl_aware,0.31580471992492676,,,,,0.2056397607286864,0.15633115919232343,0.763986013986014,1.672577946709491
openml:507,regression,2428,6,block_shift,0.5,0.5,4,source,4.0,catboost,0.33981823921203613,,,,,0.274770280273164,-0.5062509829586075,,
openml:189,regression,2100,8,none,0.0,0.0,0,random,,tabicl_impute,0.2400059700012207,,,,,0.07478182475119288,0.9184506532508542,0.8244444444444444,0.7404358944666238
openml:189,regression,2100,8,none,0.0,0.0,0,random,,tabicl_aware,0.31621432304382324,,,,,0.07395836178034486,0.9202367326722133,0.8144444444444444,0.7243353365189431
openml:189,regression,2100,8,none,0.0,0.0,0,random,,catboost,0.26200079917907715,,,,,0.11978439357874283,0.7907676430747315,,
openml:189,regression,1464,8,block,0.3,0.25,0,source,1.0,tabicl_impute,0.22908711433410645,,,,,0.23871536559355583,0.14352521160892517,0.6751302083333334,1.8961664891162946
openml:189,regression,1464,8,block,0.3,0.25,0,source,1.0,tabicl_aware,0.3051621913909912,,,,,0.23707321704717474,0.1552682448643231,0.7565104166666666,2.18255774425335
openml:189,regression,1464,8,block,0.3,0.25,0,source,1.0,catboost,0.23975467681884766,,,,,0.31347181210873354,-0.47689909135166086,,
openml:189,regression,2418,8,block,0.5,0.5,0,source,1.0,tabicl_impute,0.2414553165435791,,,,,0.2524759427849107,0.10850888586122909,0.8161512027491409,2.6463587450296315
openml:189,regression,2418,8,block,0.5,0.5,0,source,1.0,tabicl_aware,0.3227884769439697,,,,,0.25413911445728593,0.09672490071710349,0.7835051546391752,2.464475677416627
openml:189,regression,2418,8,block,0.5,0.5,0,source,1.0,catboost,0.3452916145324707,,,,,0.3097370489017605,-0.3417244252645417,,
openml:189,regression,1464,8,block_shift,0.3,0.25,0,source,1.0,tabicl_impute,0.22813844680786133,,,,,0.2775265532340902,-0.15761172857164807,0.8548177083333334,3.1875640742440354
openml:189,regression,1464,8,block_shift,0.3,0.25,0,source,1.0,tabicl_aware,0.3072023391723633,,,,,0.27637882868789987,-0.14805680782367991,0.8053385416666666,2.805477528080339
openml:189,regression,1464,8,block_shift,0.3,0.25,0,source,1.0,catboost,0.2214198112487793,,,,,0.35036940951768447,-0.8450417454544077,,
openml:189,regression,2418,8,block_shift,0.5,0.47533333333333333,0,source,1.0,tabicl_impute,0.24071145057678223,,,,,0.25249062393872146,0.10840520470609083,0.8178694158075601,2.5794562231037164
openml:189,regression,2418,8,block_shift,0.5,0.47533333333333333,0,source,1.0,tabicl_aware,0.3237593173980713,,,,,0.25284533774273343,0.1058983145282989,0.7903780068728522,2.4498910435470576
openml:189,regression,2418,8,block_shift,0.5,0.47533333333333333,0,source,1.0,catboost,0.3514978885650635,,,,,0.28095776812624157,-0.10397465277550633,,
openml:189,regression,2100,8,none,0.0,0.0,1,random,,tabicl_impute,0.2801175117492676,,,,,0.07836377315074833,0.9052795847738218,0.81,0.7514925963789395
openml:189,regression,2100,8,none,0.0,0.0,1,random,,tabicl_aware,0.3220090866088867,,,,,0.07759900022053151,0.9071193668028316,0.7933333333333333,0.7356003249639423
openml:189,regression,2100,8,none,0.0,0.0,1,random,,catboost,0.26337647438049316,,,,,0.12220488124144772,0.7696490422217471,,
openml:189,regression,1997,8,block,0.3,0.25,1,source,1.0,tabicl_impute,0.23531866073608398,,,,,0.21067699911604604,0.37340918014725266,0.7018943170488534,1.6517114685594232
openml:189,regression,1997,8,block,0.3,0.25,1,source,1.0,tabicl_aware,0.31670236587524414,,,,,0.2083813927409171,0.38698986729543994,0.7138584247258225,1.6883270648149469
openml:189,regression,1997,8,block,0.3,0.25,1,source,1.0,catboost,0.328216552734375,,,,,0.2591639493317785,0.05180216505971469,,
openml:189,regression,1976,8,block,0.5,0.41425,1,source,0.0,tabicl_impute,0.245391845703125,,,,,0.24233032507765018,0.1516239033386636,0.7861328125,2.3560931524348985
openml:189,regression,1976,8,block,0.5,0.41425,1,source,0.0,tabicl_aware,0.31809306144714355,,,,,0.24251719344100767,0.15031498108045205,0.794921875,2.4139865237213995
openml:189,regression,1976,8,block,0.5,0.41425,1,source,0.0,catboost,0.34206390380859375,,,,,0.4070421020004857,-1.393599902746466,,
openml:189,regression,1997,8,block_shift,0.3,0.25,1,source,1.0,tabicl_impute,0.2407383918762207,,,,,0.20022745599422218,0.4340252720917612,0.8115653040877367,1.9952860124762155
openml:189,regression,1997,8,block_shift,0.3,0.25,1,source,1.0,tabicl_aware,0.3116891384124756,,,,,0.20038731773267415,0.4331211620914184,0.8015952143569293,1.9578611655772917
openml:189,regression,1997,8,block_shift,0.3,0.25,1,source,1.0,catboost,0.3385183811187744,,,,,0.25720947663606303,0.06604981618660188,,
openml:189,regression,1976,8,block_shift,0.5,0.417875,1,source,0.0,tabicl_impute,0.23207330703735352,,,,,0.2260746309247521,0.2616257294543044,0.7255859375,1.8713369265993578
openml:189,regression,1976,8,block_shift,0.5,0.417875,1,source,0.0,tabicl_aware,0.3157060146331787,,,,,0.230210261183841,0.2343641705050773,0.7265625,2.007082725075714
openml:189,regression,1976,8,block_shift,0.5,0.417875,1,source,0.0,catboost,0.3248476982116699,,,,,0.2673691416180356,-0.03275060324113954,,
openml:189,regression,2100,8,none,0.0,0.0,2,random,,tabicl_impute,0.2399611473083496,,,,,0.07825038873588464,0.9133475888591607,0.8044444444444444,0.7223156592306601
openml:189,regression,2100,8,none,0.0,0.0,2,random,,tabicl_aware,0.3211660385131836,,,,,0.07670028041783386,0.9167466826407384,0.8022222222222222,0.7123115269721434
openml:189,regression,2100,8,none,0.0,0.0,2,random,,catboost,0.2609372138977051,,,,,0.12220189441360264,0.7886688476106877,,
openml:189,regression,1467,8,block,0.3,0.25,2,source,1.0,tabicl_impute,0.22908782958984375,,,,,0.255145021909199,0.05140834522854887,0.6099151989562949,1.7725581648968247
openml:189,regression,1467,8,block,0.3,0.25,2,source,1.0,tabicl_aware,0.3082001209259033,,,,,0.24875484148874363,0.09832882690523082,0.7168949771689498,2.099656907914948
openml:189,regression,1467,8,block,0.3,0.25,2,source,1.0,catboost,0.2386012077331543,,,,,0.27639574038161974,-0.11318614521394332,,
openml:189,regression,1995,8,block,0.5,0.416375,2,source,0.0,tabicl_impute,0.23614215850830078,,,,,0.2427737122650187,0.09015363280410071,0.8338308457711443,2.6338236930471566
openml:189,regression,1995,8,block,0.5,0.416375,2,source,0.0,tabicl_aware,0.3141462802886963,,,,,0.24375696421542714,0.08276881488192833,0.7920398009950249,2.4466168446768637
openml:189,regression,1995,8,block,0.5,0.416375,2,source,0.0,catboost,0.33824729919433594,,,,,0.31095603517297504,-0.49266629858637523,,
openml:189,regression,1467,8,block_shift,0.3,0.25,2,source,1.0,tabicl_impute,0.23155546188354492,,,,,0.25284543667908366,0.0684303287891671,0.7592954990215264,2.378185494228948
openml:189,regression,1467,8,block_shift,0.3,0.25,2,source,1.0,tabicl_aware,0.3090944290161133,,,,,0.25013337978229283,0.08830745485268066,0.7560339204174821,2.338082749253611
openml:189,regression,1467,8,block_shift,0.3,0.25,2,source,1.0,catboost,0.23897886276245117,,,,,0.2900006391848769,-0.22547092340313957,,
openml:189,regression,1995,8,block_shift,0.5,0.458125,2,source,0.0,tabicl_impute,0.2700626850128174,,,,,0.23404884785346475,0.15437510082151462,0.8845771144278607,3.004550820628163
openml:189,regression,1995,8,block_shift,0.5,0.458125,2,source,0.0,tabicl_aware,0.32085752487182617,,,,,0.2174224310458583,0.27025111221479314,0.8348258706467662,2.441183944287264
openml:189,regression,1995,8,block_shift,0.5,0.458125,2,source,0.0,catboost,0.33150386810302734,,,,,0.28032370882920293,-0.21306593720304723,,
openml:189,regression,2100,8,none,0.0,0.0,3,random,,tabicl_impute,0.24440789222717285,,,,,0.07497734354184432,0.9169173161830363,0.8188888888888889,0.738579673096755
openml:189,regression,2100,8,none,0.0,0.0,3,random,,tabicl_aware,0.3211853504180908,,,,,0.0736891787320054,0.9197476328687068,0.8122222222222222,0.7310448433440042
openml:189,regression,2100,8,none,0.0,0.0,3,random,,catboost,0.23543477058410645,,,,,0.11741407688450481,0.7962532196640566,,
openml:189,regression,2251,8,block,0.3,0.25,3,source,2.0,tabicl_impute,0.24098587036132812,,,,,0.19928220954031742,0.4568409324560757,0.835781041388518,2.1277791778314885
openml:189,regression,2251,8,block,0.3,0.25,3,source,2.0,tabicl_aware,0.3180360794067383,,,,,0.20118860098411165,0.446399191341288,0.7476635514018691,1.806547479407292
openml:189,regression,2251,8,block,0.3,0.25,3,source,2.0,catboost,0.3474137783050537,,,,,0.2695292450540132,0.00642246328295315,,
openml:189,regression,1969,8,block,0.5,0.5,3,source,0.0,tabicl_impute,0.23189806938171387,,,,,0.2579164587365555,-0.00031070753128048523,0.7875848690591658,2.589855429575998
openml:189,regression,1969,8,block,0.5,0.5,3,source,0.0,tabicl_aware,0.31287050247192383,,,,,0.2602919853433742,-0.018822189473459705,0.7720659553831232,2.5178293713291917
openml:189,regression,1969,8,block,0.5,0.5,3,source,0.0,catboost,0.32239747047424316,,,,,0.27874850845321464,-0.16842787052891195,,
openml:189,regression,2251,8,block_shift,0.3,0.25,3,source,2.0,tabicl_impute,0.24596190452575684,,,,,0.2341198353420309,0.25033645116929737,0.7343124165554072,2.1266556347626717
openml:189,regression,2251,8,block_shift,0.3,0.25,3,source,2.0,tabicl_aware,0.3264350891113281,,,,,0.23766975250764794,0.22743006670181343,0.6595460614152203,1.8478065511340223
openml:189,regression,2251,8,block_shift,0.3,0.25,3,source,2.0,catboost,0.3347947597503662,,,,,0.24562625594459778,0.17483737029118462,,
openml:189,regression,1969,8,block_shift,0.5,0.45925,3,source,0.0,tabicl_impute,0.2412395477294922,,,,,0.25736836605038693,0.003936252391135819,0.8069835111542192,2.664742495242101
openml:189,regression,1969,8,block_shift,0.5,0.45925,3,source,0.0,tabicl_aware,0.324077844619751,,,,,0.2535482384358707,0.03328602167093142,0.8128031037827352,2.650439307237503
openml:189,regression,1969,8,block_shift,0.5,0.45925,3,source,0.0,catboost,0.3363628387451172,,,,,0.27885752422931637,-0.16934197033727227,,
openml:189,regression,2100,8,none,0.0,0.0,4,random,,tabicl_impute,0.2442617416381836,,,,,0.07821730993941349,0.9128994522754521,0.8,0.740029791770449
openml:189,regression,2100,8,none,0.0,0.0,4,random,,tabicl_aware,0.3251957893371582,,,,,0.07585007316746799,0.9180918450786889,0.8011111111111111,0.7290789497272488
openml:189,regression,2100,8,none,0.0,0.0,4,random,,catboost,0.263535737991333,,,,,0.11809372753179545,0.8014505003964387,,
openml:189,regression,2002,8,block,0.3,0.25,4,source,0.0,tabicl_impute,0.24438118934631348,,,,,0.17272984570092667,0.564013365727164,0.906813627254509,2.145038670962662
openml:189,regression,2002,8,block,0.3,0.25,4,source,0.0,tabicl_aware,0.3255927562713623,,,,,0.17276498326283835,0.5638359665582209,0.8486973947895792,1.901577032899258
openml:189,regression,2002,8,block,0.3,0.25,4,source,0.0,catboost,0.3442416191101074,,,,,0.2050574217563492,0.3855459789749517,,
openml:189,regression,2428,8,block,0.5,0.5,4,source,4.0,tabicl_impute,0.24680113792419434,,,,,0.24725879845468143,0.08010107982260872,0.833916083916084,2.685338014055256
openml:189,regression,2428,8,block,0.5,0.5,4,source,4.0,tabicl_aware,0.3324611186981201,,,,,0.2464691503634112,0.08596729382740076,0.8251748251748252,2.656850937249308
openml:189,regression,2428,8,block,0.5,0.5,4,source,4.0,catboost,0.33676958084106445,,,,,0.2660197912872308,-0.06479130700825109,,
openml:189,regression,2002,8,block_shift,0.3,0.25,4,source,0.0,tabicl_impute,0.2860419750213623,,,,,0.22274200102075514,0.2749922663532076,0.8797595190380761,2.687639636052449
openml:189,regression,2002,8,block_shift,0.3,0.25,4,source,0.0,tabicl_aware,0.32305288314819336,,,,,0.21314642938144257,0.3361124428296691,0.814629258517034,2.0697531100340325
openml:189,regression,2002,8,block_shift,0.3,0.25,4,source,0.0,catboost,0.3449137210845947,,,,,0.26218622402415287,-0.004518971629262403,,
openml:189,regression,2428,8,block_shift,0.5,0.5,4,source,4.0,tabicl_impute,0.245650053024292,,,,,0.223724772621567,0.24687901175070048,0.8741258741258742,2.663591737374925
openml:189,regression,2428,8,block_shift,0.5,0.5,4,source,4.0,tabicl_aware,0.33297061920166016,,,,,0.21704227894354433,0.2911974327931032,0.8286713286713286,2.343466041325236
openml:189,regression,2428,8,block_shift,0.5,0.5,4,source,4.0,catboost,0.43001604080200195,,,,,0.28354908914073074,-0.2097429870229066,,
openml:42225,regression,2100,9,none,0.0,0.0,0,random,,tabicl_impute,0.24439454078674316,,,,,691.5970260250966,0.9682890658523451,0.8188888888888889,0.23308250965227417
openml:42225,regression,2100,9,none,0.0,0.0,0,random,,tabicl_aware,0.3223588466644287,,,,,666.7611634570857,0.9705257072298692,0.8155555555555556,0.2317458020548928
openml:42225,regression,2100,9,none,0.0,0.0,0,random,,catboost,0.25504541397094727,,,,,770.7449101033419,0.960615609180192,,
openml:42225,regression,1464,9,block,0.3,0.27644444444444444,0,source,1.0,tabicl_impute,0.2360999584197998,,,,,3363.996101132264,0.3318824005941997,0.4485677083333333,0.43733469797680447
openml:42225,regression,1464,9,block,0.3,0.27644444444444444,0,source,1.0,tabicl_aware,0.31646084785461426,,,,,2068.74656129065,0.7473283462228916,0.9134114583333334,0.8764409687433405
openml:42225,regression,1464,9,block,0.3,0.27644444444444444,0,source,1.0,catboost,0.21170616149902344,,,,,3788.2015994615745,0.15275676334128707,,
openml:42225,regression,2418,9,block,0.5,0.4444444444444444,0,source,1.0,tabicl_impute,0.24672865867614746,,,,,1551.6556447281725,0.8366844376882265,0.9209621993127147,0.9037372220599696
openml:42225,regression,2418,9,block,0.5,0.4444444444444444,0,source,1.0,tabicl_aware,0.33124399185180664,,,,,1325.7146448945061,0.8807833299572183,0.8780068728522337,0.6309622967969487
openml:42225,regression,2418,9,block,0.5,0.4444444444444444,0,source,1.0,catboost,0.34926891326904297,,,,,2473.1222623910717,0.5851146946921006,,
openml:42225,regression,1464,9,block_shift,0.3,0.27644444444444444,0,source,1.0,tabicl_impute,0.2327861785888672,,,,,3871.746047415134,0.11497472891115557,0.56640625,1.5108081190258706
openml:42225,regression,1464,9,block_shift,0.3,0.27644444444444444,0,source,1.0,tabicl_aware,0.3153407573699951,,,,,2275.980529396762,0.6941707432347982,0.6985677083333334,1.2685848107636228
openml:42225,regression,1464,9,block_shift,0.3,0.27644444444444444,0,source,1.0,catboost,0.2351686954498291,,,,,2019.7978939829288,0.7591438308846343,,
openml:42225,regression,2418,9,block_shift,0.5,0.4444444444444444,0,source,1.0,tabicl_impute,0.2530980110168457,,,,,1370.8998867559587,0.8725181491028802,0.9621993127147767,1.2206506987538388
openml:42225,regression,2418,9,block_shift,0.5,0.4444444444444444,0,source,1.0,tabicl_aware,0.33654117584228516,,,,,1370.5313792974896,0.8725866759140937,0.9054982817869416,0.9249096870554148
openml:42225,regression,2418,9,block_shift,0.5,0.4444444444444444,0,source,1.0,catboost,0.3586606979370117,,,,,1592.6597681952928,0.8279388194374768,,
openml:42225,regression,2100,9,none,0.0,0.0,1,random,,tabicl_impute,0.24849534034729004,,,,,562.8712800864064,0.9791403088572812,0.8,0.21598714765556415
openml:42225,regression,2100,9,none,0.0,0.0,1,random,,tabicl_aware,0.3311882019042969,,,,,538.9724688870708,0.9808740569833115,0.7944444444444444,0.21291957365393827
openml:42225,regression,2100,9,none,0.0,0.0,1,random,,catboost,0.2581050395965576,,,,,589.0063788438044,0.9771582333508089,,
openml:42225,regression,1997,9,block,0.3,0.3333333333333333,1,source,1.0,tabicl_impute,0.2459719181060791,,,,,1168.3113062951793,0.9177264217078602,0.9850448654037887,1.0397536079810188
openml:42225,regression,1997,9,block,0.3,0.3333333333333333,1,source,1.0,tabicl_aware,0.3329129219055176,,,,,1310.50458978384,0.8964809399938903,0.9401794616151545,0.7315335005688733
openml:42225,regression,1997,9,block,0.3,0.3333333333333333,1,source,1.0,catboost,0.3226277828216553,,,,,1480.2259642297595,0.8679314946971711,,
openml:42225,regression,1976,9,block,0.5,0.4063333333333333,1,source,0.0,tabicl_impute,0.2781980037689209,,,,,3333.343592355073,0.24070854047949397,0.5732421875,1.8871430870031214
openml:42225,regression,1976,9,block,0.5,0.4063333333333333,1,source,0.0,tabicl_aware,0.3213613033294678,,,,,1763.0897944868639,0.7875791148085871,0.9296875,0.9251691785079121
openml:42225,regression,1976,9,block,0.5,0.4063333333333333,1,source,0.0,catboost,0.3264126777648926,,,,,4260.9050156945805,-0.24065793385200496,,
openml:42225,regression,1997,9,block_shift,0.3,0.3333333333333333,1,source,1.0,tabicl_impute,0.25075197219848633,,,,,1569.0920651805855,0.851597888731131,0.922233300099701,1.0012175532042729
openml:42225,regression,1997,9,block_shift,0.3,0.3333333333333333,1,source,1.0,tabicl_aware,0.32213282585144043,,,,,1496.104193491997,0.8650829279492077,0.8703888334995015,0.8601754057107674
openml:42225,regression,1997,9,block_shift,0.3,0.3333333333333333,1,source,1.0,catboost,0.33528709411621094,,,,,1612.4144057036465,0.8432900520632297,,
openml:42225,regression,1976,9,block_shift,0.5,0.4444444444444444,1,source,0.0,tabicl_impute,0.236314058303833,,,,,3225.0778094485536,0.28923056244779544,0.8173828125,2.4986820193270187
openml:42225,regression,1976,9,block_shift,0.5,0.4444444444444444,1,source,0.0,tabicl_aware,0.3155860900878906,,,,,2216.682150068417,0.6642197103572463,0.7626953125,0.7334650431329194
openml:42225,regression,1976,9,block_shift,0.5,0.4444444444444444,1,source,0.0,catboost,0.2557258605957031,,,,,2471.1500074365063,0.5827017437455073,,
openml:42225,regression,2100,9,none,0.0,0.0,2,random,,tabicl_impute,0.25157737731933594,,,,,695.5525352018661,0.9699183316822423,0.8211111111111111,0.23443672968069185
openml:42225,regression,2100,9,none,0.0,0.0,2,random,,tabicl_aware,0.3288125991821289,,,,,702.9503594590194,0.9692750377985982,0.8155555555555556,0.23963509522437432
openml:42225,regression,2100,9,none,0.0,0.0,2,random,,catboost,0.2567625045776367,,,,,788.8019533727928,0.9613118469356454,,
openml:42225,regression,1467,9,block,0.3,0.3333333333333333,2,source,1.0,tabicl_impute,0.22922134399414062,,,,,4416.1806305637765,-0.14994641052603352,0.11285061969993476,0.3025664269222655
openml:42225,regression,1467,9,block,0.3,0.3333333333333333,2,source,1.0,tabicl_aware,0.318073034286499,,,,,4265.0221873532855,-0.07257219516751579,0.36660143509458576,0.876192958963393
openml:42225,regression,1467,9,block,0.3,0.3333333333333333,2,source,1.0,catboost,0.22712469100952148,,,,,5382.436563119358,-0.7082120641426854,,
openml:42225,regression,1995,9,block,0.5,0.4444444444444444,2,source,0.0,tabicl_impute,0.24133062362670898,,,,,1619.9595297015003,0.8343435357668959,0.8935323383084577,0.895007278081139
openml:42225,regression,1995,9,block,0.5,0.4444444444444444,2,source,0.0,tabicl_aware,0.32464599609375,,,,,1450.410150850323,0.867205001415388,0.9213930348258706,0.7640208697119856
openml:42225,regression,1995,9,block,0.5,0.4444444444444444,2,source,0.0,catboost,0.2697892189025879,,,,,2096.143019896997,0.7226412444711596,,
openml:42225,regression,1467,9,block_shift,0.3,0.279,2,source,1.0,tabicl_impute,0.2351980209350586,,,,,2956.4244443070643,0.48463192327999505,0.6281800391389433,0.7292189858609133
openml:42225,regression,1467,9,block_shift,0.3,0.279,2,source,1.0,tabicl_aware,0.31662487983703613,,,,,2149.493196284708,0.7275692698455695,0.9067188519243313,0.9321759723096652
openml:42225,regression,1467,9,block_shift,0.3,0.279,2,source,1.0,catboost,0.23234105110168457,,,,,4032.9216779808157,0.04098915069599429,,
openml:42225,regression,1995,9,block_shift,0.5,0.4444444444444444,2,source,0.0,tabicl_impute,0.23908662796020508,,,,,4335.856288411309,-0.1867242466232475,0.6427860696517413,1.8555503912845548
openml:42225,regression,1995,9,block_shift,0.5,0.4444444444444444,2,source,0.0,tabicl_aware,0.32039642333984375,,,,,2177.380261666489,0.700726253236164,0.6567164179104478,1.3036777519062095
openml:42225,regression,1995,9,block_shift,0.5,0.4444444444444444,2,source,0.0,catboost,0.3402845859527588,,,,,4402.037559381446,-0.2232283701331228,,
openml:42225,regression,2100,9,none,0.0,0.0,3,random,,tabicl_impute,0.25049614906311035,,,,,542.3036605879076,0.9810634576203261,0.8266666666666667,0.21989161866350357
openml:42225,regression,2100,9,none,0.0,0.0,3,random,,tabicl_aware,0.3223543167114258,,,,,545.902341067676,0.9808113012077461,0.8188888888888889,0.22123135407371727
openml:42225,regression,2100,9,none,0.0,0.0,3,random,,catboost,0.2542433738708496,,,,,657.1613479088,0.9721926479212492,,
openml:42225,regression,2251,9,block,0.3,0.3333333333333333,3,source,2.0,tabicl_impute,0.2853381633758545,,,,,3350.500788199388,0.3380246911995771,0.5714285714285714,0.5770979412677725
openml:42225,regression,2251,9,block,0.3,0.3333333333333333,3,source,2.0,tabicl_aware,0.3341972827911377,,,,,1794.9336308072784,0.8100150794375182,0.9385847797062751,0.8878257571788737
openml:42225,regression,2251,9,block,0.3,0.3333333333333333,3,source,2.0,catboost,0.2668182849884033,,,,,4567.9439841774065,-0.23044974667740936,,
openml:42225,regression,1969,9,block,0.5,0.40774074074074074,3,source,0.0,tabicl_impute,0.2443528175354004,,,,,2012.3565475754824,0.730833262851827,0.9262851600387972,1.0347626258815055
openml:42225,regression,1969,9,block,0.5,0.40774074074074074,3,source,0.0,tabicl_aware,0.3284173011779785,,,,,1461.8947910966062,0.857949173450854,0.9670223084384093,0.9147784210076787
openml:42225,regression,1969,9,block,0.5,0.40774074074074074,3,source,0.0,catboost,0.2540469169616699,,,,,2830.283040063064,0.4675592755629311,,
openml:42225,regression,2251,9,block_shift,0.3,0.3333333333333333,3,source,2.0,tabicl_impute,0.2462751865386963,,,,,1835.2104392990316,0.8013932137452339,0.8758344459279038,1.0437624259583302
openml:42225,regression,2251,9,block_shift,0.3,0.3333333333333333,3,source,2.0,tabicl_aware,0.33412742614746094,,,,,1580.4773804403067,0.852701300892501,0.8197596795727636,0.7060654661910272
openml:42225,regression,2251,9,block_shift,0.3,0.3333333333333333,3,source,2.0,catboost,0.34288573265075684,,,,,3471.1621441683,0.2894868116009276,,
openml:42225,regression,1969,9,block_shift,0.5,0.4444444444444444,3,source,0.0,tabicl_impute,0.23904705047607422,,,,,1863.3978113585008,0.7692069694767832,0.918525703200776,1.556903135685836
openml:42225,regression,1969,9,block_shift,0.5,0.4444444444444444,3,source,0.0,tabicl_aware,0.3214905261993408,,,,,2440.464986455493,0.6041262636175769,0.7584869059165859,1.4410495497545286
openml:42225,regression,1969,9,block_shift,0.5,0.4444444444444444,3,source,0.0,catboost,0.32961606979370117,,,,,2110.587868047073,0.7039136388478262,,
openml:42225,regression,2100,9,none,0.0,0.0,4,random,,tabicl_impute,0.24236774444580078,,,,,600.7103477547289,0.9769201412030131,0.7844444444444445,0.22747220910097618
openml:42225,regression,2100,9,none,0.0,0.0,4,random,,tabicl_aware,0.32386040687561035,,,,,652.9161410228662,0.9727342322234811,0.7755555555555556,0.23916347153674503
openml:42225,regression,2100,9,none,0.0,0.0,4,random,,catboost,0.2538461685180664,,,,,691.732864702583,0.9693958909462893,,
openml:42225,regression,2002,9,block,0.3,0.3333333333333333,4,source,0.0,tabicl_impute,0.23732590675354004,,,,,3644.085477122022,0.16165493477373605,0.2785571142284569,0.8369054171561039
openml:42225,regression,2002,9,block,0.3,0.3333333333333333,4,source,0.0,tabicl_aware,0.32132983207702637,,,,,2672.700085509707,0.5490315530027975,0.8567134268537074,0.9039828031591635
openml:42225,regression,2002,9,block,0.3,0.3333333333333333,4,source,0.0,catboost,0.25194454193115234,,,,,4252.197608962831,-0.14149123042870815,,
openml:42225,regression,2428,9,block,0.5,0.4444444444444444,4,source,4.0,tabicl_impute,0.24585533142089844,,,,,1197.6551800889536,0.9104671604599643,0.9772727272727273,0.9567856097716444
openml:42225,regression,2428,9,block,0.5,0.4444444444444444,4,source,4.0,tabicl_aware,0.32758235931396484,,,,,1315.7667012118516,0.8919371178386701,0.9423076923076923,0.8117719212202524
openml:42225,regression,2428,9,block,0.5,0.4444444444444444,4,source,4.0,catboost,0.2673180103302002,,,,,1287.6861047314148,0.8965003735082544,,
openml:42225,regression,2002,9,block_shift,0.3,0.3333333333333333,4,source,0.0,tabicl_impute,0.24126982688903809,,,,,3072.246770449664,0.4041212552900536,0.7555110220440882,0.7764720592228975
openml:42225,regression,2002,9,block_shift,0.3,0.3333333333333333,4,source,0.0,tabicl_aware,0.3209047317504883,,,,,2633.584489503012,0.5621350191450591,0.6412825651302605,0.6628684419764342
openml:42225,regression,2002,9,block_shift,0.3,0.3333333333333333,4,source,0.0,catboost,0.2552926540374756,,,,,3225.1163591413956,0.3433461757901035,,
openml:42225,regression,2428,9,block_shift,0.5,0.4444444444444444,4,source,4.0,tabicl_impute,0.2425074577331543,,,,,3877.8922262408364,0.06133584416985116,0.38286713286713286,0.45540113538044114
openml:42225,regression,2428,9,block_shift,0.5,0.4444444444444444,4,source,4.0,tabicl_aware,0.3265380859375,,,,,2833.4076423979127,0.4988855964573786,0.708041958041958,0.7356502869920777
openml:42225,regression,2428,9,block_shift,0.5,0.4444444444444444,4,source,4.0,catboost,0.26545071601867676,,,,,4568.054661067861,-0.3025108447624436,,
openml:44970,regression,635,6,none,0.0,0.0,0,random,,tabicl_impute,0.2576937675476074,,,,,0.8499922112999639,0.6498722697633483,0.8168498168498168,1.2674969417349309
openml:44970,regression,635,6,none,0.0,0.0,0,random,,tabicl_aware,0.2874484062194824,,,,,0.8599540737058011,0.6416172213813331,0.7948717948717948,1.2134513663018163
openml:44970,regression,635,6,none,0.0,0.0,0,random,,catboost,0.19333338737487793,,,,,0.8558584929358574,0.6450227297786408,,
openml:44970,regression,458,6,block,0.3,0.3333333333333333,0,source,0.0,tabicl_impute,0.2066340446472168,,,,,1.248848513200363,0.24879878651859166,0.7333333333333333,1.8175807312258487
openml:44970,regression,458,6,block,0.3,0.3333333333333333,0,source,0.0,tabicl_aware,0.2819545269012451,,,,,1.2305233412806795,0.2706827752812483,0.7911111111111111,1.9632213239555982
openml:44970,regression,458,6,block,0.3,0.3333333333333333,0,source,0.0,catboost,0.17652034759521484,,,,,1.407686954162699,0.045559345023372444,,
openml:44970,regression,742,6,block,0.5,0.5,0,source,1.0,tabicl_impute,0.21436309814453125,,,,,1.0303654974551046,0.5260619657003016,0.9457831325301205,2.575031929093714
openml:44970,regression,742,6,block,0.5,0.5,0,source,1.0,tabicl_aware,0.29313015937805176,,,,,1.0355778346289728,0.5212547915680712,0.8373493975903614,1.78525946316237
openml:44970,regression,742,6,block,0.5,0.5,0,source,1.0,catboost,0.2079324722290039,,,,,1.8958474085835142,-0.6045221112259198,,
openml:44970,regression,458,6,block_shift,0.3,0.3333333333333333,0,source,0.0,tabicl_impute,0.2075350284576416,,,,,1.1861396916425357,0.3223453288361229,0.8533333333333334,2.2786357091965455
openml:44970,regression,458,6,block_shift,0.3,0.3333333333333333,0,source,0.0,tabicl_aware,0.2828705310821533,,,,,1.2997376089031873,0.1863303256082227,0.7844444444444445,2.145173405831997
openml:44970,regression,458,6,block_shift,0.3,0.3333333333333333,0,source,0.0,catboost,0.1869828701019287,,,,,2.0139731442026854,-0.9536380654674086,,
openml:44970,regression,742,6,block_shift,0.5,0.5,0,source,1.0,tabicl_impute,0.2142200469970703,,,,,1.4394395247988547,0.07503394522345075,0.7530120481927711,2.5624701885156216
openml:44970,regression,742,6,block_shift,0.5,0.5,0,source,1.0,tabicl_aware,0.28960227966308594,,,,,1.3052010171995565,0.239509567108801,0.7228915662650602,1.9562587194837757
openml:44970,regression,742,6,block_shift,0.5,0.5,0,source,1.0,catboost,0.2625265121459961,,,,,1.3246971819749458,0.21662055377401113,,
openml:44970,regression,635,6,none,0.0,0.0,1,random,,tabicl_impute,0.2176835536956787,,,,,0.8278229967189198,0.6786071667758092,0.8131868131868132,1.2419554009635831
openml:44970,regression,635,6,none,0.0,0.0,1,random,,tabicl_aware,0.28757572174072266,,,,,0.8389785259324706,0.6698867893725229,0.7985347985347986,1.1999405638582554
openml:44970,regression,635,6,none,0.0,0.0,1,random,,catboost,0.19348549842834473,,,,,0.869665858601042,0.6452960243755475,,
openml:44970,regression,614,6,block,0.3,0.3333333333333333,1,source,1.0,tabicl_impute,0.21219229698181152,,,,,0.9001418964200906,0.5555036164354221,0.9251700680272109,2.3861636626323457
openml:44970,regression,614,6,block,0.3,0.3333333333333333,1,source,1.0,tabicl_aware,0.2868161201477051,,,,,0.8706283195950768,0.584173790804825,0.9047619047619048,2.0418131436136644
openml:44970,regression,614,6,block,0.3,0.3333333333333333,1,source,1.0,catboost,0.2179548740386963,,,,,1.5201212794236083,-0.26765991259463817,,
openml:44970,regression,622,6,block,0.5,0.447503671071953,1,source,2.0,tabicl_impute,0.20775318145751953,,,,,1.3173559994084305,0.08686966448052746,0.6433566433566433,1.6754033954791563
openml:44970,regression,622,6,block,0.5,0.447503671071953,1,source,2.0,tabicl_aware,0.28453898429870605,,,,,1.2871530826564417,0.12826021715924651,0.7412587412587412,2.0018347733317525
openml:44970,regression,622,6,block,0.5,0.447503671071953,1,source,2.0,catboost,0.19768548011779785,,,,,1.5971773135195655,-0.3422478880105655,,
openml:44970,regression,614,6,block_shift,0.3,0.3333333333333333,1,source,1.0,tabicl_impute,0.21281981468200684,,,,,1.1000255973245414,0.33617766267312876,0.9081632653061225,2.688730968228056
openml:44970,regression,614,6,block_shift,0.3,0.3333333333333333,1,source,1.0,tabicl_aware,0.2862124443054199,,,,,1.0457405991687083,0.400078788016875,0.8537414965986394,2.0546709296852383
openml:44970,regression,614,6,block_shift,0.3,0.3333333333333333,1,source,1.0,catboost,0.19580888748168945,,,,,1.2459491865571988,0.1483778638263067,,
openml:44970,regression,622,6,block_shift,0.5,0.39500734214390604,1,source,2.0,tabicl_impute,0.24665331840515137,,,,,1.4409955447119165,-0.0925762098682803,0.4965034965034965,1.9493280269537558
openml:44970,regression,622,6,block_shift,0.5,0.39500734214390604,1,source,2.0,tabicl_aware,0.28667688369750977,,,,,1.377063867705086,0.002220377960815645,0.541958041958042,1.916651459260507
openml:44970,regression,622,6,block_shift,0.5,0.39500734214390604,1,source,2.0,catboost,0.1944599151611328,,,,,1.586656087585103,-0.32462231905215333,,
openml:44970,regression,635,6,none,0.0,0.0,2,random,,tabicl_impute,0.21248245239257812,,,,,0.854648752578721,0.6774828776024466,0.8278388278388278,1.2610344926768273
openml:44970,regression,635,6,none,0.0,0.0,2,random,,tabicl_aware,0.2854740619659424,,,,,0.8469352803104526,0.6832782423429726,0.8168498168498168,1.222059583474556
openml:44970,regression,635,6,none,0.0,0.0,2,random,,catboost,0.19072532653808594,,,,,0.8711087418380252,0.6649403008987561,,
openml:44970,regression,447,6,block,0.3,0.2512848751835536,2,source,0.0,tabicl_impute,0.20667505264282227,,,,,1.1116518009013852,0.3737237888697824,0.8590021691973969,2.231637839980652
openml:44970,regression,447,6,block,0.3,0.2512848751835536,2,source,0.0,tabicl_aware,0.2821943759918213,,,,,1.0791441275217806,0.4098162233185254,0.8394793926247288,2.0937712708639866
openml:44970,regression,447,6,block,0.3,0.2512848751835536,2,source,0.0,catboost,0.19325470924377441,,,,,1.438914183178586,-0.0492963218322775,,
openml:44970,regression,603,6,block,0.5,0.3893171806167401,2,source,1.0,tabicl_impute,0.21457791328430176,,,,,1.1135904255087972,0.3451260340632657,0.8,1.990253382934921
openml:44970,regression,603,6,block,0.5,0.3893171806167401,2,source,1.0,tabicl_aware,0.28848838806152344,,,,,1.069656290939946,0.3957797885106662,0.8131147540983606,1.8623814778636032
openml:44970,regression,603,6,block,0.5,0.3893171806167401,2,source,1.0,catboost,0.1888284683227539,,,,,1.43783744428795,-0.09175786146810361,,
openml:44970,regression,447,6,block_shift,0.3,0.2487151248164464,2,source,0.0,tabicl_impute,0.2076714038848877,,,,,1.2061096693174242,0.2627717611715298,0.7114967462039046,1.8689325230760272
openml:44970,regression,447,6,block_shift,0.3,0.2487151248164464,2,source,0.0,tabicl_aware,0.2836489677429199,,,,,1.1467571566343806,0.3335443072235743,0.7700650759219089,2.0118091323355816
openml:44970,regression,447,6,block_shift,0.3,0.2487151248164464,2,source,0.0,catboost,0.1813037395477295,,,,,1.7230713119770231,-0.5046478443122593,,
openml:44970,regression,603,6,block_shift,0.5,0.38362701908957414,2,source,1.0,tabicl_impute,0.2109692096710205,,,,,1.3267827191350843,0.07037806664329682,0.7213114754098361,1.8709513417340586
openml:44970,regression,603,6,block_shift,0.5,0.38362701908957414,2,source,1.0,tabicl_aware,0.28754639625549316,,,,,1.3007943641880662,0.10643933554133433,0.7377049180327869,1.8593799550750183
openml:44970,regression,603,6,block_shift,0.5,0.38362701908957414,2,source,1.0,catboost,0.27073097229003906,,,,,1.366617946397652,0.0137182700065559,,
openml:44970,regression,635,6,none,0.0,0.0,3,random,,tabicl_impute,0.21219086647033691,,,,,0.8107683676367677,0.6989770450921106,0.7948717948717948,1.244388753016975
openml:44970,regression,635,6,none,0.0,0.0,3,random,,tabicl_aware,0.2848777770996094,,,,,0.8217214973634488,0.6907887262110275,0.7655677655677655,1.174515456265621
openml:44970,regression,635,6,none,0.0,0.0,3,random,,catboost,0.19341659545898438,,,,,0.8494984448206133,0.6695306407463335,,
openml:44970,regression,652,6,block,0.3,0.3333333333333333,3,source,1.0,tabicl_impute,0.21147513389587402,,,,,1.2513363114478044,0.20430572234976285,0.7890625,2.2582826202269124
openml:44970,regression,652,6,block,0.3,0.3333333333333333,3,source,1.0,tabicl_aware,0.28703737258911133,,,,,1.1460564496848964,0.332563182701784,0.8203125,2.179239848596882
openml:44970,regression,652,6,block,0.3,0.3333333333333333,3,source,1.0,catboost,0.22477984428405762,,,,,1.3540237364986714,0.06835448852026293,,
openml:44970,regression,620,6,block,0.5,0.5,3,source,2.0,tabicl_impute,0.20890092849731445,,,,,1.3269066806910041,0.0643513860989745,0.7881944444444444,2.3799530065303265
openml:44970,regression,620,6,block,0.5,0.5,3,source,2.0,tabicl_aware,0.2870316505432129,,,,,1.2186370928263757,0.21081139980310504,0.8784722222222222,2.5590052460379105
openml:44970,regression,620,6,block,0.5,0.5,3,source,2.0,catboost,0.19714951515197754,,,,,1.8086572516976878,-0.7383793931185894,,
openml:44970,regression,652,6,block_shift,0.3,0.2949706314243759,3,source,1.0,tabicl_impute,0.25111889839172363,,,,,1.1512401277263133,0.3265118194212264,0.7890625,1.8282054739093292
openml:44970,regression,652,6,block_shift,0.3,0.2949706314243759,3,source,1.0,tabicl_aware,0.2917320728302002,,,,,1.1358542260470381,0.3443933699821291,0.77734375,1.7902516868775846
openml:44970,regression,652,6,block_shift,0.3,0.2949706314243759,3,source,1.0,catboost,0.1928422451019287,,,,,1.1739376195865774,0.2996934624376626,,
openml:44970,regression,620,6,block_shift,0.5,0.5,3,source,2.0,tabicl_impute,0.208784818649292,,,,,1.4195429110438296,-0.07085105209562692,0.7430555555555556,2.307496120538902
openml:44970,regression,620,6,block_shift,0.5,0.5,3,source,2.0,tabicl_aware,0.2858107089996338,,,,,1.3656574289753083,0.008904372089836299,0.75,2.266851702760104
openml:44970,regression,620,6,block_shift,0.5,0.5,3,source,2.0,catboost,0.25350451469421387,,,,,1.600524862788678,-0.3613094742029552,,
openml:44970,regression,635,6,none,0.0,0.0,4,random,,tabicl_impute,0.21076416969299316,,,,,0.8218311063745621,0.664824372975638,0.8241758241758241,1.3400554475511524
openml:44970,regression,635,6,none,0.0,0.0,4,random,,tabicl_aware,0.28769516944885254,,,,,0.8320888261683578,0.6564051387378684,0.7985347985347986,1.2594643600994544
openml:44970,regression,635,6,none,0.0,0.0,4,random,,catboost,0.19492435455322266,,,,,0.854070709030812,0.6380113653384335,,
openml:44970,regression,592,6,block,0.3,0.3333333333333333,4,source,1.0,tabicl_impute,0.2099928855895996,,,,,1.135356389461799,0.3933343668483712,0.8987341772151899,2.614632831855526
openml:44970,regression,592,6,block,0.3,0.3333333333333333,4,source,1.0,tabicl_aware,0.2870934009552002,,,,,1.0144303372959536,0.5156833117803212,0.8069620253164557,1.784089693178639
openml:44970,regression,592,6,block,0.3,0.3333333333333333,4,source,1.0,catboost,0.2512650489807129,,,,,1.2700244518907422,0.24088225816522835,,
openml:44970,regression,716,6,block,0.5,0.5,4,source,4.0,tabicl_impute,0.21495270729064941,,,,,1.1614913642191282,0.317909555137059,0.8854166666666666,2.7136183703524037
openml:44970,regression,716,6,block,0.5,0.5,4,source,4.0,tabicl_aware,0.29135608673095703,,,,,1.0484996445459345,0.44416412907433667,0.8385416666666666,2.022029008051388
openml:44970,regression,716,6,block,0.5,0.5,4,source,4.0,catboost,0.2394111156463623,,,,,1.2832818840204268,0.16736603593238397,,
openml:44970,regression,592,6,block_shift,0.3,0.3333333333333333,4,source,1.0,tabicl_impute,0.21358871459960938,,,,,1.1251939066750853,0.4041461910103944,0.9620253164556962,3.3193187238056656
openml:44970,regression,592,6,block_shift,0.3,0.3333333333333333,4,source,1.0,tabicl_aware,0.2879643440246582,,,,,1.1215160387075798,0.4080351030365039,0.8291139240506329,1.9426125740605147
openml:44970,regression,592,6,block_shift,0.3,0.3333333333333333,4,source,1.0,catboost,0.26323986053466797,,,,,1.1582622400659872,0.368608438413382,,
openml:44970,regression,716,6,block_shift,0.5,0.5,4,source,4.0,tabicl_impute,0.21363568305969238,,,,,1.521585877511421,-0.17058494125465007,0.6979166666666666,2.0639982214897494
openml:44970,regression,716,6,block_shift,0.5,0.5,4,source,4.0,tabicl_aware,0.2907392978668213,,,,,1.3801861091394039,0.03686913718273799,0.7708333333333334,2.1444618037093712
openml:44970,regression,716,6,block_shift,0.5,0.5,4,source,4.0,catboost,0.19772696495056152,,,,,1.6751193154298993,-0.4187356710301233,,
openml:560,regression,176,14,none,0.0,0.0,0,random,,tabicl_impute,0.19975042343139648,,,,,2.1110152100813835,0.9373104850306653,0.7236842105263158,0.021498713422024165
openml:560,regression,176,14,none,0.0,0.0,0,random,,tabicl_aware,0.2735109329223633,,,,,1.7425525323993383,0.9572846524896155,0.8947368421052632,0.052639508289071775
openml:560,regression,176,14,none,0.0,0.0,0,random,,catboost,0.14988446235656738,,,,,1.678777545971828,0.9603540810874617,,
openml:560,regression,139,14,block,0.3,0.24631519274376418,0,source,1.0,tabicl_impute,0.20747685432434082,,,,,8.450602532566764,0.019216605385300123,0.008849557522123894,0.02992619875572449
openml:560,regression,139,14,block,0.3,0.24631519274376418,0,source,1.0,tabicl_aware,0.27440595626831055,,,,,6.868079702238622,0.35215903532288384,0.23008849557522124,0.5435899981604624
openml:560,regression,139,14,block,0.3,0.24631519274376418,0,source,1.0,catboost,0.12579989433288574,,,,,9.377518059938524,-0.20774033797306957,,
openml:560,regression,205,14,block,0.5,0.5,0,source,1.0,tabicl_impute,0.2376260757446289,,,,,3.8752552034617445,0.7007778613062261,0.8723404255319149,1.8177076925838995
openml:560,regression,205,14,block,0.5,0.5,0,source,1.0,tabicl_aware,0.2803065776824951,,,,,4.232681668955059,0.6430360807684807,0.851063829787234,1.731753634831847
openml:560,regression,205,14,block,0.5,0.5,0,source,1.0,catboost,0.15935945510864258,,,,,6.357524954531703,0.19467857441169378,,
openml:560,regression,139,14,block_shift,0.3,0.20691609977324263,0,source,1.0,tabicl_impute,0.19862079620361328,,,,,3.4548924038801943,0.8360668414626728,0.504424778761062,0.6063888657137356
openml:560,regression,139,14,block_shift,0.3,0.20691609977324263,0,source,1.0,tabicl_aware,0.2815237045288086,,,,,3.1299859172573954,0.8654503661060481,0.7256637168141593,0.8148419955642012
openml:560,regression,139,14,block_shift,0.3,0.20691609977324263,0,source,1.0,catboost,0.14989709854125977,,,,,4.9014985698051285,0.6700443922172459,,
openml:560,regression,205,14,block_shift,0.5,0.5,0,source,1.0,tabicl_impute,0.20106744766235352,,,,,2.3915626784921895,0.8860388976804365,0.9148936170212766,0.9335725049937051
openml:560,regression,205,14,block_shift,0.5,0.5,0,source,1.0,tabicl_aware,0.27829909324645996,,,,,2.269833007587933,0.897344807691521,0.9361702127659575,1.180949708248951
openml:560,regression,205,14,block_shift,0.5,0.5,0,source,1.0,catboost,0.17655396461486816,,,,,7.092529643990708,-0.002294681547572841,,
openml:560,regression,176,14,none,0.0,0.0,1,random,,tabicl_impute,0.19959783554077148,,,,,2.040113395360703,0.93641486654354,0.6973684210526315,0.025275846001596974
openml:560,regression,176,14,none,0.0,0.0,1,random,,tabicl_aware,0.27200818061828613,,,,,1.9098711891740638,0.9442743520458009,0.7763157894736842,0.05470852754609394
openml:560,regression,176,14,none,0.0,0.0,1,random,,catboost,0.15621447563171387,,,,,1.4150887106363963,0.9694075467687476,,
openml:560,regression,179,14,block,0.3,0.2857142857142857,1,source,1.0,tabicl_impute,0.19928503036499023,,,,,5.331083890323239,0.5360192173581788,0.8493150684931506,2.1394792448763114
openml:560,regression,179,14,block,0.3,0.2857142857142857,1,source,1.0,tabicl_aware,0.2747831344604492,,,,,4.280685345242159,0.7008454782915557,0.9041095890410958,1.834781986550063
openml:560,regression,179,14,block,0.3,0.2857142857142857,1,source,1.0,catboost,0.15108728408813477,,,,,7.468522751629988,0.08937750071620909,,
openml:560,regression,176,14,block,0.5,0.45294784580498865,1,source,2.0,tabicl_impute,0.19987845420837402,,,,,6.5053662465186655,0.3618024997941597,0.7105263157894737,1.6254142386775692
openml:560,regression,176,14,block,0.5,0.45294784580498865,1,source,2.0,tabicl_aware,0.275989294052124,,,,,6.488800826106871,0.36504860434445086,0.631578947368421,1.5045936931182966
openml:560,regression,176,14,block,0.5,0.45294784580498865,1,source,2.0,catboost,0.1449730396270752,,,,,7.02572197651548,0.2556220253233905,,
openml:560,regression,179,14,block_shift,0.3,0.2857142857142857,1,source,1.0,tabicl_impute,0.1987621784210205,,,,,2.331500168418031,0.9112558238303683,0.863013698630137,0.8853597393987852
openml:560,regression,179,14,block_shift,0.3,0.2857142857142857,1,source,1.0,tabicl_aware,0.27552247047424316,,,,,2.346003609700048,0.9101482972250138,0.8082191780821918,0.8129422907697395
openml:560,regression,179,14,block_shift,0.3,0.2857142857142857,1,source,1.0,catboost,0.17076563835144043,,,,,3.046098819248135,0.8485194280050425,,
openml:560,regression,176,14,block_shift,0.5,0.45408163265306123,1,source,2.0,tabicl_impute,0.20203900337219238,,,,,5.46393582069669,0.5497820835972556,0.75,1.6998429626690872
openml:560,regression,176,14,block_shift,0.5,0.45408163265306123,1,source,2.0,tabicl_aware,0.2751426696777344,,,,,6.0362216750648,0.45053256838547073,0.7894736842105263,1.8154630961476281
openml:560,regression,176,14,block_shift,0.5,0.45408163265306123,1,source,2.0,catboost,0.16581177711486816,,,,,5.218724275248906,0.5892852510155988,,
openml:560,regression,176,14,none,0.0,0.0,2,random,,tabicl_impute,0.19879913330078125,,,,,2.1723051185778384,0.9083349551089014,0.75,0.019572250892387216
openml:560,regression,176,14,none,0.0,0.0,2,random,,tabicl_aware,0.2746396064758301,,,,,1.9657713366609617,0.9249366226464231,0.8947368421052632,0.052203532257231
openml:560,regression,176,14,none,0.0,0.0,2,random,,catboost,0.15303540229797363,,,,,1.4320161532341291,0.9601656313597992,,
openml:560,regression,117,14,block,0.3,0.2193877551020408,2,source,0.0,tabicl_impute,0.23645567893981934,,,,,9.131002009449693,0.0028410826148408397,0.0,0.016701751152557887
openml:560,regression,117,14,block,0.3,0.2193877551020408,2,source,0.0,tabicl_aware,0.27364635467529297,,,,,8.210239091649683,0.19380683910258778,0.07407407407407407,0.3384353825576069
openml:560,regression,117,14,block,0.3,0.2193877551020408,2,source,0.0,catboost,0.1154944896697998,,,,,11.010062687863854,-0.4497966240525637,,
openml:560,regression,179,14,block,0.5,0.42857142857142855,2,source,2.0,tabicl_impute,0.19971394538879395,,,,,8.664728895689839,-0.06554184930600093,0.4657534246575342,1.581305368559077
openml:560,regression,179,14,block,0.5,0.42857142857142855,2,source,2.0,tabicl_aware,0.27295351028442383,,,,,6.479214154904276,0.40419351907908707,0.6712328767123288,1.7177951937934284
openml:560,regression,179,14,block,0.5,0.42857142857142855,2,source,2.0,catboost,0.11948800086975098,,,,,10.285591126615499,-0.501478320618514,,
openml:560,regression,117,14,block_shift,0.3,0.24744897959183673,2,source,0.0,tabicl_impute,0.1992337703704834,,,,,9.253768232078421,-0.02415275312232068,0.16296296296296298,0.5439205028444484
openml:560,regression,117,14,block_shift,0.3,0.24744897959183673,2,source,0.0,tabicl_aware,0.2702615261077881,,,,,8.701222502654325,0.09450084503707823,0.3111111111111111,0.9363266356958017
openml:560,regression,117,14,block_shift,0.3,0.24744897959183673,2,source,0.0,catboost,0.1260828971862793,,,,,10.684682778995269,-0.3653712889677232,,
openml:560,regression,179,14,block_shift,0.5,0.4532312925170068,2,source,2.0,tabicl_impute,0.19743800163269043,,,,,8.470328368617,-0.018265541486129022,0.4520547945205479,1.2594493698489633
openml:560,regression,179,14,block_shift,0.5,0.4532312925170068,2,source,2.0,tabicl_aware,0.27428221702575684,,,,,7.371705257366067,0.2287476887723423,0.6301369863013698,1.7503844628244585
openml:560,regression,179,14,block_shift,0.5,0.4532312925170068,2,source,2.0,catboost,0.1654517650604248,,,,,9.170571406854352,-0.19358498595966678,,
openml:560,regression,176,14,none,0.0,0.0,3,random,,tabicl_impute,0.20244669914245605,,,,,1.8706005127769856,0.947406960967107,0.7763157894736842,0.07857997693834312
openml:560,regression,176,14,none,0.0,0.0,3,random,,tabicl_aware,0.2751302719116211,,,,,1.8531714739555545,0.9483824506632372,0.9210526315789473,0.11214876405930911
openml:560,regression,176,14,none,0.0,0.0,3,random,,catboost,0.14999890327453613,,,,,0.9659139470305953,0.9859769319152837,,
openml:560,regression,199,14,block,0.3,0.26700680272108845,3,source,0.0,tabicl_impute,0.2013862133026123,,,,,1.173579146098739,0.9762832146933684,0.7924528301886793,0.21061696164468502
openml:560,regression,199,14,block,0.3,0.26700680272108845,3,source,0.0,tabicl_aware,0.2759740352630615,,,,,1.0299378552421479,0.9817335944108087,0.7547169811320755,0.26883679487824863
openml:560,regression,199,14,block,0.3,0.26700680272108845,3,source,0.0,catboost,0.15995097160339355,,,,,3.65975887544715,0.7693592720260305,,
openml:560,regression,168,14,block,0.5,0.4537981859410431,3,source,0.0,tabicl_impute,0.19976401329040527,,,,,7.078275370716036,0.3370944654986481,0.7380952380952381,1.905356608123773
openml:560,regression,168,14,block,0.5,0.4537981859410431,3,source,0.0,tabicl_aware,0.276533842086792,,,,,6.3720432693623685,0.4627775306146007,0.7738095238095238,1.772724783250402
openml:560,regression,168,14,block,0.5,0.4537981859410431,3,source,0.0,catboost,0.12254571914672852,,,,,9.098992245910347,-0.09542671001233605,,
openml:560,regression,199,14,block_shift,0.3,0.2857142857142857,3,source,0.0,tabicl_impute,0.20296478271484375,,,,,2.167053377920765,0.919133197297787,0.6792452830188679,0.6836380461755741
openml:560,regression,199,14,block_shift,0.3,0.2857142857142857,3,source,0.0,tabicl_aware,0.2844665050506592,,,,,1.891936581677715,0.9383626151756522,0.7547169811320755,0.6940793197242499
openml:560,regression,199,14,block_shift,0.3,0.2857142857142857,3,source,0.0,catboost,0.17867326736450195,,,,,4.4920995996815964,0.6525200033213296,,
openml:560,regression,168,14,block_shift,0.5,0.4552154195011338,3,source,0.0,tabicl_impute,0.1983637809753418,,,,,6.763822800183547,0.3946853582240961,0.7142857142857143,1.7546302184622373
openml:560,regression,168,14,block_shift,0.5,0.4552154195011338,3,source,0.0,tabicl_aware,0.27813005447387695,,,,,6.445815416996338,0.45026616710719525,0.7857142857142857,1.8898477333769046
openml:560,regression,168,14,block_shift,0.5,0.4552154195011338,3,source,0.0,catboost,0.16268253326416016,,,,,8.26911724402558,0.09527824060136303,,
openml:560,regression,176,14,none,0.0,0.0,4,random,,tabicl_impute,0.23746609687805176,,,,,0.7419485103994867,0.9915444863761189,0.6842105263157895,0.102143492663281
openml:560,regression,176,14,none,0.0,0.0,4,random,,tabicl_aware,0.28046631813049316,,,,,0.6374630142003647,0.9937583064379342,0.868421052631579,0.09813962581203894
openml:560,regression,176,14,none,0.0,0.0,4,random,,catboost,0.125901460647583,,,,,1.4519486113896833,0.9676186500180938,,
openml:560,regression,175,14,block,0.3,0.2857142857142857,4,source,1.0,tabicl_impute,0.2027890682220459,,,,,1.2309597614890924,0.9764608259329495,0.974025974025974,0.21550992735863891
openml:560,regression,175,14,block,0.3,0.2857142857142857,4,source,1.0,tabicl_aware,0.27841997146606445,,,,,1.4544851143700026,0.9671358753625247,0.961038961038961,0.29944759082340827
openml:560,regression,175,14,block,0.3,0.2857142857142857,4,source,1.0,catboost,0.1483900547027588,,,,,3.608196376007845,0.7977521846479301,,
openml:560,regression,204,14,block,0.5,0.5,4,source,0.0,tabicl_impute,0.2015516757965088,,,,,0.6076529006811917,0.9946102768776521,0.9583333333333334,0.26648715862042194
openml:560,regression,204,14,block,0.5,0.5,4,source,0.0,tabicl_aware,0.27753353118896484,,,,,1.646473014744422,0.9604301377014309,0.875,0.3950477808796867
openml:560,regression,204,14,block,0.5,0.5,4,source,0.0,catboost,0.1488199234008789,,,,,5.228136455056227,0.6010218308637091,,
openml:560,regression,175,14,block_shift,0.3,0.2857142857142857,4,source,1.0,tabicl_impute,0.20264005661010742,,,,,3.426600583053902,0.8175976303632817,0.8051948051948052,1.335236609186025
openml:560,regression,175,14,block_shift,0.3,0.2857142857142857,4,source,1.0,tabicl_aware,0.27667975425720215,,,,,3.056719015704903,0.8548508340806646,0.8051948051948052,1.1756890714261927
openml:560,regression,175,14,block_shift,0.3,0.2857142857142857,4,source,1.0,catboost,0.1689438819885254,,,,,9.443395765538186,-0.38535121268306693,,
openml:560,regression,204,14,block_shift,0.5,0.47250566893424034,4,source,0.0,tabicl_impute,0.19933724403381348,,,,,7.706225579365466,0.13316040602151813,0.25,0.6768811730566212
openml:560,regression,204,14,block_shift,0.5,0.47250566893424034,4,source,0.0,tabicl_aware,0.2758359909057617,,,,,6.131940601329287,0.45115314082545566,0.4791666666666667,1.0592928379821147
openml:560,regression,204,14,block_shift,0.5,0.47250566893424034,4,source,0.0,catboost,0.16274809837341309,,,,,11.840015636623132,-1.0462554850296284,,
