dataset,task,n_train,n_features,mechanism,rate,actual_rate,seed,split,held_out_source,model,seconds,error,acc,logloss,auc,rmse,r2,coverage80,width80
breast_cancer,classification,398,30,none,0.0,0.0,0,random,,tabicl_impute,1.6111650466918945,,0.9766081871345029,0.06760688126087189,0.9956191588785047,,,,
breast_cancer,classification,398,30,none,0.0,0.0,0,random,,tabicl_indicator,0.42792224884033203,,0.9766081871345029,0.06760688126087189,0.9956191588785047,,,,
breast_cancer,classification,398,30,none,0.0,0.0,0,random,,tabicl_iterimpute,0.3800930976867676,,0.9766081871345029,0.06760688126087189,0.9956191588785047,,,,
breast_cancer,classification,398,30,none,0.0,0.0,0,random,,tabicl_knnimpute,0.34583616256713867,,0.9766081871345029,0.06760688126087189,0.9956191588785047,,,,
breast_cancer,classification,398,30,none,0.0,0.0,0,random,,tabicl_aware_zero,0.6968872547149658,,0.9766081871345029,0.06760688126087189,0.9956191588785047,,,,
breast_cancer,classification,398,30,none,0.0,0.0,0,random,,tabicl_aware,0.36158037185668945,,0.9824561403508771,0.0646662563085556,0.9960572429906542,,,,
breast_cancer,classification,398,30,none,0.0,0.0,0,random,,xgboost,0.8459599018096924,,0.9590643274853801,0.1011410653591156,0.991676401869159,,,,
breast_cancer,classification,398,30,none,0.0,0.0,0,random,,catboost,0.4942338466644287,,0.9649122807017544,0.10222740564783224,0.9902161214953271,,,,
breast_cancer,classification,281,30,block,0.3,0.25061511423550087,0,source,0.0,tabicl_impute,0.28170108795166016,,0.9652777777777778,0.2064182013273239,0.9947530864197531,,,,
breast_cancer,classification,281,30,block,0.3,0.25061511423550087,0,source,0.0,tabicl_indicator,0.2810840606689453,,0.9652777777777778,0.2064182013273239,0.9947530864197531,,,,
breast_cancer,classification,281,30,block,0.3,0.25061511423550087,0,source,0.0,tabicl_iterimpute,0.3069615364074707,,0.9826388888888888,0.1531941294670105,0.9901748971193416,,,,
breast_cancer,classification,281,30,block,0.3,0.25061511423550087,0,source,0.0,tabicl_knnimpute,0.29413700103759766,,0.9513888888888888,0.1198887974023819,0.9932098765432099,,,,
breast_cancer,classification,281,30,block,0.3,0.25061511423550087,0,source,0.0,tabicl_aware_zero,0.2891261577606201,,0.96875,0.20980694890022278,0.9950102880658436,,,,
breast_cancer,classification,281,30,block,0.3,0.25061511423550087,0,source,0.0,tabicl_aware,0.3586263656616211,,0.96875,0.1728406548500061,0.9952674897119341,,,,
breast_cancer,classification,281,30,block,0.3,0.25061511423550087,0,source,0.0,xgboost,0.08605194091796875,,0.8368055555555556,0.408294677734375,0.9897633744855967,,,,
breast_cancer,classification,281,30,block,0.3,0.25061511423550087,0,source,0.0,catboost,0.37915515899658203,,0.6284722222222222,0.5898570041892726,0.9887860082304527,,,,
breast_cancer,classification,453,30,block,0.5,0.49279437609841825,0,source,2.0,tabicl_impute,0.3044614791870117,,0.9396551724137931,0.2221154272556305,0.9812042051608793,,,,
breast_cancer,classification,453,30,block,0.5,0.49279437609841825,0,source,2.0,tabicl_indicator,0.4505603313446045,,0.9396551724137931,0.2554019093513489,0.9818413507486461,,,,
breast_cancer,classification,453,30,block,0.5,0.49279437609841825,0,source,2.0,tabicl_iterimpute,0.5567009449005127,,0.7931034482758621,0.4170096516609192,0.8849952214080917,,,,
breast_cancer,classification,453,30,block,0.5,0.49279437609841825,0,source,2.0,tabicl_knnimpute,0.3877849578857422,,0.9396551724137931,0.2287921905517578,0.978655622809812,,,,
breast_cancer,classification,453,30,block,0.5,0.49279437609841825,0,source,2.0,tabicl_aware_zero,0.3925938606262207,,0.9396551724137931,0.20595185458660126,0.9821599235425295,,,,
breast_cancer,classification,453,30,block,0.5,0.49279437609841825,0,source,2.0,tabicl_aware,0.4031083583831787,,0.9396551724137931,0.16165468096733093,0.9837527875119465,,,,
breast_cancer,classification,453,30,block,0.5,0.49279437609841825,0,source,2.0,xgboost,0.07973504066467285,,0.9051724137931034,0.2273293435573578,0.9745141764893278,,,,
breast_cancer,classification,453,30,block,0.5,0.49279437609841825,0,source,2.0,catboost,0.39435458183288574,,0.8706896551724138,0.4882776161008615,0.9665498566422427,,,,
breast_cancer,classification,281,30,block_shift,0.3,0.2662565905096661,0,source,0.0,tabicl_impute,0.26545286178588867,,0.8611111111111112,0.29011452198028564,0.9789609053497943,,,,
breast_cancer,classification,281,30,block_shift,0.3,0.2662565905096661,0,source,0.0,tabicl_indicator,0.26590633392333984,,0.8611111111111112,0.29011452198028564,0.9789609053497943,,,,
breast_cancer,classification,281,30,block_shift,0.3,0.2662565905096661,0,source,0.0,tabicl_iterimpute,0.2930567264556885,,0.8784722222222222,0.2600932717323303,0.9806069958847736,,,,
breast_cancer,classification,281,30,block_shift,0.3,0.2662565905096661,0,source,0.0,tabicl_knnimpute,0.2879455089569092,,0.7395833333333334,0.696524441242218,0.9661522633744856,,,,
breast_cancer,classification,281,30,block_shift,0.3,0.2662565905096661,0,source,0.0,tabicl_aware_zero,0.2688126564025879,,0.8368055555555556,0.34547728300094604,0.9746399176954733,,,,
breast_cancer,classification,281,30,block_shift,0.3,0.2662565905096661,0,source,0.0,tabicl_aware,0.32857847213745117,,0.84375,0.3181637227535248,0.979783950617284,,,,
breast_cancer,classification,281,30,block_shift,0.3,0.2662565905096661,0,source,0.0,xgboost,0.04698491096496582,,0.375,3.0819735527038574,0.9587448559670781,,,,
breast_cancer,classification,281,30,block_shift,0.3,0.2662565905096661,0,source,0.0,catboost,0.3724522590637207,,0.625,1.556388888634387,0.9433127572016461,,,,
breast_cancer,classification,453,30,block_shift,0.5,0.48728763913298184,0,source,2.0,tabicl_impute,0.29773592948913574,,0.8793103448275862,0.22956779599189758,0.9719655941382606,,,,
breast_cancer,classification,453,30,block_shift,0.5,0.48728763913298184,0,source,2.0,tabicl_indicator,0.4072697162628174,,0.8879310344827587,0.23599673807621002,0.9748327492832112,,,,
breast_cancer,classification,453,30,block_shift,0.5,0.48728763913298184,0,source,2.0,tabicl_iterimpute,1.061049222946167,,0.7586206896551724,0.43657442927360535,0.9260911118190507,,,,
breast_cancer,classification,453,30,block_shift,0.5,0.48728763913298184,0,source,2.0,tabicl_knnimpute,0.3386368751525879,,0.8793103448275862,0.2660796642303467,0.9662312838483593,,,,
breast_cancer,classification,453,30,block_shift,0.5,0.48728763913298184,0,source,2.0,tabicl_aware_zero,0.3084681034088135,,0.8793103448275862,0.22406920790672302,0.9735584581076775,,,,
breast_cancer,classification,453,30,block_shift,0.5,0.48728763913298184,0,source,2.0,tabicl_aware,0.3694114685058594,,0.8793103448275862,0.21781370043754578,0.972284166932144,,,,
breast_cancer,classification,453,30,block_shift,0.5,0.48728763913298184,0,source,2.0,xgboost,0.08789205551147461,,0.8879310344827587,0.3191320598125458,0.9640012742911755,,,,
breast_cancer,classification,453,30,block_shift,0.5,0.48728763913298184,0,source,2.0,catboost,0.40755319595336914,,0.8017241379310345,0.5542958465134866,0.9729213125199109,,,,
breast_cancer,classification,398,30,none,0.0,0.0,1,random,,tabicl_impute,0.31002068519592285,,0.9532163742690059,0.08575630187988281,0.9931366822429907,,,,
breast_cancer,classification,398,30,none,0.0,0.0,1,random,,tabicl_indicator,0.3131370544433594,,0.9532163742690059,0.08575630187988281,0.9931366822429907,,,,
breast_cancer,classification,398,30,none,0.0,0.0,1,random,,tabicl_iterimpute,0.33980345726013184,,0.9532163742690059,0.08575630187988281,0.9931366822429907,,,,
breast_cancer,classification,398,30,none,0.0,0.0,1,random,,tabicl_knnimpute,0.31235289573669434,,0.9532163742690059,0.08575630187988281,0.9931366822429907,,,,
breast_cancer,classification,398,30,none,0.0,0.0,1,random,,tabicl_aware_zero,0.30984067916870117,,0.9532163742690059,0.08575630187988281,0.9931366822429907,,,,
breast_cancer,classification,398,30,none,0.0,0.0,1,random,,tabicl_aware,0.41807126998901367,,0.9590643274853801,0.0862879753112793,0.993428738317757,,,,
breast_cancer,classification,398,30,none,0.0,0.0,1,random,,xgboost,0.05946683883666992,,0.9766081871345029,0.08250546455383301,0.9940128504672897,,,,
breast_cancer,classification,398,30,none,0.0,0.0,1,random,,catboost,0.3985929489135742,,0.9707602339181286,0.08424755747681414,0.9957651869158879,,,,
breast_cancer,classification,373,30,block,0.3,0.2886350322202695,1,source,0.0,tabicl_impute,0.2982206344604492,,0.9642857142857143,0.10460477322340012,0.9902412280701754,,,,
breast_cancer,classification,373,30,block,0.3,0.2886350322202695,1,source,0.0,tabicl_indicator,0.34653711318969727,,0.9744897959183674,0.11007978767156601,0.9903508771929824,,,,
breast_cancer,classification,373,30,block,0.3,0.2886350322202695,1,source,0.0,tabicl_iterimpute,0.7152559757232666,,0.9387755102040817,0.32952678203582764,0.9845394736842106,,,,
breast_cancer,classification,373,30,block,0.3,0.2886350322202695,1,source,0.0,tabicl_knnimpute,0.32991576194763184,,0.9642857142857143,0.09739676117897034,0.9926535087719298,,,,
breast_cancer,classification,373,30,block,0.3,0.2886350322202695,1,source,0.0,tabicl_aware_zero,0.296600341796875,,0.9744897959183674,0.09842225164175034,0.9914473684210527,,,,
breast_cancer,classification,373,30,block,0.3,0.2886350322202695,1,source,0.0,tabicl_aware,0.35581398010253906,,0.9744897959183674,0.09554798901081085,0.9908991228070175,,,,
breast_cancer,classification,373,30,block,0.3,0.2886350322202695,1,source,0.0,xgboost,0.05924868583679199,,0.9642857142857143,0.11194149404764175,0.9881578947368421,,,,
breast_cancer,classification,373,30,block,0.3,0.2886350322202695,1,source,0.0,catboost,0.40549707412719727,,0.9642857142857143,0.1329876471399174,0.9850877192982457,,,,
breast_cancer,classification,366,30,block,0.5,0.47855887521968365,1,source,0.0,tabicl_impute,0.29344844818115234,,0.9064039408866995,0.32872653007507324,0.9698795180722891,,,,
breast_cancer,classification,366,30,block,0.5,0.47855887521968365,1,source,0.0,tabicl_indicator,0.36844325065612793,,0.8916256157635468,0.35756176710128784,0.9741967871485944,,,,
breast_cancer,classification,366,30,block,0.5,0.47855887521968365,1,source,0.0,tabicl_iterimpute,0.6911613941192627,,0.916256157635468,0.329654335975647,0.9601405622489959,,,,
breast_cancer,classification,366,30,block,0.5,0.47855887521968365,1,source,0.0,tabicl_knnimpute,0.3298320770263672,,0.9458128078817734,0.19023804366588593,0.9818273092369478,,,,
breast_cancer,classification,366,30,block,0.5,0.47855887521968365,1,source,0.0,tabicl_aware_zero,0.2965240478515625,,0.8768472906403941,0.34873053431510925,0.9738955823293173,,,,
breast_cancer,classification,366,30,block,0.5,0.47855887521968365,1,source,0.0,tabicl_aware,0.3556666374206543,,0.9113300492610837,0.2823770344257355,0.983433734939759,,,,
breast_cancer,classification,366,30,block,0.5,0.47855887521968365,1,source,0.0,xgboost,0.06589841842651367,,0.4088669950738916,2.4993720054626465,0.9144578313253012,,,,
breast_cancer,classification,366,30,block,0.5,0.47855887521968365,1,source,0.0,catboost,0.3582637310028076,,0.5911330049261084,1.9286800354413145,0.9542168674698794,,,,
breast_cancer,classification,373,30,block_shift,0.3,0.3,1,source,0.0,tabicl_impute,0.30133700370788574,,0.9489795918367347,0.18389594554901123,0.9786184210526316,,,,
breast_cancer,classification,373,30,block_shift,0.3,0.3,1,source,0.0,tabicl_indicator,0.35446715354919434,,0.9489795918367347,0.21729272603988647,0.9798245614035088,,,,
breast_cancer,classification,373,30,block_shift,0.3,0.3,1,source,0.0,tabicl_iterimpute,0.5070860385894775,,0.9336734693877551,0.2685168385505676,0.9847587719298245,,,,
breast_cancer,classification,373,30,block_shift,0.3,0.3,1,source,0.0,tabicl_knnimpute,0.3304264545440674,,0.923469387755102,0.1893465518951416,0.9872807017543859,,,,
breast_cancer,classification,373,30,block_shift,0.3,0.3,1,source,0.0,tabicl_aware_zero,0.30268096923828125,,0.9540816326530612,0.19454649090766907,0.9776315789473684,,,,
breast_cancer,classification,373,30,block_shift,0.3,0.3,1,source,0.0,tabicl_aware,0.36464667320251465,,0.9489795918367347,0.19218459725379944,0.9785087719298244,,,,
breast_cancer,classification,373,30,block_shift,0.3,0.3,1,source,0.0,xgboost,0.060604095458984375,,0.5663265306122449,0.7965527176856995,0.9472587719298246,,,,
breast_cancer,classification,373,30,block_shift,0.3,0.3,1,source,0.0,catboost,0.39788150787353516,,0.8571428571428571,0.4543295863102562,0.9667763157894737,,,,
breast_cancer,classification,366,30,block_shift,0.5,0.44499121265377856,1,source,0.0,tabicl_impute,0.28577518463134766,,0.6896551724137931,0.47272035479545593,0.9720883534136546,,,,
breast_cancer,classification,366,30,block_shift,0.5,0.44499121265377856,1,source,0.0,tabicl_indicator,0.3778111934661865,,0.7536945812807881,0.5010940432548523,0.9738955823293172,,,,
breast_cancer,classification,366,30,block_shift,0.5,0.44499121265377856,1,source,0.0,tabicl_iterimpute,0.5855190753936768,,0.8374384236453202,0.46577686071395874,0.9143574297188755,,,,
breast_cancer,classification,366,30,block_shift,0.5,0.44499121265377856,1,source,0.0,tabicl_knnimpute,0.3165931701660156,,0.7586206896551724,0.48117223381996155,0.9359437751004016,,,,
breast_cancer,classification,366,30,block_shift,0.5,0.44499121265377856,1,source,0.0,tabicl_aware_zero,0.2906153202056885,,0.7586206896551724,0.4628962278366089,0.9627510040160643,,,,
breast_cancer,classification,366,30,block_shift,0.5,0.44499121265377856,1,source,0.0,tabicl_aware,0.35252857208251953,,0.7586206896551724,0.43787500262260437,0.9598393574297188,,,,
breast_cancer,classification,366,30,block_shift,0.5,0.44499121265377856,1,source,0.0,xgboost,0.0635066032409668,,0.4088669950738916,1.7737690210342407,0.9635040160642571,,,,
breast_cancer,classification,366,30,block_shift,0.5,0.44499121265377856,1,source,0.0,catboost,0.33250975608825684,,0.7733990147783252,0.5326482205551998,0.9843373493975903,,,,
breast_cancer,classification,398,30,none,0.0,0.0,2,random,,tabicl_impute,0.30535125732421875,,0.9707602339181286,0.04525283724069595,0.9982476635514018,,,,
breast_cancer,classification,398,30,none,0.0,0.0,2,random,,tabicl_indicator,0.30882859230041504,,0.9707602339181286,0.04525283724069595,0.9982476635514018,,,,
breast_cancer,classification,398,30,none,0.0,0.0,2,random,,tabicl_iterimpute,0.3366725444793701,,0.9707602339181286,0.04525283724069595,0.9982476635514018,,,,
breast_cancer,classification,398,30,none,0.0,0.0,2,random,,tabicl_knnimpute,0.30869126319885254,,0.9707602339181286,0.04525283724069595,0.9982476635514018,,,,
breast_cancer,classification,398,30,none,0.0,0.0,2,random,,tabicl_aware_zero,0.30858325958251953,,0.9707602339181286,0.04525283724069595,0.9982476635514018,,,,
breast_cancer,classification,398,30,none,0.0,0.0,2,random,,tabicl_aware,0.3701353073120117,,0.9707602339181286,0.0419246144592762,0.9986857476635514,,,,
breast_cancer,classification,398,30,none,0.0,0.0,2,random,,xgboost,0.06275820732116699,,0.9766081871345029,0.043885376304388046,0.999123831775701,,,,
breast_cancer,classification,398,30,none,0.0,0.0,2,random,,catboost,0.3977344036102295,,0.9883040935672515,0.03192124400626812,0.9994158878504673,,,,
breast_cancer,classification,289,30,block,0.3,0.26719390743995314,2,source,1.0,tabicl_impute,0.2704482078552246,,0.9392857142857143,0.19544322788715363,0.9872416020671835,,,,
breast_cancer,classification,289,30,block,0.3,0.26719390743995314,2,source,1.0,tabicl_indicator,0.27117443084716797,,0.9392857142857143,0.19544322788715363,0.9872416020671835,,,,
breast_cancer,classification,289,30,block,0.3,0.26719390743995314,2,source,1.0,tabicl_iterimpute,0.29315686225891113,,0.95,0.12681084871292114,0.9885335917312661,,,,
breast_cancer,classification,289,30,block,0.3,0.26719390743995314,2,source,1.0,tabicl_knnimpute,0.30010271072387695,,0.9428571428571428,0.16433332860469818,0.9844961240310077,,,,
breast_cancer,classification,289,30,block,0.3,0.26719390743995314,2,source,1.0,tabicl_aware_zero,0.2733895778656006,,0.9428571428571428,0.19853417575359344,0.9885874246339362,,,,
breast_cancer,classification,289,30,block,0.3,0.26719390743995314,2,source,1.0,tabicl_aware,0.3404684066772461,,0.9428571428571428,0.16781456768512726,0.9887489233419465,,,,
breast_cancer,classification,289,30,block,0.3,0.26719390743995314,2,source,1.0,xgboost,0.04871535301208496,,0.7178571428571429,0.6780760288238525,0.9800818260120585,,,,
breast_cancer,classification,289,30,block,0.3,0.26719390743995314,2,source,1.0,catboost,0.3683586120605469,,0.7964285714285714,0.4138296543425903,0.9842269595176572,,,,
breast_cancer,classification,395,30,block,0.5,0.4555360281195079,2,source,2.0,tabicl_impute,0.2866096496582031,,0.8620689655172413,0.4960687458515167,0.9166666666666666,,,,
breast_cancer,classification,395,30,block,0.5,0.4555360281195079,2,source,2.0,tabicl_indicator,0.35588836669921875,,0.8505747126436781,0.4922424852848053,0.9346240179573513,,,,
breast_cancer,classification,395,30,block,0.5,0.4555360281195079,2,source,2.0,tabicl_iterimpute,0.6778545379638672,,0.9080459770114943,0.43107667565345764,0.9767115600448935,,,,
breast_cancer,classification,395,30,block,0.5,0.4555360281195079,2,source,2.0,tabicl_knnimpute,0.3313136100769043,,0.9252873563218391,0.15305624902248383,0.9835858585858586,,,,
breast_cancer,classification,395,30,block,0.5,0.4555360281195079,2,source,2.0,tabicl_aware_zero,0.29280853271484375,,0.7758620689655172,0.4665776491165161,0.9518799102132436,,,,
breast_cancer,classification,395,30,block,0.5,0.4555360281195079,2,source,2.0,tabicl_aware,0.3532240390777588,,0.8448275862068966,0.4051896035671234,0.946969696969697,,,,
breast_cancer,classification,395,30,block,0.5,0.4555360281195079,2,source,2.0,xgboost,0.06932687759399414,,0.3793103448275862,2.2071330547332764,0.9833052749719416,,,,
breast_cancer,classification,395,30,block,0.5,0.4555360281195079,2,source,2.0,catboost,0.38163280487060547,,0.6206896551724138,1.4300757043895116,0.9774130190796857,,,,
breast_cancer,classification,289,30,block_shift,0.3,0.2338605741066198,2,source,1.0,tabicl_impute,0.2824878692626953,,0.95,0.13892194628715515,0.9906330749354005,,,,
breast_cancer,classification,289,30,block_shift,0.3,0.2338605741066198,2,source,1.0,tabicl_indicator,0.28125977516174316,,0.95,0.13892194628715515,0.9906330749354005,,,,
breast_cancer,classification,289,30,block_shift,0.3,0.2338605741066198,2,source,1.0,tabicl_iterimpute,0.30778026580810547,,0.9571428571428572,0.1175549104809761,0.9906869078380706,,,,
breast_cancer,classification,289,30,block_shift,0.3,0.2338605741066198,2,source,1.0,tabicl_knnimpute,0.2918121814727783,,0.9464285714285714,0.1513439118862152,0.9907945736434108,,,,
breast_cancer,classification,289,30,block_shift,0.3,0.2338605741066198,2,source,1.0,tabicl_aware_zero,0.27956080436706543,,0.95,0.14894910156726837,0.9906869078380707,,,,
breast_cancer,classification,289,30,block_shift,0.3,0.2338605741066198,2,source,1.0,tabicl_aware,0.3383760452270508,,0.95,0.14452965557575226,0.9910637381567614,,,,
breast_cancer,classification,289,30,block_shift,0.3,0.2338605741066198,2,source,1.0,xgboost,0.051629066467285156,,0.7821428571428571,0.47330665588378906,0.969745908699397,,,,
breast_cancer,classification,289,30,block_shift,0.3,0.2338605741066198,2,source,1.0,catboost,0.3948981761932373,,0.8,0.37091949559375437,0.9700689061154177,,,,
breast_cancer,classification,395,30,block_shift,0.5,0.46397188049209137,2,source,2.0,tabicl_impute,0.29361820220947266,,0.8620689655172413,0.3499029278755188,0.9779741863075196,,,,
breast_cancer,classification,395,30,block_shift,0.5,0.46397188049209137,2,source,2.0,tabicl_indicator,0.3739299774169922,,0.867816091954023,0.36154821515083313,0.9694163860830527,,,,
breast_cancer,classification,395,30,block_shift,0.5,0.46397188049209137,2,source,2.0,tabicl_iterimpute,0.6485805511474609,,0.7528735632183908,0.5467488765716553,0.8214085297418631,,,,
breast_cancer,classification,395,30,block_shift,0.5,0.46397188049209137,2,source,2.0,tabicl_knnimpute,0.3418312072753906,,0.8505747126436781,0.3452361226081848,0.954685746352413,,,,
breast_cancer,classification,395,30,block_shift,0.5,0.46397188049209137,2,source,2.0,tabicl_aware_zero,0.30439019203186035,,0.8218390804597702,0.3689391613006592,0.9767115600448933,,,,
breast_cancer,classification,395,30,block_shift,0.5,0.46397188049209137,2,source,2.0,tabicl_aware,0.3644754886627197,,0.8160919540229885,0.36664965748786926,0.9826038159371493,,,,
breast_cancer,classification,395,30,block_shift,0.5,0.46397188049209137,2,source,2.0,xgboost,0.07171630859375,,0.3793103448275862,2.773350238800049,0.9642957351290684,,,,
breast_cancer,classification,395,30,block_shift,0.5,0.46397188049209137,2,source,2.0,catboost,0.40279364585876465,,0.6206896551724138,1.4637272463728743,0.9473905723905724,,,,
breast_cancer,classification,398,30,none,0.0,0.0,3,random,,tabicl_impute,0.31896543502807617,,0.9649122807017544,0.09655382484197617,0.9941588785046729,,,,
breast_cancer,classification,398,30,none,0.0,0.0,3,random,,tabicl_indicator,0.31065869331359863,,0.9649122807017544,0.09655382484197617,0.9941588785046729,,,,
breast_cancer,classification,398,30,none,0.0,0.0,3,random,,tabicl_iterimpute,0.3837411403656006,,0.9649122807017544,0.09655382484197617,0.9941588785046729,,,,
breast_cancer,classification,398,30,none,0.0,0.0,3,random,,tabicl_knnimpute,0.3137798309326172,,0.9649122807017544,0.09655382484197617,0.9941588785046729,,,,
breast_cancer,classification,398,30,none,0.0,0.0,3,random,,tabicl_aware_zero,0.3188192844390869,,0.9649122807017544,0.09655382484197617,0.9941588785046729,,,,
breast_cancer,classification,398,30,none,0.0,0.0,3,random,,tabicl_aware,0.3769392967224121,,0.9649122807017544,0.09232234209775925,0.9944509345794392,,,,
breast_cancer,classification,398,30,none,0.0,0.0,3,random,,xgboost,0.05946063995361328,,0.9473684210526315,0.09929883480072021,0.9944509345794392,,,,
breast_cancer,classification,398,30,none,0.0,0.0,3,random,,catboost,0.3970203399658203,,0.9590643274853801,0.09239252084032869,0.9959112149532711,,,,
breast_cancer,classification,407,30,block,0.3,0.29086115992970124,3,source,3.0,tabicl_impute,0.31101393699645996,,0.9135802469135802,0.2597150504589081,0.9622770919067216,,,,
breast_cancer,classification,407,30,block,0.3,0.29086115992970124,3,source,3.0,tabicl_indicator,0.3761327266693115,,0.9074074074074074,0.27422815561294556,0.9655349794238682,,,,
breast_cancer,classification,407,30,block,0.3,0.29086115992970124,3,source,3.0,tabicl_iterimpute,0.6142282485961914,,0.9074074074074074,0.23446165025234222,0.9746227709190672,,,,
breast_cancer,classification,407,30,block,0.3,0.29086115992970124,3,source,3.0,tabicl_knnimpute,0.3508572578430176,,0.9012345679012346,0.37436461448669434,0.9691358024691359,,,,
breast_cancer,classification,407,30,block,0.3,0.29086115992970124,3,source,3.0,tabicl_aware_zero,0.31235599517822266,,0.9135802469135802,0.2607051134109497,0.9566186556927297,,,,
breast_cancer,classification,407,30,block,0.3,0.29086115992970124,3,source,3.0,tabicl_aware,0.3750154972076416,,0.9259259259259259,0.2233683466911316,0.9638203017832647,,,,
breast_cancer,classification,407,30,block,0.3,0.29086115992970124,3,source,3.0,xgboost,0.06802582740783691,,0.3333333333333333,2.093923568725586,0.9809670781893004,,,,
breast_cancer,classification,407,30,block,0.3,0.29086115992970124,3,source,3.0,catboost,0.3925788402557373,,0.9320987654320988,0.2996607969468321,0.9725651577503429,,,,
breast_cancer,classification,369,30,block,0.5,0.4561218512009373,3,source,2.0,tabicl_impute,0.30372095108032227,,0.94,0.2999899685382843,0.9767465894997933,,,,
breast_cancer,classification,369,30,block,0.5,0.4561218512009373,3,source,2.0,tabicl_indicator,0.3645932674407959,,0.945,0.2879622280597687,0.9770566349731293,,,,
breast_cancer,classification,369,30,block,0.5,0.4561218512009373,3,source,2.0,tabicl_iterimpute,0.7089769840240479,,0.86,0.39842215180397034,0.9569036792062836,,,,
breast_cancer,classification,369,30,block,0.5,0.4561218512009373,3,source,2.0,tabicl_knnimpute,0.3636927604675293,,0.93,0.19474701583385468,0.9776767259198016,,,,
breast_cancer,classification,369,30,block,0.5,0.4561218512009373,3,source,2.0,tabicl_aware_zero,0.3026695251464844,,0.945,0.2890526056289673,0.972199255890864,,,,
breast_cancer,classification,369,30,block,0.5,0.4561218512009373,3,source,2.0,tabicl_aware,0.36122870445251465,,0.94,0.2371230274438858,0.9746796196775527,,,,
breast_cancer,classification,369,30,block,0.5,0.4561218512009373,3,source,2.0,xgboost,0.0575411319732666,,0.41,2.580777645111084,0.9504443985117818,,,,
breast_cancer,classification,369,30,block,0.5,0.4561218512009373,3,source,2.0,catboost,0.38517236709594727,,0.59,1.6001572833833264,0.9661016949152542,,,,
breast_cancer,classification,407,30,block_shift,0.3,0.3,3,source,3.0,tabicl_impute,0.3098459243774414,,0.9320987654320988,0.19718874990940094,0.9818244170096022,,,,
breast_cancer,classification,407,30,block_shift,0.3,0.3,3,source,3.0,tabicl_indicator,0.39362144470214844,,0.9444444444444444,0.22155709564685822,0.9816529492455418,,,,
breast_cancer,classification,407,30,block_shift,0.3,0.3,3,source,3.0,tabicl_iterimpute,0.47052478790283203,,0.9382716049382716,0.18735064566135406,0.9840534979423868,,,,
breast_cancer,classification,407,30,block_shift,0.3,0.3,3,source,3.0,tabicl_knnimpute,0.3356037139892578,,0.9691358024691358,0.16278445720672607,0.9861111111111112,,,,
breast_cancer,classification,407,30,block_shift,0.3,0.3,3,source,3.0,tabicl_aware_zero,0.3471660614013672,,0.9259259259259259,0.21011069416999817,0.9780521262002744,,,,
breast_cancer,classification,407,30,block_shift,0.3,0.3,3,source,3.0,tabicl_aware,0.3733372688293457,,0.9259259259259259,0.18074767291545868,0.980281207133059,,,,
breast_cancer,classification,407,30,block_shift,0.3,0.3,3,source,3.0,xgboost,0.07376241683959961,,0.6419753086419753,0.9980801343917847,0.965877914951989,,,,
breast_cancer,classification,407,30,block_shift,0.3,0.3,3,source,3.0,catboost,0.42740797996520996,,0.8024691358024691,0.47585726240552695,0.9749657064471879,,,,
breast_cancer,classification,369,30,block_shift,0.5,0.4666666666666667,3,source,2.0,tabicl_impute,0.2823672294616699,,0.825,0.476836234331131,0.8973749483257545,,,,
breast_cancer,classification,369,30,block_shift,0.5,0.4666666666666667,3,source,2.0,tabicl_indicator,0.3336517810821533,,0.825,0.4591517746448517,0.937577511368334,,,,
breast_cancer,classification,369,30,block_shift,0.5,0.4666666666666667,3,source,2.0,tabicl_iterimpute,0.5454301834106445,,0.525,0.6404154896736145,0.7543406366267054,,,,
breast_cancer,classification,369,30,block_shift,0.5,0.4666666666666667,3,source,2.0,tabicl_knnimpute,0.3070363998413086,,0.885,0.3670601546764374,0.9714758164530798,,,,
breast_cancer,classification,369,30,block_shift,0.5,0.4666666666666667,3,source,2.0,tabicl_aware_zero,0.2908639907836914,,0.835,0.4363859295845032,0.9356138900372055,,,,
breast_cancer,classification,369,30,block_shift,0.5,0.4666666666666667,3,source,2.0,tabicl_aware,0.35001397132873535,,0.875,0.3533692955970764,0.9571103761885076,,,,
breast_cancer,classification,369,30,block_shift,0.5,0.4666666666666667,3,source,2.0,xgboost,0.061539411544799805,,0.41,2.2019245624542236,0.9362856552294337,,,,
breast_cancer,classification,369,30,block_shift,0.5,0.4666666666666667,3,source,2.0,catboost,0.323819637298584,,0.59,1.5206510714872146,0.8787722199255891,,,,
breast_cancer,classification,398,30,none,0.0,0.0,4,random,,tabicl_impute,0.3121368885040283,,0.9941520467836257,0.03010229952633381,1.0,,,,
breast_cancer,classification,398,30,none,0.0,0.0,4,random,,tabicl_indicator,0.31446385383605957,,0.9941520467836257,0.03010229952633381,1.0,,,,
breast_cancer,classification,398,30,none,0.0,0.0,4,random,,tabicl_iterimpute,0.342144250869751,,0.9941520467836257,0.03010229952633381,1.0,,,,
breast_cancer,classification,398,30,none,0.0,0.0,4,random,,tabicl_knnimpute,0.31046390533447266,,0.9941520467836257,0.03010229952633381,1.0,,,,
breast_cancer,classification,398,30,none,0.0,0.0,4,random,,tabicl_aware_zero,0.3099091053009033,,0.9941520467836257,0.03010229952633381,1.0,,,,
breast_cancer,classification,398,30,none,0.0,0.0,4,random,,tabicl_aware,0.37230587005615234,,0.9941520467836257,0.02815539389848709,1.0,,,,
breast_cancer,classification,398,30,none,0.0,0.0,4,random,,xgboost,0.06177401542663574,,0.9649122807017544,0.06552184373140335,0.9978095794392523,,,,
breast_cancer,classification,398,30,none,0.0,0.0,4,random,,catboost,0.37972211837768555,,0.9824561403508771,0.05446864075112399,0.9979556074766355,,,,
breast_cancer,classification,377,30,block,0.3,0.3,4,source,0.0,tabicl_impute,0.31093382835388184,,0.9479166666666666,0.2189083695411682,0.9855448898927159,,,,
breast_cancer,classification,377,30,block,0.3,0.3,4,source,0.0,tabicl_indicator,0.3666675090789795,,0.9583333333333334,0.25741884112358093,0.991304347826087,,,,
breast_cancer,classification,377,30,block,0.3,0.3,4,source,0.0,tabicl_iterimpute,0.6777889728546143,,0.9375,0.27897408604621887,0.9910784867306606,,,,
breast_cancer,classification,377,30,block,0.3,0.3,4,source,0.0,tabicl_knnimpute,0.33576202392578125,,0.9479166666666666,0.14671091735363007,0.9881422924901186,,,,
breast_cancer,classification,377,30,block,0.3,0.3,4,source,0.0,tabicl_aware_zero,0.3083183765411377,,0.953125,0.22030866146087646,0.9824957651044607,,,,
breast_cancer,classification,377,30,block,0.3,0.3,4,source,0.0,tabicl_aware,0.41516947746276855,,0.9583333333333334,0.16337302327156067,0.987012987012987,,,,
breast_cancer,classification,377,30,block,0.3,0.3,4,source,0.0,xgboost,0.060742855072021484,,0.9166666666666666,0.2554829716682434,0.986335403726708,,,,
breast_cancer,classification,377,30,block,0.3,0.3,4,source,0.0,catboost,0.37555360794067383,,0.9322916666666666,0.20874405708913732,0.9852060982495765,,,,
breast_cancer,classification,452,30,block,0.5,0.49420035149384883,4,source,2.0,tabicl_impute,0.30548906326293945,,0.9658119658119658,0.18185338377952576,0.9938271604938271,,,,
breast_cancer,classification,452,30,block,0.5,0.49420035149384883,4,source,2.0,tabicl_indicator,0.4217665195465088,,0.9658119658119658,0.17471592128276825,0.9938271604938272,,,,
breast_cancer,classification,452,30,block,0.5,0.49420035149384883,4,source,2.0,tabicl_iterimpute,0.6973693370819092,,0.905982905982906,0.24133627116680145,0.9848765432098765,,,,
breast_cancer,classification,452,30,block,0.5,0.49420035149384883,4,source,2.0,tabicl_knnimpute,0.3420698642730713,,0.9658119658119658,0.08402486145496368,0.9959876543209876,,,,
breast_cancer,classification,452,30,block,0.5,0.49420035149384883,4,source,2.0,tabicl_aware_zero,0.30991291999816895,,0.9487179487179487,0.14878086745738983,0.9950617283950618,,,,
breast_cancer,classification,452,30,block,0.5,0.49420035149384883,4,source,2.0,tabicl_aware,0.3726778030395508,,0.9658119658119658,0.11831629276275635,0.9938271604938271,,,,
breast_cancer,classification,452,30,block,0.5,0.49420035149384883,4,source,2.0,xgboost,0.08323931694030762,,0.9829059829059829,0.08886564522981644,0.9975308641975309,,,,
breast_cancer,classification,452,30,block,0.5,0.49420035149384883,4,source,2.0,catboost,0.3881840705871582,,0.9401709401709402,0.1979150191340444,0.9944444444444445,,,,
breast_cancer,classification,377,30,block_shift,0.3,0.28886936145284126,4,source,0.0,tabicl_impute,0.30605626106262207,,0.8958333333333334,0.2553478181362152,0.9801242236024844,,,,
breast_cancer,classification,377,30,block_shift,0.3,0.28886936145284126,4,source,0.0,tabicl_indicator,0.3557703495025635,,0.921875,0.2296247035264969,0.9841897233201581,,,,
breast_cancer,classification,377,30,block_shift,0.3,0.28886936145284126,4,source,0.0,tabicl_iterimpute,0.4846174716949463,,0.8020833333333334,0.39547035098075867,0.9760587238848109,,,,
breast_cancer,classification,377,30,block_shift,0.3,0.28886936145284126,4,source,0.0,tabicl_knnimpute,0.33475232124328613,,0.8020833333333334,0.4212903082370758,0.9716544325239977,,,,
breast_cancer,classification,377,30,block_shift,0.3,0.28886936145284126,4,source,0.0,tabicl_aware_zero,0.3050251007080078,,0.90625,0.24528658390045166,0.9773009599096555,,,,
breast_cancer,classification,377,30,block_shift,0.3,0.28886936145284126,4,source,0.0,tabicl_aware,0.3669614791870117,,0.9166666666666666,0.22335167229175568,0.9844155844155844,,,,
breast_cancer,classification,377,30,block_shift,0.3,0.28886936145284126,4,source,0.0,xgboost,0.06458067893981934,,0.9114583333333334,0.2328716516494751,0.966516092603049,,,,
breast_cancer,classification,377,30,block_shift,0.3,0.28886936145284126,4,source,0.0,catboost,0.4105958938598633,,0.65625,0.889995172773213,0.9651044607566347,,,,
breast_cancer,classification,452,30,block_shift,0.5,0.4884007029876977,4,source,2.0,tabicl_impute,0.3025383949279785,,0.905982905982906,0.26838400959968567,0.9932098765432099,,,,
breast_cancer,classification,452,30,block_shift,0.5,0.4884007029876977,4,source,2.0,tabicl_indicator,0.41324448585510254,,0.9145299145299145,0.30979546904563904,0.9950617283950618,,,,
breast_cancer,classification,452,30,block_shift,0.5,0.4884007029876977,4,source,2.0,tabicl_iterimpute,0.7074298858642578,,0.7863247863247863,0.43016117811203003,0.9910493827160494,,,,
breast_cancer,classification,452,30,block_shift,0.5,0.4884007029876977,4,source,2.0,tabicl_knnimpute,0.3413727283477783,,0.9145299145299145,0.21769921481609344,0.9790123456790124,,,,
breast_cancer,classification,452,30,block_shift,0.5,0.4884007029876977,4,source,2.0,tabicl_aware_zero,0.3064737319946289,,0.8632478632478633,0.27095159888267517,0.995679012345679,,,,
breast_cancer,classification,452,30,block_shift,0.5,0.4884007029876977,4,source,2.0,tabicl_aware,0.36507463455200195,,0.8717948717948718,0.23675185441970825,0.9925925925925926,,,,
breast_cancer,classification,452,30,block_shift,0.5,0.4884007029876977,4,source,2.0,xgboost,0.07758235931396484,,0.8034188034188035,0.41486644744873047,0.9925925925925926,,,,
breast_cancer,classification,452,30,block_shift,0.5,0.4884007029876977,4,source,2.0,catboost,0.398360013961792,,0.6752136752136753,0.9625768243153955,0.9938271604938272,,,,
wine,classification,124,13,none,0.0,0.0,0,random,,tabicl_impute,0.22500014305114746,,1.0,0.009828156791627407,1.0,,,,
wine,classification,124,13,none,0.0,0.0,0,random,,tabicl_indicator,0.22793316841125488,,1.0,0.009828156791627407,1.0,,,,
wine,classification,124,13,none,0.0,0.0,0,random,,tabicl_iterimpute,0.23444533348083496,,1.0,0.009828156791627407,1.0,,,,
wine,classification,124,13,none,0.0,0.0,0,random,,tabicl_knnimpute,0.26584935188293457,,1.0,0.009828156791627407,1.0,,,,
wine,classification,124,13,none,0.0,0.0,0,random,,tabicl_aware_zero,0.2227163314819336,,1.0,0.009828156791627407,1.0,,,,
wine,classification,124,13,none,0.0,0.0,0,random,,tabicl_aware,0.2942216396331787,,1.0,0.007917092181742191,1.0,,,,
wine,classification,124,13,none,0.0,0.0,0,random,,xgboost,0.0732126235961914,,0.9814814814814815,0.045160338282585144,1.0,,,,
wine,classification,124,13,none,0.0,0.0,0,random,,catboost,0.21939826011657715,,1.0,0.0529660567230378,1.0,,,,
wine,classification,82,13,block,0.3,0.23076923076923078,0,source,0.0,tabicl_impute,0.2224564552307129,,0.96875,0.07656561583280563,0.9990875019914904,,,,
wine,classification,82,13,block,0.3,0.23076923076923078,0,source,0.0,tabicl_indicator,0.21465659141540527,,0.96875,0.07656561583280563,0.9990875019914904,,,,
wine,classification,82,13,block,0.3,0.23076923076923078,0,source,0.0,tabicl_iterimpute,0.24238896369934082,,0.9583333333333334,0.07350736111402512,0.9995501574448943,,,,
wine,classification,82,13,block,0.3,0.23076923076923078,0,source,0.0,tabicl_knnimpute,0.21798110008239746,,0.9583333333333334,0.09657426923513412,0.9983363282825702,,,,
wine,classification,82,13,block,0.3,0.23076923076923078,0,source,0.0,tabicl_aware_zero,0.21431398391723633,,0.96875,0.07692727446556091,0.9990746890931924,,,,
wine,classification,82,13,block,0.3,0.23076923076923078,0,source,0.0,tabicl_aware,0.27987217903137207,,0.96875,0.07401546090841293,0.9990875019914904,,,,
wine,classification,82,13,block,0.3,0.23076923076923078,0,source,0.0,xgboost,0.05010724067687988,,0.8541666666666666,0.34109315276145935,0.9910733467923111,,,,
wine,classification,82,13,block,0.3,0.23076923076923078,0,source,0.0,catboost,0.1870889663696289,,0.9166666666666666,0.37951504260551944,0.9970618996489433,,,,
wine,classification,131,13,block,0.5,0.46153846153846156,0,source,2.0,tabicl_impute,0.22127437591552734,,0.9361702127659575,0.1715955287218094,1.0,,,,
wine,classification,131,13,block,0.5,0.46153846153846156,0,source,2.0,tabicl_indicator,0.256511926651001,,0.9574468085106383,0.21084824204444885,1.0,,,,
wine,classification,131,13,block,0.5,0.46153846153846156,0,source,2.0,tabicl_iterimpute,0.27323341369628906,,0.9148936170212766,0.22783169150352478,0.9851814851814852,,,,
wine,classification,131,13,block,0.5,0.46153846153846156,0,source,2.0,tabicl_knnimpute,0.22274279594421387,,0.9574468085106383,0.12018699944019318,0.9987789987789988,,,,
wine,classification,131,13,block,0.5,0.46153846153846156,0,source,2.0,tabicl_aware_zero,0.22196054458618164,,0.9148936170212766,0.18986649811267853,0.9993894993894994,,,,
wine,classification,131,13,block,0.5,0.46153846153846156,0,source,2.0,tabicl_aware,0.28832459449768066,,0.9574468085106383,0.13281488418579102,1.0,,,,
wine,classification,131,13,block,0.5,0.46153846153846156,0,source,2.0,xgboost,0.07459759712219238,,0.9574468085106383,0.1647912859916687,0.9895659895659895,,,,
wine,classification,131,13,block,0.5,0.46153846153846156,0,source,2.0,catboost,0.22581195831298828,,0.8723404255319149,0.294449136287604,0.9690864690864691,,,,
wine,classification,82,13,block_shift,0.3,0.2722558340535869,0,source,0.0,tabicl_impute,0.2166118621826172,,0.8958333333333334,0.22800295054912567,0.9932861497760554,,,,
wine,classification,82,13,block_shift,0.3,0.2722558340535869,0,source,0.0,tabicl_indicator,0.21549344062805176,,0.8958333333333334,0.22800295054912567,0.9932861497760554,,,,
wine,classification,82,13,block_shift,0.3,0.2722558340535869,0,source,0.0,tabicl_iterimpute,0.2227954864501953,,0.8645833333333334,0.3513132333755493,0.9907356058467124,,,,
wine,classification,82,13,block_shift,0.3,0.2722558340535869,0,source,0.0,tabicl_knnimpute,0.21503114700317383,,0.84375,0.4571863114833832,0.9861295254269941,,,,
wine,classification,82,13,block_shift,0.3,0.2722558340535869,0,source,0.0,tabicl_aware_zero,0.21185612678527832,,0.8958333333333334,0.24575304985046387,0.9934489101927221,,,,
wine,classification,82,13,block_shift,0.3,0.2722558340535869,0,source,0.0,tabicl_aware,0.3238680362701416,,0.90625,0.203932523727417,0.9943742210995298,,,,
wine,classification,82,13,block_shift,0.3,0.2722558340535869,0,source,0.0,xgboost,0.05996298789978027,,0.59375,0.7192713618278503,0.974432775663201,,,,
wine,classification,82,13,block_shift,0.3,0.2722558340535869,0,source,0.0,catboost,0.2042407989501953,,0.5520833333333334,0.8375308990835778,0.9208759130332113,,,,
wine,classification,131,13,block_shift,0.5,0.46153846153846156,0,source,2.0,tabicl_impute,0.21957778930664062,,0.7872340425531915,0.5161142945289612,0.9457209457209457,,,,
wine,classification,131,13,block_shift,0.5,0.46153846153846156,0,source,2.0,tabicl_indicator,0.2523612976074219,,0.6170212765957447,0.6244581341743469,0.9187479187479187,,,,
wine,classification,131,13,block_shift,0.5,0.46153846153846156,0,source,2.0,tabicl_iterimpute,0.2539050579071045,,0.574468085106383,1.351446509361267,0.8038184038184037,,,,
wine,classification,131,13,block_shift,0.5,0.46153846153846156,0,source,2.0,tabicl_knnimpute,0.2267475128173828,,0.8085106382978723,0.4610673487186432,0.9736929736929737,,,,
wine,classification,131,13,block_shift,0.5,0.46153846153846156,0,source,2.0,tabicl_aware_zero,0.2221393585205078,,0.6382978723404256,0.6240359544754028,0.909035409035409,,,,
wine,classification,131,13,block_shift,0.5,0.46153846153846156,0,source,2.0,tabicl_aware,0.28810763359069824,,0.7446808510638298,0.45017972588539124,0.9442224442224442,,,,
wine,classification,131,13,block_shift,0.5,0.46153846153846156,0,source,2.0,xgboost,0.0874793529510498,,0.7021276595744681,1.1135022640228271,0.9378787878787879,,,,
wine,classification,131,13,block_shift,0.5,0.46153846153846156,0,source,2.0,catboost,0.2500917911529541,,0.6595744680851063,1.419395885121759,0.6383227883227883,,,,
wine,classification,124,13,none,0.0,0.0,1,random,,tabicl_impute,0.22016596794128418,,0.9814814814814815,0.02782970666885376,1.0,,,,
wine,classification,124,13,none,0.0,0.0,1,random,,tabicl_indicator,0.21896743774414062,,0.9814814814814815,0.02782970666885376,1.0,,,,
wine,classification,124,13,none,0.0,0.0,1,random,,tabicl_iterimpute,0.22818422317504883,,0.9814814814814815,0.02782970666885376,1.0,,,,
wine,classification,124,13,none,0.0,0.0,1,random,,tabicl_knnimpute,0.21896958351135254,,0.9814814814814815,0.02782970666885376,1.0,,,,
wine,classification,124,13,none,0.0,0.0,1,random,,tabicl_aware_zero,0.21909189224243164,,0.9814814814814815,0.02782970666885376,1.0,,,,
wine,classification,124,13,none,0.0,0.0,1,random,,tabicl_aware,0.28571200370788574,,0.9814814814814815,0.031162023544311523,1.0,,,,
wine,classification,124,13,none,0.0,0.0,1,random,,xgboost,0.0515599250793457,,0.8888888888888888,0.2036891132593155,0.9920367698145475,,,,
wine,classification,124,13,none,0.0,0.0,1,random,,catboost,0.2228069305419922,,0.9814814814814815,0.12881691069314985,0.9970137886804554,,,,
wine,classification,116,13,block,0.3,0.2808988764044944,1,source,0.0,tabicl_impute,0.21811604499816895,,0.9032258064516129,0.2244987040758133,1.0,,,,
wine,classification,116,13,block,0.3,0.2808988764044944,1,source,0.0,tabicl_indicator,0.2260117530822754,,0.9032258064516129,0.2377987951040268,0.9985301735301735,,,,
wine,classification,116,13,block,0.3,0.2808988764044944,1,source,0.0,tabicl_iterimpute,0.24213576316833496,,0.9354838709677419,0.15566538274288177,0.9911810411810412,,,,
wine,classification,116,13,block,0.3,0.2808988764044944,1,source,0.0,tabicl_knnimpute,0.21646809577941895,,0.9032258064516129,0.19147540628910065,0.988237456987457,,,,
wine,classification,116,13,block,0.3,0.2808988764044944,1,source,0.0,tabicl_aware_zero,0.2145843505859375,,0.9193548387096774,0.2232854962348938,0.9985301735301735,,,,
wine,classification,116,13,block,0.3,0.2808988764044944,1,source,0.0,tabicl_aware,0.33301401138305664,,0.9032258064516129,0.23636510968208313,0.997060347060347,,,,
wine,classification,116,13,block,0.3,0.2808988764044944,1,source,0.0,xgboost,0.05510091781616211,,0.7741935483870968,0.8011710047721863,0.9339775964775964,,,,
wine,classification,116,13,block,0.3,0.2808988764044944,1,source,0.0,catboost,0.2180922031402588,,0.41935483870967744,1.8825976599124765,0.6892188829688829,,,,
wine,classification,116,13,block,0.5,0.4347450302506482,1,source,0.0,tabicl_impute,0.21175503730773926,,0.8548387096774194,0.5343511700630188,0.9748907139867794,,,,
wine,classification,116,13,block,0.5,0.4347450302506482,1,source,0.0,tabicl_indicator,0.216827392578125,,0.8548387096774194,0.5437300205230713,0.9811660929417879,,,,
wine,classification,116,13,block,0.5,0.4347450302506482,1,source,0.0,tabicl_iterimpute,0.21646428108215332,,0.9193548387096774,0.211748406291008,0.9874069313173583,,,,
wine,classification,116,13,block,0.5,0.4347450302506482,1,source,0.0,tabicl_knnimpute,0.2108747959136963,,0.9032258064516129,0.35423827171325684,0.9796726918455184,,,,
wine,classification,116,13,block,0.5,0.4347450302506482,1,source,0.0,tabicl_aware_zero,0.2082223892211914,,0.7258064516129032,0.6252689957618713,0.9761147041948578,,,,
wine,classification,116,13,block,0.5,0.4347450302506482,1,source,0.0,tabicl_aware,0.2770345211029053,,0.8064516129032258,0.5036348104476929,0.9756721668793938,,,,
wine,classification,116,13,block,0.5,0.4347450302506482,1,source,0.0,xgboost,0.05504202842712402,,0.43548387096774194,1.982700228691101,0.9643941720101851,,,,
wine,classification,116,13,block,0.5,0.4347450302506482,1,source,0.0,catboost,0.2064046859741211,,0.3064516129032258,1.3090295473041647,0.9321067274456972,,,,
wine,classification,116,13,block_shift,0.3,0.3076923076923077,1,source,0.0,tabicl_impute,0.22105193138122559,,0.7580645161290323,0.4430560767650604,0.989612702112702,,,,
wine,classification,116,13,block_shift,0.3,0.3076923076923077,1,source,0.0,tabicl_indicator,0.2425680160522461,,0.7903225806451613,0.4195956885814667,0.9905328467828468,,,,
wine,classification,116,13,block_shift,0.3,0.3076923076923077,1,source,0.0,tabicl_iterimpute,0.27376842498779297,,0.8387096774193549,0.6765793561935425,0.9873487623487623,,,,
wine,classification,116,13,block_shift,0.3,0.3076923076923077,1,source,0.0,tabicl_knnimpute,0.2228562831878662,,0.5806451612903226,0.9068189263343811,0.9204193954193954,,,,
wine,classification,116,13,block_shift,0.3,0.3076923076923077,1,source,0.0,tabicl_aware_zero,0.21767973899841309,,0.8064516129032258,0.4032908082008362,0.98875222000222,,,,
wine,classification,116,13,block_shift,0.3,0.3076923076923077,1,source,0.0,tabicl_aware,0.28650999069213867,,0.8548387096774194,0.3841027021408081,0.9893245643245644,,,,
wine,classification,116,13,block_shift,0.3,0.3076923076923077,1,source,0.0,xgboost,0.07424807548522949,,0.6451612903225806,0.9403532147407532,0.9221907721907723,,,,
wine,classification,116,13,block_shift,0.3,0.3076923076923077,1,source,0.0,catboost,0.2380375862121582,,0.7741935483870968,0.6533382178325171,0.9691697191697192,,,,
wine,classification,116,13,block_shift,0.5,0.4105445116681072,1,source,0.0,tabicl_impute,0.21666598320007324,,0.8225806451612904,0.588178277015686,0.9700508726502997,,,,
wine,classification,116,13,block_shift,0.5,0.4105445116681072,1,source,0.0,tabicl_indicator,0.23478198051452637,,0.8225806451612904,0.62333744764328,0.9811116863377033,,,,
wine,classification,116,13,block_shift,0.5,0.4105445116681072,1,source,0.0,tabicl_iterimpute,0.2655010223388672,,0.5,1.3568997383117676,0.8332867989920124,,,,
wine,classification,116,13,block_shift,0.5,0.4105445116681072,1,source,0.0,tabicl_knnimpute,0.21696949005126953,,0.27419354838709675,2.6202478408813477,0.7628049393134185,,,,
wine,classification,116,13,block_shift,0.5,0.4105445116681072,1,source,0.0,tabicl_aware_zero,0.21634268760681152,,0.7741935483870968,0.6359179019927979,0.9680108889701691,,,,
wine,classification,116,13,block_shift,0.5,0.4105445116681072,1,source,0.0,tabicl_aware,0.28328490257263184,,0.8064516129032258,0.5579025745391846,0.9714648313524327,,,,
wine,classification,116,13,block_shift,0.5,0.4105445116681072,1,source,0.0,xgboost,0.07561206817626953,,0.8064516129032258,0.782743513584137,0.9519271698138354,,,,
wine,classification,116,13,block_shift,0.5,0.4105445116681072,1,source,0.0,catboost,0.23626112937927246,,0.3709677419354839,1.085214792017826,0.9188383535374781,,,,
wine,classification,124,13,none,0.0,0.0,2,random,,tabicl_impute,0.22107720375061035,,0.9814814814814815,0.03456585109233856,1.0,,,,
wine,classification,124,13,none,0.0,0.0,2,random,,tabicl_indicator,0.22303509712219238,,0.9814814814814815,0.03456585109233856,1.0,,,,
wine,classification,124,13,none,0.0,0.0,2,random,,tabicl_iterimpute,0.2747976779937744,,0.9814814814814815,0.03456585109233856,1.0,,,,
wine,classification,124,13,none,0.0,0.0,2,random,,tabicl_knnimpute,0.2223186492919922,,0.9814814814814815,0.03456585109233856,1.0,,,,
wine,classification,124,13,none,0.0,0.0,2,random,,tabicl_aware_zero,0.21890568733215332,,0.9814814814814815,0.03456585109233856,1.0,,,,
wine,classification,124,13,none,0.0,0.0,2,random,,tabicl_aware,0.2866086959838867,,0.9814814814814815,0.03845459595322609,1.0,,,,
wine,classification,124,13,none,0.0,0.0,2,random,,xgboost,0.05231785774230957,,0.9259259259259259,0.19055958092212677,0.9965327881994549,,,,
wine,classification,124,13,none,0.0,0.0,2,random,,catboost,0.20510435104370117,,0.9444444444444444,0.1856370749122552,0.9943203915426136,,,,
wine,classification,93,13,block,0.3,0.23076923076923078,2,source,1.0,tabicl_impute,0.21769380569458008,,0.9764705882352941,0.05011184513568878,0.9991874773957098,,,,
wine,classification,93,13,block,0.3,0.23076923076923078,2,source,1.0,tabicl_indicator,0.21546292304992676,,0.9764705882352941,0.05011184513568878,0.9991874773957098,,,,
wine,classification,93,13,block,0.3,0.23076923076923078,2,source,1.0,tabicl_iterimpute,0.2190561294555664,,0.9764705882352941,0.04296223446726799,0.9991874773957098,,,,
wine,classification,93,13,block,0.3,0.23076923076923078,2,source,1.0,tabicl_knnimpute,0.21239328384399414,,0.9764705882352941,0.050479281693696976,0.9991874773957098,,,,
wine,classification,93,13,block,0.3,0.23076923076923078,2,source,1.0,tabicl_aware_zero,0.21092724800109863,,0.9764705882352941,0.05043628811836243,0.9991874773957098,,,,
wine,classification,93,13,block,0.3,0.23076923076923078,2,source,1.0,tabicl_aware,0.28003478050231934,,0.9764705882352941,0.051703210920095444,0.9991874773957098,,,,
wine,classification,93,13,block,0.3,0.23076923076923078,2,source,1.0,xgboost,0.051845550537109375,,0.9176470588235294,0.13317713141441345,0.9955107279027624,,,,
wine,classification,93,13,block,0.3,0.23076923076923078,2,source,1.0,catboost,0.19693899154663086,,0.9647058823529412,0.17309295221250143,0.9994331065759637,,,,
wine,classification,116,13,block,0.5,0.4407951598962835,2,source,0.0,tabicl_impute,0.21783900260925293,,0.8870967741935484,0.20275427401065826,0.9903083853083854,,,,
wine,classification,116,13,block,0.5,0.4407951598962835,2,source,0.0,tabicl_indicator,0.22838497161865234,,0.8870967741935484,0.19464080035686493,0.9888754138754138,,,,
wine,classification,116,13,block,0.5,0.4407951598962835,2,source,0.0,tabicl_iterimpute,0.2366786003112793,,0.45161290322580644,1.6060470342636108,0.7991595853360559,,,,
wine,classification,116,13,block,0.5,0.4407951598962835,2,source,0.0,tabicl_knnimpute,0.21381139755249023,,0.9193548387096774,0.24092580378055573,0.9854068239362356,,,,
wine,classification,116,13,block,0.5,0.4407951598962835,2,source,0.0,tabicl_aware_zero,0.21160411834716797,,0.9032258064516129,0.2414616197347641,0.9888669438669438,,,,
wine,classification,116,13,block,0.5,0.4407951598962835,2,source,0.0,tabicl_aware,0.32224035263061523,,0.9032258064516129,0.22960485517978668,0.9881546931546931,,,,
wine,classification,116,13,block,0.5,0.4407951598962835,2,source,0.0,xgboost,0.06226825714111328,,0.8225806451612904,0.5602198839187622,0.9584860981919805,,,,
wine,classification,116,13,block,0.5,0.4407951598962835,2,source,0.0,catboost,0.20852351188659668,,0.43548387096774194,1.2331862881544275,0.9490165278400573,,,,
wine,classification,93,13,block_shift,0.3,0.27095937770095074,2,source,1.0,tabicl_impute,0.21091222763061523,,0.7764705882352941,0.4803209602832794,0.9744998064872142,,,,
wine,classification,93,13,block_shift,0.3,0.27095937770095074,2,source,1.0,tabicl_indicator,0.20688223838806152,,0.7764705882352941,0.4803209602832794,0.9744998064872142,,,,
wine,classification,93,13,block_shift,0.3,0.27095937770095074,2,source,1.0,tabicl_iterimpute,0.21409058570861816,,0.9176470588235294,0.24135546386241913,0.9763477140968488,,,,
wine,classification,93,13,block_shift,0.3,0.27095937770095074,2,source,1.0,tabicl_knnimpute,0.20683598518371582,,0.8352941176470589,0.49497535824775696,0.9618392889628571,,,,
wine,classification,93,13,block_shift,0.3,0.27095937770095074,2,source,1.0,tabicl_aware_zero,0.20633316040039062,,0.7764705882352941,0.49191054701805115,0.9749508574053772,,,,
wine,classification,93,13,block_shift,0.3,0.27095937770095074,2,source,1.0,tabicl_aware,0.27364325523376465,,0.788235294117647,0.4463512599468231,0.9752294011120917,,,,
wine,classification,93,13,block_shift,0.3,0.27095937770095074,2,source,1.0,xgboost,0.05816531181335449,,0.27058823529411763,2.046677827835083,0.9265675686279383,,,,
wine,classification,93,13,block_shift,0.3,0.27095937770095074,2,source,1.0,catboost,0.21695685386657715,,0.6823529411764706,0.6167805256270795,0.9593235194334122,,,,
wine,classification,116,13,block_shift,0.5,0.40535868625756266,2,source,0.0,tabicl_impute,0.21902966499328613,,0.6129032258064516,0.8538139462471008,0.8652006572594808,,,,
wine,classification,116,13,block_shift,0.5,0.40535868625756266,2,source,0.0,tabicl_indicator,0.2360994815826416,,0.5967741935483871,0.7986186146736145,0.8991905130140424,,,,
wine,classification,116,13,block_shift,0.5,0.40535868625756266,2,source,0.0,tabicl_iterimpute,0.272416353225708,,0.43548387096774194,1.401108741760254,0.7770339467398291,,,,
wine,classification,116,13,block_shift,0.5,0.40535868625756266,2,source,0.0,tabicl_knnimpute,0.2253572940826416,,0.6451612903225806,1.0112687349319458,0.85019999019999,,,,
wine,classification,116,13,block_shift,0.5,0.40535868625756266,2,source,0.0,tabicl_aware_zero,0.21441197395324707,,0.5161290322580645,0.9150406718254089,0.8367488899841841,,,,
wine,classification,116,13,block_shift,0.5,0.40535868625756266,2,source,0.0,tabicl_aware,0.28246212005615234,,0.6774193548387096,0.979572594165802,0.8241465323818264,,,,
wine,classification,116,13,block_shift,0.5,0.40535868625756266,2,source,0.0,xgboost,0.08133602142333984,,0.5483870967741935,1.64140784740448,0.836530189177248,,,,
wine,classification,116,13,block_shift,0.5,0.40535868625756266,2,source,0.0,catboost,0.2348346710205078,,0.41935483870967744,1.8484232707524102,0.8163109221932752,,,,
wine,classification,124,13,none,0.0,0.0,3,random,,tabicl_impute,0.22319579124450684,,1.0,0.004888887982815504,1.0,,,,
wine,classification,124,13,none,0.0,0.0,3,random,,tabicl_indicator,0.22061395645141602,,1.0,0.004888887982815504,1.0,,,,
wine,classification,124,13,none,0.0,0.0,3,random,,tabicl_iterimpute,0.23011016845703125,,1.0,0.004888887982815504,1.0,,,,
wine,classification,124,13,none,0.0,0.0,3,random,,tabicl_knnimpute,0.22042083740234375,,1.0,0.004888887982815504,1.0,,,,
wine,classification,124,13,none,0.0,0.0,3,random,,tabicl_aware_zero,0.2611062526702881,,1.0,0.004888887982815504,1.0,,,,
wine,classification,124,13,none,0.0,0.0,3,random,,tabicl_aware,0.28927063941955566,,1.0,0.003464858513325453,1.0,,,,
wine,classification,124,13,none,0.0,0.0,3,random,,xgboost,0.057656288146972656,,0.9814814814814815,0.06762160360813141,1.0,,,,
wine,classification,124,13,none,0.0,0.0,3,random,,catboost,0.21248388290405273,,1.0,0.03354117518816149,1.0,,,,
wine,classification,127,13,block,0.3,0.3076923076923077,3,source,3.0,tabicl_impute,0.22471094131469727,,0.9019607843137255,0.33341479301452637,0.9880952380952381,,,,
wine,classification,127,13,block,0.3,0.3076923076923077,3,source,3.0,tabicl_indicator,0.2509431838989258,,0.9019607843137255,0.3176615536212921,0.9873015873015873,,,,
wine,classification,127,13,block,0.3,0.3076923076923077,3,source,3.0,tabicl_iterimpute,0.25333547592163086,,0.803921568627451,0.6600891351699829,0.9368606701940035,,,,
wine,classification,127,13,block,0.3,0.3076923076923077,3,source,3.0,tabicl_knnimpute,0.22851896286010742,,0.9019607843137255,0.31203532218933105,0.9753968253968255,,,,
wine,classification,127,13,block,0.3,0.3076923076923077,3,source,3.0,tabicl_aware_zero,0.22520780563354492,,0.9019607843137255,0.34450629353523254,0.9868606701940035,,,,
wine,classification,127,13,block,0.3,0.3076923076923077,3,source,3.0,tabicl_aware,0.29007840156555176,,0.9019607843137255,0.31347954273223877,0.9891534391534392,,,,
wine,classification,127,13,block,0.3,0.3076923076923077,3,source,3.0,xgboost,0.06626558303833008,,0.8235294117647058,0.49414485692977905,0.9651675485008818,,,,
wine,classification,127,13,block,0.3,0.3076923076923077,3,source,3.0,catboost,0.21515297889709473,,0.6862745098039216,0.844697735028829,0.917283950617284,,,,
wine,classification,119,13,block,0.5,0.439066551426102,3,source,1.0,tabicl_impute,0.2172996997833252,,0.9152542372881356,0.32333219051361084,0.9861322395135126,,,,
wine,classification,119,13,block,0.5,0.439066551426102,3,source,1.0,tabicl_indicator,0.2416682243347168,,0.9322033898305084,0.38607874512672424,0.9857730566726893,,,,
wine,classification,119,13,block,0.5,0.439066551426102,3,source,1.0,tabicl_iterimpute,0.28269147872924805,,0.8813559322033898,0.33141177892684937,0.9592452546093918,,,,
wine,classification,119,13,block,0.5,0.439066551426102,3,source,1.0,tabicl_knnimpute,0.21821832656860352,,0.9152542372881356,0.20335322618484497,0.9887762040760816,,,,
wine,classification,119,13,block,0.5,0.439066551426102,3,source,1.0,tabicl_aware_zero,0.2146759033203125,,0.9152542372881356,0.36306488513946533,0.9812450214683995,,,,
wine,classification,119,13,block,0.5,0.439066551426102,3,source,1.0,tabicl_aware,0.28284406661987305,,0.9152542372881356,0.2598840594291687,0.9817336461308309,,,,
wine,classification,119,13,block,0.5,0.439066551426102,3,source,1.0,xgboost,0.07685613632202148,,0.7627118644067796,0.5108217000961304,0.9646786539993393,,,,
wine,classification,119,13,block,0.5,0.439066551426102,3,source,1.0,catboost,0.21543240547180176,,0.4067796610169492,0.9115144302133055,0.941765751588273,,,,
wine,classification,127,13,block_shift,0.3,0.28565254969749354,3,source,3.0,tabicl_impute,0.22022294998168945,,0.8627450980392157,0.26015982031822205,0.9944444444444445,,,,
wine,classification,127,13,block_shift,0.3,0.28565254969749354,3,source,3.0,tabicl_indicator,0.24369144439697266,,0.8627450980392157,0.282636821269989,0.9971781305114638,,,,
wine,classification,127,13,block_shift,0.3,0.28565254969749354,3,source,3.0,tabicl_iterimpute,0.2583122253417969,,0.6470588235294118,0.7070541977882385,0.9368606701940035,,,,
wine,classification,127,13,block_shift,0.3,0.28565254969749354,3,source,3.0,tabicl_knnimpute,0.2212517261505127,,0.9215686274509803,0.19182544946670532,0.9933862433862434,,,,
wine,classification,127,13,block_shift,0.3,0.28565254969749354,3,source,3.0,tabicl_aware_zero,0.2172541618347168,,0.8431372549019608,0.27780887484550476,0.9950617283950617,,,,
wine,classification,127,13,block_shift,0.3,0.28565254969749354,3,source,3.0,tabicl_aware,0.28546643257141113,,0.8823529411764706,0.2667817175388336,0.9961199294532627,,,,
wine,classification,127,13,block_shift,0.3,0.28565254969749354,3,source,3.0,xgboost,0.06388521194458008,,0.8627450980392157,0.34295329451560974,0.9764550264550266,,,,
wine,classification,127,13,block_shift,0.3,0.28565254969749354,3,source,3.0,catboost,0.2460498809814453,,0.7843137254901961,0.6045612344636976,0.9589065255731922,,,,
wine,classification,119,13,block_shift,0.5,0.4070872947277442,3,source,1.0,tabicl_impute,0.21996068954467773,,0.8305084745762712,0.49609771370887756,0.9596908939014203,,,,
wine,classification,119,13,block_shift,0.5,0.4070872947277442,3,source,1.0,tabicl_indicator,0.24525690078735352,,0.8813559322033898,0.5963915586471558,0.9509189640768588,,,,
wine,classification,119,13,block_shift,0.5,0.4070872947277442,3,source,1.0,tabicl_iterimpute,0.2873373031616211,,0.6610169491525424,0.8481132984161377,0.9082735909541295,,,,
wine,classification,119,13,block_shift,0.5,0.4070872947277442,3,source,1.0,tabicl_knnimpute,0.26444196701049805,,0.864406779661017,0.3328953683376312,0.9768170426065163,,,,
wine,classification,119,13,block_shift,0.5,0.4070872947277442,3,source,1.0,tabicl_aware_zero,0.2190840244293213,,0.847457627118644,0.5394981503486633,0.9613617376775272,,,,
wine,classification,119,13,block_shift,0.5,0.4070872947277442,3,source,1.0,tabicl_aware,0.2869224548339844,,0.8983050847457628,0.41086137294769287,0.9619674185463659,,,,
wine,classification,119,13,block_shift,0.5,0.4070872947277442,3,source,1.0,xgboost,0.07614254951477051,,0.8813559322033898,0.46616411209106445,0.96921956052923,,,,
wine,classification,119,13,block_shift,0.5,0.4070872947277442,3,source,1.0,catboost,0.23580145835876465,,0.5084745762711864,0.785229910866017,0.9205474927629149,,,,
wine,classification,124,13,none,0.0,0.0,4,random,,tabicl_impute,0.22140121459960938,,0.9814814814814815,0.025558272376656532,1.0,,,,
wine,classification,124,13,none,0.0,0.0,4,random,,tabicl_indicator,0.22179222106933594,,0.9814814814814815,0.025558272376656532,1.0,,,,
wine,classification,124,13,none,0.0,0.0,4,random,,tabicl_iterimpute,0.2317347526550293,,0.9814814814814815,0.025558272376656532,1.0,,,,
wine,classification,124,13,none,0.0,0.0,4,random,,tabicl_knnimpute,0.22119569778442383,,0.9814814814814815,0.025558272376656532,1.0,,,,
wine,classification,124,13,none,0.0,0.0,4,random,,tabicl_aware_zero,0.22027015686035156,,0.9814814814814815,0.025558272376656532,1.0,,,,
wine,classification,124,13,none,0.0,0.0,4,random,,tabicl_aware,0.2870657444000244,,0.9814814814814815,0.022670838981866837,1.0,,,,
wine,classification,124,13,none,0.0,0.0,4,random,,xgboost,0.054885149002075195,,0.9629629629629629,0.11110292375087738,0.998523595745818,,,,
wine,classification,124,13,none,0.0,0.0,4,random,,catboost,0.21863818168640137,,0.9629629629629629,0.0961999291686303,1.0,,,,
wine,classification,126,13,block,0.3,0.3076923076923077,4,source,1.0,tabicl_impute,0.21961688995361328,,0.5,1.0091477632522583,0.9116931795240619,,,,
wine,classification,126,13,block,0.3,0.3076923076923077,4,source,1.0,tabicl_indicator,0.23424029350280762,,0.4807692307692308,0.9953293204307556,0.9100864782850078,,,,
wine,classification,126,13,block,0.3,0.3076923076923077,4,source,1.0,tabicl_iterimpute,0.25705409049987793,,0.4230769230769231,0.9903346300125122,0.9906731442577031,,,,
wine,classification,126,13,block,0.3,0.3076923076923077,4,source,1.0,tabicl_knnimpute,0.21949481964111328,,0.7115384615384616,0.786761999130249,0.9368818529664118,,,,
wine,classification,126,13,block,0.3,0.3076923076923077,4,source,1.0,tabicl_aware_zero,0.21732592582702637,,0.46153846153846156,1.0789885520935059,0.9017693113281348,,,,
wine,classification,126,13,block,0.3,0.3076923076923077,4,source,1.0,tabicl_aware,0.2856440544128418,,0.5384615384615384,0.9659820795059204,0.9328033521967346,,,,
wine,classification,126,13,block,0.3,0.3076923076923077,4,source,1.0,xgboost,0.06858611106872559,,0.6346153846153846,2.1666524410247803,0.8047993634390694,,,,
wine,classification,126,13,block,0.3,0.3076923076923077,4,source,1.0,catboost,0.2248075008392334,,0.28846153846153844,2.13795819638106,0.769544873129432,,,,
wine,classification,151,13,block,0.5,0.46153846153846156,4,source,1.0,tabicl_impute,0.22375082969665527,,0.8518518518518519,0.30573898553848267,1.0,,,,
wine,classification,151,13,block,0.5,0.46153846153846156,4,source,1.0,tabicl_indicator,0.2620811462402344,,0.8518518518518519,0.37993890047073364,0.9952380952380953,,,,
wine,classification,151,13,block,0.5,0.46153846153846156,4,source,1.0,tabicl_iterimpute,0.2531461715698242,,0.8148148148148148,0.3527257740497589,0.9610093610093609,,,,
wine,classification,151,13,block,0.5,0.46153846153846156,4,source,1.0,tabicl_knnimpute,0.22472715377807617,,0.9629629629629629,0.11563780903816223,0.9957875457875458,,,,
wine,classification,151,13,block,0.5,0.46153846153846156,4,source,1.0,tabicl_aware_zero,0.22172331809997559,,0.8518518518518519,0.386547327041626,1.0,,,,
wine,classification,151,13,block,0.5,0.46153846153846156,4,source,1.0,tabicl_aware,0.2896311283111572,,0.8888888888888888,0.24638430774211884,1.0,,,,
wine,classification,151,13,block,0.5,0.46153846153846156,4,source,1.0,xgboost,0.0781412124633789,,0.8518518518518519,0.3288615942001343,0.9637362637362638,,,,
wine,classification,151,13,block,0.5,0.46153846153846156,4,source,1.0,catboost,0.23990607261657715,,0.6296296296296297,0.5705735395451024,0.9963369963369964,,,,
wine,classification,126,13,block_shift,0.3,0.3076923076923077,4,source,1.0,tabicl_impute,0.22266173362731934,,0.9230769230769231,0.26582586765289307,0.9913111641052818,,,,
wine,classification,126,13,block_shift,0.3,0.3076923076923077,4,source,1.0,tabicl_indicator,0.27683520317077637,,0.8846153846153846,0.34438803791999817,0.9896698825926767,,,,
wine,classification,126,13,block_shift,0.3,0.3076923076923077,4,source,1.0,tabicl_iterimpute,0.24464035034179688,,0.8846153846153846,0.3058018386363983,0.9911939775910364,,,,
wine,classification,126,13,block_shift,0.3,0.3076923076923077,4,source,1.0,tabicl_knnimpute,0.2201380729675293,,0.8461538461538461,0.4581109285354614,0.9787400320488556,,,,
wine,classification,126,13,block_shift,0.3,0.3076923076923077,4,source,1.0,tabicl_aware_zero,0.2188577651977539,,0.9038461538461539,0.2900121510028839,0.993032212885154,,,,
wine,classification,126,13,block_shift,0.3,0.3076923076923077,4,source,1.0,tabicl_aware,0.2842981815338135,,0.9038461538461539,0.2502070367336273,0.9919117647058823,,,,
wine,classification,126,13,block_shift,0.3,0.3076923076923077,4,source,1.0,xgboost,0.06183910369873047,,0.8461538461538461,0.5911729335784912,0.9463848827819415,,,,
wine,classification,126,13,block_shift,0.3,0.3076923076923077,4,source,1.0,catboost,0.2529006004333496,,0.6730769230769231,0.8312460892494411,0.944390306798395,,,,
wine,classification,151,13,block_shift,0.5,0.44727744165946415,4,source,1.0,tabicl_impute,0.2215275764465332,,0.7407407407407407,0.7627882957458496,0.8318274318274318,,,,
wine,classification,151,13,block_shift,0.5,0.44727744165946415,4,source,1.0,tabicl_indicator,0.255521297454834,,0.7407407407407407,0.7412003874778748,0.8662393162393162,,,,
wine,classification,151,13,block_shift,0.5,0.44727744165946415,4,source,1.0,tabicl_iterimpute,0.24631857872009277,,0.4444444444444444,1.0407980680465698,0.7105820105820105,,,,
wine,classification,151,13,block_shift,0.5,0.44727744165946415,4,source,1.0,tabicl_knnimpute,0.22092032432556152,,0.4444444444444444,1.2277987003326416,0.7876271876271875,,,,
wine,classification,151,13,block_shift,0.5,0.44727744165946415,4,source,1.0,tabicl_aware_zero,0.21807646751403809,,0.7037037037037037,0.7642050385475159,0.8487993487993487,,,,
wine,classification,151,13,block_shift,0.5,0.44727744165946415,4,source,1.0,tabicl_aware,0.28729796409606934,,0.7037037037037037,0.8953955769538879,0.824033374033374,,,,
wine,classification,151,13,block_shift,0.5,0.44727744165946415,4,source,1.0,xgboost,0.0882103443145752,,0.2962962962962963,3.3680787086486816,0.7890923890923891,,,,
wine,classification,151,13,block_shift,0.5,0.44727744165946415,4,source,1.0,catboost,0.26415324211120605,,0.5185185185185185,1.7413935356048156,0.7346764346764347,,,,
diabetes,regression,309,10,none,0.0,0.0,0,random,,tabicl_impute,0.267549991607666,,,,,55.49007660976261,0.4997350425142463,0.7669172932330827,1.7310171890189416
diabetes,regression,309,10,none,0.0,0.0,0,random,,tabicl_indicator,0.27707910537719727,,,,,55.49007660976261,0.4997350425142463,0.7669172932330827,1.7310171890189416
diabetes,regression,309,10,none,0.0,0.0,0,random,,tabicl_iterimpute,0.2656230926513672,,,,,55.49007660976261,0.4997350425142463,0.7669172932330827,1.7310171890189416
diabetes,regression,309,10,none,0.0,0.0,0,random,,tabicl_knnimpute,0.2586956024169922,,,,,55.49007660976261,0.4997350425142463,0.7669172932330827,1.7310171890189416
diabetes,regression,309,10,none,0.0,0.0,0,random,,tabicl_aware_zero,0.6898155212402344,,,,,55.49007660976261,0.4997350425142463,0.7669172932330827,1.7310171890189416
diabetes,regression,309,10,none,0.0,0.0,0,random,,tabicl_aware,0.3007988929748535,,,,,55.74772091424621,0.49507872742045556,0.7744360902255639,1.74054716932202
diabetes,regression,309,10,none,0.0,0.0,0,random,,xgboost,0.06738996505737305,,,,,60.83983019953005,0.3986249302163011,,
diabetes,regression,309,10,none,0.0,0.0,0,random,,catboost,0.18079161643981934,,,,,59.82022009416467,0.418612825561116,,
diabetes,regression,212,10,block,0.3,0.24796380090497738,0,source,0.0,tabicl_impute,0.21584773063659668,,,,,66.71394932797978,0.3004554606389156,0.6826086956521739,1.8445756564776794
diabetes,regression,212,10,block,0.3,0.24796380090497738,0,source,0.0,tabicl_indicator,0.20968246459960938,,,,,66.71394932797978,0.3004554606389156,0.6826086956521739,1.8445756564776794
diabetes,regression,212,10,block,0.3,0.24796380090497738,0,source,0.0,tabicl_iterimpute,0.2143867015838623,,,,,64.78036928081136,0.3404178285851308,0.6695652173913044,1.8005074155638385
diabetes,regression,212,10,block,0.3,0.24796380090497738,0,source,0.0,tabicl_knnimpute,0.21462368965148926,,,,,65.50269229304158,0.3256266944298284,0.6782608695652174,1.7937762023836743
diabetes,regression,212,10,block,0.3,0.24796380090497738,0,source,0.0,tabicl_aware_zero,0.21160078048706055,,,,,66.62090798106742,0.3024053131344917,0.6869565217391305,1.8523205593341923
diabetes,regression,212,10,block,0.3,0.24796380090497738,0,source,0.0,tabicl_aware,0.28300929069519043,,,,,65.91975886458472,0.3170116600635753,0.7,1.8655826963774536
diabetes,regression,212,10,block,0.3,0.24796380090497738,0,source,0.0,xgboost,0.058660268783569336,,,,,70.36227606476072,0.22185267594872837,,
diabetes,regression,212,10,block,0.3,0.24796380090497738,0,source,0.0,catboost,0.1280810832977295,,,,,68.58564699846205,0.26065260146573854,,
diabetes,regression,355,10,block,0.5,0.5,0,source,1.0,tabicl_impute,0.22254204750061035,,,,,62.775648939212076,0.2838059002428954,0.8275862068965517,2.327758364333125
diabetes,regression,355,10,block,0.5,0.5,0,source,1.0,tabicl_indicator,0.25838661193847656,,,,,62.8570476564759,0.2819473745911598,0.8275862068965517,2.356047698355678
diabetes,regression,355,10,block,0.5,0.5,0,source,1.0,tabicl_iterimpute,0.25394320487976074,,,,,88.92882844505408,-0.4372537778881007,0.6206896551724138,2.213160066775623
diabetes,regression,355,10,block,0.5,0.5,0,source,1.0,tabicl_knnimpute,0.22640037536621094,,,,,67.24518088684175,0.17819146126229346,0.8045977011494253,2.2110090126623496
diabetes,regression,355,10,block,0.5,0.5,0,source,1.0,tabicl_aware_zero,0.21912217140197754,,,,,63.03924746756493,0.27777859254995163,0.8505747126436781,2.3105635079375495
diabetes,regression,355,10,block,0.5,0.5,0,source,1.0,tabicl_aware,0.28506994247436523,,,,,62.79533488753707,0.28335664417185225,0.8505747126436781,2.2358427133245806
diabetes,regression,355,10,block,0.5,0.5,0,source,1.0,xgboost,0.06552386283874512,,,,,68.21746955863473,0.1542548254875007,,
diabetes,regression,355,10,block,0.5,0.5,0,source,1.0,catboost,0.1634371280670166,,,,,68.7883315409314,0.14004075729261356,,
diabetes,regression,212,10,block_shift,0.3,0.24796380090497738,0,source,0.0,tabicl_impute,0.21512484550476074,,,,,84.79010820440261,-0.12998440115567722,0.48695652173913045,1.307322901838059
diabetes,regression,212,10,block_shift,0.3,0.24796380090497738,0,source,0.0,tabicl_indicator,0.20976972579956055,,,,,84.79010820440261,-0.12998440115567722,0.48695652173913045,1.307322901838059
diabetes,regression,212,10,block_shift,0.3,0.24796380090497738,0,source,0.0,tabicl_iterimpute,0.21549677848815918,,,,,81.59638782924586,-0.046463141767780325,0.5217391304347826,1.3383827628997456
diabetes,regression,212,10,block_shift,0.3,0.24796380090497738,0,source,0.0,tabicl_knnimpute,0.21148324012756348,,,,,83.39505292190722,-0.09310692737590198,0.4956521739130435,1.3085172727560217
diabetes,regression,212,10,block_shift,0.3,0.24796380090497738,0,source,0.0,tabicl_aware_zero,0.2088146209716797,,,,,84.47338934156537,-0.12155844278005157,0.48695652173913045,1.3121921130433707
diabetes,regression,212,10,block_shift,0.3,0.24796380090497738,0,source,0.0,tabicl_aware,0.2751810550689697,,,,,83.7062969312248,-0.10128146182897835,0.49130434782608695,1.316809575689695
diabetes,regression,212,10,block_shift,0.3,0.24796380090497738,0,source,0.0,xgboost,0.06786608695983887,,,,,79.16449656869922,0.014984696365221928,,
diabetes,regression,212,10,block_shift,0.3,0.24796380090497738,0,source,0.0,catboost,0.15743374824523926,,,,,79.3054666361734,0.011473493404513757,,
diabetes,regression,355,10,block_shift,0.5,0.5,0,source,1.0,tabicl_impute,0.26729369163513184,,,,,63.24257482867023,0.2731121601211334,0.9425287356321839,2.735593863270015
diabetes,regression,355,10,block_shift,0.5,0.5,0,source,1.0,tabicl_indicator,0.2607142925262451,,,,,61.07150488555346,0.3221625485846157,0.9195402298850575,2.59708013085899
diabetes,regression,355,10,block_shift,0.5,0.5,0,source,1.0,tabicl_iterimpute,0.2843658924102783,,,,,70.14725459807352,0.1057279159539074,0.9080459770114943,2.8863772642948335
diabetes,regression,355,10,block_shift,0.5,0.5,0,source,1.0,tabicl_knnimpute,0.2270956039428711,,,,,66.64663799540287,0.1927560302065926,0.7471264367816092,1.9732248631754574
diabetes,regression,355,10,block_shift,0.5,0.5,0,source,1.0,tabicl_aware_zero,0.2211742401123047,,,,,62.803863380284646,0.28316197038871116,0.896551724137931,2.6113329985457545
diabetes,regression,355,10,block_shift,0.5,0.5,0,source,1.0,tabicl_aware,0.28902435302734375,,,,,60.80119104482304,0.32814973828136196,0.8620689655172413,2.2665579229479587
diabetes,regression,355,10,block_shift,0.5,0.5,0,source,1.0,xgboost,0.0903463363647461,,,,,70.94636051718045,0.08523706351943339,,
diabetes,regression,355,10,block_shift,0.5,0.5,0,source,1.0,catboost,0.23039960861206055,,,,,65.42198012344701,0.2221503035973954,,
diabetes,regression,309,10,none,0.0,0.0,1,random,,tabicl_impute,0.22540640830993652,,,,,57.08002702149802,0.4425941509376643,0.7669172932330827,1.722600177233775
diabetes,regression,309,10,none,0.0,0.0,1,random,,tabicl_indicator,0.2217574119567871,,,,,57.08002702149802,0.4425941509376643,0.7669172932330827,1.722600177233775
diabetes,regression,309,10,none,0.0,0.0,1,random,,tabicl_iterimpute,0.22806644439697266,,,,,57.08002702149802,0.4425941509376643,0.7669172932330827,1.722600177233775
diabetes,regression,309,10,none,0.0,0.0,1,random,,tabicl_knnimpute,0.2218489646911621,,,,,57.08002702149802,0.4425941509376643,0.7669172932330827,1.722600177233775
diabetes,regression,309,10,none,0.0,0.0,1,random,,tabicl_aware_zero,0.21979475021362305,,,,,57.08002702149802,0.4425941509376643,0.7669172932330827,1.722600177233775
diabetes,regression,309,10,none,0.0,0.0,1,random,,tabicl_aware,0.2865159511566162,,,,,57.11485971081027,0.4419136372800059,0.7593984962406015,1.731335687620751
diabetes,regression,309,10,none,0.0,0.0,1,random,,xgboost,0.06709122657775879,,,,,62.17950445358273,0.3385489736593107,,
diabetes,regression,309,10,none,0.0,0.0,1,random,,catboost,0.18369674682617188,,,,,58.831645086753454,0.40785895379889814,,
diabetes,regression,309,10,block,0.3,0.3,1,source,1.0,tabicl_impute,0.22063469886779785,,,,,60.5025883186925,0.3255042811425378,0.8195488721804511,2.155754826475104
diabetes,regression,309,10,block,0.3,0.3,1,source,1.0,tabicl_indicator,0.22472405433654785,,,,,60.09467251446795,0.33456868536434714,0.8195488721804511,2.1616956293942824
diabetes,regression,309,10,block,0.3,0.3,1,source,1.0,tabicl_iterimpute,0.23272919654846191,,,,,60.84770125231843,0.31778755049769214,0.7969924812030075,2.032843048235038
diabetes,regression,309,10,block,0.3,0.3,1,source,1.0,tabicl_knnimpute,0.22563910484313965,,,,,61.04298783077972,0.313401494041469,0.7744360902255639,2.0628067994901835
diabetes,regression,309,10,block,0.3,0.3,1,source,1.0,tabicl_aware_zero,0.2160341739654541,,,,,60.12687994468801,0.3338552252563032,0.8120300751879699,2.1055556424749584
diabetes,regression,309,10,block,0.3,0.3,1,source,1.0,tabicl_aware,0.2816026210784912,,,,,59.99951228709017,0.33667444471797026,0.8195488721804511,2.1285986752328396
diabetes,regression,309,10,block,0.3,0.3,1,source,1.0,xgboost,0.06288623809814453,,,,,63.964271699644655,0.24611308129822418,,
diabetes,regression,309,10,block,0.3,0.3,1,source,1.0,catboost,0.1618039608001709,,,,,67.67795237511942,0.15603252538600199,,
diabetes,regression,286,10,block,0.5,0.4339366515837104,1,source,0.0,tabicl_impute,0.2625246047973633,,,,,67.60428006233917,0.2054191936843891,0.7756410256410257,2.4113951721165483
diabetes,regression,286,10,block,0.5,0.4339366515837104,1,source,0.0,tabicl_indicator,0.2397472858428955,,,,,68.40929363365898,0.18638321808956915,0.7435897435897436,2.400778167495053
diabetes,regression,286,10,block,0.5,0.4339366515837104,1,source,0.0,tabicl_iterimpute,0.2422027587890625,,,,,67.192863946922,0.21506085064534608,0.8012820512820513,2.3729504290032417
diabetes,regression,286,10,block,0.5,0.4339366515837104,1,source,0.0,tabicl_knnimpute,0.22723007202148438,,,,,65.73345926017282,0.2487877498323381,0.75,2.1350293308957786
diabetes,regression,286,10,block,0.5,0.4339366515837104,1,source,0.0,tabicl_aware_zero,0.21387815475463867,,,,,67.66586545442877,0.20397085759108424,0.782051282051282,2.317651668888937
diabetes,regression,286,10,block,0.5,0.4339366515837104,1,source,0.0,tabicl_aware,0.2855865955352783,,,,,66.75967442831787,0.22514916423239417,0.7692307692307693,2.3026261024848718
diabetes,regression,286,10,block,0.5,0.4339366515837104,1,source,0.0,xgboost,0.06373429298400879,,,,,109.84174693622217,-1.097609051550548,,
diabetes,regression,286,10,block,0.5,0.4339366515837104,1,source,0.0,catboost,0.14301085472106934,,,,,69.73175085280369,0.1546222264994862,,
diabetes,regression,309,10,block_shift,0.3,0.3,1,source,1.0,tabicl_impute,0.22419095039367676,,,,,64.00709597171732,0.24510328426627825,0.7443609022556391,2.07231079997643
diabetes,regression,309,10,block_shift,0.3,0.3,1,source,1.0,tabicl_indicator,0.23229002952575684,,,,,62.947556431627454,0.26988874966186616,0.7744360902255639,2.0945578455082323
diabetes,regression,309,10,block_shift,0.3,0.3,1,source,1.0,tabicl_iterimpute,0.24127602577209473,,,,,62.6128601093307,0.27763220819375944,0.849624060150376,2.522956389295973
diabetes,regression,309,10,block_shift,0.3,0.3,1,source,1.0,tabicl_knnimpute,0.22618889808654785,,,,,64.64578798673632,0.22996271161324833,0.7142857142857143,2.0136629251223237
diabetes,regression,309,10,block_shift,0.3,0.3,1,source,1.0,tabicl_aware_zero,0.21632981300354004,,,,,64.17967708245892,0.24102696901760057,0.7293233082706767,2.064890906559871
diabetes,regression,309,10,block_shift,0.3,0.3,1,source,1.0,tabicl_aware,0.2813408374786377,,,,,64.13427520378846,0.24210041203380683,0.7368421052631579,2.030137147344718
diabetes,regression,309,10,block_shift,0.3,0.3,1,source,1.0,xgboost,0.08557367324829102,,,,,77.2252366510801,-0.09887877386836741,,
diabetes,regression,309,10,block_shift,0.3,0.3,1,source,1.0,catboost,0.21104145050048828,,,,,64.37358213860303,0.23643389425796713,,
diabetes,regression,286,10,block_shift,0.5,0.4669683257918552,1,source,0.0,tabicl_impute,0.21855759620666504,,,,,74.99179527959824,0.022273949000735427,0.717948717948718,2.138966897646722
diabetes,regression,286,10,block_shift,0.5,0.4669683257918552,1,source,0.0,tabicl_indicator,0.22834348678588867,,,,,73.64672574817257,0.05703283076583965,0.7371794871794872,2.2520264282136533
diabetes,regression,286,10,block_shift,0.5,0.4669683257918552,1,source,0.0,tabicl_iterimpute,0.24020648002624512,,,,,72.72608098515384,0.08046120611904795,0.7371794871794872,1.9190542674123086
diabetes,regression,286,10,block_shift,0.5,0.4669683257918552,1,source,0.0,tabicl_knnimpute,0.22063946723937988,,,,,68.50138008471322,0.18419130803331474,0.7243589743589743,1.7760953042738328
diabetes,regression,286,10,block_shift,0.5,0.4669683257918552,1,source,0.0,tabicl_aware_zero,0.21343016624450684,,,,,75.62167202633819,0.005780591672796986,0.7371794871794872,2.16325342146461
diabetes,regression,286,10,block_shift,0.5,0.4669683257918552,1,source,0.0,tabicl_aware,0.2803659439086914,,,,,73.94810760134258,0.04929929782592235,0.7243589743589743,2.1078635204919856
diabetes,regression,286,10,block_shift,0.5,0.4669683257918552,1,source,0.0,xgboost,0.07057309150695801,,,,,82.51691592157655,-0.183792710323061,,
diabetes,regression,286,10,block_shift,0.5,0.4669683257918552,1,source,0.0,catboost,0.20827913284301758,,,,,79.15403729351662,-0.08927071566116962,,
diabetes,regression,309,10,none,0.0,0.0,2,random,,tabicl_impute,0.22568464279174805,,,,,57.14077440886495,0.459158988773712,0.7518796992481203,1.786914434296781
diabetes,regression,309,10,none,0.0,0.0,2,random,,tabicl_indicator,0.22147417068481445,,,,,57.14077440886495,0.459158988773712,0.7518796992481203,1.786914434296781
diabetes,regression,309,10,none,0.0,0.0,2,random,,tabicl_iterimpute,0.22687554359436035,,,,,57.14077440886495,0.459158988773712,0.7518796992481203,1.786914434296781
diabetes,regression,309,10,none,0.0,0.0,2,random,,tabicl_knnimpute,0.22122597694396973,,,,,57.14077440886495,0.459158988773712,0.7518796992481203,1.786914434296781
diabetes,regression,309,10,none,0.0,0.0,2,random,,tabicl_aware_zero,0.2589843273162842,,,,,57.14077440886495,0.459158988773712,0.7518796992481203,1.786914434296781
diabetes,regression,309,10,none,0.0,0.0,2,random,,tabicl_aware,0.2907135486602783,,,,,57.09440991379283,0.4600363183967522,0.7819548872180451,1.7955536156334195
diabetes,regression,309,10,none,0.0,0.0,2,random,,xgboost,0.06406426429748535,,,,,63.145480915977394,0.3395165760789919,,
diabetes,regression,309,10,none,0.0,0.0,2,random,,catboost,0.1854686737060547,,,,,60.57583475342699,0.3921783188675436,,
diabetes,regression,211,10,block,0.3,0.20452488687782805,2,source,0.0,tabicl_impute,0.2234499454498291,,,,,60.205736970753364,0.4013313773035013,0.7402597402597403,1.8121668046171038
diabetes,regression,211,10,block,0.3,0.20452488687782805,2,source,0.0,tabicl_indicator,0.2178502082824707,,,,,60.205736970753364,0.4013313773035013,0.7402597402597403,1.8121668046171038
diabetes,regression,211,10,block,0.3,0.20452488687782805,2,source,0.0,tabicl_iterimpute,0.22806406021118164,,,,,59.44070664806116,0.41644919785875756,0.7575757575757576,1.7754949137092195
diabetes,regression,211,10,block,0.3,0.20452488687782805,2,source,0.0,tabicl_knnimpute,0.21953582763671875,,,,,59.35915645396625,0.41804931464768,0.7532467532467533,1.7591322147233805
diabetes,regression,211,10,block,0.3,0.20452488687782805,2,source,0.0,tabicl_aware_zero,0.21650290489196777,,,,,60.23055202806534,0.40083776793881465,0.7445887445887446,1.8106015421765174
diabetes,regression,211,10,block,0.3,0.20452488687782805,2,source,0.0,tabicl_aware,0.28290581703186035,,,,,60.22028949628138,0.4010419300257836,0.7489177489177489,1.8009748447985638
diabetes,regression,211,10,block,0.3,0.20452488687782805,2,source,0.0,xgboost,0.05972743034362793,,,,,69.05594181817348,0.21238704989136414,,
diabetes,regression,211,10,block,0.3,0.20452488687782805,2,source,0.0,catboost,0.16280531883239746,,,,,63.058265172969094,0.3432580173222306,,
diabetes,regression,293,10,block,0.5,0.4291855203619909,2,source,0.0,tabicl_impute,0.22147393226623535,,,,,63.746120320999786,0.3444703885150432,0.785234899328859,1.921964128932721
diabetes,regression,293,10,block,0.5,0.4291855203619909,2,source,0.0,tabicl_indicator,0.2312157154083252,,,,,63.86197712797169,0.34208540936402776,0.7919463087248322,1.9392952347430372
diabetes,regression,293,10,block,0.5,0.4291855203619909,2,source,0.0,tabicl_iterimpute,0.2378833293914795,,,,,63.13191788083563,0.35704176377814667,0.7986577181208053,1.8376342464461632
diabetes,regression,293,10,block,0.5,0.4291855203619909,2,source,0.0,tabicl_knnimpute,0.22433805465698242,,,,,66.36497246307272,0.28950236747019364,0.7919463087248322,1.9527746822339138
diabetes,regression,293,10,block,0.5,0.4291855203619909,2,source,0.0,tabicl_aware_zero,0.21316099166870117,,,,,62.29475408323019,0.3739806611384764,0.7785234899328859,1.9270330694250704
diabetes,regression,293,10,block,0.5,0.4291855203619909,2,source,0.0,tabicl_aware,0.2784435749053955,,,,,61.81185701620937,0.3836486086184421,0.785234899328859,1.9176207901686593
diabetes,regression,293,10,block,0.5,0.4291855203619909,2,source,0.0,xgboost,0.06771373748779297,,,,,78.49804762326406,0.005963094739919406,,
diabetes,regression,293,10,block,0.5,0.4291855203619909,2,source,0.0,catboost,0.12606143951416016,,,,,73.5857976934585,0.126480101852379,,
diabetes,regression,211,10,block_shift,0.3,0.252262443438914,2,source,0.0,tabicl_impute,0.2172551155090332,,,,,67.78975546429425,0.24100506563549728,0.7705627705627706,2.2504222468707167
diabetes,regression,211,10,block_shift,0.3,0.252262443438914,2,source,0.0,tabicl_indicator,0.21476411819458008,,,,,67.78975546429425,0.24100506563549728,0.7705627705627706,2.2504222468707167
diabetes,regression,211,10,block_shift,0.3,0.252262443438914,2,source,0.0,tabicl_iterimpute,0.21955442428588867,,,,,69.35296174581269,0.20559719709311652,0.7402597402597403,2.159408373850193
diabetes,regression,211,10,block_shift,0.3,0.252262443438914,2,source,0.0,tabicl_knnimpute,0.21551799774169922,,,,,73.89387794592012,0.09816380719510676,0.7056277056277056,2.165503719933975
diabetes,regression,211,10,block_shift,0.3,0.252262443438914,2,source,0.0,tabicl_aware_zero,0.2153160572052002,,,,,67.95871071769936,0.23721700105852317,0.7662337662337663,2.24928742179634
diabetes,regression,211,10,block_shift,0.3,0.252262443438914,2,source,0.0,tabicl_aware,0.3239603042602539,,,,,67.64207938126052,0.24430831735503244,0.7662337662337663,2.2500041637432635
diabetes,regression,211,10,block_shift,0.3,0.252262443438914,2,source,0.0,xgboost,0.06864309310913086,,,,,80.2819884536323,-0.06450323159590288,,
diabetes,regression,211,10,block_shift,0.3,0.252262443438914,2,source,0.0,catboost,0.1896190643310547,,,,,67.33806368668411,0.2510859282341241,,
diabetes,regression,293,10,block_shift,0.5,0.466289592760181,2,source,0.0,tabicl_impute,0.21697402000427246,,,,,70.45460879663209,0.19923770852311462,0.825503355704698,2.4887689655253347
diabetes,regression,293,10,block_shift,0.5,0.466289592760181,2,source,0.0,tabicl_indicator,0.23282122611999512,,,,,71.27240989203727,0.18054013982373074,0.8187919463087249,2.420892063466916
diabetes,regression,293,10,block_shift,0.5,0.466289592760181,2,source,0.0,tabicl_iterimpute,0.24923419952392578,,,,,81.20510340323307,-0.06377908034894819,0.6778523489932886,1.9250725493707554
diabetes,regression,293,10,block_shift,0.5,0.466289592760181,2,source,0.0,tabicl_knnimpute,0.2196333408355713,,,,,71.60013429455378,0.1729867420331055,0.738255033557047,2.0513165908793303
diabetes,regression,293,10,block_shift,0.5,0.466289592760181,2,source,0.0,tabicl_aware_zero,0.21413755416870117,,,,,70.77605570971077,0.19191413476049546,0.8187919463087249,2.410203391854068
diabetes,regression,293,10,block_shift,0.5,0.466289592760181,2,source,0.0,tabicl_aware,0.2793302536010742,,,,,71.01936987304431,0.18634850377117107,0.7718120805369127,2.2539178108418016
diabetes,regression,293,10,block_shift,0.5,0.466289592760181,2,source,0.0,xgboost,0.08037066459655762,,,,,86.11248000740095,-0.19623634112149468,,
diabetes,regression,293,10,block_shift,0.5,0.466289592760181,2,source,0.0,catboost,0.25630879402160645,,,,,108.46040693917833,-0.897698687401512,,
diabetes,regression,309,10,none,0.0,0.0,3,random,,tabicl_impute,0.22688937187194824,,,,,50.20083248955038,0.5423192933862011,0.8796992481203008,1.949746612637376
diabetes,regression,309,10,none,0.0,0.0,3,random,,tabicl_indicator,0.22227835655212402,,,,,50.20083248955038,0.5423192933862011,0.8796992481203008,1.949746612637376
diabetes,regression,309,10,none,0.0,0.0,3,random,,tabicl_iterimpute,0.22847867012023926,,,,,50.20083248955038,0.5423192933862011,0.8796992481203008,1.949746612637376
diabetes,regression,309,10,none,0.0,0.0,3,random,,tabicl_knnimpute,0.2275233268737793,,,,,50.20083248955038,0.5423192933862011,0.8796992481203008,1.949746612637376
diabetes,regression,309,10,none,0.0,0.0,3,random,,tabicl_aware_zero,0.22028636932373047,,,,,50.20083248955038,0.5423192933862011,0.8796992481203008,1.949746612637376
diabetes,regression,309,10,none,0.0,0.0,3,random,,tabicl_aware,0.2868385314941406,,,,,50.39726279627327,0.5387305779759484,0.8796992481203008,1.976012589972111
diabetes,regression,309,10,none,0.0,0.0,3,random,,xgboost,0.06245088577270508,,,,,57.502575576407736,0.39949675058087897,,
diabetes,regression,309,10,none,0.0,0.0,3,random,,catboost,0.21639633178710938,,,,,54.66469048621737,0.45730658265100355,,
diabetes,regression,345,10,block,0.3,0.3,3,source,2.0,tabicl_impute,0.22809267044067383,,,,,69.25508974336302,0.28125331297714906,0.7525773195876289,2.198103922478756
diabetes,regression,345,10,block,0.3,0.3,3,source,2.0,tabicl_indicator,0.2529895305633545,,,,,68.41552521278777,0.2985741070320608,0.7422680412371134,2.153611764361738
diabetes,regression,345,10,block,0.3,0.3,3,source,2.0,tabicl_iterimpute,0.26668334007263184,,,,,75.23065671323852,0.15187050059875506,0.7835051546391752,2.4737990706845974
diabetes,regression,345,10,block,0.3,0.3,3,source,2.0,tabicl_knnimpute,0.22724652290344238,,,,,67.3968413265072,0.3193065851875637,0.6701030927835051,1.8896078743700442
diabetes,regression,345,10,block,0.3,0.3,3,source,2.0,tabicl_aware_zero,0.21914458274841309,,,,,69.58681748459416,0.27435131503476273,0.711340206185567,2.130242510105247
diabetes,regression,345,10,block,0.3,0.3,3,source,2.0,tabicl_aware,0.28972911834716797,,,,,69.0487669114362,0.28552947393511907,0.6907216494845361,1.9849664386717878
diabetes,regression,345,10,block,0.3,0.3,3,source,2.0,xgboost,0.07319164276123047,,,,,73.6132473929005,0.18794692251252654,,
diabetes,regression,345,10,block,0.3,0.3,3,source,2.0,catboost,0.1948080062866211,,,,,73.21747365543233,0.1966552823616795,,
diabetes,regression,282,10,block,0.5,0.5,3,source,2.0,tabicl_impute,0.2569546699523926,,,,,62.455854998134214,0.34614363132992554,0.86875,2.294720198865464
diabetes,regression,282,10,block,0.5,0.5,3,source,2.0,tabicl_indicator,0.22606253623962402,,,,,62.55456329772286,0.3440752247009269,0.86875,2.3565126462743224
diabetes,regression,282,10,block,0.5,0.5,3,source,2.0,tabicl_iterimpute,0.23628950119018555,,,,,62.487703144912665,0.345476618668659,0.8,2.100807096485959
diabetes,regression,282,10,block,0.5,0.5,3,source,2.0,tabicl_knnimpute,0.21621108055114746,,,,,63.23509924428492,0.3297258801414137,0.80625,2.064984640569771
diabetes,regression,282,10,block,0.5,0.5,3,source,2.0,tabicl_aware_zero,0.21047425270080566,,,,,63.03076881514523,0.33405057089725165,0.84375,2.216606545152199
diabetes,regression,282,10,block,0.5,0.5,3,source,2.0,tabicl_aware,0.27866101264953613,,,,,61.62564051986861,0.3634112863739217,0.8375,2.142471254619893
diabetes,regression,282,10,block,0.5,0.5,3,source,2.0,xgboost,0.0576326847076416,,,,,71.52178101139782,0.14254234238658847,,
diabetes,regression,282,10,block,0.5,0.5,3,source,2.0,catboost,0.15544366836547852,,,,,76.54822330643306,0.017785655686761048,,
diabetes,regression,345,10,block_shift,0.3,0.3,3,source,2.0,tabicl_impute,0.22886323928833008,,,,,61.562210396487984,0.4320620719124181,0.8247422680412371,2.143002026918639
diabetes,regression,345,10,block_shift,0.3,0.3,3,source,2.0,tabicl_indicator,0.2502777576446533,,,,,61.917874069861455,0.4254808143031632,0.8247422680412371,2.0642329452143238
diabetes,regression,345,10,block_shift,0.3,0.3,3,source,2.0,tabicl_iterimpute,0.24657964706420898,,,,,74.06662273672164,0.17791344081466032,0.8350515463917526,2.684129083474492
diabetes,regression,345,10,block_shift,0.3,0.3,3,source,2.0,tabicl_knnimpute,0.2304537296295166,,,,,66.44922772464429,0.33831340116030406,0.8350515463917526,2.3806806926707953
diabetes,regression,345,10,block_shift,0.3,0.3,3,source,2.0,tabicl_aware_zero,0.22120404243469238,,,,,61.61968269176987,0.43100116353396745,0.8041237113402062,1.9640196788677537
diabetes,regression,345,10,block_shift,0.3,0.3,3,source,2.0,tabicl_aware,0.2872600555419922,,,,,62.49010153383357,0.4148126576536644,0.7628865979381443,1.7916316188618289
diabetes,regression,345,10,block_shift,0.3,0.3,3,source,2.0,xgboost,0.09522843360900879,,,,,72.01119163397144,0.2229079635327531,,
diabetes,regression,345,10,block_shift,0.3,0.3,3,source,2.0,catboost,0.21646928787231445,,,,,68.41968585025123,0.2984887910872214,,
diabetes,regression,282,10,block_shift,0.5,0.4690045248868778,3,source,2.0,tabicl_impute,0.2139604091644287,,,,,73.55634391077679,0.09306468867281736,0.80625,2.1008021576102256
diabetes,regression,282,10,block_shift,0.5,0.4690045248868778,3,source,2.0,tabicl_indicator,0.21880650520324707,,,,,71.77301647818277,0.1365077573211858,0.8125,2.1100904048699327
diabetes,regression,282,10,block_shift,0.5,0.4690045248868778,3,source,2.0,tabicl_iterimpute,0.2315971851348877,,,,,70.24247600495127,0.1729425736634035,0.7875,2.0524890874086394
diabetes,regression,282,10,block_shift,0.5,0.4690045248868778,3,source,2.0,tabicl_knnimpute,0.2154536247253418,,,,,68.44631277789937,0.21469898798890175,0.8125,2.1513367341168017
diabetes,regression,282,10,block_shift,0.5,0.4690045248868778,3,source,2.0,tabicl_aware_zero,0.20957350730895996,,,,,71.51092929912923,0.14280251985295034,0.8125,2.074097063853361
diabetes,regression,282,10,block_shift,0.5,0.4690045248868778,3,source,2.0,tabicl_aware,0.2770709991455078,,,,,69.70124484400893,0.18563872971151385,0.80625,2.067589996296779
diabetes,regression,282,10,block_shift,0.5,0.4690045248868778,3,source,2.0,xgboost,0.07225155830383301,,,,,80.57634621860036,-0.0883063981118426,,
diabetes,regression,282,10,block_shift,0.5,0.4690045248868778,3,source,2.0,catboost,0.22811508178710938,,,,,70.841106416959,0.15878557153830875,,
diabetes,regression,309,10,none,0.0,0.0,4,random,,tabicl_impute,0.2238168716430664,,,,,59.034479115157275,0.46582548302050375,0.7593984962406015,1.6929645683170675
diabetes,regression,309,10,none,0.0,0.0,4,random,,tabicl_indicator,0.22206664085388184,,,,,59.034479115157275,0.46582548302050375,0.7593984962406015,1.6929645683170675
diabetes,regression,309,10,none,0.0,0.0,4,random,,tabicl_iterimpute,0.22735047340393066,,,,,59.034479115157275,0.46582548302050375,0.7593984962406015,1.6929645683170675
diabetes,regression,309,10,none,0.0,0.0,4,random,,tabicl_knnimpute,0.22156858444213867,,,,,59.034479115157275,0.46582548302050375,0.7593984962406015,1.6929645683170675
diabetes,regression,309,10,none,0.0,0.0,4,random,,tabicl_aware_zero,0.22216105461120605,,,,,59.034479115157275,0.46582548302050375,0.7593984962406015,1.6929645683170675
diabetes,regression,309,10,none,0.0,0.0,4,random,,tabicl_aware,0.3312220573425293,,,,,59.138403045455185,0.46394311261846066,0.7669172932330827,1.71083058250763
diabetes,regression,309,10,none,0.0,0.0,4,random,,xgboost,0.07842707633972168,,,,,70.94002513307942,0.2286448726632292,,
diabetes,regression,309,10,none,0.0,0.0,4,random,,catboost,0.18761682510375977,,,,,63.84842203406696,0.37515538460242925,,
diabetes,regression,292,10,block,0.3,0.3,4,source,2.0,tabicl_impute,0.2243056297302246,,,,,63.031762257924704,0.3188941723837033,0.7866666666666666,2.2390902006119178
diabetes,regression,292,10,block,0.3,0.3,4,source,2.0,tabicl_indicator,0.23076868057250977,,,,,63.15863059171498,0.3161495966077035,0.7733333333333333,2.1606517014724456
diabetes,regression,292,10,block,0.3,0.3,4,source,2.0,tabicl_iterimpute,0.24289393424987793,,,,,64.44095400058197,0.2880989725124268,0.7533333333333333,2.1294031667639417
diabetes,regression,292,10,block,0.3,0.3,4,source,2.0,tabicl_knnimpute,0.22548174858093262,,,,,63.19622739303189,0.31533519515692443,0.7466666666666667,2.04402245787918
diabetes,regression,292,10,block,0.3,0.3,4,source,2.0,tabicl_aware_zero,0.21886634826660156,,,,,63.12453152499025,0.31688781292099266,0.7866666666666666,2.1615934988921333
diabetes,regression,292,10,block,0.3,0.3,4,source,2.0,tabicl_aware,0.28928518295288086,,,,,63.26249004694597,0.31389866980060865,0.7533333333333333,2.109466590032252
diabetes,regression,292,10,block,0.3,0.3,4,source,2.0,xgboost,0.06457281112670898,,,,,76.90934886067524,-0.014037384304909306,,
diabetes,regression,292,10,block,0.3,0.3,4,source,2.0,catboost,0.17369294166564941,,,,,70.5419629445754,0.14691800040982794,,
diabetes,regression,354,10,block,0.5,0.4800904977375566,4,source,0.0,tabicl_impute,0.22843623161315918,,,,,75.2205259090819,-0.024183018047893245,0.7386363636363636,2.73443569721664
diabetes,regression,354,10,block,0.5,0.4800904977375566,4,source,0.0,tabicl_indicator,0.25043344497680664,,,,,72.48670098615723,0.048910233624282706,0.7272727272727273,2.552336161313397
diabetes,regression,354,10,block,0.5,0.4800904977375566,4,source,0.0,tabicl_iterimpute,0.2822561264038086,,,,,74.45189648830382,-0.0033590431743679705,0.8181818181818182,2.6832528570374468
diabetes,regression,354,10,block,0.5,0.4800904977375566,4,source,0.0,tabicl_knnimpute,0.23162245750427246,,,,,71.26253452064472,0.08076327176364384,0.7613636363636364,2.3287692394979396
diabetes,regression,354,10,block,0.5,0.4800904977375566,4,source,0.0,tabicl_aware_zero,0.22703242301940918,,,,,74.67737827509744,-0.009445705560152007,0.7045454545454546,2.4901215331586175
diabetes,regression,354,10,block,0.5,0.4800904977375566,4,source,0.0,tabicl_aware,0.2882966995239258,,,,,69.59193263917977,0.12335727217895853,0.7272727272727273,2.3708079536557958
diabetes,regression,354,10,block,0.5,0.4800904977375566,4,source,0.0,xgboost,0.07557177543640137,,,,,69.01305924657025,0.13788063875820566,,
diabetes,regression,354,10,block,0.5,0.4800904977375566,4,source,0.0,catboost,0.17249727249145508,,,,,77.52039175619817,-0.08776919862986787,,
diabetes,regression,292,10,block_shift,0.3,0.3,4,source,2.0,tabicl_impute,0.2326648235321045,,,,,59.737526792290716,0.38822718586121496,0.8533333333333334,2.210947159983096
diabetes,regression,292,10,block_shift,0.3,0.3,4,source,2.0,tabicl_indicator,0.2428569793701172,,,,,59.510307151553455,0.3928722537457723,0.8333333333333334,2.2462953304684317
diabetes,regression,292,10,block_shift,0.3,0.3,4,source,2.0,tabicl_iterimpute,0.25370073318481445,,,,,70.93560032317505,0.1373707217315563,0.8666666666666667,2.9539871647386113
diabetes,regression,292,10,block_shift,0.3,0.3,4,source,2.0,tabicl_knnimpute,0.22721362113952637,,,,,58.20437405264781,0.41922629718026405,0.8,2.0879688751933414
diabetes,regression,292,10,block_shift,0.3,0.3,4,source,2.0,tabicl_aware_zero,0.22481894493103027,,,,,59.31451821414771,0.3968605832512868,0.84,2.186123186077496
diabetes,regression,292,10,block_shift,0.3,0.3,4,source,2.0,tabicl_aware,0.2864420413970947,,,,,59.193048144062196,0.3993283894971572,0.8,2.027091281780574
diabetes,regression,292,10,block_shift,0.3,0.3,4,source,2.0,xgboost,0.07946205139160156,,,,,64.36486764333011,0.2897790835376286,,
diabetes,regression,292,10,block_shift,0.3,0.3,4,source,2.0,catboost,0.20968937873840332,,,,,69.32295618395105,0.17614677514080923,,
diabetes,regression,354,10,block_shift,0.5,0.4800904977375566,4,source,0.0,tabicl_impute,0.2233438491821289,,,,,63.263445881730824,0.2755464799499914,0.8409090909090909,2.3402740207462385
diabetes,regression,354,10,block_shift,0.5,0.4800904977375566,4,source,0.0,tabicl_indicator,0.24756550788879395,,,,,64.70916348667961,0.24205723666301648,0.8295454545454546,2.4265614198001235
diabetes,regression,354,10,block_shift,0.5,0.4800904977375566,4,source,0.0,tabicl_iterimpute,0.2623310089111328,,,,,69.72696570378712,0.11995197518226286,0.9545454545454546,3.1378026767896574
diabetes,regression,354,10,block_shift,0.5,0.4800904977375566,4,source,0.0,tabicl_knnimpute,0.2732393741607666,,,,,64.45844443409804,0.2479192363974554,0.7727272727272727,2.1288762057999557
diabetes,regression,354,10,block_shift,0.5,0.4800904977375566,4,source,0.0,tabicl_aware_zero,0.2205190658569336,,,,,63.96549289467456,0.2593784561382104,0.8295454545454546,2.3740497230869604
diabetes,regression,354,10,block_shift,0.5,0.4800904977375566,4,source,0.0,tabicl_aware,0.28643131256103516,,,,,63.15598104160082,0.27800563014081414,0.7727272727272727,2.2225789650984797
diabetes,regression,354,10,block_shift,0.5,0.4800904977375566,4,source,0.0,xgboost,0.08135652542114258,,,,,74.9193331784923,-0.015997515853792388,,
diabetes,regression,354,10,block_shift,0.5,0.4800904977375566,4,source,0.0,catboost,0.23025918006896973,,,,,70.18786053510033,0.10827929961631455,,
openml:31,classification,700,20,none,0.0,0.0,0,random,,tabicl_impute,0.28675413131713867,,0.78,0.4517080783843994,0.8355555555555556,,,,
openml:31,classification,700,20,none,0.0,0.0,0,random,,tabicl_indicator,0.28556227684020996,,0.78,0.4517080783843994,0.8355555555555556,,,,
openml:31,classification,700,20,none,0.0,0.0,0,random,,tabicl_iterimpute,0.3037996292114258,,0.78,0.4517080783843994,0.8355555555555556,,,,
openml:31,classification,700,20,none,0.0,0.0,0,random,,tabicl_knnimpute,0.28418946266174316,,0.78,0.4517080783843994,0.8355555555555556,,,,
openml:31,classification,700,20,none,0.0,0.0,0,random,,tabicl_aware_zero,0.28444838523864746,,0.78,0.4517080783843994,0.8355555555555556,,,,
openml:31,classification,700,20,none,0.0,0.0,0,random,,tabicl_aware,0.3453824520111084,,0.7766666666666666,0.4486393630504608,0.8404232804232804,,,,
openml:31,classification,700,20,none,0.0,0.0,0,random,,xgboost,0.06078457832336426,,0.7633333333333333,0.534471869468689,0.7864021164021162,,,,
openml:31,classification,700,20,none,0.0,0.0,0,random,,catboost,0.27993178367614746,,0.7666666666666667,0.5321151045006128,0.7991534391534391,,,,
openml:31,classification,503,20,block,0.3,0.25,0,source,0.0,tabicl_impute,0.26161670684814453,,0.7303822937625755,0.5266750454902649,0.7529040501819872,,,,
openml:31,classification,503,20,block,0.3,0.25,0,source,0.0,tabicl_indicator,0.2627406120300293,,0.7303822937625755,0.5266750454902649,0.7529040501819872,,,,
openml:31,classification,503,20,block,0.3,0.25,0,source,0.0,tabicl_iterimpute,0.280759334564209,,0.7404426559356136,0.5247029662132263,0.7566599550840238,,,,
openml:31,classification,503,20,block,0.3,0.25,0,source,0.0,tabicl_knnimpute,0.29395580291748047,,0.7303822937625755,0.5239442586898804,0.757395647796794,,,,
openml:31,classification,503,20,block,0.3,0.25,0,source,0.0,tabicl_aware_zero,0.2600870132446289,,0.7303822937625755,0.5267064571380615,0.7544915976148068,,,,
openml:31,classification,503,20,block,0.3,0.25,0,source,0.0,tabicl_aware,0.3207583427429199,,0.7263581488933601,0.5274839997291565,0.7524394021528692,,,,
openml:31,classification,503,20,block,0.3,0.25,0,source,0.0,xgboost,0.058312416076660156,,0.6961770623742455,0.8221848011016846,0.6798478277704638,,,,
openml:31,classification,503,20,block,0.3,0.25,0,source,0.0,catboost,0.2634453773498535,,0.6237424547283702,0.852945234441484,0.661058623093007,,,,
openml:31,classification,809,20,block,0.5,0.4794,0,source,4.0,tabicl_impute,0.282045841217041,,0.7120418848167539,0.5845317840576172,0.6441176470588235,,,,
openml:31,classification,809,20,block,0.5,0.4794,0,source,4.0,tabicl_indicator,0.3638465404510498,,0.7120418848167539,0.5844036936759949,0.6518716577540107,,,,
openml:31,classification,809,20,block,0.5,0.4794,0,source,4.0,tabicl_iterimpute,0.7905287742614746,,0.7120418848167539,0.6641420125961304,0.604879679144385,,,,
openml:31,classification,809,20,block,0.5,0.4794,0,source,4.0,tabicl_knnimpute,0.35527753829956055,,0.7120418848167539,0.580089807510376,0.6381016042780748,,,,
openml:31,classification,809,20,block,0.5,0.4794,0,source,4.0,tabicl_aware_zero,0.28464674949645996,,0.7120418848167539,0.5783292651176453,0.6665775401069518,,,,
openml:31,classification,809,20,block,0.5,0.4794,0,source,4.0,tabicl_aware,0.346602201461792,,0.7120418848167539,0.5723255276679993,0.663903743315508,,,,
openml:31,classification,809,20,block,0.5,0.4794,0,source,4.0,xgboost,0.06298565864562988,,0.6963350785340314,0.5890462398529053,0.6501336898395722,,,,
openml:31,classification,809,20,block,0.5,0.4794,0,source,4.0,catboost,0.29393506050109863,,0.7172774869109948,0.5872607246976709,0.6318181818181818,,,,
openml:31,classification,503,20,block_shift,0.3,0.22485,0,source,0.0,tabicl_impute,0.30524301528930664,,0.7002012072434608,0.5780550241470337,0.6574479207000696,,,,
openml:31,classification,503,20,block_shift,0.3,0.22485,0,source,0.0,tabicl_indicator,0.2651379108428955,,0.7002012072434608,0.5780550241470337,0.6574479207000696,,,,
openml:31,classification,503,20,block_shift,0.3,0.22485,0,source,0.0,tabicl_iterimpute,0.28584909439086914,,0.6981891348088531,0.5800886750221252,0.657157515681871,,,,
openml:31,classification,503,20,block_shift,0.3,0.22485,0,source,0.0,tabicl_knnimpute,0.29357051849365234,,0.6981891348088531,0.5974968671798706,0.6337411910477813,,,,
openml:31,classification,503,20,block_shift,0.3,0.22485,0,source,0.0,tabicl_aware_zero,0.26523423194885254,,0.6961770623742455,0.5795437693595886,0.654892356539921,,,,
openml:31,classification,503,20,block_shift,0.3,0.22485,0,source,0.0,tabicl_aware,0.32550716400146484,,0.7022132796780685,0.5870043635368347,0.6593645938201812,,,,
openml:31,classification,503,20,block_shift,0.3,0.22485,0,source,0.0,xgboost,0.05892133712768555,,0.7022132796780685,1.2328554391860962,0.6021935259041277,,,,
openml:31,classification,503,20,block_shift,0.3,0.22485,0,source,0.0,catboost,0.27286553382873535,,0.6961770623742455,0.715706492511328,0.6005478974676682,,,,
openml:31,classification,809,20,block_shift,0.5,0.4896,0,source,4.0,tabicl_impute,0.2877480983734131,,0.7120418848167539,0.5761146545410156,0.6451871657754011,,,,
openml:31,classification,809,20,block_shift,0.5,0.4896,0,source,4.0,tabicl_indicator,0.3655111789703369,,0.7225130890052356,0.5805310010910034,0.6362299465240642,,,,
openml:31,classification,809,20,block_shift,0.5,0.4896,0,source,4.0,tabicl_iterimpute,0.6695520877838135,,0.7120418848167539,0.6010364294052124,0.5689839572192513,,,,
openml:31,classification,809,20,block_shift,0.5,0.4896,0,source,4.0,tabicl_knnimpute,0.35030460357666016,,0.7277486910994765,0.5615116953849792,0.676336898395722,,,,
openml:31,classification,809,20,block_shift,0.5,0.4896,0,source,4.0,tabicl_aware_zero,0.2846846580505371,,0.7120418848167539,0.5770846605300903,0.6482620320855615,,,,
openml:31,classification,809,20,block_shift,0.5,0.4896,0,source,4.0,tabicl_aware,0.34622693061828613,,0.7120418848167539,0.5787860751152039,0.6402406417112301,,,,
openml:31,classification,809,20,block_shift,0.5,0.4896,0,source,4.0,xgboost,0.07570195198059082,,0.7172774869109948,0.6461981534957886,0.5863636363636364,,,,
openml:31,classification,809,20,block_shift,0.5,0.4896,0,source,4.0,catboost,0.2996058464050293,,0.6544502617801047,0.638244540755313,0.6188502673796791,,,,
openml:31,classification,700,20,none,0.0,0.0,1,random,,tabicl_impute,0.2887248992919922,,0.7766666666666666,0.4645870327949524,0.8243386243386245,,,,
openml:31,classification,700,20,none,0.0,0.0,1,random,,tabicl_indicator,0.28401780128479004,,0.7766666666666666,0.4645870327949524,0.8243386243386245,,,,
openml:31,classification,700,20,none,0.0,0.0,1,random,,tabicl_iterimpute,0.30254483222961426,,0.7766666666666666,0.4645870327949524,0.8243386243386245,,,,
openml:31,classification,700,20,none,0.0,0.0,1,random,,tabicl_knnimpute,0.2854135036468506,,0.7766666666666666,0.4645870327949524,0.8243386243386245,,,,
openml:31,classification,700,20,none,0.0,0.0,1,random,,tabicl_aware_zero,0.28353023529052734,,0.7766666666666666,0.4645870327949524,0.8243386243386245,,,,
openml:31,classification,700,20,none,0.0,0.0,1,random,,tabicl_aware,0.34678006172180176,,0.7733333333333333,0.46406087279319763,0.8239153439153438,,,,
openml:31,classification,700,20,none,0.0,0.0,1,random,,xgboost,0.05854177474975586,,0.7733333333333333,0.5411013960838318,0.8013227513227514,,,,
openml:31,classification,700,20,none,0.0,0.0,1,random,,catboost,0.28493189811706543,,0.79,0.5156855488475127,0.80994708994709,,,,
openml:31,classification,667,20,block,0.3,0.3,1,source,2.0,tabicl_impute,0.31200265884399414,,0.7387387387387387,0.5452107191085815,0.7522618641174462,,,,
openml:31,classification,667,20,block,0.3,0.3,1,source,2.0,tabicl_indicator,0.2955000400543213,,0.7297297297297297,0.5388307571411133,0.75102424035507,,,,
openml:31,classification,667,20,block,0.3,0.3,1,source,2.0,tabicl_iterimpute,0.485393762588501,,0.7237237237237237,0.543590247631073,0.7403550699897576,,,,
openml:31,classification,667,20,block,0.3,0.3,1,source,2.0,tabicl_knnimpute,0.32023000717163086,,0.7357357357357357,0.545937180519104,0.7420621372482077,,,,
openml:31,classification,667,20,block,0.3,0.3,1,source,2.0,tabicl_aware_zero,0.26900601387023926,,0.7417417417417418,0.5397107601165771,0.7505121201775349,,,,
openml:31,classification,667,20,block,0.3,0.3,1,source,2.0,tabicl_aware,0.3328700065612793,,0.7357357357357357,0.5353257060050964,0.752560600887675,,,,
openml:31,classification,667,20,block,0.3,0.3,1,source,2.0,xgboost,0.06618714332580566,,0.7057057057057057,0.7005929350852966,0.6901459542505974,,,,
openml:31,classification,667,20,block,0.3,0.3,1,source,2.0,catboost,0.2878870964050293,,0.7177177177177178,0.6397240661080272,0.7344656879481052,,,,
openml:31,classification,684,20,block,0.5,0.4486,1,source,2.0,tabicl_impute,0.27103686332702637,,0.6772151898734177,0.5993861556053162,0.678066037735849,,,,
openml:31,classification,684,20,block,0.5,0.4486,1,source,2.0,tabicl_indicator,0.30814409255981445,,0.6867088607594937,0.5976154208183289,0.6730315674891145,,,,
openml:31,classification,684,20,block,0.5,0.4486,1,source,2.0,tabicl_iterimpute,0.3549778461456299,,0.6740506329113924,0.616213858127594,0.6116201015965167,,,,
openml:31,classification,684,20,block,0.5,0.4486,1,source,2.0,tabicl_knnimpute,0.32707667350769043,,0.6835443037974683,0.6027069091796875,0.6522133526850509,,,,
openml:31,classification,684,20,block,0.5,0.4486,1,source,2.0,tabicl_aware_zero,0.27365612983703613,,0.6740506329113924,0.6004220247268677,0.6729862119013063,,,,
openml:31,classification,684,20,block,0.5,0.4486,1,source,2.0,tabicl_aware,0.3342769145965576,,0.6993670886075949,0.5919170379638672,0.6692670537010159,,,,
openml:31,classification,684,20,block,0.5,0.4486,1,source,2.0,xgboost,0.06003999710083008,,0.6772151898734177,1.014930248260498,0.6467706821480407,,,,
openml:31,classification,684,20,block,0.5,0.4486,1,source,2.0,catboost,0.28267693519592285,,0.6487341772151899,0.7230788876808323,0.5882619738751814,,,,
openml:31,classification,667,20,block_shift,0.3,0.3,1,source,2.0,tabicl_impute,0.2751786708831787,,0.7177177177177178,0.556066632270813,0.7431290542847387,,,,
openml:31,classification,667,20,block_shift,0.3,0.3,1,source,2.0,tabicl_indicator,0.3008136749267578,,0.6966966966966966,0.5694421529769897,0.7342523045407989,,,,
openml:31,classification,667,20,block_shift,0.3,0.3,1,source,2.0,tabicl_iterimpute,0.6882998943328857,,0.6726726726726727,0.6126264333724976,0.7007084329122568,,,,
openml:31,classification,667,20,block_shift,0.3,0.3,1,source,2.0,tabicl_knnimpute,0.3678872585296631,,0.6966966966966966,0.530131459236145,0.7525179242062137,,,,
openml:31,classification,667,20,block_shift,0.3,0.3,1,source,2.0,tabicl_aware_zero,0.2800443172454834,,0.7117117117117117,0.5650460720062256,0.7368982587913964,,,,
openml:31,classification,667,20,block_shift,0.3,0.3,1,source,2.0,tabicl_aware,0.340709924697876,,0.6936936936936937,0.5418475270271301,0.7384772960054625,,,,
openml:31,classification,667,20,block_shift,0.3,0.3,1,source,2.0,xgboost,0.07200908660888672,,0.6756756756756757,0.595985472202301,0.6963980880846705,,,,
openml:31,classification,667,20,block_shift,0.3,0.3,1,source,2.0,catboost,0.36582422256469727,,0.6636636636636637,0.608327542459562,0.7008364629566405,,,,
openml:31,classification,684,20,block_shift,0.5,0.4498,1,source,2.0,tabicl_impute,0.26293277740478516,,0.7025316455696202,0.601542055606842,0.6689495645863571,,,,
openml:31,classification,684,20,block_shift,0.5,0.4498,1,source,2.0,tabicl_indicator,0.2912008762359619,,0.6962025316455697,0.603054404258728,0.6566128447024674,,,,
openml:31,classification,684,20,block_shift,0.5,0.4498,1,source,2.0,tabicl_iterimpute,0.34296679496765137,,0.6708860759493671,0.6165241003036499,0.6185368287373003,,,,
openml:31,classification,684,20,block_shift,0.5,0.4498,1,source,2.0,tabicl_knnimpute,0.32637667655944824,,0.6993670886075949,0.5909610986709595,0.662327648766328,,,,
openml:31,classification,684,20,block_shift,0.5,0.4498,1,source,2.0,tabicl_aware_zero,0.26558947563171387,,0.7056962025316456,0.6010773777961731,0.6730315674891147,,,,
openml:31,classification,684,20,block_shift,0.5,0.4498,1,source,2.0,tabicl_aware,0.3265411853790283,,0.7088607594936709,0.6060535311698914,0.6507619738751813,,,,
openml:31,classification,684,20,block_shift,0.5,0.4498,1,source,2.0,xgboost,0.06635093688964844,,0.6867088607594937,0.6320180296897888,0.6397859216255443,,,,
openml:31,classification,684,20,block_shift,0.5,0.4498,1,source,2.0,catboost,0.28877925872802734,,0.6708860759493671,0.6986222083192417,0.5834089259796809,,,,
openml:31,classification,700,20,none,0.0,0.0,2,random,,tabicl_impute,0.28850436210632324,,0.7866666666666666,0.4631144106388092,0.822857142857143,,,,
openml:31,classification,700,20,none,0.0,0.0,2,random,,tabicl_indicator,0.28685855865478516,,0.7866666666666666,0.4631144106388092,0.822857142857143,,,,
openml:31,classification,700,20,none,0.0,0.0,2,random,,tabicl_iterimpute,0.301377534866333,,0.7866666666666666,0.4631144106388092,0.822857142857143,,,,
openml:31,classification,700,20,none,0.0,0.0,2,random,,tabicl_knnimpute,0.2860748767852783,,0.7866666666666666,0.4631144106388092,0.822857142857143,,,,
openml:31,classification,700,20,none,0.0,0.0,2,random,,tabicl_aware_zero,0.2859466075897217,,0.7866666666666666,0.4631144106388092,0.822857142857143,,,,
openml:31,classification,700,20,none,0.0,0.0,2,random,,tabicl_aware,0.348358154296875,,0.7866666666666666,0.4650874733924866,0.8208994708994709,,,,
openml:31,classification,700,20,none,0.0,0.0,2,random,,xgboost,0.07191061973571777,,0.8,0.47705504298210144,0.8154497354497354,,,,
openml:31,classification,700,20,none,0.0,0.0,2,random,,catboost,0.281466007232666,,0.7766666666666666,0.4908016371688312,0.8126984126984127,,,,
openml:31,classification,508,20,block,0.3,0.2746,2,source,1.0,tabicl_impute,0.2975490093231201,,0.7317073170731707,0.5590083003044128,0.7398133116883117,,,,
openml:31,classification,508,20,block,0.3,0.2746,2,source,1.0,tabicl_indicator,0.25995445251464844,,0.7317073170731707,0.5590083003044128,0.7398133116883117,,,,
openml:31,classification,508,20,block,0.3,0.2746,2,source,1.0,tabicl_iterimpute,0.27115702629089355,,0.7317073170731707,0.5685056447982788,0.7026582792207792,,,,
openml:31,classification,508,20,block,0.3,0.2746,2,source,1.0,tabicl_knnimpute,0.289034366607666,,0.725609756097561,0.5644824504852295,0.6823660714285715,,,,
openml:31,classification,508,20,block,0.3,0.2746,2,source,1.0,tabicl_aware_zero,0.25634336471557617,,0.7296747967479674,0.5554873943328857,0.7401176948051948,,,,
openml:31,classification,508,20,block,0.3,0.2746,2,source,1.0,tabicl_aware,0.3206188678741455,,0.7398373983739838,0.5423193573951721,0.7445819805194804,,,,
openml:31,classification,508,20,block,0.3,0.2746,2,source,1.0,xgboost,0.057074785232543945,,0.7296747967479674,0.7085091471672058,0.7052252435064934,,,,
openml:31,classification,508,20,block,0.3,0.2746,2,source,1.0,catboost,0.2742645740509033,,0.733739837398374,0.6009328937122366,0.6886769480519481,,,,
openml:31,classification,655,20,block,0.5,0.43385,2,source,0.0,tabicl_impute,0.26528501510620117,,0.6985507246376812,0.6207503080368042,0.6459574468085106,,,,
openml:31,classification,655,20,block,0.5,0.43385,2,source,0.0,tabicl_indicator,0.29772138595581055,,0.6811594202898551,0.6228653788566589,0.6495164410058026,,,,
openml:31,classification,655,20,block,0.5,0.43385,2,source,0.0,tabicl_iterimpute,0.31778430938720703,,0.6840579710144927,0.6048553586006165,0.6440618955512573,,,,
openml:31,classification,655,20,block,0.5,0.43385,2,source,0.0,tabicl_knnimpute,0.3216259479522705,,0.672463768115942,0.6420691609382629,0.5577176015473887,,,,
openml:31,classification,655,20,block,0.5,0.43385,2,source,0.0,tabicl_aware_zero,0.26779699325561523,,0.6956521739130435,0.6154863834381104,0.6471953578336558,,,,
openml:31,classification,655,20,block,0.5,0.43385,2,source,0.0,tabicl_aware,0.3317751884460449,,0.7014492753623188,0.6101184487342834,0.6420889748549322,,,,
openml:31,classification,655,20,block,0.5,0.43385,2,source,0.0,xgboost,0.0597531795501709,,0.39710144927536234,1.0864791870117188,0.5480270793036751,,,,
openml:31,classification,655,20,block,0.5,0.43385,2,source,0.0,catboost,0.2874939441680908,,0.5565217391304348,0.7887394660824942,0.5502514506769827,,,,
openml:31,classification,508,20,block_shift,0.3,0.3,2,source,1.0,tabicl_impute,0.2559928894042969,,0.7154471544715447,0.58940190076828,0.6022930194805194,,,,
openml:31,classification,508,20,block_shift,0.3,0.3,2,source,1.0,tabicl_indicator,0.2525787353515625,,0.7154471544715447,0.58940190076828,0.6022930194805194,,,,
openml:31,classification,508,20,block_shift,0.3,0.3,2,source,1.0,tabicl_iterimpute,0.2655513286590576,,0.7154471544715447,0.5929867029190063,0.5851055194805195,,,,
openml:31,classification,508,20,block_shift,0.3,0.3,2,source,1.0,tabicl_knnimpute,0.3279411792755127,,0.6991869918699187,0.6017473340034485,0.5648133116883116,,,,
openml:31,classification,508,20,block_shift,0.3,0.3,2,source,1.0,tabicl_aware_zero,0.25147438049316406,,0.7154471544715447,0.5902019739151001,0.5999594155844156,,,,
openml:31,classification,508,20,block_shift,0.3,0.3,2,source,1.0,tabicl_aware,0.3140697479248047,,0.7154471544715447,0.5879948139190674,0.5910308441558442,,,,
openml:31,classification,508,20,block_shift,0.3,0.3,2,source,1.0,xgboost,0.05563855171203613,,0.6910569105691057,0.6659659743309021,0.5276887175324676,,,,
openml:31,classification,508,20,block_shift,0.3,0.3,2,source,1.0,catboost,0.2738370895385742,,0.6158536585365854,0.7114664000732981,0.5601461038961039,,,,
openml:31,classification,655,20,block_shift,0.5,0.46645,2,source,0.0,tabicl_impute,0.2718627452850342,,0.6811594202898551,0.6086789965629578,0.6348355899419729,,,,
openml:31,classification,655,20,block_shift,0.5,0.46645,2,source,0.0,tabicl_indicator,0.3170206546783447,,0.6811594202898551,0.618402898311615,0.6290715667311413,,,,
openml:31,classification,655,20,block_shift,0.5,0.46645,2,source,0.0,tabicl_iterimpute,0.38400697708129883,,0.6898550724637681,0.6578110456466675,0.6434622823984527,,,,
openml:31,classification,655,20,block_shift,0.5,0.46645,2,source,0.0,tabicl_knnimpute,0.33532023429870605,,0.6811594202898551,0.609978973865509,0.6201740812379111,,,,
openml:31,classification,655,20,block_shift,0.5,0.46645,2,source,0.0,tabicl_aware_zero,0.26960277557373047,,0.6840579710144927,0.6094056963920593,0.6224564796905223,,,,
openml:31,classification,655,20,block_shift,0.5,0.46645,2,source,0.0,tabicl_aware,0.3306159973144531,,0.6811594202898551,0.6102182865142822,0.6202127659574468,,,,
openml:31,classification,655,20,block_shift,0.5,0.46645,2,source,0.0,xgboost,0.0715029239654541,,0.5681159420289855,0.8831228017807007,0.5527659574468085,,,,
openml:31,classification,655,20,block_shift,0.5,0.46645,2,source,0.0,catboost,0.29079532623291016,,0.4811594202898551,0.8358780051003937,0.516982591876209,,,,
openml:31,classification,700,20,none,0.0,0.0,3,random,,tabicl_impute,0.2869422435760498,,0.7866666666666666,0.5072088837623596,0.7725396825396824,,,,
openml:31,classification,700,20,none,0.0,0.0,3,random,,tabicl_indicator,0.28869199752807617,,0.7866666666666666,0.5072088837623596,0.7725396825396824,,,,
openml:31,classification,700,20,none,0.0,0.0,3,random,,tabicl_iterimpute,0.30329465866088867,,0.7866666666666666,0.5072088837623596,0.7725396825396824,,,,
openml:31,classification,700,20,none,0.0,0.0,3,random,,tabicl_knnimpute,0.2834644317626953,,0.7866666666666666,0.5072088837623596,0.7725396825396824,,,,
openml:31,classification,700,20,none,0.0,0.0,3,random,,tabicl_aware_zero,0.2839012145996094,,0.7866666666666666,0.5072088837623596,0.7725396825396824,,,,
openml:31,classification,700,20,none,0.0,0.0,3,random,,tabicl_aware,0.34734177589416504,,0.79,0.5036541819572449,0.7758201058201057,,,,
openml:31,classification,700,20,none,0.0,0.0,3,random,,xgboost,0.06043124198913574,,0.7766666666666666,0.5844683051109314,0.7734920634920635,,,,
openml:31,classification,700,20,none,0.0,0.0,3,random,,catboost,0.2829854488372803,,0.7766666666666666,0.5714117448387641,0.784973544973545,,,,
openml:31,classification,731,20,block,0.3,0.3,3,source,3.0,tabicl_impute,0.3269686698913574,,0.7286245353159851,0.5542775988578796,0.741222956341495,,,,
openml:31,classification,731,20,block,0.3,0.3,3,source,3.0,tabicl_indicator,0.34627199172973633,,0.7174721189591078,0.5539101362228394,0.7351988599559529,,,,
openml:31,classification,731,20,block,0.3,0.3,3,source,3.0,tabicl_iterimpute,0.8633542060852051,,0.6728624535315985,0.6131664514541626,0.6139396294856847,,,,
openml:31,classification,731,20,block,0.3,0.3,3,source,3.0,tabicl_knnimpute,0.33357882499694824,,0.7211895910780669,0.5688897371292114,0.6984713045731312,,,,
openml:31,classification,731,20,block,0.3,0.3,3,source,3.0,tabicl_aware_zero,0.2861795425415039,,0.7211895910780669,0.5554957389831543,0.74420261691929,,,,
openml:31,classification,731,20,block,0.3,0.3,3,source,3.0,tabicl_aware,0.34986281394958496,,0.7360594795539034,0.551239550113678,0.7455628967482834,,,,
openml:31,classification,731,20,block,0.3,0.3,3,source,3.0,xgboost,0.06597781181335449,,0.7323420074349443,0.6491998434066772,0.7221142635056356,,,,
openml:31,classification,731,20,block,0.3,0.3,3,source,3.0,catboost,0.2886009216308594,,0.6988847583643123,0.7178184467884522,0.6529343179168285,,,,
openml:31,classification,688,20,block,0.5,0.4826,3,source,2.0,tabicl_impute,0.2683556079864502,,0.7051282051282052,0.5717785954475403,0.7059041501976285,,,,
openml:31,classification,688,20,block,0.5,0.4826,3,source,2.0,tabicl_indicator,0.30568623542785645,,0.7051282051282052,0.5765660405158997,0.7051136363636364,,,,
openml:31,classification,688,20,block,0.5,0.4826,3,source,2.0,tabicl_iterimpute,0.2907552719116211,,0.7051282051282052,0.5784018039703369,0.6921689723320159,,,,
openml:31,classification,688,20,block,0.5,0.4826,3,source,2.0,tabicl_knnimpute,0.3273749351501465,,0.7019230769230769,0.5723374485969543,0.660449604743083,,,,
openml:31,classification,688,20,block,0.5,0.4826,3,source,2.0,tabicl_aware_zero,0.26407647132873535,,0.7051282051282052,0.5728068351745605,0.7038784584980238,,,,
openml:31,classification,688,20,block,0.5,0.4826,3,source,2.0,tabicl_aware,0.32793140411376953,,0.7051282051282052,0.5658549666404724,0.7044219367588932,,,,
openml:31,classification,688,20,block,0.5,0.4826,3,source,2.0,xgboost,0.06203293800354004,,0.7051282051282052,0.921697199344635,0.6520503952569171,,,,
openml:31,classification,688,20,block,0.5,0.4826,3,source,2.0,catboost,0.29125380516052246,,0.6794871794871795,0.6795539776238088,0.5167243083003952,,,,
openml:31,classification,731,20,block_shift,0.3,0.3,3,source,3.0,tabicl_impute,0.28710150718688965,,0.6951672862453532,0.5469193458557129,0.7443321673791943,,,,
openml:31,classification,731,20,block_shift,0.3,0.3,3,source,3.0,tabicl_indicator,0.3648262023925781,,0.7026022304832714,0.5474503040313721,0.7383080709936519,,,,
openml:31,classification,731,20,block_shift,0.3,0.3,3,source,3.0,tabicl_iterimpute,0.3381621837615967,,0.7323420074349443,0.559091329574585,0.7357170617955694,,,,
openml:31,classification,731,20,block_shift,0.3,0.3,3,source,3.0,tabicl_knnimpute,0.34418320655822754,,0.7360594795539034,0.5501154065132141,0.7356522865656171,,,,
openml:31,classification,731,20,block_shift,0.3,0.3,3,source,3.0,tabicl_aware_zero,0.2861642837524414,,0.7026022304832714,0.5416311025619507,0.7502267133048321,,,,
openml:31,classification,731,20,block_shift,0.3,0.3,3,source,3.0,tabicl_aware,0.347827672958374,,0.7137546468401487,0.5355590581893921,0.7583236170488404,,,,
openml:31,classification,731,20,block_shift,0.3,0.3,3,source,3.0,xgboost,0.07441425323486328,,0.5390334572490706,0.8439351320266724,0.6542298225158698,,,,
openml:31,classification,731,20,block_shift,0.3,0.3,3,source,3.0,catboost,0.2924635410308838,,0.7026022304832714,0.8050609062510057,0.7063738826272833,,,,
openml:31,classification,688,20,block_shift,0.5,0.4844,3,source,2.0,tabicl_impute,0.31681013107299805,,0.7051282051282052,0.5894757509231567,0.6434288537549407,,,,
openml:31,classification,688,20,block_shift,0.5,0.4844,3,source,2.0,tabicl_indicator,0.32591938972473145,,0.7051282051282052,0.5922084450721741,0.6300395256916996,,,,
openml:31,classification,688,20,block_shift,0.5,0.4844,3,source,2.0,tabicl_iterimpute,0.46033287048339844,,0.7051282051282052,0.6109641790390015,0.6028656126482212,,,,
openml:31,classification,688,20,block_shift,0.5,0.4844,3,source,2.0,tabicl_knnimpute,0.33747172355651855,,0.7051282051282052,0.581444263458252,0.6632411067193675,,,,
openml:31,classification,688,20,block_shift,0.5,0.4844,3,source,2.0,tabicl_aware_zero,0.26705360412597656,,0.7051282051282052,0.5896036028862,0.642292490118577,,,,
openml:31,classification,688,20,block_shift,0.5,0.4844,3,source,2.0,tabicl_aware,0.33312559127807617,,0.7051282051282052,0.5893983840942383,0.6311264822134388,,,,
openml:31,classification,688,20,block_shift,0.5,0.4844,3,source,2.0,xgboost,0.07238936424255371,,0.6923076923076923,0.6074754595756531,0.6013092885375493,,,,
openml:31,classification,688,20,block_shift,0.5,0.4844,3,source,2.0,catboost,0.2945277690887451,,0.6762820512820513,0.6287593619559987,0.6567440711462451,,,,
openml:31,classification,700,20,none,0.0,0.0,4,random,,tabicl_impute,0.28463053703308105,,0.7466666666666667,0.46852797269821167,0.8142328042328042,,,,
openml:31,classification,700,20,none,0.0,0.0,4,random,,tabicl_indicator,0.2809410095214844,,0.7466666666666667,0.46852797269821167,0.8142328042328042,,,,
openml:31,classification,700,20,none,0.0,0.0,4,random,,tabicl_iterimpute,0.29762935638427734,,0.7466666666666667,0.46852797269821167,0.8142328042328042,,,,
openml:31,classification,700,20,none,0.0,0.0,4,random,,tabicl_knnimpute,0.2824697494506836,,0.7466666666666667,0.46852797269821167,0.8142328042328042,,,,
openml:31,classification,700,20,none,0.0,0.0,4,random,,tabicl_aware_zero,0.2822861671447754,,0.7466666666666667,0.46852797269821167,0.8142328042328042,,,,
openml:31,classification,700,20,none,0.0,0.0,4,random,,tabicl_aware,0.34382033348083496,,0.75,0.47002819180488586,0.8124867724867726,,,,
openml:31,classification,700,20,none,0.0,0.0,4,random,,xgboost,0.05834555625915527,,0.7533333333333333,0.5175585746765137,0.8112169312169312,,,,
openml:31,classification,700,20,none,0.0,0.0,4,random,,catboost,0.2698042392730713,,0.7533333333333333,0.5289923056391965,0.8036507936507937,,,,
openml:31,classification,653,20,block,0.3,0.3,4,source,1.0,tabicl_impute,0.2755622863769531,,0.7377521613832853,0.5569064617156982,0.6519144917582417,,,,
openml:31,classification,653,20,block,0.3,0.3,4,source,1.0,tabicl_indicator,0.3011760711669922,,0.7377521613832853,0.5648243427276611,0.6535027472527473,,,,
openml:31,classification,653,20,block,0.3,0.3,4,source,1.0,tabicl_iterimpute,0.7048346996307373,,0.7377521613832853,0.5974945425987244,0.6175094436813187,,,,
openml:31,classification,653,20,block,0.3,0.3,4,source,1.0,tabicl_knnimpute,0.32462263107299805,,0.723342939481268,0.5554414391517639,0.6566363324175823,,,,
openml:31,classification,653,20,block,0.3,0.3,4,source,1.0,tabicl_aware_zero,0.27367687225341797,,0.7463976945244957,0.5584104061126709,0.6432434752747254,,,,
openml:31,classification,653,20,block,0.3,0.3,4,source,1.0,tabicl_aware,0.3372769355773926,,0.7377521613832853,0.5548231601715088,0.654790521978022,,,,
openml:31,classification,653,20,block,0.3,0.3,4,source,1.0,xgboost,0.0576634407043457,,0.3314121037463977,1.2188496589660645,0.664320054945055,,,,
openml:31,classification,653,20,block,0.3,0.3,4,source,1.0,catboost,0.28600573539733887,,0.6570605187319885,0.6737018112194116,0.6105769230769231,,,,
openml:31,classification,809,20,block,0.5,0.5,4,source,1.0,tabicl_impute,0.29161596298217773,,0.6178010471204188,0.6230336427688599,0.8478058973763641,,,,
openml:31,classification,809,20,block,0.5,0.5,4,source,1.0,tabicl_indicator,0.37750864028930664,,0.6178010471204188,0.6223271489143372,0.847457627118644,,,,
openml:31,classification,809,20,block,0.5,0.5,4,source,1.0,tabicl_iterimpute,0.6782915592193604,,0.6178010471204188,0.6610687375068665,0.6334455537497098,,,,
openml:31,classification,809,20,block,0.5,0.5,4,source,1.0,tabicl_knnimpute,0.35286498069763184,,0.6335078534031413,0.600654125213623,0.782911539354539,,,,
openml:31,classification,809,20,block,0.5,0.5,4,source,1.0,tabicl_aware_zero,0.29116201400756836,,0.6178010471204188,0.6221200227737427,0.8402600417924309,,,,
openml:31,classification,809,20,block,0.5,0.5,4,source,1.0,tabicl_aware,0.35307908058166504,,0.6178010471204188,0.6091369986534119,0.838518690503831,,,,
openml:31,classification,809,20,block,0.5,0.5,4,source,1.0,xgboost,0.06999564170837402,,0.6335078534031413,0.6478741765022278,0.6694915254237288,,,,
openml:31,classification,809,20,block,0.5,0.5,4,source,1.0,catboost,0.29302430152893066,,0.6701570680628273,0.6340671231019218,0.7280009287206873,,,,
openml:31,classification,653,20,block_shift,0.3,0.28265,4,source,1.0,tabicl_impute,0.2705864906311035,,0.729106628242075,0.5126889944076538,0.7535628434065935,,,,
openml:31,classification,653,20,block_shift,0.3,0.28265,4,source,1.0,tabicl_indicator,0.2928602695465088,,0.7521613832853026,0.5013753771781921,0.7600446428571429,,,,
openml:31,classification,653,20,block_shift,0.3,0.28265,4,source,1.0,tabicl_iterimpute,0.33200955390930176,,0.7435158501440923,0.5153385400772095,0.739526098901099,,,,
openml:31,classification,653,20,block_shift,0.3,0.28265,4,source,1.0,tabicl_knnimpute,0.31589794158935547,,0.7146974063400576,0.5304839611053467,0.7313701923076923,,,,
openml:31,classification,653,20,block_shift,0.3,0.28265,4,source,1.0,tabicl_aware_zero,0.2733500003814697,,0.7377521613832853,0.5132521986961365,0.7519745879120877,,,,
openml:31,classification,653,20,block_shift,0.3,0.28265,4,source,1.0,tabicl_aware,0.33391571044921875,,0.7377521613832853,0.5143843293190002,0.7360920329670331,,,,
openml:31,classification,653,20,block_shift,0.3,0.28265,4,source,1.0,xgboost,0.0636594295501709,,0.6743515850144092,0.7482563853263855,0.7238367101648352,,,,
openml:31,classification,653,20,block_shift,0.3,0.28265,4,source,1.0,catboost,0.28745508193969727,,0.7089337175792507,0.6465606186544368,0.6934881524725275,,,,
openml:31,classification,809,20,block_shift,0.5,0.4895,4,source,1.0,tabicl_impute,0.2834293842315674,,0.6387434554973822,0.5908053517341614,0.8238913396795915,,,,
openml:31,classification,809,20,block_shift,0.5,0.4895,4,source,1.0,tabicl_indicator,0.3635067939758301,,0.6230366492146597,0.6068729758262634,0.8324820060366845,,,,
openml:31,classification,809,20,block_shift,0.5,0.4895,4,source,1.0,tabicl_iterimpute,0.3047139644622803,,0.643979057591623,0.5855000019073486,0.826793591827258,,,,
openml:31,classification,809,20,block_shift,0.5,0.4895,4,source,1.0,tabicl_knnimpute,0.3518397808074951,,0.6649214659685864,0.5900796055793762,0.7859298815881124,,,,
openml:31,classification,809,20,block_shift,0.5,0.4895,4,source,1.0,tabicl_aware_zero,0.2938523292541504,,0.6387434554973822,0.5999225378036499,0.8117018806593916,,,,
openml:31,classification,809,20,block_shift,0.5,0.4895,4,source,1.0,tabicl_aware,0.35261011123657227,,0.680628272251309,0.5758237838745117,0.8241235198514048,,,,
openml:31,classification,809,20,block_shift,0.5,0.4895,4,source,1.0,xgboost,0.0741126537322998,,0.6596858638743456,0.6580445170402527,0.8031112143022986,,,,
openml:31,classification,809,20,block_shift,0.5,0.4895,4,source,1.0,catboost,0.3054647445678711,,0.6492146596858639,0.6069319290331316,0.7455305316925934,,,,
openml:1590,classification,2100,14,none,0.0,0.0,0,random,,tabicl_impute,0.2855861186981201,,0.8611111111111112,0.3040684759616852,0.9066037334392465,,,,
openml:1590,classification,2100,14,none,0.0,0.0,0,random,,tabicl_indicator,0.308459997177124,,0.8622222222222222,0.3020521104335785,0.9076853244063662,,,,
openml:1590,classification,2100,14,none,0.0,0.0,0,random,,tabicl_iterimpute,0.30627870559692383,,0.86,0.3043381869792938,0.9067065732361201,,,,
openml:1590,classification,2100,14,none,0.0,0.0,0,random,,tabicl_knnimpute,0.3323655128479004,,0.8633333333333333,0.3050658106803894,0.9057171834661977,,,,
openml:1590,classification,2100,14,none,0.0,0.0,0,random,,tabicl_aware_zero,0.29108452796936035,,0.8611111111111112,0.30398330092430115,0.9065824562398934,,,,
openml:1590,classification,2100,14,none,0.0,0.0,0,random,,tabicl_aware,0.35885143280029297,,0.86,0.3048567771911621,0.9073236120173621,,,,
openml:1590,classification,2100,14,none,0.0,0.0,0,random,,xgboost,0.09313106536865234,,0.8433333333333334,0.3360162377357483,0.8914933756986013,,,,
openml:1590,classification,2100,14,none,0.0,0.0,0,random,,catboost,0.3761942386627197,,0.8433333333333334,0.3397449075232371,0.8893656557632841,,,,
openml:1590,classification,1464,14,block,0.3,0.25085714285714283,0,source,1.0,tabicl_impute,0.27277231216430664,,0.7740885416666666,0.6801762580871582,0.8545320243420242,,,,
openml:1590,classification,1464,14,block,0.3,0.25085714285714283,0,source,1.0,tabicl_indicator,0.2877511978149414,,0.7734375,0.6740185618400574,0.8556243256095766,,,,
openml:1590,classification,1464,14,block,0.3,0.25085714285714283,0,source,1.0,tabicl_iterimpute,0.2838246822357178,,0.7766927083333334,0.5533027648925781,0.8424491204862612,,,,
openml:1590,classification,1464,14,block,0.3,0.25085714285714283,0,source,1.0,tabicl_knnimpute,0.48488879203796387,,0.7747395833333334,0.599052369594574,0.7800563892985858,,,,
openml:1590,classification,1464,14,block,0.3,0.25085714285714283,0,source,1.0,tabicl_aware_zero,0.27257227897644043,,0.775390625,0.6074413061141968,0.8554300046105976,,,,
openml:1590,classification,1464,14,block,0.3,0.25085714285714283,0,source,1.0,tabicl_aware,0.3385477066040039,,0.7760416666666666,0.6176928877830505,0.8525791586504226,,,,
openml:1590,classification,1464,14,block,0.3,0.25085714285714283,0,source,1.0,xgboost,0.06329083442687988,,0.7779947916666666,0.5972878336906433,0.7674327661413161,,,,
openml:1590,classification,1464,14,block,0.3,0.25085714285714283,0,source,1.0,catboost,0.32758235931396484,,0.7877604166666666,0.5039551962360141,0.7860936168569242,,,,
openml:1590,classification,2418,14,block,0.5,0.5,0,source,1.0,tabicl_impute,0.3016777038574219,,0.8539518900343642,0.3568325340747833,0.8776064213564214,,,,
openml:1590,classification,2418,14,block,0.5,0.5,0,source,1.0,tabicl_indicator,0.3730931282043457,,0.8470790378006873,0.3399520218372345,0.8752254689754689,,,,
openml:1590,classification,2418,14,block,0.5,0.5,0,source,1.0,tabicl_iterimpute,0.6882188320159912,,0.7749140893470791,0.5048468708992004,0.6933621933621934,,,,
openml:1590,classification,2418,14,block,0.5,0.5,0,source,1.0,tabicl_knnimpute,0.7632541656494141,,0.8316151202749141,0.34850069880485535,0.858044733044733,,,,
openml:1590,classification,2418,14,block,0.5,0.5,0,source,1.0,tabicl_aware_zero,0.2952296733856201,,0.8470790378006873,0.32648566365242004,0.8820526695526696,,,,
openml:1590,classification,2418,14,block,0.5,0.5,0,source,1.0,tabicl_aware,0.35361170768737793,,0.8470790378006873,0.32397517561912537,0.879229797979798,,,,
openml:1590,classification,2418,14,block,0.5,0.5,0,source,1.0,xgboost,0.08128714561462402,,0.8539518900343642,0.3426636755466461,0.8524440836940836,,,,
openml:1590,classification,2418,14,block,0.5,0.5,0,source,1.0,catboost,0.3926076889038086,,0.8436426116838488,0.4058295169762022,0.8282738095238095,,,,
openml:1590,classification,1464,14,block_shift,0.3,0.24914285714285714,0,source,1.0,tabicl_impute,0.2650876045227051,,0.8138020833333334,0.3887116611003876,0.8660029980954129,,,,
openml:1590,classification,1464,14,block_shift,0.3,0.24914285714285714,0,source,1.0,tabicl_indicator,0.26853346824645996,,0.818359375,0.3874334990978241,0.8642263489618913,,,,
openml:1590,classification,1464,14,block_shift,0.3,0.24914285714285714,0,source,1.0,tabicl_iterimpute,0.27539896965026855,,0.8157552083333334,0.38654932379722595,0.8618896691232382,,,,
openml:1590,classification,1464,14,block_shift,0.3,0.24914285714285714,0,source,1.0,tabicl_knnimpute,0.40579676628112793,,0.8307291666666666,0.3845702111721039,0.8469076407982369,,,,
openml:1590,classification,1464,14,block_shift,0.3,0.24914285714285714,0,source,1.0,tabicl_aware_zero,0.26470398902893066,,0.810546875,0.38897618651390076,0.870734291983595,,,,
openml:1590,classification,1464,14,block_shift,0.3,0.24914285714285714,0,source,1.0,tabicl_aware,0.3194997310638428,,0.8118489583333334,0.3977079391479492,0.8712170770742259,,,,
openml:1590,classification,1464,14,block_shift,0.3,0.24914285714285714,0,source,1.0,xgboost,0.0695180892944336,,0.7890625,0.4718126356601715,0.8418335694957069,,,,
openml:1590,classification,1464,14,block_shift,0.3,0.24914285714285714,0,source,1.0,catboost,0.3479909896850586,,0.806640625,0.7011842450868921,0.8441931816261651,,,,
openml:1590,classification,2418,14,block_shift,0.5,0.5,0,source,1.0,tabicl_impute,0.335468053817749,,0.802405498281787,0.38605067133903503,0.862310606060606,,,,
openml:1590,classification,2418,14,block_shift,0.5,0.5,0,source,1.0,tabicl_indicator,0.371293306350708,,0.7938144329896907,0.4085352420806885,0.8625450937950938,,,,
openml:1590,classification,2418,14,block_shift,0.5,0.5,0,source,1.0,tabicl_iterimpute,0.6317751407623291,,0.2852233676975945,1.0508030652999878,0.5915945165945167,,,,
openml:1590,classification,2418,14,block_shift,0.5,0.5,0,source,1.0,tabicl_knnimpute,0.6928486824035645,,0.8092783505154639,0.4165760576725006,0.8110479797979797,,,,
openml:1590,classification,2418,14,block_shift,0.5,0.5,0,source,1.0,tabicl_aware_zero,0.29598307609558105,,0.8213058419243986,0.3835078775882721,0.860705266955267,,,,
openml:1590,classification,2418,14,block_shift,0.5,0.5,0,source,1.0,tabicl_aware,0.35415220260620117,,0.8213058419243986,0.3831871449947357,0.8524260461760462,,,,
openml:1590,classification,2418,14,block_shift,0.5,0.5,0,source,1.0,xgboost,0.12168502807617188,,0.8247422680412371,0.4127518832683563,0.8554112554112555,,,,
openml:1590,classification,2418,14,block_shift,0.5,0.5,0,source,1.0,catboost,0.48116350173950195,,0.7989690721649485,0.5437806450984571,0.8081349206349207,,,,
openml:1590,classification,2100,14,none,0.0,0.0,1,random,,tabicl_impute,0.2958848476409912,,0.8733333333333333,0.2941219210624695,0.9123734006638485,,,,
openml:1590,classification,2100,14,none,0.0,0.0,1,random,,tabicl_indicator,0.3104255199432373,,0.8733333333333333,0.29509270191192627,0.9113946494936026,,,,
openml:1590,classification,2100,14,none,0.0,0.0,1,random,,tabicl_iterimpute,0.30783700942993164,,0.87,0.2949875593185425,0.9119230332775398,,,,
openml:1590,classification,2100,14,none,0.0,0.0,1,random,,tabicl_knnimpute,0.33441615104675293,,0.8733333333333333,0.2954181730747223,0.9114230190927403,,,,
openml:1590,classification,2100,14,none,0.0,0.0,1,random,,tabicl_aware_zero,0.2973337173461914,,0.8744444444444445,0.29390624165534973,0.9125719878578117,,,,
openml:1590,classification,2100,14,none,0.0,0.0,1,random,,tabicl_aware,0.35247015953063965,,0.8722222222222222,0.29626211524009705,0.9115329512893983,,,,
openml:1590,classification,2100,14,none,0.0,0.0,1,random,,xgboost,0.06432342529296875,,0.86,0.31314316391944885,0.9034511617350847,,,,
openml:1590,classification,2100,14,none,0.0,0.0,1,random,,catboost,0.3730947971343994,,0.8611111111111112,0.31220459532277467,0.9028128457544895,,,,
openml:1590,classification,1997,14,block,0.3,0.2857142857142857,1,source,1.0,tabicl_impute,0.2860698699951172,,0.8295114656031904,0.35160326957702637,0.8972953216374269,,,,
openml:1590,classification,1997,14,block,0.3,0.2857142857142857,1,source,1.0,tabicl_indicator,0.32352495193481445,,0.8364905284147557,0.3489322364330292,0.9010423435131036,,,,
openml:1590,classification,1997,14,block,0.3,0.2857142857142857,1,source,1.0,tabicl_iterimpute,0.3026852607727051,,0.8404785643070788,0.3595751225948334,0.8731995884773663,,,,
openml:1590,classification,1997,14,block,0.3,0.2857142857142857,1,source,1.0,tabicl_knnimpute,0.5151429176330566,,0.8414755732801595,0.34669777750968933,0.8837502707385749,,,,
openml:1590,classification,1997,14,block,0.3,0.2857142857142857,1,source,1.0,tabicl_aware_zero,0.2902042865753174,,0.8344965104685942,0.34700629115104675,0.896816114359974,,,,
openml:1590,classification,1997,14,block,0.3,0.2857142857142857,1,source,1.0,tabicl_aware,0.38957715034484863,,0.8404785643070788,0.3349054455757141,0.8997157244964262,,,,
openml:1590,classification,1997,14,block,0.3,0.2857142857142857,1,source,1.0,xgboost,0.06898736953735352,,0.8215353938185443,0.37299609184265137,0.8706573532596923,,,,
openml:1590,classification,1997,14,block,0.3,0.2857142857142857,1,source,1.0,catboost,0.3681015968322754,,0.7906281156530409,0.7445584123437564,0.8196583279185619,,,,
openml:1590,classification,1976,14,block,0.5,0.4756190476190476,1,source,0.0,tabicl_impute,0.28608155250549316,,0.849609375,0.3589111268520355,0.8875426356589147,,,,
openml:1590,classification,1976,14,block,0.5,0.4756190476190476,1,source,0.0,tabicl_indicator,0.3463163375854492,,0.8427734375,0.38691094517707825,0.887875968992248,,,,
openml:1590,classification,1976,14,block,0.5,0.4756190476190476,1,source,0.0,tabicl_iterimpute,0.2979269027709961,,0.8369140625,0.3713057041168213,0.8770956072351421,,,,
openml:1590,classification,1976,14,block,0.5,0.4756190476190476,1,source,0.0,tabicl_knnimpute,0.5712628364562988,,0.8095703125,0.39876604080200195,0.847142118863049,,,,
openml:1590,classification,1976,14,block,0.5,0.4756190476190476,1,source,0.0,tabicl_aware_zero,0.28116464614868164,,0.849609375,0.37675270438194275,0.8721240310077519,,,,
openml:1590,classification,1976,14,block,0.5,0.4756190476190476,1,source,0.0,tabicl_aware,0.32332921028137207,,0.845703125,0.3601483702659607,0.8779198966408269,,,,
openml:1590,classification,1976,14,block,0.5,0.4756190476190476,1,source,0.0,xgboost,0.06944751739501953,,0.7978515625,0.38943272829055786,0.8688191214470284,,,,
openml:1590,classification,1976,14,block,0.5,0.4756190476190476,1,source,0.0,catboost,0.3515815734863281,,0.794921875,0.4732826232762807,0.8430103359173127,,,,
openml:1590,classification,1997,14,block_shift,0.3,0.2857142857142857,1,source,1.0,tabicl_impute,0.2892181873321533,,0.8494516450648056,0.34480926394462585,0.9001813948451374,,,,
openml:1590,classification,1997,14,block_shift,0.3,0.2857142857142857,1,source,1.0,tabicl_indicator,0.3293936252593994,,0.847457627118644,0.3530412018299103,0.8977826510721246,,,,
openml:1590,classification,1997,14,block_shift,0.3,0.2857142857142857,1,source,1.0,tabicl_iterimpute,0.2996542453765869,,0.8424725822532403,0.3613895773887634,0.8896036387264457,,,,
openml:1590,classification,1997,14,block_shift,0.3,0.2857142857142857,1,source,1.0,tabicl_knnimpute,0.5196099281311035,,0.8354935194416749,0.3489464223384857,0.8896036387264459,,,,
openml:1590,classification,1997,14,block_shift,0.3,0.2857142857142857,1,source,1.0,tabicl_aware_zero,0.2937159538269043,,0.8494516450648056,0.343142032623291,0.9006091617933722,,,,
openml:1590,classification,1997,14,block_shift,0.3,0.2857142857142857,1,source,1.0,tabicl_aware,0.3611428737640381,,0.8504486540378864,0.32637301087379456,0.9025666016894087,,,,
openml:1590,classification,1997,14,block_shift,0.3,0.2857142857142857,1,source,1.0,xgboost,0.08996152877807617,,0.827517447657029,0.38082724809646606,0.8768843404808319,,,,
openml:1590,classification,1997,14,block_shift,0.3,0.2857142857142857,1,source,1.0,catboost,0.3791618347167969,,0.8075772681954138,0.505421907053378,0.8572178904050249,,,,
openml:1590,classification,1976,14,block_shift,0.5,0.43052380952380953,1,source,0.0,tabicl_impute,0.2829105854034424,,0.7900390625,0.45483526587486267,0.7900645994832042,,,,
openml:1590,classification,1976,14,block_shift,0.5,0.43052380952380953,1,source,0.0,tabicl_indicator,0.34691309928894043,,0.7841796875,0.47314122319221497,0.7750594315245478,,,,
openml:1590,classification,1976,14,block_shift,0.5,0.43052380952380953,1,source,0.0,tabicl_iterimpute,0.5521481037139893,,0.755859375,0.5703551769256592,0.5633669250645994,,,,
openml:1590,classification,1976,14,block_shift,0.5,0.43052380952380953,1,source,0.0,tabicl_knnimpute,0.5821495056152344,,0.8076171875,0.4492747187614441,0.7869819121447028,,,,
openml:1590,classification,1976,14,block_shift,0.5,0.43052380952380953,1,source,0.0,tabicl_aware_zero,0.2870602607727051,,0.7939453125,0.45428967475891113,0.7787157622739018,,,,
openml:1590,classification,1976,14,block_shift,0.5,0.43052380952380953,1,source,0.0,tabicl_aware,0.3279550075531006,,0.794921875,0.452114999294281,0.7800051679586564,,,,
openml:1590,classification,1976,14,block_shift,0.5,0.43052380952380953,1,source,0.0,xgboost,0.0948948860168457,,0.4970703125,0.9233454465866089,0.745312661498708,,,,
openml:1590,classification,1976,14,block_shift,0.5,0.43052380952380953,1,source,0.0,catboost,0.4508817195892334,,0.77734375,0.6170231921915206,0.7551937984496124,,,,
openml:1590,classification,2100,14,none,0.0,0.0,2,random,,tabicl_impute,0.29334092140197754,,0.8722222222222222,0.28855180740356445,0.9164373457403048,,,,
openml:1590,classification,2100,14,none,0.0,0.0,2,random,,tabicl_indicator,0.311328649520874,,0.8666666666666667,0.2903169095516205,0.9150649663820251,,,,
openml:1590,classification,2100,14,none,0.0,0.0,2,random,,tabicl_iterimpute,0.30681371688842773,,0.87,0.2885599434375763,0.9165650089364238,,,,
openml:1590,classification,2100,14,none,0.0,0.0,2,random,,tabicl_knnimpute,0.32233452796936035,,0.8711111111111111,0.2892591655254364,0.9156359045646685,,,,
openml:1590,classification,2100,14,none,0.0,0.0,2,random,,tabicl_aware_zero,0.2916452884674072,,0.87,0.28888145089149475,0.9159869783539959,,,,
openml:1590,classification,2100,14,none,0.0,0.0,2,random,,tabicl_aware,0.4079926013946533,,0.8677777777777778,0.28762322664260864,0.9168877131266134,,,,
openml:1590,classification,2100,14,none,0.0,0.0,2,random,,xgboost,0.06904816627502441,,0.8544444444444445,0.33078110218048096,0.89611052795824,,,,
openml:1590,classification,2100,14,none,0.0,0.0,2,random,,catboost,0.3756594657897949,,0.8477777777777777,0.3265286929967714,0.8960821583591023,,,,
openml:1590,classification,1467,14,block,0.3,0.2507857142857143,2,source,1.0,tabicl_impute,0.27291274070739746,,0.8180039138943248,0.38696974515914917,0.8669095405003121,,,,
openml:1590,classification,1467,14,block,0.3,0.2507857142857143,2,source,1.0,tabicl_indicator,0.29361724853515625,,0.8180039138943248,0.3860222399234772,0.8696175637393766,,,,
openml:1590,classification,1467,14,block,0.3,0.2507857142857143,2,source,1.0,tabicl_iterimpute,0.2905580997467041,,0.8258317025440313,0.37986814975738525,0.86689393575647,,,,
openml:1590,classification,1467,14,block,0.3,0.2507857142857143,2,source,1.0,tabicl_knnimpute,0.41408324241638184,,0.8238747553816047,0.3781702518463135,0.8600506553992414,,,,
openml:1590,classification,1467,14,block,0.3,0.2507857142857143,2,source,1.0,tabicl_aware_zero,0.2779884338378906,,0.8238747553816047,0.3840004801750183,0.8676837758678637,,,,
openml:1590,classification,1467,14,block,0.3,0.2507857142857143,2,source,1.0,tabicl_aware,0.33968162536621094,,0.8343118069145466,0.3696640729904175,0.8697568060690449,,,,
openml:1590,classification,1467,14,block,0.3,0.2507857142857143,2,source,1.0,xgboost,0.06333041191101074,,0.7997390737116764,0.528777003288269,0.7670127718826523,,,,
openml:1590,classification,1467,14,block,0.3,0.2507857142857143,2,source,1.0,catboost,0.3325998783111572,,0.7697325505544683,0.9162755635717991,0.8302720026888175,,,,
openml:1590,classification,1995,14,block,0.5,0.4522857142857143,2,source,0.0,tabicl_impute,0.2847168445587158,,0.7920398009950249,0.41209056973457336,0.8251868275334263,,,,
openml:1590,classification,1995,14,block,0.5,0.4522857142857143,2,source,0.0,tabicl_indicator,0.3264307975769043,,0.7910447761194029,0.4137139618396759,0.824401814252915,,,,
openml:1590,classification,1995,14,block,0.5,0.4522857142857143,2,source,0.0,tabicl_iterimpute,0.5245718955993652,,0.7840796019900498,0.4874825179576874,0.7197024265070003,,,,
openml:1590,classification,1995,14,block,0.5,0.4522857142857143,2,source,0.0,tabicl_knnimpute,0.5569093227386475,,0.7781094527363184,0.4482908546924591,0.7999566695178499,,,,
openml:1590,classification,1995,14,block,0.5,0.4522857142857143,2,source,0.0,tabicl_aware_zero,0.28708910942077637,,0.7960199004975125,0.4115905463695526,0.8256820330437131,,,,
openml:1590,classification,1995,14,block,0.5,0.4522857142857143,2,source,0.0,tabicl_aware,0.325817346572876,,0.8,0.4109746813774109,0.8280652095619682,,,,
openml:1590,classification,1995,14,block,0.5,0.4522857142857143,2,source,0.0,xgboost,0.07667899131774902,,0.5970149253731343,0.8180626630783081,0.807607031918246,,,,
openml:1590,classification,1995,14,block,0.5,0.4522857142857143,2,source,0.0,catboost,0.37209415435791016,,0.7721393034825871,0.9192606643719415,0.804013978300995,,,,
openml:1590,classification,1467,14,block_shift,0.3,0.24921428571428572,2,source,1.0,tabicl_impute,0.2593660354614258,,0.4657534246575342,1.164965271949768,0.7562551015508714,,,,
openml:1590,classification,1467,14,block_shift,0.3,0.24921428571428572,2,source,1.0,tabicl_indicator,0.2656872272491455,,0.45792563600782776,1.1752489805221558,0.7588166802708024,,,,
openml:1590,classification,1467,14,block_shift,0.3,0.24921428571428572,2,source,1.0,tabicl_iterimpute,0.2714567184448242,,0.4592302674494455,1.1992989778518677,0.7615823210255919,,,,
openml:1590,classification,1467,14,block_shift,0.3,0.24921428571428572,2,source,1.0,tabicl_knnimpute,0.3712174892425537,,0.44944553163731243,1.32758629322052,0.7485199500648198,,,,
openml:1590,classification,1467,14,block_shift,0.3,0.24921428571428572,2,source,1.0,tabicl_aware_zero,0.25970005989074707,,0.4598825831702544,1.173637866973877,0.756568396792625,,,,
openml:1590,classification,1467,14,block_shift,0.3,0.24921428571428572,2,source,1.0,tabicl_aware,0.3703765869140625,,0.4592302674494455,1.2659199237823486,0.7634812983146877,,,,
openml:1590,classification,1467,14,block_shift,0.3,0.24921428571428572,2,source,1.0,xgboost,0.07132554054260254,,0.46966731898238745,1.1437418460845947,0.6821289672060307,,,,
openml:1590,classification,1467,14,block_shift,0.3,0.24921428571428572,2,source,1.0,catboost,0.3468782901763916,,0.6960208741030659,0.6486913492693015,0.7476292793009076,,,,
openml:1590,classification,1995,14,block_shift,0.5,0.4525,2,source,0.0,tabicl_impute,0.2752258777618408,,0.7920398009950249,0.47536951303482056,0.74229055057849,,,,
openml:1590,classification,1995,14,block_shift,0.5,0.4525,2,source,0.0,tabicl_indicator,0.31649327278137207,,0.7880597014925373,0.46470212936401367,0.7665725025885742,,,,
openml:1590,classification,1995,14,block_shift,0.5,0.4525,2,source,0.0,tabicl_iterimpute,0.2957572937011719,,0.7800995024875622,0.5006111264228821,0.7012982262638994,,,,
openml:1590,classification,1995,14,block_shift,0.5,0.4525,2,source,0.0,tabicl_knnimpute,0.5797231197357178,,0.7681592039800995,0.6676235795021057,0.671042857785981,,,,
openml:1590,classification,1995,14,block_shift,0.5,0.4525,2,source,0.0,tabicl_aware_zero,0.28264427185058594,,0.7751243781094528,0.5428348183631897,0.7486128618376626,,,,
openml:1590,classification,1995,14,block_shift,0.5,0.4525,2,source,0.0,tabicl_aware,0.3271937370300293,,0.7741293532338308,0.5690279603004456,0.7506921622473326,,,,
openml:1590,classification,1995,14,block_shift,0.5,0.4525,2,source,0.0,xgboost,0.0852658748626709,,0.573134328358209,1.284090280532837,0.7231041507225499,,,,
openml:1590,classification,1995,14,block_shift,0.5,0.4525,2,source,0.0,catboost,0.38066697120666504,,0.7721393034825871,0.7801324517574799,0.7053977400621256,,,,
openml:1590,classification,2100,14,none,0.0,0.0,3,random,,tabicl_impute,0.29527974128723145,,0.86,0.29703959822654724,0.9116677068853016,,,,
openml:1590,classification,2100,14,none,0.0,0.0,3,random,,tabicl_indicator,0.3117053508758545,,0.8588888888888889,0.29783934354782104,0.9114655734914465,,,,
openml:1590,classification,2100,14,none,0.0,0.0,3,random,,tabicl_iterimpute,0.30655455589294434,,0.8588888888888889,0.2978530824184418,0.911327271695651,,,,
openml:1590,classification,2100,14,none,0.0,0.0,3,random,,tabicl_knnimpute,0.3104994297027588,,0.86,0.2973613142967224,0.9119088484779709,,,,
openml:1590,classification,2100,14,none,0.0,0.0,3,random,,tabicl_aware_zero,0.30081868171691895,,0.86,0.29700765013694763,0.9119265794774319,,,,
openml:1590,classification,2100,14,none,0.0,0.0,3,random,,tabicl_aware,0.3692159652709961,,0.8633333333333333,0.29731377959251404,0.9115790518879969,,,,
openml:1590,classification,2100,14,none,0.0,0.0,3,random,,xgboost,0.06806278228759766,,0.8422222222222222,0.33106961846351624,0.8963303923515561,,,,
openml:1590,classification,2100,14,none,0.0,0.0,3,random,,catboost,0.37343478202819824,,0.8466666666666667,0.3332169923162539,0.8932522908451302,,,,
openml:1590,classification,2251,14,block,0.3,0.26811904761904765,3,source,2.0,tabicl_impute,0.29906320571899414,,0.8371161548731643,0.34955233335494995,0.8860678231892579,,,,
openml:1590,classification,2251,14,block,0.3,0.26811904761904765,3,source,2.0,tabicl_indicator,0.3594188690185547,,0.835781041388518,0.3492580056190491,0.8872145447417426,,,,
openml:1590,classification,2251,14,block,0.3,0.26811904761904765,3,source,2.0,tabicl_iterimpute,0.31087493896484375,,0.829105473965287,0.35063639283180237,0.884323238263256,,,,
openml:1590,classification,2251,14,block,0.3,0.26811904761904765,3,source,2.0,tabicl_knnimpute,0.5720064640045166,,0.835781041388518,0.35321030020713806,0.8870675291580907,,,,
openml:1590,classification,2251,14,block,0.3,0.26811904761904765,3,source,2.0,tabicl_aware_zero,0.30338549613952637,,0.835781041388518,0.3501195013523102,0.8851955307262569,,,,
openml:1590,classification,2251,14,block,0.3,0.26811904761904765,3,source,2.0,tabicl_aware,0.40536022186279297,,0.8331108144192256,0.34906005859375,0.8848132902087621,,,,
openml:1590,classification,2251,14,block,0.3,0.26811904761904765,3,source,2.0,xgboost,0.07523036003112793,,0.835781041388518,0.37272512912750244,0.8820052925610115,,,,
openml:1590,classification,2251,14,block,0.3,0.26811904761904765,3,source,2.0,catboost,0.3868105411529541,,0.8010680907877169,0.41140665001852783,0.8620405763010879,,,,
openml:1590,classification,1969,14,block,0.5,0.47545238095238096,3,source,0.0,tabicl_impute,0.27306675910949707,,0.7982541222114452,0.4727345108985901,0.8249702112495685,,,,
openml:1590,classification,1969,14,block,0.5,0.47545238095238096,3,source,0.0,tabicl_indicator,0.31967973709106445,,0.7972841901066925,0.4360940754413605,0.8208415461196672,,,,
openml:1590,classification,1969,14,block,0.5,0.47545238095238096,3,source,0.0,tabicl_iterimpute,0.4744534492492676,,0.7846750727449079,0.5650105476379395,0.7921914497934276,,,,
openml:1590,classification,1969,14,block,0.5,0.47545238095238096,3,source,0.0,tabicl_knnimpute,0.5218551158905029,,0.8011639185257032,0.43673017621040344,0.7955016202853038,,,,
openml:1590,classification,1969,14,block,0.5,0.47545238095238096,3,source,0.0,tabicl_aware_zero,0.278331995010376,,0.7982541222114452,0.4511944651603699,0.8252708827492511,,,,
openml:1590,classification,1969,14,block,0.5,0.47545238095238096,3,source,0.0,tabicl_aware,0.3210182189941406,,0.7972841901066925,0.43080905079841614,0.8268271361596454,,,,
openml:1590,classification,1969,14,block,0.5,0.47545238095238096,3,source,0.0,xgboost,0.07475781440734863,,0.2909796314258002,2.664191246032715,0.7936975912872082,,,,
openml:1590,classification,1969,14,block,0.5,0.47545238095238096,3,source,0.0,catboost,0.30524277687072754,,0.7604267701260912,0.4739762288256908,0.7443457054087461,,,,
openml:1590,classification,2251,14,block_shift,0.3,0.2857142857142857,3,source,2.0,tabicl_impute,0.28814005851745605,,0.7930574098798397,0.4707019031047821,0.849049299225718,,,,
openml:1590,classification,2251,14,block_shift,0.3,0.2857142857142857,3,source,2.0,tabicl_indicator,0.336944580078125,,0.807743658210948,0.4365621507167816,0.862824659413898,,,,
openml:1590,classification,2251,14,block_shift,0.3,0.2857142857142857,3,source,2.0,tabicl_iterimpute,0.48613500595092773,,0.7610146862483311,0.47914284467697144,0.7772223855728706,,,,
openml:1590,classification,2251,14,block_shift,0.3,0.2857142857142857,3,source,2.0,tabicl_knnimpute,0.554539680480957,,0.8037383177570093,0.4243215024471283,0.8140546897971185,,,,
openml:1590,classification,2251,14,block_shift,0.3,0.2857142857142857,3,source,2.0,tabicl_aware_zero,0.3034849166870117,,0.8264352469959947,0.4352700710296631,0.8552484563363717,,,,
openml:1590,classification,2251,14,block_shift,0.3,0.2857142857142857,3,source,2.0,tabicl_aware,0.35619187355041504,,0.8184245660881175,0.3856087923049927,0.8561942565911986,,,,
openml:1590,classification,2251,14,block_shift,0.3,0.2857142857142857,3,source,2.0,xgboost,0.09536504745483398,,0.7823765020026703,0.4251733422279358,0.8290600803685191,,,,
openml:1590,classification,2251,14,block_shift,0.3,0.2857142857142857,3,source,2.0,catboost,0.3376147747039795,,0.787716955941255,0.5054413525140575,0.8320003920415564,,,,
openml:1590,classification,1969,14,block_shift,0.5,0.4764047619047619,3,source,0.0,tabicl_impute,0.2842388153076172,,0.8477206595538312,0.35689857602119446,0.861557478368356,,,,
openml:1590,classification,1969,14,block_shift,0.5,0.4764047619047619,3,source,0.0,tabicl_indicator,0.3372647762298584,,0.8399612027158099,0.3685285747051239,0.8600402008931056,,,,
openml:1590,classification,1969,14,block_shift,0.5,0.4764047619047619,3,source,0.0,tabicl_iterimpute,0.29552340507507324,,0.8516003879728419,0.3594696819782257,0.8599511130413477,,,,
openml:1590,classification,1969,14,block_shift,0.5,0.4764047619047619,3,source,0.0,tabicl_knnimpute,0.5490190982818604,,0.8351115421920465,0.3846372663974762,0.8369386073341573,,,,
openml:1590,classification,1969,14,block_shift,0.5,0.4764047619047619,3,source,0.0,tabicl_aware_zero,0.28299975395202637,,0.8486905916585838,0.3653838634490967,0.8582779318255214,,,,
openml:1590,classification,1969,14,block_shift,0.5,0.4764047619047619,3,source,0.0,tabicl_aware,0.32615160942077637,,0.8486905916585838,0.35941365361213684,0.8582333878996425,,,,
openml:1590,classification,1969,14,block_shift,0.5,0.4764047619047619,3,source,0.0,xgboost,0.100128173828125,,0.8069835111542192,0.4974742829799652,0.821788104544594,,,,
openml:1590,classification,1969,14,block_shift,0.5,0.4764047619047619,3,source,0.0,catboost,0.44264650344848633,,0.8031037827352085,0.5510896820618182,0.8420778627824363,,,,
openml:1590,classification,2100,14,none,0.0,0.0,4,random,,tabicl_impute,0.28958630561828613,,0.86,0.2925741374492645,0.9145826831966865,,,,
openml:1590,classification,2100,14,none,0.0,0.0,4,random,,tabicl_indicator,0.3095982074737549,,0.8644444444444445,0.2939823865890503,0.9135862010269795,,,,
openml:1590,classification,2100,14,none,0.0,0.0,4,random,,tabicl_iterimpute,0.31531357765197754,,0.8611111111111112,0.29282593727111816,0.914430196601322,,,,
openml:1590,classification,2100,14,none,0.0,0.0,4,random,,tabicl_knnimpute,0.3352501392364502,,0.8633333333333333,0.29320842027664185,0.9143663650032625,,,,
openml:1590,classification,2100,14,none,0.0,0.0,4,random,,tabicl_aware_zero,0.2926168441772461,,0.8622222222222222,0.291875958442688,0.9150968821810549,,,,
openml:1590,classification,2100,14,none,0.0,0.0,4,random,,tabicl_aware,0.3644139766693115,,0.8622222222222222,0.29269304871559143,0.9150153195835343,,,,
openml:1590,classification,2100,14,none,0.0,0.0,4,random,,xgboost,0.07029581069946289,,0.8533333333333334,0.3264119029045105,0.8980041987006723,,,,
openml:1590,classification,2100,14,none,0.0,0.0,4,random,,catboost,0.37420105934143066,,0.8477777777777777,0.3176025918905408,0.9009120826122726,,,,
openml:1590,classification,2002,14,block,0.3,0.2857142857142857,4,source,0.0,tabicl_impute,0.27906060218811035,,0.7925851703406813,0.45042261481285095,0.832761463908578,,,,
openml:1590,classification,2002,14,block,0.3,0.2857142857142857,4,source,0.0,tabicl_indicator,0.34946250915527344,,0.7845691382765531,0.4581601023674011,0.8393548387096774,,,,
openml:1590,classification,2002,14,block,0.3,0.2857142857142857,4,source,0.0,tabicl_iterimpute,0.29510974884033203,,0.8046092184368737,0.4181421399116516,0.8180674092289888,,,,
openml:1590,classification,2002,14,block,0.3,0.2857142857142857,4,source,0.0,tabicl_knnimpute,0.520174503326416,,0.7945891783567134,0.47286126017570496,0.7907362939389557,,,,
openml:1590,classification,2002,14,block,0.3,0.2857142857142857,4,source,0.0,tabicl_aware_zero,0.2851450443267822,,0.7905811623246493,0.45179322361946106,0.8375119340373209,,,,
openml:1590,classification,2002,14,block,0.3,0.2857142857142857,4,source,0.0,tabicl_aware,0.3408200740814209,,0.7975951903807615,0.42270851135253906,0.8401562273976567,,,,
openml:1590,classification,2002,14,block,0.3,0.2857142857142857,4,source,0.0,xgboost,0.07123422622680664,,0.22344689378757515,2.7800068855285645,0.777928540431072,,,,
openml:1590,classification,2002,14,block,0.3,0.2857142857142857,4,source,0.0,catboost,0.3656301498413086,,0.781563126252505,0.8144943415322294,0.8312396933314046,,,,
openml:1590,classification,2428,14,block,0.5,0.4852619047619048,4,source,4.0,tabicl_impute,0.2983565330505371,,0.8111888111888111,0.40234148502349854,0.8203777137994097,,,,
openml:1590,classification,2428,14,block,0.5,0.4852619047619048,4,source,4.0,tabicl_indicator,0.3859255313873291,,0.8024475524475524,0.4090650677680969,0.8125282923207852,,,,
openml:1590,classification,2428,14,block,0.5,0.4852619047619048,4,source,4.0,tabicl_iterimpute,0.31270718574523926,,0.798951048951049,0.4112914204597473,0.8166295471417966,,,,
openml:1590,classification,2428,14,block,0.5,0.4852619047619048,4,source,4.0,tabicl_knnimpute,0.8259508609771729,,0.798951048951049,0.43088915944099426,0.8046336031289043,,,,
openml:1590,classification,2428,14,block,0.5,0.4852619047619048,4,source,4.0,tabicl_aware_zero,0.3016533851623535,,0.8041958041958042,0.4042079448699951,0.8177069187172941,,,,
openml:1590,classification,2428,14,block,0.5,0.4852619047619048,4,source,4.0,tabicl_aware,0.3702223300933838,,0.8129370629370629,0.4000036418437958,0.8196986981005668,,,,
openml:1590,classification,2428,14,block,0.5,0.4852619047619048,4,source,4.0,xgboost,0.08560585975646973,,0.7832167832167832,0.45825207233428955,0.7921668748981477,,,,
openml:1590,classification,2428,14,block,0.5,0.4852619047619048,4,source,4.0,catboost,0.40392327308654785,,0.798951048951049,0.45682597448725787,0.7917323048508882,,,,
openml:1590,classification,2002,14,block_shift,0.3,0.2857142857142857,4,source,0.0,tabicl_impute,0.28052473068237305,,0.8106212424849699,0.4293971359729767,0.7896658469550123,,,,
openml:1590,classification,2002,14,block_shift,0.3,0.2857142857142857,4,source,0.0,tabicl_indicator,0.3203253746032715,,0.8016032064128257,0.43756434321403503,0.7804773614928395,,,,
openml:1590,classification,2002,14,block_shift,0.3,0.2857142857142857,4,source,0.0,tabicl_iterimpute,0.5828356742858887,,0.7835671342685371,0.4641644060611725,0.7880920005786199,,,,
openml:1590,classification,2002,14,block_shift,0.3,0.2857142857142857,4,source,0.0,tabicl_knnimpute,0.5292351245880127,,0.8006012024048096,0.45184820890426636,0.7857514827137277,,,,
openml:1590,classification,2002,14,block_shift,0.3,0.2857142857142857,4,source,0.0,tabicl_aware_zero,0.2873990535736084,,0.811623246492986,0.42706212401390076,0.793907131491393,,,,
openml:1590,classification,2002,14,block_shift,0.3,0.2857142857142857,4,source,0.0,tabicl_aware,0.3989715576171875,,0.8036072144288577,0.44063475728034973,0.8046058151309128,,,,
openml:1590,classification,2002,14,block_shift,0.3,0.2857142857142857,4,source,0.0,xgboost,0.09344148635864258,,0.8106212424849699,0.5120587348937988,0.7715261102271083,,,,
openml:1590,classification,2002,14,block_shift,0.3,0.2857142857142857,4,source,0.0,catboost,0.3881649971008301,,0.7875751503006012,0.6693123452491415,0.7284594242731086,,,,
openml:1590,classification,2428,14,block_shift,0.5,0.5,4,source,4.0,tabicl_impute,0.28522777557373047,,0.6048951048951049,0.8163233995437622,0.7432958516667572,,,,
openml:1590,classification,2428,14,block_shift,0.5,0.5,4,source,4.0,tabicl_indicator,0.34345364570617676,,0.6695804195804196,0.6115452647209167,0.817779347058504,,,,
openml:1590,classification,2428,14,block_shift,0.5,0.5,4,source,4.0,tabicl_iterimpute,0.5230841636657715,,0.7552447552447552,0.5086097717285156,0.6683777862277509,,,,
openml:1590,classification,2428,14,block_shift,0.5,0.5,4,source,4.0,tabicl_knnimpute,0.7066092491149902,,0.6923076923076923,0.5664451122283936,0.7638836076556756,,,,
openml:1590,classification,2428,14,block_shift,0.5,0.5,4,source,4.0,tabicl_aware_zero,0.29126930236816406,,0.6695804195804196,0.5237513184547424,0.8181505423072047,,,,
openml:1590,classification,2428,14,block_shift,0.5,0.5,4,source,4.0,tabicl_aware,0.34926581382751465,,0.6713286713286714,0.5258087515830994,0.786318286345447,,,,
openml:1590,classification,2428,14,block_shift,0.5,0.5,4,source,4.0,xgboost,0.10085058212280273,,0.777972027972028,0.43794959783554077,0.8176797580893405,,,,
openml:1590,classification,2428,14,block_shift,0.5,0.5,4,source,4.0,catboost,0.4713106155395508,,0.7902097902097902,0.5686184201599269,0.8037373024064317,,,,
openml:531,regression,354,13,none,0.0,0.0,0,random,,tabicl_impute,0.24096035957336426,,,,,3.407368170995847,0.8683432699981459,0.8421052631578947,0.5755900535027526
openml:531,regression,354,13,none,0.0,0.0,0,random,,tabicl_indicator,0.2369685173034668,,,,,3.407368170995847,0.8683432699981459,0.8421052631578947,0.5755900535027526
openml:531,regression,354,13,none,0.0,0.0,0,random,,tabicl_iterimpute,0.24694371223449707,,,,,3.407368170995847,0.8683432699981459,0.8421052631578947,0.5755900535027526
openml:531,regression,354,13,none,0.0,0.0,0,random,,tabicl_knnimpute,0.23726511001586914,,,,,3.407368170995847,0.8683432699981459,0.8421052631578947,0.5755900535027526
openml:531,regression,354,13,none,0.0,0.0,0,random,,tabicl_aware_zero,0.23574566841125488,,,,,3.407368170995847,0.8683432699981459,0.8421052631578947,0.5755900535027526
openml:531,regression,354,13,none,0.0,0.0,0,random,,tabicl_aware,0.3100924491882324,,,,,3.299690188310724,0.8765328934798386,0.8289473684210527,0.5707800902370705
openml:531,regression,354,13,none,0.0,0.0,0,random,,xgboost,0.07809209823608398,,,,,3.489663258351712,0.8619068992067158,,
openml:531,regression,354,13,none,0.0,0.0,0,random,,catboost,0.18549656867980957,,,,,3.24099931317918,0.8808859976284427,,
openml:531,regression,261,13,block,0.3,0.3076923076923077,0,source,1.0,tabicl_impute,0.2229924201965332,,,,,6.5844702191293925,0.4364137751891476,0.7591836734693878,1.5937179168619222
openml:531,regression,261,13,block,0.3,0.3076923076923077,0,source,1.0,tabicl_indicator,0.2210707664489746,,,,,6.5844702191293925,0.4364137751891476,0.7591836734693878,1.5937179168619222
openml:531,regression,261,13,block,0.3,0.3076923076923077,0,source,1.0,tabicl_iterimpute,0.2320568561553955,,,,,6.722675415529049,0.412506615834485,0.7959183673469388,1.8881135935426536
openml:531,regression,261,13,block,0.3,0.3076923076923077,0,source,1.0,tabicl_knnimpute,0.2714526653289795,,,,,6.211667832127102,0.49842585471303014,0.7387755102040816,1.5371306889715315
openml:531,regression,261,13,block,0.3,0.3076923076923077,0,source,1.0,tabicl_aware_zero,0.2200942039489746,,,,,6.570963848314903,0.43872351226342254,0.8,1.6819018350404547
openml:531,regression,261,13,block,0.3,0.3076923076923077,0,source,1.0,tabicl_aware,0.2925755977630615,,,,,6.55081859713605,0.44215975799826324,0.7224489795918367,1.4161597856623316
openml:531,regression,261,13,block,0.3,0.3076923076923077,0,source,1.0,xgboost,0.05904030799865723,,,,,8.270123216544919,0.11091628736927506,,
openml:531,regression,261,13,block,0.3,0.3076923076923077,0,source,1.0,catboost,0.18217706680297852,,,,,10.55490310096864,-0.44819550553307974,,
openml:531,regression,397,13,block,0.5,0.46153846153846156,0,source,4.0,tabicl_impute,0.24282431602478027,,,,,5.11742269870556,0.755088260508504,0.8623853211009175,1.330991654810029
openml:531,regression,397,13,block,0.5,0.46153846153846156,0,source,4.0,tabicl_indicator,0.27645301818847656,,,,,5.155949005449827,0.7513867635189375,0.8623853211009175,1.334815162290822
openml:531,regression,397,13,block,0.5,0.46153846153846156,0,source,4.0,tabicl_iterimpute,0.2825586795806885,,,,,7.173887239773552,0.5186997217033922,0.8715596330275229,1.974321735599312
openml:531,regression,397,13,block,0.5,0.46153846153846156,0,source,4.0,tabicl_knnimpute,0.24586153030395508,,,,,5.501414376827785,0.7169548375439407,0.8440366972477065,1.1352486013116232
openml:531,regression,397,13,block,0.5,0.46153846153846156,0,source,4.0,tabicl_aware_zero,0.23379158973693848,,,,,5.404319241044976,0.7268576688168513,0.8440366972477065,1.2295584964421518
openml:531,regression,397,13,block,0.5,0.46153846153846156,0,source,4.0,tabicl_aware,0.30542755126953125,,,,,5.237498661023979,0.7434601298915786,0.8165137614678899,1.1053242001037038
openml:531,regression,397,13,block,0.5,0.46153846153846156,0,source,4.0,xgboost,0.0797266960144043,,,,,6.059270908506139,0.6566415333234624,,
openml:531,regression,397,13,block,0.5,0.46153846153846156,0,source,4.0,catboost,0.2097492218017578,,,,,7.031089708578137,0.5376697619797393,,
openml:531,regression,261,13,block_shift,0.3,0.2680145941015506,0,source,1.0,tabicl_impute,0.22953486442565918,,,,,5.965758330879792,0.5373527267957219,0.7020408163265306,1.2654535839905579
openml:531,regression,261,13,block_shift,0.3,0.2680145941015506,0,source,1.0,tabicl_indicator,0.2271101474761963,,,,,5.965758330879792,0.5373527267957219,0.7020408163265306,1.2654535839905579
openml:531,regression,261,13,block_shift,0.3,0.2680145941015506,0,source,1.0,tabicl_iterimpute,0.23156023025512695,,,,,5.504233893774679,0.6061666817507312,0.7061224489795919,1.1345635569936467
openml:531,regression,261,13,block_shift,0.3,0.2680145941015506,0,source,1.0,tabicl_knnimpute,0.22797369956970215,,,,,5.748734390482385,0.5704010801438746,0.5959183673469388,0.9762320527721825
openml:531,regression,261,13,block_shift,0.3,0.2680145941015506,0,source,1.0,tabicl_aware_zero,0.22301363945007324,,,,,5.849249544058047,0.5552468898163,0.6775510204081633,1.2120281889060314
openml:531,regression,261,13,block_shift,0.3,0.2680145941015506,0,source,1.0,tabicl_aware,0.2944769859313965,,,,,5.6933149021886695,0.5786440748308677,0.636734693877551,1.0091217901295955
openml:531,regression,261,13,block_shift,0.3,0.2680145941015506,0,source,1.0,xgboost,0.08249044418334961,,,,,10.042067612376176,-0.3108861538567733,,
openml:531,regression,261,13,block_shift,0.3,0.2680145941015506,0,source,1.0,catboost,0.20709991455078125,,,,,6.353807919527049,0.4752084213033143,,
openml:531,regression,397,13,block_shift,0.5,0.44588020674977197,0,source,4.0,tabicl_impute,0.23992609977722168,,,,,7.010860651865352,0.5403262636053411,0.9174311926605505,2.248223136514626
openml:531,regression,397,13,block_shift,0.5,0.44588020674977197,0,source,4.0,tabicl_indicator,0.27994751930236816,,,,,7.558120603876025,0.46576214764448276,0.908256880733945,2.389049175491819
openml:531,regression,397,13,block_shift,0.5,0.44588020674977197,0,source,4.0,tabicl_iterimpute,0.3526449203491211,,,,,8.331000597583753,0.3509153304159158,0.7981651376146789,2.0486841511236555
openml:531,regression,397,13,block_shift,0.5,0.44588020674977197,0,source,4.0,tabicl_knnimpute,0.25753045082092285,,,,,8.225697907852478,0.3672203087290119,0.7064220183486238,1.6025091046213096
openml:531,regression,397,13,block_shift,0.5,0.44588020674977197,0,source,4.0,tabicl_aware_zero,0.24274635314941406,,,,,7.0839876646284905,0.530686968862293,0.8899082568807339,1.9320790701196093
openml:531,regression,397,13,block_shift,0.5,0.44588020674977197,0,source,4.0,tabicl_aware,0.31188321113586426,,,,,6.869813315526294,0.5586360156543073,0.8715596330275229,1.7671375797677071
openml:531,regression,397,13,block_shift,0.5,0.44588020674977197,0,source,4.0,xgboost,0.10123610496520996,,,,,7.633328846555697,0.45507721781190924,,
openml:531,regression,397,13,block_shift,0.5,0.44588020674977197,0,source,4.0,catboost,0.25195956230163574,,,,,10.01437241555363,0.062104404128513147,,
openml:531,regression,354,13,none,0.0,0.0,1,random,,tabicl_impute,0.24959540367126465,,,,,2.7680781422985046,0.9054523503525576,0.8223684210526315,0.6498065489826644
openml:531,regression,354,13,none,0.0,0.0,1,random,,tabicl_indicator,0.28281426429748535,,,,,2.7680781422985046,0.9054523503525576,0.8223684210526315,0.6498065489826644
openml:531,regression,354,13,none,0.0,0.0,1,random,,tabicl_iterimpute,0.2557539939880371,,,,,2.7680781422985046,0.9054523503525576,0.8223684210526315,0.6498065489826644
openml:531,regression,354,13,none,0.0,0.0,1,random,,tabicl_knnimpute,0.24115753173828125,,,,,2.7680781422985046,0.9054523503525576,0.8223684210526315,0.6498065489826644
openml:531,regression,354,13,none,0.0,0.0,1,random,,tabicl_aware_zero,0.23769521713256836,,,,,2.7680781422985046,0.9054523503525576,0.8223684210526315,0.6498065489826644
openml:531,regression,354,13,none,0.0,0.0,1,random,,tabicl_aware,0.3108632564544678,,,,,2.8900653893594717,0.8969354329424173,0.8223684210526315,0.6445766049513508
openml:531,regression,354,13,none,0.0,0.0,1,random,,xgboost,0.08232712745666504,,,,,2.893635924146873,0.8966806131423519,,
openml:531,regression,354,13,none,0.0,0.0,1,random,,catboost,0.21138381958007812,,,,,2.9217150626739516,0.8946657119380619,,
openml:531,regression,332,13,block,0.3,0.3076923076923077,1,source,2.0,tabicl_impute,0.2395009994506836,,,,,5.260968704820774,0.7041338714974077,0.7873563218390804,1.2612707466975037
openml:531,regression,332,13,block,0.3,0.3076923076923077,1,source,2.0,tabicl_indicator,0.26220011711120605,,,,,5.3083879781506855,0.6987763088166026,0.7931034482758621,1.2836506447654
openml:531,regression,332,13,block,0.3,0.3076923076923077,1,source,2.0,tabicl_iterimpute,0.3469412326812744,,,,,9.120389788969042,0.11081810452856566,0.9942528735632183,4.41723777956415
openml:531,regression,332,13,block,0.3,0.3076923076923077,1,source,2.0,tabicl_knnimpute,0.25031614303588867,,,,,5.120827723933597,0.7196864167554855,0.7183908045977011,0.9770121027184083
openml:531,regression,332,13,block,0.3,0.3076923076923077,1,source,2.0,tabicl_aware_zero,0.23702096939086914,,,,,5.168469178931923,0.7144463776514242,0.7816091954022989,1.1748809522198118
openml:531,regression,332,13,block,0.3,0.3076923076923077,1,source,2.0,tabicl_aware,0.30902814865112305,,,,,5.168792415078266,0.714410659478198,0.7298850574712644,1.0005529307600083
openml:531,regression,332,13,block,0.3,0.3076923076923077,1,source,2.0,xgboost,0.07579708099365234,,,,,5.091429801350198,0.7228956568692642,,
openml:531,regression,332,13,block,0.3,0.3076923076923077,1,source,2.0,catboost,0.20232582092285156,,,,,10.490484069324692,-0.1763996031018069,,
openml:531,regression,341,13,block,0.5,0.46153846153846156,1,source,2.0,tabicl_impute,0.23178386688232422,,,,,5.622576310556276,0.5980539461903553,0.9515151515151515,2.7598792707544324
openml:531,regression,341,13,block,0.5,0.46153846153846156,1,source,2.0,tabicl_indicator,0.2583177089691162,,,,,5.568276636653789,0.6057799952705394,0.9515151515151515,2.673205230195995
openml:531,regression,341,13,block,0.5,0.46153846153846156,1,source,2.0,tabicl_iterimpute,0.31003427505493164,,,,,6.685507018568749,0.431715578954727,0.8606060606060606,1.9878722010768082
openml:531,regression,341,13,block,0.5,0.46153846153846156,1,source,2.0,tabicl_knnimpute,0.24402666091918945,,,,,4.898989312011344,0.6948523454140009,0.793939393939394,1.402442776062097
openml:531,regression,341,13,block,0.5,0.46153846153846156,1,source,2.0,tabicl_aware_zero,0.2746126651763916,,,,,5.500569577564741,0.6153086887380141,0.9515151515151515,2.4241781010777705
openml:531,regression,341,13,block,0.5,0.46153846153846156,1,source,2.0,tabicl_aware,0.29967713356018066,,,,,5.274681180160029,0.6462556750103352,0.9151515151515152,1.781130725512154
openml:531,regression,341,13,block,0.5,0.46153846153846156,1,source,2.0,xgboost,0.07544589042663574,,,,,6.790967521660242,0.41364536951329656,,
openml:531,regression,341,13,block,0.5,0.46153846153846156,1,source,2.0,catboost,0.21690773963928223,,,,,7.6337720216911,0.25907299509153103,,
openml:531,regression,332,13,block_shift,0.3,0.3076923076923077,1,source,2.0,tabicl_impute,0.24098682403564453,,,,,7.83702322794023,0.34345260871595407,0.9252873563218391,2.746052164303025
openml:531,regression,332,13,block_shift,0.3,0.3076923076923077,1,source,2.0,tabicl_indicator,0.2627401351928711,,,,,7.668085771403001,0.37145303138236574,0.9195402298850575,2.4003859055402583
openml:531,regression,332,13,block_shift,0.3,0.3076923076923077,1,source,2.0,tabicl_iterimpute,0.36587023735046387,,,,,8.05790380829553,0.3059224945501856,0.9942528735632183,4.000894806042514
openml:531,regression,332,13,block_shift,0.3,0.3076923076923077,1,source,2.0,tabicl_knnimpute,0.24382305145263672,,,,,5.548839962059126,0.6708694386135199,0.9252873563218391,2.354490224123587
openml:531,regression,332,13,block_shift,0.3,0.3076923076923077,1,source,2.0,tabicl_aware_zero,0.2363724708557129,,,,,6.845651118293624,0.49905120520606705,0.9425287356321839,2.6312889020800503
openml:531,regression,332,13,block_shift,0.3,0.3076923076923077,1,source,2.0,tabicl_aware,0.3079512119293213,,,,,6.361403316781853,0.5674167749839399,0.8045977011494253,1.5869306343438767
openml:531,regression,332,13,block_shift,0.3,0.3076923076923077,1,source,2.0,xgboost,0.12534189224243164,,,,,5.746642586799183,0.6469857911989074,,
openml:531,regression,332,13,block_shift,0.3,0.3076923076923077,1,source,2.0,catboost,0.23648929595947266,,,,,6.640419046359373,0.5286377640824478,,
openml:531,regression,341,13,block_shift,0.5,0.4107631498935847,1,source,2.0,tabicl_impute,0.240020751953125,,,,,6.600433389542378,0.4460864903449173,0.9272727272727272,3.1361524210645526
openml:531,regression,341,13,block_shift,0.5,0.4107631498935847,1,source,2.0,tabicl_indicator,0.2688567638397217,,,,,6.7598032192378925,0.41901467928164615,0.9030303030303031,2.8876812463261587
openml:531,regression,341,13,block_shift,0.5,0.4107631498935847,1,source,2.0,tabicl_iterimpute,0.3260986804962158,,,,,8.626977766758685,0.05373144198447266,0.9818181818181818,5.167927382457773
openml:531,regression,341,13,block_shift,0.5,0.4107631498935847,1,source,2.0,tabicl_knnimpute,0.24748897552490234,,,,,6.795388527976378,0.412881672346599,0.8181818181818182,2.1452978347830967
openml:531,regression,341,13,block_shift,0.5,0.4107631498935847,1,source,2.0,tabicl_aware_zero,0.2375166416168213,,,,,6.524547000646684,0.4587501608648914,0.9575757575757575,3.1934937923765947
openml:531,regression,341,13,block_shift,0.5,0.4107631498935847,1,source,2.0,tabicl_aware,0.35010313987731934,,,,,6.481366305139967,0.46589064305518435,0.8909090909090909,2.774011910679932
openml:531,regression,341,13,block_shift,0.5,0.4107631498935847,1,source,2.0,xgboost,0.10031771659851074,,,,,9.93001233670785,-0.25370866762420885,,
openml:531,regression,341,13,block_shift,0.5,0.4107631498935847,1,source,2.0,catboost,0.2321474552154541,,,,,6.962643143013795,0.3836245594729062,,
openml:531,regression,354,13,none,0.0,0.0,2,random,,tabicl_impute,0.24256157875061035,,,,,2.85614227553047,0.8725107794143011,0.75,0.6574282416187254
openml:531,regression,354,13,none,0.0,0.0,2,random,,tabicl_indicator,0.23938441276550293,,,,,2.85614227553047,0.8725107794143011,0.75,0.6574282416187254
openml:531,regression,354,13,none,0.0,0.0,2,random,,tabicl_iterimpute,0.24898433685302734,,,,,2.85614227553047,0.8725107794143011,0.75,0.6574282416187254
openml:531,regression,354,13,none,0.0,0.0,2,random,,tabicl_knnimpute,0.24051499366760254,,,,,2.85614227553047,0.8725107794143011,0.75,0.6574282416187254
openml:531,regression,354,13,none,0.0,0.0,2,random,,tabicl_aware_zero,0.23978424072265625,,,,,2.85614227553047,0.8725107794143011,0.75,0.6574282416187254
openml:531,regression,354,13,none,0.0,0.0,2,random,,tabicl_aware,0.31136250495910645,,,,,2.872798705954484,0.8710194620512761,0.756578947368421,0.652099428389241
openml:531,regression,354,13,none,0.0,0.0,2,random,,xgboost,0.08048796653747559,,,,,3.6279249269501377,0.7943018555175491,,
openml:531,regression,354,13,none,0.0,0.0,2,random,,catboost,0.20713376998901367,,,,,2.8126887840158967,0.8763605245905307,,
openml:531,regression,245,13,block,0.3,0.233201581027668,2,source,0.0,tabicl_impute,0.23228716850280762,,,,,4.5087564209465985,0.7794174237495193,0.8199233716475096,1.1239288850522087
openml:531,regression,245,13,block,0.3,0.233201581027668,2,source,0.0,tabicl_indicator,0.23102498054504395,,,,,4.5087564209465985,0.7794174237495193,0.8199233716475096,1.1239288850522087
openml:531,regression,245,13,block,0.3,0.233201581027668,2,source,0.0,tabicl_iterimpute,0.23763680458068848,,,,,4.2903097732793665,0.800273837136111,0.8352490421455939,1.0460715982109574
openml:531,regression,245,13,block,0.3,0.233201581027668,2,source,0.0,tabicl_knnimpute,0.23635268211364746,,,,,4.01978222126555,0.8246673861996598,0.7509578544061303,0.7071450361735749
openml:531,regression,245,13,block,0.3,0.233201581027668,2,source,0.0,tabicl_aware_zero,0.2277684211730957,,,,,4.589826664910155,0.77141368503825,0.8045977011494253,1.1343665539017378
openml:531,regression,245,13,block,0.3,0.233201581027668,2,source,0.0,tabicl_aware,0.30080127716064453,,,,,4.571286562865422,0.7732566540296025,0.7394636015325671,0.9745472064337937
openml:531,regression,245,13,block,0.3,0.233201581027668,2,source,0.0,xgboost,0.06481599807739258,,,,,5.440701372488911,0.6788059915647353,,
openml:531,regression,245,13,block,0.3,0.233201581027668,2,source,0.0,catboost,0.16487789154052734,,,,,5.17965345263298,0.7088886990440142,,
openml:531,regression,337,13,block,0.5,0.46153846153846156,2,source,0.0,tabicl_impute,0.23058581352233887,,,,,5.773005072204454,0.6103864050483682,0.9526627218934911,2.063484967267879
openml:531,regression,337,13,block,0.5,0.46153846153846156,2,source,0.0,tabicl_indicator,0.24739718437194824,,,,,5.7613360863049055,0.6119598665887851,0.9704142011834319,2.2225865023151106
openml:531,regression,337,13,block,0.5,0.46153846153846156,2,source,0.0,tabicl_iterimpute,0.27553534507751465,,,,,9.028930874727005,0.04697810025578564,1.0,5.168747107034716
openml:531,regression,337,13,block,0.5,0.46153846153846156,2,source,0.0,tabicl_knnimpute,0.23499631881713867,,,,,5.725907782794811,0.6167175596666478,0.7810650887573964,1.3953378349135201
openml:531,regression,337,13,block,0.5,0.46153846153846156,2,source,0.0,tabicl_aware_zero,0.2282547950744629,,,,,6.398071638121,0.52144878705387,0.8579881656804734,1.6164529160523895
openml:531,regression,337,13,block,0.5,0.46153846153846156,2,source,0.0,tabicl_aware,0.2999846935272217,,,,,6.379585910764962,0.5242101151528394,0.8047337278106509,1.3591571912609663
openml:531,regression,337,13,block,0.5,0.46153846153846156,2,source,0.0,xgboost,0.08013677597045898,,,,,7.564599403523117,0.3310370079791227,,
openml:531,regression,337,13,block,0.5,0.46153846153846156,2,source,0.0,catboost,0.20250272750854492,,,,,8.237630162117048,0.20670484081220408,,
openml:531,regression,245,13,block_shift,0.3,0.233201581027668,2,source,0.0,tabicl_impute,0.23090219497680664,,,,,7.711205658842639,0.35478830759188507,0.632183908045977,1.566541615677269
openml:531,regression,245,13,block_shift,0.3,0.233201581027668,2,source,0.0,tabicl_indicator,0.22854351997375488,,,,,7.711205658842639,0.35478830759188507,0.632183908045977,1.566541615677269
openml:531,regression,245,13,block_shift,0.3,0.233201581027668,2,source,0.0,tabicl_iterimpute,0.23670649528503418,,,,,6.881079118551845,0.48622761218934796,0.5977011494252874,1.3326327901806152
openml:531,regression,245,13,block_shift,0.3,0.233201581027668,2,source,0.0,tabicl_knnimpute,0.2798340320587158,,,,,6.710683551903713,0.5113575683376153,0.6168582375478927,1.3235981155269183
openml:531,regression,245,13,block_shift,0.3,0.233201581027668,2,source,0.0,tabicl_aware_zero,0.23200678825378418,,,,,7.503334344262966,0.3891054443961004,0.632183908045977,1.5139112035848696
openml:531,regression,245,13,block_shift,0.3,0.233201581027668,2,source,0.0,tabicl_aware,0.29822230339050293,,,,,7.355343283108709,0.4129656016540111,0.6513409961685823,1.4557573276191806
openml:531,regression,245,13,block_shift,0.3,0.233201581027668,2,source,0.0,xgboost,0.08805060386657715,,,,,7.619973410808601,0.3699651557701329,,
openml:531,regression,245,13,block_shift,0.3,0.233201581027668,2,source,0.0,catboost,0.20729541778564453,,,,,5.806264795119586,0.6341935717278888,,
openml:531,regression,337,13,block_shift,0.5,0.4103070842201277,2,source,0.0,tabicl_impute,0.24010682106018066,,,,,7.794418212899374,0.2897722565609546,0.8165680473372781,1.822006738260389
openml:531,regression,337,13,block_shift,0.5,0.4103070842201277,2,source,0.0,tabicl_indicator,0.26890110969543457,,,,,8.096724979294443,0.23361146332920835,0.7692307692307693,1.7570958081308323
openml:531,regression,337,13,block_shift,0.5,0.4103070842201277,2,source,0.0,tabicl_iterimpute,0.30295252799987793,,,,,9.489841207292203,-0.05280542777555075,0.9881656804733728,4.9929143881733715
openml:531,regression,337,13,block_shift,0.5,0.4103070842201277,2,source,0.0,tabicl_knnimpute,0.24744701385498047,,,,,8.736503535995148,0.10771100146444057,0.514792899408284,1.604008878974622
openml:531,regression,337,13,block_shift,0.5,0.4103070842201277,2,source,0.0,tabicl_aware_zero,0.23700976371765137,,,,,8.006040498123674,0.25068264817325225,0.834319526627219,2.045571691186757
openml:531,regression,337,13,block_shift,0.5,0.4103070842201277,2,source,0.0,tabicl_aware,0.3075888156890869,,,,,7.8347107834694025,0.2824103555215858,0.7100591715976331,1.4540506172613297
openml:531,regression,337,13,block_shift,0.5,0.4103070842201277,2,source,0.0,xgboost,0.12677764892578125,,,,,11.822871188303495,-0.6340906317200405,,
openml:531,regression,337,13,block_shift,0.5,0.4103070842201277,2,source,0.0,catboost,0.23583745956420898,,,,,15.631551181179354,-1.856500985363474,,
openml:531,regression,354,13,none,0.0,0.0,3,random,,tabicl_impute,0.24020600318908691,,,,,2.4672888890912525,0.9220558257825276,0.7763157894736842,0.6000731445888681
openml:531,regression,354,13,none,0.0,0.0,3,random,,tabicl_indicator,0.2393505573272705,,,,,2.4672888890912525,0.9220558257825276,0.7763157894736842,0.6000731445888681
openml:531,regression,354,13,none,0.0,0.0,3,random,,tabicl_iterimpute,0.24802064895629883,,,,,2.4672888890912525,0.9220558257825276,0.7763157894736842,0.6000731445888681
openml:531,regression,354,13,none,0.0,0.0,3,random,,tabicl_knnimpute,0.2385849952697754,,,,,2.4672888890912525,0.9220558257825276,0.7763157894736842,0.6000731445888681
openml:531,regression,354,13,none,0.0,0.0,3,random,,tabicl_aware_zero,0.23759937286376953,,,,,2.4672888890912525,0.9220558257825276,0.7763157894736842,0.6000731445888681
openml:531,regression,354,13,none,0.0,0.0,3,random,,tabicl_aware,0.3099074363708496,,,,,2.4546975926681434,0.9228493396465679,0.7697368421052632,0.5968593472865733
openml:531,regression,354,13,none,0.0,0.0,3,random,,xgboost,0.08080697059631348,,,,,3.1730550909753275,0.87108635766782,,
openml:531,regression,354,13,none,0.0,0.0,3,random,,catboost,0.20685458183288574,,,,,2.7856270557759846,0.9006450296357418,,
openml:531,regression,366,13,block,0.3,0.3076923076923077,3,source,1.0,tabicl_impute,0.2412700653076172,,,,,4.355958629998026,0.7773208891043126,0.7357142857142858,0.8366191317545537
openml:531,regression,366,13,block,0.3,0.3076923076923077,3,source,1.0,tabicl_indicator,0.2765498161315918,,,,,4.32066261320972,0.7809149739293586,0.7357142857142858,0.782437059043061
openml:531,regression,366,13,block,0.3,0.3076923076923077,3,source,1.0,tabicl_iterimpute,0.32430362701416016,,,,,4.226488282865935,0.7903613644938472,0.7571428571428571,0.8865429933494968
openml:531,regression,366,13,block,0.3,0.3076923076923077,3,source,1.0,tabicl_knnimpute,0.2471756935119629,,,,,3.98051326202969,0.8140525889241765,0.8142857142857143,0.8871336352757476
openml:531,regression,366,13,block,0.3,0.3076923076923077,3,source,1.0,tabicl_aware_zero,0.23807001113891602,,,,,4.485024883653158,0.7639295110588356,0.6785714285714286,0.8169501977187824
openml:531,regression,366,13,block,0.3,0.3076923076923077,3,source,1.0,tabicl_aware,0.3119194507598877,,,,,4.5354400379715525,0.7585924520012144,0.6357142857142857,0.7913460716766765
openml:531,regression,366,13,block,0.3,0.3076923076923077,3,source,1.0,xgboost,0.08502531051635742,,,,,4.262478973322392,0.7867758042612224,,
openml:531,regression,366,13,block,0.3,0.3076923076923077,3,source,1.0,catboost,0.20273542404174805,,,,,7.526391958732752,0.33520820735180323,,
openml:531,regression,322,13,block,0.5,0.46153846153846156,3,source,2.0,tabicl_impute,0.23596501350402832,,,,,5.70055894224185,0.5890415749870266,0.7771739130434783,1.2706791668787083
openml:531,regression,322,13,block,0.5,0.46153846153846156,3,source,2.0,tabicl_indicator,0.2572205066680908,,,,,5.775145029963688,0.5782172662361309,0.7771739130434783,1.2144286840143808
openml:531,regression,322,13,block,0.5,0.46153846153846156,3,source,2.0,tabicl_iterimpute,0.30889272689819336,,,,,12.487336877418995,-0.9719807147628474,0.9510869565217391,4.011809246056383
openml:531,regression,322,13,block,0.5,0.46153846153846156,3,source,2.0,tabicl_knnimpute,0.24017000198364258,,,,,5.362182318875946,0.6363813418354284,0.7065217391304348,0.9165563384259829
openml:531,regression,322,13,block,0.5,0.46153846153846156,3,source,2.0,tabicl_aware_zero,0.2291431427001953,,,,,5.7857207334865635,0.5766710770442884,0.7554347826086957,1.2072298954336873
openml:531,regression,322,13,block,0.5,0.46153846153846156,3,source,2.0,tabicl_aware,0.30168724060058594,,,,,5.902630416251303,0.5593901618140704,0.7391304347826086,1.0643966167396413
openml:531,regression,322,13,block,0.5,0.46153846153846156,3,source,2.0,xgboost,0.10140085220336914,,,,,9.276775786049134,-0.08832129606308214,,
openml:531,regression,322,13,block,0.5,0.46153846153846156,3,source,2.0,catboost,0.1917107105255127,,,,,7.353748024690535,0.31611906508361165,,
openml:531,regression,366,13,block_shift,0.3,0.3076923076923077,3,source,1.0,tabicl_impute,0.2400221824645996,,,,,5.471072262858109,0.6487171983799779,0.9928571428571429,3.160667829610817
openml:531,regression,366,13,block_shift,0.3,0.3076923076923077,3,source,1.0,tabicl_indicator,0.27175474166870117,,,,,5.423940500108164,0.6547435353468234,0.9928571428571429,3.0183360395423016
openml:531,regression,366,13,block_shift,0.3,0.3076923076923077,3,source,1.0,tabicl_iterimpute,0.32430291175842285,,,,,6.2459275815204665,0.54216828420322,0.9785714285714285,3.7310039472142056
openml:531,regression,366,13,block_shift,0.3,0.3076923076923077,3,source,1.0,tabicl_knnimpute,0.25012946128845215,,,,,5.493005562658495,0.6458949965430734,0.9071428571428571,1.8146790799949768
openml:531,regression,366,13,block_shift,0.3,0.3076923076923077,3,source,1.0,tabicl_aware_zero,0.23773670196533203,,,,,5.3178772640923775,0.668114250579101,0.9857142857142858,2.8735658498335255
openml:531,regression,366,13,block_shift,0.3,0.3076923076923077,3,source,1.0,tabicl_aware,0.3490269184112549,,,,,5.289843285452256,0.671604197276205,0.95,1.977763198634794
openml:531,regression,366,13,block_shift,0.3,0.3076923076923077,3,source,1.0,xgboost,0.10812544822692871,,,,,5.983801192646826,0.5797900829424606,,
openml:531,regression,366,13,block_shift,0.3,0.3076923076923077,3,source,1.0,catboost,0.2386469841003418,,,,,7.4587097448883,0.34711092787073783,,
openml:531,regression,322,13,block_shift,0.5,0.38172696868349043,3,source,2.0,tabicl_impute,0.23256587982177734,,,,,7.633636995146502,0.2630703760108719,0.7771739130434783,1.505700138142897
openml:531,regression,322,13,block_shift,0.5,0.38172696868349043,3,source,2.0,tabicl_indicator,0.25226497650146484,,,,,7.487522672914718,0.2910113083968314,0.8206521739130435,1.754458479451752
openml:531,regression,322,13,block_shift,0.5,0.38172696868349043,3,source,2.0,tabicl_iterimpute,0.33400964736938477,,,,,7.184864710194072,0.34716985976163306,0.8858695652173914,2.003282240894005
openml:531,regression,322,13,block_shift,0.5,0.38172696868349043,3,source,2.0,tabicl_knnimpute,0.23894333839416504,,,,,8.448487070742665,0.09734686502585987,0.8641304347826086,2.273556835093058
openml:531,regression,322,13,block_shift,0.5,0.38172696868349043,3,source,2.0,tabicl_aware_zero,0.2306666374206543,,,,,7.7335041526455175,0.24366246570759165,0.7554347826086957,1.357458008616381
openml:531,regression,322,13,block_shift,0.5,0.38172696868349043,3,source,2.0,tabicl_aware,0.2990410327911377,,,,,7.467751496988649,0.2947506047587728,0.8043478260869565,1.5843696717383173
openml:531,regression,322,13,block_shift,0.5,0.38172696868349043,3,source,2.0,xgboost,0.08385109901428223,,,,,7.505504935375226,0.28760176140781424,,
openml:531,regression,322,13,block_shift,0.5,0.38172696868349043,3,source,2.0,catboost,0.22363018989562988,,,,,8.904528587905606,-0.0027319945339594476,,
openml:531,regression,354,13,none,0.0,0.0,4,random,,tabicl_impute,0.2413938045501709,,,,,2.0629269070697207,0.939876118567898,0.8223684210526315,0.6236958409142861
openml:531,regression,354,13,none,0.0,0.0,4,random,,tabicl_indicator,0.23891353607177734,,,,,2.0629269070697207,0.939876118567898,0.8223684210526315,0.6236958409142861
openml:531,regression,354,13,none,0.0,0.0,4,random,,tabicl_iterimpute,0.2477574348449707,,,,,2.0629269070697207,0.939876118567898,0.8223684210526315,0.6236958409142861
openml:531,regression,354,13,none,0.0,0.0,4,random,,tabicl_knnimpute,0.23778414726257324,,,,,2.0629269070697207,0.939876118567898,0.8223684210526315,0.6236958409142861
openml:531,regression,354,13,none,0.0,0.0,4,random,,tabicl_aware_zero,0.24005365371704102,,,,,2.0629269070697207,0.939876118567898,0.8223684210526315,0.6236958409142861
openml:531,regression,354,13,none,0.0,0.0,4,random,,tabicl_aware,0.30912256240844727,,,,,2.09378836446442,0.9380637520220827,0.7894736842105263,0.6208501830892139
openml:531,regression,354,13,none,0.0,0.0,4,random,,xgboost,0.07864952087402344,,,,,2.9439559957244135,0.8775547458242212,,
openml:531,regression,354,13,none,0.0,0.0,4,random,,catboost,0.20714712142944336,,,,,2.3248571103702416,0.9236389555607809,,
openml:531,regression,336,13,block,0.3,0.3076923076923077,4,source,1.0,tabicl_impute,0.22765445709228516,,,,,6.9739161580140765,0.4379236048543169,0.7352941176470589,1.461242605166105
openml:531,regression,336,13,block,0.3,0.3076923076923077,4,source,1.0,tabicl_indicator,0.23255062103271484,,,,,6.795500232275247,0.4663152824279385,0.7176470588235294,1.3966212703170366
openml:531,regression,336,13,block,0.3,0.3076923076923077,4,source,1.0,tabicl_iterimpute,0.24917888641357422,,,,,5.37068209360757,0.6666497422175204,0.9058823529411765,2.082419647432062
openml:531,regression,336,13,block,0.3,0.3076923076923077,4,source,1.0,tabicl_knnimpute,0.23341655731201172,,,,,4.93507661501146,0.7185315626913777,0.7470588235294118,0.9522811207232444
openml:531,regression,336,13,block,0.3,0.3076923076923077,4,source,1.0,tabicl_aware_zero,0.2250349521636963,,,,,6.733383477512246,0.4760273707981384,0.7411764705882353,1.439695359528271
openml:531,regression,336,13,block,0.3,0.3076923076923077,4,source,1.0,tabicl_aware,0.34705066680908203,,,,,6.363698208065821,0.5319836186900047,0.6470588235294118,1.0975321318729385
openml:531,regression,336,13,block,0.3,0.3076923076923077,4,source,1.0,xgboost,0.07600021362304688,,,,,13.649751627217714,-1.1532348552148037,,
openml:531,regression,336,13,block,0.3,0.3076923076923077,4,source,1.0,catboost,0.20931315422058105,,,,,8.532404567752533,0.15863434013619027,,
openml:531,regression,388,13,block,0.5,0.46153846153846156,4,source,4.0,tabicl_impute,0.2381429672241211,,,,,6.983964773730005,0.43674265680445057,0.8305084745762712,1.3762548758889304
openml:531,regression,388,13,block,0.5,0.46153846153846156,4,source,4.0,tabicl_indicator,0.2821831703186035,,,,,6.923426461215677,0.4464651750116262,0.864406779661017,1.55893477448739
openml:531,regression,388,13,block,0.5,0.46153846153846156,4,source,4.0,tabicl_iterimpute,0.2946162223815918,,,,,15.746333793305796,-1.8632659514614929,0.4067796610169492,1.7995215179387984
openml:531,regression,388,13,block,0.5,0.46153846153846156,4,source,4.0,tabicl_knnimpute,0.251662015914917,,,,,7.969116973407669,0.2666299241919139,0.6186440677966102,1.0605001923827604
openml:531,regression,388,13,block,0.5,0.46153846153846156,4,source,4.0,tabicl_aware_zero,0.23624324798583984,,,,,7.1482449682306735,0.4099325795940254,0.7966101694915254,1.2860127235949776
openml:531,regression,388,13,block,0.5,0.46153846153846156,4,source,4.0,tabicl_aware,0.30719947814941406,,,,,7.114502891180584,0.4154900581996752,0.7288135593220338,1.0393413644044625
openml:531,regression,388,13,block,0.5,0.46153846153846156,4,source,4.0,xgboost,0.08172988891601562,,,,,27.72321626678009,-7.875442356911499,,
openml:531,regression,388,13,block,0.5,0.46153846153846156,4,source,4.0,catboost,0.2271592617034912,,,,,9.901154687977359,-0.13207310611123146,,
openml:531,regression,336,13,block_shift,0.3,0.2818485861964123,4,source,1.0,tabicl_impute,0.23903298377990723,,,,,6.101790032570786,0.5697147869107826,0.7235294117647059,1.6429751731187465
openml:531,regression,336,13,block_shift,0.3,0.2818485861964123,4,source,1.0,tabicl_indicator,0.25060558319091797,,,,,6.063236704182474,0.5751350060908833,0.7294117647058823,1.6460129277376219
openml:531,regression,336,13,block_shift,0.3,0.2818485861964123,4,source,1.0,tabicl_iterimpute,0.30463695526123047,,,,,5.251651928964196,0.6812620526988155,0.8411764705882353,1.669795070875856
openml:531,regression,336,13,block_shift,0.3,0.2818485861964123,4,source,1.0,tabicl_knnimpute,0.24286556243896484,,,,,5.803399480620899,0.610769524849218,0.7294117647058823,1.4628695416509827
openml:531,regression,336,13,block_shift,0.3,0.2818485861964123,4,source,1.0,tabicl_aware_zero,0.2325587272644043,,,,,6.227505875240546,0.5518017100203079,0.7,1.6201842217339815
openml:531,regression,336,13,block_shift,0.3,0.2818485861964123,4,source,1.0,tabicl_aware,0.30443525314331055,,,,,6.3474229213953945,0.5343744801290699,0.6647058823529411,1.581157840592535
openml:531,regression,336,13,block_shift,0.3,0.2818485861964123,4,source,1.0,xgboost,0.08967375755310059,,,,,6.688973625201458,0.4829162730312042,,
openml:531,regression,336,13,block_shift,0.3,0.2818485861964123,4,source,1.0,catboost,0.18186545372009277,,,,,10.746624210991923,-0.3347072783267926,,
openml:531,regression,388,13,block_shift,0.5,0.46153846153846156,4,source,4.0,tabicl_impute,0.23676395416259766,,,,,6.338386258821867,0.5360617448594802,0.8983050847457628,1.980239278611284
openml:531,regression,388,13,block_shift,0.5,0.46153846153846156,4,source,4.0,tabicl_indicator,0.28360986709594727,,,,,5.905288375517376,0.59729687190775,0.9152542372881356,1.957822575311592
openml:531,regression,388,13,block_shift,0.5,0.46153846153846156,4,source,4.0,tabicl_iterimpute,0.3268859386444092,,,,,5.916116817289237,0.5958186560699064,0.923728813559322,1.736758725036835
openml:531,regression,388,13,block_shift,0.5,0.46153846153846156,4,source,4.0,tabicl_knnimpute,0.24830079078674316,,,,,5.495599375885467,0.6512349856619675,0.8898305084745762,1.4296904935627122
openml:531,regression,388,13,block_shift,0.5,0.46153846153846156,4,source,4.0,tabicl_aware_zero,0.2364192008972168,,,,,5.648601396299716,0.6315448424255701,0.8898305084745762,1.5554025982753026
openml:531,regression,388,13,block_shift,0.5,0.46153846153846156,4,source,4.0,tabicl_aware,0.3100006580352783,,,,,5.381644389427519,0.6655487867345269,0.8728813559322034,1.3042546827939443
openml:531,regression,388,13,block_shift,0.5,0.46153846153846156,4,source,4.0,xgboost,0.10064411163330078,,,,,6.308034095945721,0.540494360140388,,
openml:531,regression,388,13,block_shift,0.5,0.46153846153846156,4,source,4.0,catboost,0.24636578559875488,,,,,5.924997306655074,0.594604338587992,,
