dataset,task,n_train,n_features,mechanism,rate,actual_rate,seed,split,held_out_source,model,seconds,error,acc,logloss,auc,rmse,r2,coverage80,width80
breast_cancer,classification,398,30,none,0.0,0.0,0,random,,tabicl_impute,1.6422786712646484,,0.9766081871345029,0.06760688126087189,0.9956191588785047,,,,
breast_cancer,classification,398,30,none,0.0,0.0,0,random,,tabicl_indicator,0.4261353015899658,,0.9766081871345029,0.06760688126087189,0.9956191588785047,,,,
breast_cancer,classification,398,30,none,0.0,0.0,0,random,,tabicl_iterimpute,0.3788115978240967,,0.9766081871345029,0.06760688126087189,0.9956191588785047,,,,
breast_cancer,classification,398,30,none,0.0,0.0,0,random,,tabicl_knnimpute,0.344280481338501,,0.9766081871345029,0.06760688126087189,0.9956191588785047,,,,
breast_cancer,classification,398,30,none,0.0,0.0,0,random,,tabicl_aware_zero,0.6959192752838135,,0.9766081871345029,0.06760688126087189,0.9956191588785047,,,,
breast_cancer,classification,398,30,none,0.0,0.0,0,random,,tabicl_aware,0.3669908046722412,,0.9824561403508771,0.064666248857975,0.9960572429906542,,,,
breast_cancer,classification,398,30,none,0.0,0.0,0,random,,xgboost,0.8428971767425537,,0.9590643274853801,0.1011410653591156,0.991676401869159,,,,
breast_cancer,classification,398,30,none,0.0,0.0,0,random,,catboost,0.4890139102935791,,0.9649122807017544,0.10222740564783224,0.9902161214953271,,,,
breast_cancer,classification,398,30,block,0.3,0.25061511423550087,0,random,,tabicl_impute,0.3116295337677002,,0.9707602339181286,0.0911669135093689,0.9931366822429907,,,,
breast_cancer,classification,398,30,block,0.3,0.25061511423550087,0,random,,tabicl_indicator,0.36055922508239746,,0.9707602339181286,0.08980400860309601,0.9929906542056075,,,,
breast_cancer,classification,398,30,block,0.3,0.25061511423550087,0,random,,tabicl_iterimpute,0.6286411285400391,,0.9766081871345029,0.07804255932569504,0.994304906542056,,,,
breast_cancer,classification,398,30,block,0.3,0.25061511423550087,0,random,,tabicl_knnimpute,0.3431210517883301,,0.9766081871345029,0.10297781974077225,0.990946261682243,,,,
breast_cancer,classification,398,30,block,0.3,0.25061511423550087,0,random,,tabicl_aware_zero,0.32294464111328125,,0.9766081871345029,0.09313999861478806,0.9928446261682243,,,,
breast_cancer,classification,398,30,block,0.3,0.25061511423550087,0,random,,tabicl_aware,0.38965368270874023,,0.9766081871345029,0.09317504614591599,0.9926985981308412,,,,
breast_cancer,classification,398,30,block,0.3,0.25061511423550087,0,random,,xgboost,0.06520199775695801,,0.9532163742690059,0.1422978937625885,0.9853971962616822,,,,
breast_cancer,classification,398,30,block,0.3,0.25061511423550087,0,random,,catboost,0.4088311195373535,,0.9532163742690059,0.13631493979037435,0.985981308411215,,,,
breast_cancer,classification,398,30,block,0.5,0.4859988283538371,0,random,,tabicl_impute,0.3031933307647705,,0.9766081871345029,0.0970597043633461,0.9912383177570093,,,,
breast_cancer,classification,398,30,block,0.5,0.4859988283538371,0,random,,tabicl_indicator,0.47214460372924805,,0.9707602339181286,0.10305184125900269,0.9902161214953271,,,,
breast_cancer,classification,398,30,block,0.5,0.4859988283538371,0,random,,tabicl_iterimpute,0.741971492767334,,0.9707602339181286,0.12359628081321716,0.9877336448598131,,,,
breast_cancer,classification,398,30,block,0.5,0.4859988283538371,0,random,,tabicl_knnimpute,0.38398289680480957,,0.9590643274853801,0.09732064604759216,0.9913843457943925,,,,
breast_cancer,classification,398,30,block,0.5,0.4859988283538371,0,random,,tabicl_aware_zero,0.34580445289611816,,0.9707602339181286,0.10275661200284958,0.9905081775700935,,,,
breast_cancer,classification,398,30,block,0.5,0.4859988283538371,0,random,,tabicl_aware,0.4477357864379883,,0.9707602339181286,0.10220243036746979,0.9906542056074766,,,,
breast_cancer,classification,398,30,block,0.5,0.4859988283538371,0,random,,xgboost,0.07909655570983887,,0.9590643274853801,0.1359586864709854,0.9821845794392523,,,,
breast_cancer,classification,398,30,block,0.5,0.4859988283538371,0,random,,catboost,0.3861832618713379,,0.9532163742690059,0.12934479157934,0.983498831775701,,,,
breast_cancer,classification,398,30,block_shift,0.3,0.283128295254833,0,random,,tabicl_impute,0.3030385971069336,,0.9532163742690059,0.1116575375199318,0.9894859813084113,,,,
breast_cancer,classification,398,30,block_shift,0.3,0.283128295254833,0,random,,tabicl_indicator,0.36084580421447754,,0.9532163742690059,0.1097831279039383,0.9889018691588785,,,,
breast_cancer,classification,398,30,block_shift,0.3,0.283128295254833,0,random,,tabicl_iterimpute,0.5648601055145264,,0.9473684210526315,0.10769706964492798,0.9915303738317757,,,,
breast_cancer,classification,398,30,block_shift,0.3,0.283128295254833,0,random,,tabicl_knnimpute,0.34546375274658203,,0.9473684210526315,0.1153649240732193,0.990070093457944,,,,
breast_cancer,classification,398,30,block_shift,0.3,0.283128295254833,0,random,,tabicl_aware_zero,0.3142857551574707,,0.9649122807017544,0.11242317408323288,0.9890478971962617,,,,
breast_cancer,classification,398,30,block_shift,0.3,0.283128295254833,0,random,,tabicl_aware,0.38199520111083984,,0.9590643274853801,0.11193647235631943,0.9896320093457944,,,,
breast_cancer,classification,398,30,block_shift,0.3,0.283128295254833,0,random,,xgboost,0.07943511009216309,,0.9415204678362573,0.18542248010635376,0.9861273364485982,,,,
breast_cancer,classification,398,30,block_shift,0.3,0.283128295254833,0,random,,catboost,0.42301464080810547,,0.9415204678362573,0.16248780767474594,0.9855432242990654,,,,
breast_cancer,classification,398,30,block_shift,0.5,0.49279437609841825,0,random,,tabicl_impute,0.30130958557128906,,0.9532163742690059,0.12584032118320465,0.990070093457944,,,,
breast_cancer,classification,398,30,block_shift,0.5,0.49279437609841825,0,random,,tabicl_indicator,0.4061911106109619,,0.9473684210526315,0.1322813183069229,0.9881717289719626,,,,
breast_cancer,classification,398,30,block_shift,0.5,0.49279437609841825,0,random,,tabicl_iterimpute,0.43976664543151855,,0.9590643274853801,0.11999311298131943,0.9896320093457944,,,,
breast_cancer,classification,398,30,block_shift,0.5,0.49279437609841825,0,random,,tabicl_knnimpute,0.3522341251373291,,0.9415204678362573,0.15683646500110626,0.9861273364485981,,,,
breast_cancer,classification,398,30,block_shift,0.5,0.49279437609841825,0,random,,tabicl_aware_zero,0.3160841464996338,,0.9590643274853801,0.13038046658039093,0.9878796728971962,,,,
breast_cancer,classification,398,30,block_shift,0.5,0.49279437609841825,0,random,,tabicl_aware,0.3805997371673584,,0.9415204678362573,0.1290576308965683,0.9886098130841121,,,,
breast_cancer,classification,398,30,block_shift,0.5,0.49279437609841825,0,random,,xgboost,0.08618283271789551,,0.9181286549707602,0.21857887506484985,0.9726927570093458,,,,
breast_cancer,classification,398,30,block_shift,0.5,0.49279437609841825,0,random,,catboost,0.37101125717163086,,0.9415204678362573,0.19754588282900742,0.9799941588785046,,,,
breast_cancer,classification,398,30,none,0.0,0.0,1,random,,tabicl_impute,0.3199470043182373,,0.9532163742690059,0.08575630933046341,0.9931366822429907,,,,
breast_cancer,classification,398,30,none,0.0,0.0,1,random,,tabicl_indicator,0.3209376335144043,,0.9532163742690059,0.08575630933046341,0.9931366822429907,,,,
breast_cancer,classification,398,30,none,0.0,0.0,1,random,,tabicl_iterimpute,0.35573863983154297,,0.9532163742690059,0.08575630933046341,0.9931366822429907,,,,
breast_cancer,classification,398,30,none,0.0,0.0,1,random,,tabicl_knnimpute,0.3231468200683594,,0.9532163742690059,0.08575630933046341,0.9931366822429907,,,,
breast_cancer,classification,398,30,none,0.0,0.0,1,random,,tabicl_aware_zero,0.3175938129425049,,0.9532163742690059,0.08575630933046341,0.9931366822429907,,,,
breast_cancer,classification,398,30,none,0.0,0.0,1,random,,tabicl_aware,0.3798220157623291,,0.9590643274853801,0.0862879678606987,0.993428738317757,,,,
breast_cancer,classification,398,30,none,0.0,0.0,1,random,,xgboost,0.06108736991882324,,0.9766081871345029,0.08250546455383301,0.9940128504672897,,,,
breast_cancer,classification,398,30,none,0.0,0.0,1,random,,catboost,0.4031083583831787,,0.9707602339181286,0.08424755747681414,0.9957651869158879,,,,
breast_cancer,classification,398,30,block,0.3,0.2886350322202695,1,random,,tabicl_impute,0.3135950565338135,,0.9707602339181286,0.07746909558773041,0.9951810747663551,,,,
breast_cancer,classification,398,30,block,0.3,0.2886350322202695,1,random,,tabicl_indicator,0.40809154510498047,,0.9707602339181286,0.07610011100769043,0.9951810747663551,,,,
breast_cancer,classification,398,30,block,0.3,0.2886350322202695,1,random,,tabicl_iterimpute,0.6848609447479248,,0.9590643274853801,0.08843855559825897,0.9948890186915887,,,,
breast_cancer,classification,398,30,block,0.3,0.2886350322202695,1,random,,tabicl_knnimpute,0.35452914237976074,,0.9649122807017544,0.07629818469285965,0.9962032710280374,,,,
breast_cancer,classification,398,30,block,0.3,0.2886350322202695,1,random,,tabicl_aware_zero,0.31754326820373535,,0.9707602339181286,0.07811841368675232,0.9951810747663551,,,,
breast_cancer,classification,398,30,block,0.3,0.2886350322202695,1,random,,tabicl_aware,0.42855358123779297,,0.9707602339181286,0.07286049425601959,0.9954731308411215,,,,
breast_cancer,classification,398,30,block,0.3,0.2886350322202695,1,random,,xgboost,0.09477710723876953,,0.9766081871345029,0.09267160296440125,0.9929906542056075,,,,
breast_cancer,classification,398,30,block,0.3,0.2886350322202695,1,random,,catboost,0.40976715087890625,,0.9766081871345029,0.08609569262358058,0.9945969626168224,,,,
breast_cancer,classification,398,30,block,0.5,0.4677211482132396,1,random,,tabicl_impute,0.31493353843688965,,0.9590643274853801,0.10521599650382996,0.9910922897196262,,,,
breast_cancer,classification,398,30,block,0.5,0.4677211482132396,1,random,,tabicl_indicator,0.4201998710632324,,0.9649122807017544,0.09888579696416855,0.9929906542056075,,,,
breast_cancer,classification,398,30,block,0.5,0.4677211482132396,1,random,,tabicl_iterimpute,0.7635200023651123,,0.9532163742690059,0.09299258887767792,0.9947429906542056,,,,
breast_cancer,classification,398,30,block,0.5,0.4677211482132396,1,random,,tabicl_knnimpute,0.35659003257751465,,0.9298245614035088,0.16855795681476593,0.984375,,,,
breast_cancer,classification,398,30,block,0.5,0.4677211482132396,1,random,,tabicl_aware_zero,0.3229660987854004,,0.9532163742690059,0.10964158177375793,0.9910922897196262,,,,
breast_cancer,classification,398,30,block,0.5,0.4677211482132396,1,random,,tabicl_aware,0.376983642578125,,0.9532163742690059,0.11255214363336563,0.9910922897196262,,,,
breast_cancer,classification,398,30,block,0.5,0.4677211482132396,1,random,,xgboost,0.07453656196594238,,0.9415204678362573,0.13577191531658173,0.9870035046728972,,,,
breast_cancer,classification,398,30,block,0.5,0.4677211482132396,1,random,,catboost,0.4070596694946289,,0.9473684210526315,0.12590120175443298,0.9894859813084111,,,,
breast_cancer,classification,398,30,block_shift,0.3,0.2895137668424136,1,random,,tabicl_impute,0.3138115406036377,,0.9649122807017544,0.10555146634578705,0.9908002336448598,,,,
breast_cancer,classification,398,30,block_shift,0.3,0.2895137668424136,1,random,,tabicl_indicator,0.4165840148925781,,0.9532163742690059,0.1060914471745491,0.9912383177570093,,,,
breast_cancer,classification,398,30,block_shift,0.3,0.2895137668424136,1,random,,tabicl_iterimpute,0.629004716873169,,0.9766081871345029,0.10475475341081619,0.9912383177570093,,,,
breast_cancer,classification,398,30,block_shift,0.3,0.2895137668424136,1,random,,tabicl_knnimpute,0.35373711585998535,,0.9649122807017544,0.10393225401639938,0.9910922897196262,,,,
breast_cancer,classification,398,30,block_shift,0.3,0.2895137668424136,1,random,,tabicl_aware_zero,0.3150045871734619,,0.9590643274853801,0.1062137633562088,0.9908002336448598,,,,
breast_cancer,classification,398,30,block_shift,0.3,0.2895137668424136,1,random,,tabicl_aware,0.3762392997741699,,0.9649122807017544,0.10441562533378601,0.9906542056074766,,,,
breast_cancer,classification,398,30,block_shift,0.3,0.2895137668424136,1,random,,xgboost,0.07724809646606445,,0.935672514619883,0.18939311802387238,0.9811623831775701,,,,
breast_cancer,classification,398,30,block_shift,0.3,0.2895137668424136,1,random,,catboost,0.4230215549468994,,0.9473684210526315,0.1390252360545659,0.9894859813084111,,,,
breast_cancer,classification,398,30,block_shift,0.5,0.4545401288810779,1,random,,tabicl_impute,0.30218052864074707,,0.9239766081871345,0.13174910843372345,0.9891939252336448,,,,
breast_cancer,classification,398,30,block_shift,0.5,0.4545401288810779,1,random,,tabicl_indicator,0.4187624454498291,,0.9415204678362573,0.1320696473121643,0.9880257009345794,,,,
breast_cancer,classification,398,30,block_shift,0.5,0.4545401288810779,1,random,,tabicl_iterimpute,0.7114231586456299,,0.9415204678362573,0.13880085945129395,0.9870035046728972,,,,
breast_cancer,classification,398,30,block_shift,0.5,0.4545401288810779,1,random,,tabicl_knnimpute,0.3407442569732666,,0.9532163742690059,0.11469922214746475,0.9915303738317757,,,,
breast_cancer,classification,398,30,block_shift,0.5,0.4545401288810779,1,random,,tabicl_aware_zero,0.30933713912963867,,0.935672514619883,0.12349449843168259,0.9899240654205608,,,,
breast_cancer,classification,398,30,block_shift,0.5,0.4545401288810779,1,random,,tabicl_aware,0.3717057704925537,,0.9473684210526315,0.11790356785058975,0.9903621495327103,,,,
breast_cancer,classification,398,30,block_shift,0.5,0.4545401288810779,1,random,,xgboost,0.08321118354797363,,0.9473684210526315,0.13399411737918854,0.9884637850467289,,,,
breast_cancer,classification,398,30,block_shift,0.5,0.4545401288810779,1,random,,catboost,0.4023270606994629,,0.9590643274853801,0.1350670566907406,0.9878796728971962,,,,
breast_cancer,classification,398,30,none,0.0,0.0,2,random,,tabicl_impute,0.30518364906311035,,0.9707602339181286,0.04525283724069595,0.9982476635514018,,,,
breast_cancer,classification,398,30,none,0.0,0.0,2,random,,tabicl_indicator,0.3095285892486572,,0.9707602339181286,0.04525283724069595,0.9982476635514018,,,,
breast_cancer,classification,398,30,none,0.0,0.0,2,random,,tabicl_iterimpute,0.34825873374938965,,0.9707602339181286,0.04525283724069595,0.9982476635514018,,,,
breast_cancer,classification,398,30,none,0.0,0.0,2,random,,tabicl_knnimpute,0.31265854835510254,,0.9707602339181286,0.04525283724069595,0.9982476635514018,,,,
breast_cancer,classification,398,30,none,0.0,0.0,2,random,,tabicl_aware_zero,0.30998897552490234,,0.9707602339181286,0.04525283724069595,0.9982476635514018,,,,
breast_cancer,classification,398,30,none,0.0,0.0,2,random,,tabicl_aware,0.3769371509552002,,0.9707602339181286,0.04192463681101799,0.9986857476635514,,,,
breast_cancer,classification,398,30,none,0.0,0.0,2,random,,xgboost,0.07026267051696777,,0.9766081871345029,0.043885376304388046,0.999123831775701,,,,
breast_cancer,classification,398,30,none,0.0,0.0,2,random,,catboost,0.41359996795654297,,0.9883040935672515,0.03192124400626812,0.9994158878504673,,,,
breast_cancer,classification,398,30,block,0.3,0.26719390743995314,2,random,,tabicl_impute,0.345257043838501,,0.9824561403508771,0.04314874857664108,0.9994158878504673,,,,
breast_cancer,classification,398,30,block,0.3,0.26719390743995314,2,random,,tabicl_indicator,0.3593099117279053,,0.9824561403508771,0.04109995439648628,0.9994158878504673,,,,
breast_cancer,classification,398,30,block,0.3,0.26719390743995314,2,random,,tabicl_iterimpute,0.5609924793243408,,0.9883040935672515,0.05469893291592598,0.9986857476635513,,,,
breast_cancer,classification,398,30,block,0.3,0.26719390743995314,2,random,,tabicl_knnimpute,0.3547084331512451,,0.9824561403508771,0.05310310795903206,0.9982476635514019,,,,
breast_cancer,classification,398,30,block,0.3,0.26719390743995314,2,random,,tabicl_aware_zero,0.3103923797607422,,0.9883040935672515,0.04401408135890961,0.9995619158878505,,,,
breast_cancer,classification,398,30,block,0.3,0.26719390743995314,2,random,,tabicl_aware,0.3718085289001465,,0.9883040935672515,0.04320080578327179,0.9995619158878505,,,,
breast_cancer,classification,398,30,block,0.3,0.26719390743995314,2,random,,xgboost,0.0972297191619873,,0.9883040935672515,0.03401206433773041,0.9998539719626168,,,,
breast_cancer,classification,398,30,block,0.3,0.26719390743995314,2,random,,catboost,0.4287416934967041,,0.9824561403508771,0.03789436998201892,0.9995619158878505,,,,
breast_cancer,classification,398,30,block,0.5,0.4555360281195079,2,random,,tabicl_impute,0.3033101558685303,,0.9883040935672515,0.03740079328417778,0.9995619158878505,,,,
breast_cancer,classification,398,30,block,0.5,0.4555360281195079,2,random,,tabicl_indicator,0.415027379989624,,0.9824561403508771,0.03624287247657776,0.9995619158878505,,,,
breast_cancer,classification,398,30,block,0.5,0.4555360281195079,2,random,,tabicl_iterimpute,0.683828592300415,,0.9707602339181286,0.06733229011297226,0.9972254672897196,,,,
breast_cancer,classification,398,30,block,0.5,0.4555360281195079,2,random,,tabicl_knnimpute,0.3445587158203125,,0.9824561403508771,0.04877980425953865,0.9989778037383178,,,,
breast_cancer,classification,398,30,block,0.5,0.4555360281195079,2,random,,tabicl_aware_zero,0.31149721145629883,,0.9824561403508771,0.038915928453207016,0.9994158878504673,,,,
breast_cancer,classification,398,30,block,0.5,0.4555360281195079,2,random,,tabicl_aware,0.37691187858581543,,0.9824561403508771,0.038922134786844254,0.9994158878504673,,,,
breast_cancer,classification,398,30,block,0.5,0.4555360281195079,2,random,,xgboost,0.0764319896697998,,0.9883040935672515,0.04544591158628464,0.999123831775701,,,,
breast_cancer,classification,398,30,block,0.5,0.4555360281195079,2,random,,catboost,0.38989734649658203,,0.9824561403508771,0.03876832435011853,0.9992698598130841,,,,
breast_cancer,classification,398,30,block_shift,0.3,0.21745752782659636,2,random,,tabicl_impute,0.3041062355041504,,0.9766081871345029,0.07000110298395157,0.9979556074766355,,,,
breast_cancer,classification,398,30,block_shift,0.3,0.21745752782659636,2,random,,tabicl_indicator,0.349881649017334,,0.9766081871345029,0.06748893111944199,0.998393691588785,,,,
breast_cancer,classification,398,30,block_shift,0.3,0.21745752782659636,2,random,,tabicl_iterimpute,0.6793804168701172,,0.9766081871345029,0.0695028156042099,0.9973714953271028,,,,
breast_cancer,classification,398,30,block_shift,0.3,0.21745752782659636,2,random,,tabicl_knnimpute,0.34273552894592285,,0.9883040935672515,0.07104308903217316,0.9981016355140186,,,,
breast_cancer,classification,398,30,block_shift,0.3,0.21745752782659636,2,random,,tabicl_aware_zero,0.3109605312347412,,0.9766081871345029,0.07051053643226624,0.9981016355140186,,,,
breast_cancer,classification,398,30,block_shift,0.3,0.21745752782659636,2,random,,tabicl_aware,0.3737490177154541,,0.9766081871345029,0.0681627169251442,0.9978095794392523,,,,
breast_cancer,classification,398,30,block_shift,0.3,0.21745752782659636,2,random,,xgboost,0.07387542724609375,,0.9707602339181286,0.06990843266248703,0.9978095794392523,,,,
breast_cancer,classification,398,30,block_shift,0.3,0.21745752782659636,2,random,,catboost,0.43755006790161133,,0.9766081871345029,0.05987740559219739,0.997517523364486,,,,
breast_cancer,classification,398,30,block_shift,0.5,0.47685998828353837,2,random,,tabicl_impute,0.3141930103302002,,0.9941520467836257,0.051186684519052505,1.0,,,,
breast_cancer,classification,398,30,block_shift,0.5,0.47685998828353837,2,random,,tabicl_indicator,0.4261131286621094,,0.9883040935672515,0.0559091717004776,0.9997079439252337,,,,
breast_cancer,classification,398,30,block_shift,0.5,0.47685998828353837,2,random,,tabicl_iterimpute,0.6112194061279297,,0.9766081871345029,0.07703868299722672,0.9976635514018691,,,,
breast_cancer,classification,398,30,block_shift,0.5,0.47685998828353837,2,random,,tabicl_knnimpute,0.34539246559143066,,0.9590643274853801,0.10465189069509506,0.9940128504672897,,,,
breast_cancer,classification,398,30,block_shift,0.5,0.47685998828353837,2,random,,tabicl_aware_zero,0.318117618560791,,0.9941520467836257,0.05279332399368286,0.9997079439252337,,,,
breast_cancer,classification,398,30,block_shift,0.5,0.47685998828353837,2,random,,tabicl_aware,0.3782835006713867,,0.9941520467836257,0.04757057875394821,1.0,,,,
breast_cancer,classification,398,30,block_shift,0.5,0.47685998828353837,2,random,,xgboost,0.07912659645080566,,0.9649122807017544,0.07607147842645645,0.9960572429906542,,,,
breast_cancer,classification,398,30,block_shift,0.5,0.47685998828353837,2,random,,catboost,0.38079285621643066,,0.9766081871345029,0.06048846884616461,0.9979556074766355,,,,
breast_cancer,classification,398,30,none,0.0,0.0,3,random,,tabicl_impute,0.3123133182525635,,0.9649122807017544,0.09655380994081497,0.9941588785046729,,,,
breast_cancer,classification,398,30,none,0.0,0.0,3,random,,tabicl_indicator,0.31270575523376465,,0.9649122807017544,0.09655380994081497,0.9941588785046729,,,,
breast_cancer,classification,398,30,none,0.0,0.0,3,random,,tabicl_iterimpute,0.38466906547546387,,0.9649122807017544,0.09655380994081497,0.9941588785046729,,,,
breast_cancer,classification,398,30,none,0.0,0.0,3,random,,tabicl_knnimpute,0.3146827220916748,,0.9649122807017544,0.09655380994081497,0.9941588785046729,,,,
breast_cancer,classification,398,30,none,0.0,0.0,3,random,,tabicl_aware_zero,0.31250882148742676,,0.9649122807017544,0.09655380994081497,0.9941588785046729,,,,
breast_cancer,classification,398,30,none,0.0,0.0,3,random,,tabicl_aware,0.37529635429382324,,0.9649122807017544,0.09232235699892044,0.9944509345794392,,,,
breast_cancer,classification,398,30,none,0.0,0.0,3,random,,xgboost,0.05657649040222168,,0.9473684210526315,0.09929883480072021,0.9944509345794392,,,,
breast_cancer,classification,398,30,none,0.0,0.0,3,random,,catboost,0.39704251289367676,,0.9590643274853801,0.09239252084032869,0.9959112149532711,,,,
breast_cancer,classification,398,30,block,0.3,0.3,3,random,,tabicl_impute,0.3039226531982422,,0.9883040935672515,0.04772075265645981,0.9998539719626168,,,,
breast_cancer,classification,398,30,block,0.3,0.3,3,random,,tabicl_indicator,0.40720319747924805,,0.9883040935672515,0.047654274851083755,0.9998539719626168,,,,
breast_cancer,classification,398,30,block,0.3,0.3,3,random,,tabicl_iterimpute,0.5415914058685303,,0.9766081871345029,0.055161479860544205,0.9986857476635514,,,,
breast_cancer,classification,398,30,block,0.3,0.3,3,random,,tabicl_knnimpute,0.34466075897216797,,0.9766081871345029,0.055041491985321045,0.9982476635514019,,,,
breast_cancer,classification,398,30,block,0.3,0.3,3,random,,tabicl_aware_zero,0.3126664161682129,,0.9941520467836257,0.04822157695889473,0.9998539719626168,,,,
breast_cancer,classification,398,30,block,0.3,0.3,3,random,,tabicl_aware,0.3790874481201172,,0.9883040935672515,0.04876502603292465,0.9994158878504673,,,,
breast_cancer,classification,398,30,block,0.3,0.3,3,random,,xgboost,0.07089352607727051,,0.9766081871345029,0.08358000963926315,0.9960572429906542,,,,
breast_cancer,classification,398,30,block,0.3,0.3,3,random,,catboost,0.4003572463989258,,0.9707602339181286,0.07952262864105057,0.9970794392523364,,,,
breast_cancer,classification,398,30,block,0.5,0.4678968951376684,3,random,,tabicl_impute,0.3096039295196533,,0.9824561403508771,0.06310972571372986,0.997517523364486,,,,
breast_cancer,classification,398,30,block,0.5,0.4678968951376684,3,random,,tabicl_indicator,0.41783881187438965,,0.9824561403508771,0.06525438278913498,0.9973714953271028,,,,
breast_cancer,classification,398,30,block,0.5,0.4678968951376684,3,random,,tabicl_iterimpute,0.6187019348144531,,0.9649122807017544,0.09231731295585632,0.9954731308411215,,,,
breast_cancer,classification,398,30,block,0.5,0.4678968951376684,3,random,,tabicl_knnimpute,0.3454775810241699,,0.9649122807017544,0.07056314498186111,0.9981016355140186,,,,
breast_cancer,classification,398,30,block,0.5,0.4678968951376684,3,random,,tabicl_aware_zero,0.31140565872192383,,0.9824561403508771,0.06416091322898865,0.9973714953271028,,,,
breast_cancer,classification,398,30,block,0.5,0.4678968951376684,3,random,,tabicl_aware,0.37923479080200195,,0.9824561403508771,0.059317540377378464,0.997517523364486,,,,
breast_cancer,classification,398,30,block,0.5,0.4678968951376684,3,random,,xgboost,0.0735158920288086,,0.9415204678362573,0.09293776750564575,0.9959112149532711,,,,
breast_cancer,classification,398,30,block,0.5,0.4678968951376684,3,random,,catboost,0.39620208740234375,,0.9590643274853801,0.08673056531396844,0.9951810747663552,,,,
breast_cancer,classification,398,30,block_shift,0.3,0.3,3,random,,tabicl_impute,0.30052828788757324,,0.9766081871345029,0.08455363661050797,0.9941588785046729,,,,
breast_cancer,classification,398,30,block_shift,0.3,0.3,3,random,,tabicl_indicator,0.4063394069671631,,0.9766081871345029,0.08353229612112045,0.994304906542056,,,,
breast_cancer,classification,398,30,block_shift,0.3,0.3,3,random,,tabicl_iterimpute,0.3940699100494385,,0.9707602339181286,0.09041301161050797,0.9951810747663552,,,,
breast_cancer,classification,398,30,block_shift,0.3,0.3,3,random,,tabicl_knnimpute,0.33669352531433105,,0.9649122807017544,0.08796034753322601,0.9948890186915887,,,,
breast_cancer,classification,398,30,block_shift,0.3,0.3,3,random,,tabicl_aware_zero,0.3048558235168457,,0.9824561403508771,0.08583163470029831,0.9941588785046729,,,,
breast_cancer,classification,398,30,block_shift,0.3,0.3,3,random,,tabicl_aware,0.3694336414337158,,0.9883040935672515,0.08353976160287857,0.9950350467289719,,,,
breast_cancer,classification,398,30,block_shift,0.3,0.3,3,random,,xgboost,0.08291339874267578,,0.9415204678362573,0.13601097464561462,0.9845210280373832,,,,
breast_cancer,classification,398,30,block_shift,0.3,0.3,3,random,,catboost,0.41852903366088867,,0.9473684210526315,0.13947523901291708,0.9887558411214954,,,,
breast_cancer,classification,398,30,block_shift,0.5,0.4450497949619215,3,random,,tabicl_impute,0.3041989803314209,,0.9824561403508771,0.08484353870153427,0.9948890186915887,,,,
breast_cancer,classification,398,30,block_shift,0.5,0.4450497949619215,3,random,,tabicl_indicator,0.428938627243042,,0.9766081871345029,0.09042654186487198,0.9944509345794392,,,,
breast_cancer,classification,398,30,block_shift,0.5,0.4450497949619215,3,random,,tabicl_iterimpute,0.7708899974822998,,0.9532163742690059,0.08484692126512527,0.9962032710280374,,,,
breast_cancer,classification,398,30,block_shift,0.5,0.4450497949619215,3,random,,tabicl_knnimpute,0.3515298366546631,,0.9707602339181286,0.11446117609739304,0.9906542056074766,,,,
breast_cancer,classification,398,30,block_shift,0.5,0.4450497949619215,3,random,,tabicl_aware_zero,0.31212949752807617,,0.9766081871345029,0.08837191015481949,0.9950350467289719,,,,
breast_cancer,classification,398,30,block_shift,0.5,0.4450497949619215,3,random,,tabicl_aware,0.37822914123535156,,0.9766081871345029,0.0873415395617485,0.9948890186915887,,,,
breast_cancer,classification,398,30,block_shift,0.5,0.4450497949619215,3,random,,xgboost,0.10468459129333496,,0.9590643274853801,0.1272580623626709,0.9887558411214953,,,,
breast_cancer,classification,398,30,block_shift,0.5,0.4450497949619215,3,random,,catboost,0.4051978588104248,,0.9473684210526315,0.13103642708569518,0.9899240654205608,,,,
breast_cancer,classification,398,30,none,0.0,0.0,4,random,,tabicl_impute,0.3078494071960449,,0.9941520467836257,0.03010229952633381,1.0,,,,
breast_cancer,classification,398,30,none,0.0,0.0,4,random,,tabicl_indicator,0.3100087642669678,,0.9941520467836257,0.03010229952633381,1.0,,,,
breast_cancer,classification,398,30,none,0.0,0.0,4,random,,tabicl_iterimpute,0.3368101119995117,,0.9941520467836257,0.03010229952633381,1.0,,,,
breast_cancer,classification,398,30,none,0.0,0.0,4,random,,tabicl_knnimpute,0.31235599517822266,,0.9941520467836257,0.03010229952633381,1.0,,,,
breast_cancer,classification,398,30,none,0.0,0.0,4,random,,tabicl_aware_zero,0.3121955394744873,,0.9941520467836257,0.03010229952633381,1.0,,,,
breast_cancer,classification,398,30,none,0.0,0.0,4,random,,tabicl_aware,0.37433385848999023,,0.9941520467836257,0.028155388310551643,1.0,,,,
breast_cancer,classification,398,30,none,0.0,0.0,4,random,,xgboost,0.05850863456726074,,0.9649122807017544,0.06552184373140335,0.9978095794392523,,,,
breast_cancer,classification,398,30,none,0.0,0.0,4,random,,catboost,0.3756093978881836,,0.9824561403508771,0.05446864075112399,0.9979556074766355,,,,
breast_cancer,classification,398,30,block,0.3,0.28904510837727004,4,random,,tabicl_impute,0.32089924812316895,,0.9766081871345029,0.05088229477405548,0.9986857476635514,,,,
breast_cancer,classification,398,30,block,0.3,0.28904510837727004,4,random,,tabicl_indicator,0.40164756774902344,,0.9824561403508771,0.05035349726676941,0.9989778037383178,,,,
breast_cancer,classification,398,30,block,0.3,0.28904510837727004,4,random,,tabicl_iterimpute,0.6201763153076172,,0.9824561403508771,0.0472961887717247,0.999123831775701,,,,
breast_cancer,classification,398,30,block,0.3,0.28904510837727004,4,random,,tabicl_knnimpute,0.35033464431762695,,0.9707602339181286,0.0603540875017643,0.9982476635514019,,,,
breast_cancer,classification,398,30,block,0.3,0.28904510837727004,4,random,,tabicl_aware_zero,0.3204479217529297,,0.9766081871345029,0.05185578390955925,0.9988317757009346,,,,
breast_cancer,classification,398,30,block,0.3,0.28904510837727004,4,random,,tabicl_aware,0.3775169849395752,,0.9766081871345029,0.05109105631709099,0.9985397196261683,,,,
breast_cancer,classification,398,30,block,0.3,0.28904510837727004,4,random,,xgboost,0.08055734634399414,,0.9707602339181286,0.07275432348251343,0.9967873831775701,,,,
breast_cancer,classification,398,30,block,0.3,0.28904510837727004,4,random,,catboost,0.41876983642578125,,0.9649122807017544,0.08151446173076844,0.9960572429906542,,,,
breast_cancer,classification,398,30,block,0.5,0.5,4,random,,tabicl_impute,0.3054678440093994,,0.9707602339181286,0.07029417157173157,0.9969334112149533,,,,
breast_cancer,classification,398,30,block,0.5,0.5,4,random,,tabicl_indicator,0.42273807525634766,,0.9649122807017544,0.06730954349040985,0.997517523364486,,,,
breast_cancer,classification,398,30,block,0.5,0.5,4,random,,tabicl_iterimpute,0.48366808891296387,,0.9707602339181286,0.0698581114411354,0.9966413551401869,,,,
breast_cancer,classification,398,30,block,0.5,0.5,4,random,,tabicl_knnimpute,0.34221649169921875,,0.9532163742690059,0.08082189410924911,0.9963492990654206,,,,
breast_cancer,classification,398,30,block,0.5,0.5,4,random,,tabicl_aware_zero,0.30881547927856445,,0.9707602339181286,0.06405722349882126,0.9979556074766355,,,,
breast_cancer,classification,398,30,block,0.5,0.5,4,random,,tabicl_aware,0.4212162494659424,,0.9766081871345029,0.06728692352771759,0.997517523364486,,,,
breast_cancer,classification,398,30,block,0.5,0.5,4,random,,xgboost,0.07719039916992188,,0.9590643274853801,0.09567421674728394,0.992552570093458,,,,
breast_cancer,classification,398,30,block,0.5,0.5,4,random,,catboost,0.39305996894836426,,0.9649122807017544,0.08575105674403932,0.9956191588785047,,,,
breast_cancer,classification,398,30,block_shift,0.3,0.3,4,random,,tabicl_impute,0.3059573173522949,,0.9532163742690059,0.08686361461877823,0.9951810747663552,,,,
breast_cancer,classification,398,30,block_shift,0.3,0.3,4,random,,tabicl_indicator,0.40407299995422363,,0.9649122807017544,0.0839480310678482,0.9956191588785046,,,,
breast_cancer,classification,398,30,block_shift,0.3,0.3,4,random,,tabicl_iterimpute,0.3936033248901367,,0.9473684210526315,0.08371850848197937,0.9956191588785047,,,,
breast_cancer,classification,398,30,block_shift,0.3,0.3,4,random,,tabicl_knnimpute,0.3434433937072754,,0.9590643274853801,0.08984659612178802,0.9948890186915887,,,,
breast_cancer,classification,398,30,block_shift,0.3,0.3,4,random,,tabicl_aware_zero,0.30940794944763184,,0.9590643274853801,0.08606456965208054,0.9954731308411215,,,,
breast_cancer,classification,398,30,block_shift,0.3,0.3,4,random,,tabicl_aware,0.37711358070373535,,0.9590643274853801,0.0805945172905922,0.9967873831775701,,,,
breast_cancer,classification,398,30,block_shift,0.3,0.3,4,random,,xgboost,0.08551692962646484,,0.9298245614035088,0.15143781900405884,0.9913843457943925,,,,
breast_cancer,classification,398,30,block_shift,0.3,0.3,4,random,,catboost,0.40950679779052734,,0.935672514619883,0.1556357264278031,0.9924065420560748,,,,
breast_cancer,classification,398,30,block_shift,0.5,0.48734622144112477,4,random,,tabicl_impute,0.30670595169067383,,0.9824561403508771,0.0675046294927597,0.997517523364486,,,,
breast_cancer,classification,398,30,block_shift,0.5,0.48734622144112477,4,random,,tabicl_indicator,0.4036710262298584,,0.9707602339181286,0.06805535405874252,0.9972254672897196,,,,
breast_cancer,classification,398,30,block_shift,0.5,0.48734622144112477,4,random,,tabicl_iterimpute,0.44103503227233887,,0.9824561403508771,0.0638226717710495,0.9982476635514019,,,,
breast_cancer,classification,398,30,block_shift,0.5,0.48734622144112477,4,random,,tabicl_knnimpute,0.34266042709350586,,0.9707602339181286,0.0965941771864891,0.9941588785046729,,,,
breast_cancer,classification,398,30,block_shift,0.5,0.48734622144112477,4,random,,tabicl_aware_zero,0.3075871467590332,,0.9766081871345029,0.06976108998060226,0.997517523364486,,,,
breast_cancer,classification,398,30,block_shift,0.5,0.48734622144112477,4,random,,tabicl_aware,0.37460851669311523,,0.9707602339181286,0.06418076157569885,0.9976635514018691,,,,
breast_cancer,classification,398,30,block_shift,0.5,0.48734622144112477,4,random,,xgboost,0.08344435691833496,,0.9473684210526315,0.12625102698802948,0.9912383177570093,,,,
breast_cancer,classification,398,30,block_shift,0.5,0.48734622144112477,4,random,,catboost,0.40608763694763184,,0.9590643274853801,0.11925385780173661,0.9925525700934579,,,,
wine,classification,124,13,none,0.0,0.0,0,random,,tabicl_impute,0.22400569915771484,,1.0,0.00982815120369196,1.0,,,,
wine,classification,124,13,none,0.0,0.0,0,random,,tabicl_indicator,0.22079110145568848,,1.0,0.00982815120369196,1.0,,,,
wine,classification,124,13,none,0.0,0.0,0,random,,tabicl_iterimpute,0.22995877265930176,,1.0,0.00982815120369196,1.0,,,,
wine,classification,124,13,none,0.0,0.0,0,random,,tabicl_knnimpute,0.22163963317871094,,1.0,0.00982815120369196,1.0,,,,
wine,classification,124,13,none,0.0,0.0,0,random,,tabicl_aware_zero,0.2211768627166748,,1.0,0.00982815120369196,1.0,,,,
wine,classification,124,13,none,0.0,0.0,0,random,,tabicl_aware,0.2913515567779541,,1.0,0.007917092181742191,1.0,,,,
wine,classification,124,13,none,0.0,0.0,0,random,,xgboost,0.07239079475402832,,0.9814814814814815,0.045160338282585144,1.0,,,,
wine,classification,124,13,none,0.0,0.0,0,random,,catboost,0.21745753288269043,,1.0,0.0529660567230378,1.0,,,,
wine,classification,124,13,block,0.3,0.2662057044079516,0,random,,tabicl_impute,0.2208728790283203,,1.0,0.014583338052034378,1.0,,,,
wine,classification,124,13,block,0.3,0.2662057044079516,0,random,,tabicl_indicator,0.2861301898956299,,1.0,0.013278883881866932,1.0,,,,
wine,classification,124,13,block,0.3,0.2662057044079516,0,random,,tabicl_iterimpute,0.29254579544067383,,1.0,0.024565817788243294,1.0,,,,
wine,classification,124,13,block,0.3,0.2662057044079516,0,random,,tabicl_knnimpute,0.22351789474487305,,1.0,0.031356435269117355,1.0,,,,
wine,classification,124,13,block,0.3,0.2662057044079516,0,random,,tabicl_aware_zero,0.2188265323638916,,1.0,0.015036467462778091,1.0,,,,
wine,classification,124,13,block,0.3,0.2662057044079516,0,random,,tabicl_aware,0.28331851959228516,,1.0,0.012490365654230118,1.0,,,,
wine,classification,124,13,block,0.3,0.2662057044079516,0,random,,xgboost,0.06864118576049805,,0.9814814814814815,0.03624807298183441,1.0,,,,
wine,classification,124,13,block,0.3,0.2662057044079516,0,random,,catboost,0.21920418739318848,,1.0,0.03986025945546468,1.0,,,,
wine,classification,124,13,block,0.5,0.44857389801210024,0,random,,tabicl_impute,0.21982455253601074,,0.9629629629629629,0.11018558591604233,0.9960297932520156,,,,
wine,classification,124,13,block,0.5,0.44857389801210024,0,random,,tabicl_indicator,0.2595393657684326,,0.9629629629629629,0.10549667477607727,0.998075998075998,,,,
wine,classification,124,13,block,0.5,0.44857389801210024,0,random,,tabicl_iterimpute,0.2682158946990967,,0.9814814814814815,0.06978040188550949,0.9995189995189996,,,,
wine,classification,124,13,block,0.5,0.44857389801210024,0,random,,tabicl_knnimpute,0.22312045097351074,,0.9444444444444444,0.14127175509929657,0.9935799796910908,,,,
wine,classification,124,13,block,0.5,0.44857389801210024,0,random,,tabicl_aware_zero,0.22038578987121582,,0.9444444444444444,0.1127818301320076,0.998075998075998,,,,
wine,classification,124,13,block,0.5,0.44857389801210024,0,random,,tabicl_aware,0.28574419021606445,,0.9444444444444444,0.11719579249620438,0.997987197987198,,,,
wine,classification,124,13,block,0.5,0.44857389801210024,0,random,,xgboost,0.07646369934082031,,0.9259259259259259,0.21456921100616455,0.9875635681191236,,,,
wine,classification,124,13,block,0.5,0.44857389801210024,0,random,,catboost,0.2217397689819336,,0.9259259259259259,0.21342330148141986,0.9895877784766673,,,,
wine,classification,124,13,block_shift,0.3,0.2662057044079516,0,random,,tabicl_impute,0.22108173370361328,,1.0,0.02878343127667904,1.0,,,,
wine,classification,124,13,block_shift,0.3,0.2662057044079516,0,random,,tabicl_indicator,0.23998641967773438,,1.0,0.03183509781956673,1.0,,,,
wine,classification,124,13,block_shift,0.3,0.2662057044079516,0,random,,tabicl_iterimpute,0.2483537197113037,,0.9629629629629629,0.07517880201339722,1.0,,,,
wine,classification,124,13,block_shift,0.3,0.2662057044079516,0,random,,tabicl_knnimpute,0.22342705726623535,,0.9814814814814815,0.044222354888916016,1.0,,,,
wine,classification,124,13,block_shift,0.3,0.2662057044079516,0,random,,tabicl_aware_zero,0.22093629837036133,,1.0,0.03196270391345024,1.0,,,,
wine,classification,124,13,block_shift,0.3,0.2662057044079516,0,random,,tabicl_aware,0.32306671142578125,,1.0,0.025105247274041176,1.0,,,,
wine,classification,124,13,block_shift,0.3,0.2662057044079516,0,random,,xgboost,0.07591533660888672,,0.9814814814814815,0.11361200362443924,0.9896695896695896,,,,
wine,classification,124,13,block_shift,0.3,0.2662057044079516,0,random,,catboost,0.24573612213134766,,0.9629629629629629,0.10269785659126117,0.9995189995189996,,,,
wine,classification,124,13,block_shift,0.5,0.46153846153846156,0,random,,tabicl_impute,0.22294974327087402,,0.9814814814814815,0.11767345666885376,0.9995189995189996,,,,
wine,classification,124,13,block_shift,0.5,0.46153846153846156,0,random,,tabicl_indicator,0.2593519687652588,,0.9629629629629629,0.10621094703674316,0.9995189995189996,,,,
wine,classification,124,13,block_shift,0.5,0.46153846153846156,0,random,,tabicl_iterimpute,0.25240540504455566,,0.9259259259259259,0.21288016438484192,0.9892439864662087,,,,
wine,classification,124,13,block_shift,0.5,0.46153846153846156,0,random,,tabicl_knnimpute,0.22254133224487305,,0.9629629629629629,0.17883117496967316,0.9950229811340923,,,,
wine,classification,124,13,block_shift,0.5,0.46153846153846156,0,random,,tabicl_aware_zero,0.2222881317138672,,1.0,0.10306278616189957,1.0,,,,
wine,classification,124,13,block_shift,0.5,0.46153846153846156,0,random,,tabicl_aware,0.2851903438568115,,0.9814814814814815,0.10875118523836136,1.0,,,,
wine,classification,124,13,block_shift,0.5,0.46153846153846156,0,random,,xgboost,0.08972668647766113,,0.9074074074074074,0.19812053442001343,0.9953157953157953,,,,
wine,classification,124,13,block_shift,0.5,0.46153846153846156,0,random,,catboost,0.23877382278442383,,0.9259259259259259,0.25516076785754893,0.9865171865171866,,,,
wine,classification,124,13,none,0.0,0.0,1,random,,tabicl_impute,0.2210245132446289,,0.9814814814814815,0.027829669415950775,1.0,,,,
wine,classification,124,13,none,0.0,0.0,1,random,,tabicl_indicator,0.21951770782470703,,0.9814814814814815,0.027829669415950775,1.0,,,,
wine,classification,124,13,none,0.0,0.0,1,random,,tabicl_iterimpute,0.2275407314300537,,0.9814814814814815,0.027829669415950775,1.0,,,,
wine,classification,124,13,none,0.0,0.0,1,random,,tabicl_knnimpute,0.22135043144226074,,0.9814814814814815,0.027829669415950775,1.0,,,,
wine,classification,124,13,none,0.0,0.0,1,random,,tabicl_aware_zero,0.21857762336730957,,0.9814814814814815,0.027829669415950775,1.0,,,,
wine,classification,124,13,none,0.0,0.0,1,random,,tabicl_aware,0.28176045417785645,,0.9814814814814815,0.031162021681666374,1.0,,,,
wine,classification,124,13,none,0.0,0.0,1,random,,xgboost,0.05056118965148926,,0.8888888888888888,0.2036891132593155,0.9920367698145475,,,,
wine,classification,124,13,none,0.0,0.0,1,random,,catboost,0.21581435203552246,,0.9814814814814815,0.12881691069314985,0.9970137886804554,,,,
wine,classification,124,13,block,0.3,0.287381158167675,1,random,,tabicl_impute,0.22363758087158203,,0.9814814814814815,0.05930372700095177,0.9995189995189996,,,,
wine,classification,124,13,block,0.3,0.287381158167675,1,random,,tabicl_indicator,0.2510373592376709,,0.9814814814814815,0.054800983518362045,0.9995189995189996,,,,
wine,classification,124,13,block,0.3,0.287381158167675,1,random,,tabicl_iterimpute,0.25647783279418945,,0.9629629629629629,0.1180049404501915,0.9955707872374538,,,,
wine,classification,124,13,block,0.3,0.287381158167675,1,random,,tabicl_knnimpute,0.2708752155303955,,0.9444444444444444,0.14893272519111633,0.9960297932520156,,,,
wine,classification,124,13,block,0.3,0.287381158167675,1,random,,tabicl_aware_zero,0.22992587089538574,,0.9814814814814815,0.05489075928926468,0.9995189995189996,,,,
wine,classification,124,13,block,0.3,0.287381158167675,1,random,,tabicl_aware,0.29225802421569824,,0.9629629629629629,0.06334725767374039,0.9995189995189996,,,,
wine,classification,124,13,block,0.3,0.287381158167675,1,random,,xgboost,0.0750131607055664,,0.8703703703703703,0.2673371732234955,0.9810221671332782,,,,
wine,classification,124,13,block,0.3,0.287381158167675,1,random,,catboost,0.22359323501586914,,0.9074074074074074,0.2363635748756029,0.9824985713874602,,,,
wine,classification,124,13,block,0.5,0.4373379429559205,1,random,,tabicl_impute,0.21978378295898438,,0.9444444444444444,0.09841643273830414,1.0,,,,
wine,classification,124,13,block,0.5,0.4373379429559205,1,random,,tabicl_indicator,0.2541921138763428,,0.9629629629629629,0.10010461509227753,0.9974727946950169,,,,
wine,classification,124,13,block,0.5,0.4373379429559205,1,random,,tabicl_iterimpute,0.2525217533111572,,0.9444444444444444,0.11941110342741013,0.9970805943028166,,,,
wine,classification,124,13,block,0.5,0.4373379429559205,1,random,,tabicl_knnimpute,0.2232828140258789,,0.9629629629629629,0.09505453705787659,0.9990379990379991,,,,
wine,classification,124,13,block,0.5,0.4373379429559205,1,random,,tabicl_aware_zero,0.2258460521697998,,0.9629629629629629,0.08676037937402725,0.9995189995189996,,,,
wine,classification,124,13,block,0.5,0.4373379429559205,1,random,,tabicl_aware,0.28592753410339355,,0.9629629629629629,0.06375589966773987,1.0,,,,
wine,classification,124,13,block,0.5,0.4373379429559205,1,random,,xgboost,0.0639646053314209,,0.9814814814814815,0.0935550406575203,0.9995189995189996,,,,
wine,classification,124,13,block,0.5,0.4373379429559205,1,random,,catboost,0.22290849685668945,,0.9814814814814815,0.11950954982143079,0.995123189567634,,,,
wine,classification,124,13,block_shift,0.3,0.27787381158167673,1,random,,tabicl_impute,0.21873068809509277,,0.9444444444444444,0.21396200358867645,0.9890513807180473,,,,
wine,classification,124,13,block_shift,0.3,0.27787381158167673,1,random,,tabicl_indicator,0.2416553497314453,,0.9444444444444444,0.21794408559799194,0.9880005796672463,,,,
wine,classification,124,13,block_shift,0.3,0.27787381158167673,1,random,,tabicl_iterimpute,0.2715778350830078,,0.9259259259259259,0.2613122761249542,0.9815805593583371,,,,
wine,classification,124,13,block_shift,0.3,0.27787381158167673,1,random,,tabicl_knnimpute,0.22316312789916992,,0.9074074074074074,0.3396516740322113,0.977129352129352,,,,
wine,classification,124,13,block_shift,0.3,0.27787381158167673,1,random,,tabicl_aware_zero,0.22032761573791504,,0.9444444444444444,0.21592998504638672,0.9885703802370469,,,,
wine,classification,124,13,block_shift,0.3,0.27787381158167673,1,random,,tabicl_aware,0.28229475021362305,,0.9259259259259259,0.22852802276611328,0.9855287716398827,,,,
wine,classification,124,13,block_shift,0.3,0.27787381158167673,1,random,,xgboost,0.0727689266204834,,0.8888888888888888,0.3838338851928711,0.9672298894521116,,,,
wine,classification,124,13,block_shift,0.3,0.27787381158167673,1,random,,catboost,0.24956798553466797,,0.9259259259259259,0.28730045276896526,0.9739419017196794,,,,
wine,classification,124,13,block_shift,0.5,0.4131374243733794,1,random,,tabicl_impute,0.22250699996948242,,0.9629629629629629,0.1179504320025444,0.9980425952648174,,,,
wine,classification,124,13,block_shift,0.5,0.4131374243733794,1,random,,tabicl_indicator,0.253432035446167,,0.9629629629629629,0.11042545735836029,0.998075998075998,,,,
wine,classification,124,13,block_shift,0.5,0.4131374243733794,1,random,,tabicl_iterimpute,0.3757917881011963,,0.9444444444444444,0.11570550501346588,1.0,,,,
wine,classification,124,13,block_shift,0.5,0.4131374243733794,1,random,,tabicl_knnimpute,0.22605228424072266,,0.9444444444444444,0.16322317719459534,0.9945753834642724,,,,
wine,classification,124,13,block_shift,0.5,0.4131374243733794,1,random,,tabicl_aware_zero,0.2203676700592041,,0.9629629629629629,0.10441745817661285,0.9990379990379991,,,,
wine,classification,124,13,block_shift,0.5,0.4131374243733794,1,random,,tabicl_aware,0.28209829330444336,,0.9629629629629629,0.08847414702177048,0.9995189995189996,,,,
wine,classification,124,13,block_shift,0.5,0.4131374243733794,1,random,,xgboost,0.07753229141235352,,0.8703703703703703,0.21647873520851135,0.9904829738163071,,,,
wine,classification,124,13,block_shift,0.5,0.4131374243733794,1,random,,catboost,0.22201108932495117,,0.9814814814814815,0.12010133377340265,0.9995189995189996,,,,
wine,classification,124,13,none,0.0,0.0,2,random,,tabicl_impute,0.22132134437561035,,0.9814814814814815,0.03456585109233856,1.0,,,,
wine,classification,124,13,none,0.0,0.0,2,random,,tabicl_indicator,0.220750093460083,,0.9814814814814815,0.03456585109233856,1.0,,,,
wine,classification,124,13,none,0.0,0.0,2,random,,tabicl_iterimpute,0.22602629661560059,,0.9814814814814815,0.03456585109233856,1.0,,,,
wine,classification,124,13,none,0.0,0.0,2,random,,tabicl_knnimpute,0.2206275463104248,,0.9814814814814815,0.03456585109233856,1.0,,,,
wine,classification,124,13,none,0.0,0.0,2,random,,tabicl_aware_zero,0.2184903621673584,,0.9814814814814815,0.03456585109233856,1.0,,,,
wine,classification,124,13,none,0.0,0.0,2,random,,tabicl_aware,0.28121042251586914,,0.9814814814814815,0.03845458850264549,1.0,,,,
wine,classification,124,13,none,0.0,0.0,2,random,,xgboost,0.051650285720825195,,0.9259259259259259,0.19055958092212677,0.9965327881994549,,,,
wine,classification,124,13,none,0.0,0.0,2,random,,catboost,0.21625113487243652,,0.9444444444444444,0.1856370749122552,0.9943203915426136,,,,
wine,classification,124,13,block,0.3,0.23076923076923078,2,random,,tabicl_impute,0.22149443626403809,,0.9444444444444444,0.11488935351371765,0.9980091924536368,,,,
wine,classification,124,13,block,0.3,0.23076923076923078,2,random,,tabicl_indicator,0.23823285102844238,,0.9444444444444444,0.12653587758541107,0.997047191491636,,,,
wine,classification,124,13,block,0.3,0.23076923076923078,2,random,,tabicl_iterimpute,0.2648475170135498,,0.9814814814814815,0.056592363864183426,0.9995189995189996,,,,
wine,classification,124,13,block,0.3,0.23076923076923078,2,random,,tabicl_knnimpute,0.22286057472229004,,0.9629629629629629,0.14161941409111023,0.997047191491636,,,,
wine,classification,124,13,block,0.3,0.23076923076923078,2,random,,tabicl_aware_zero,0.21856951713562012,,0.9444444444444444,0.12496542185544968,0.9970137886804554,,,,
wine,classification,124,13,block,0.3,0.23076923076923078,2,random,,tabicl_aware,0.2807636260986328,,0.9444444444444444,0.11414610594511032,0.9990045962268184,,,,
wine,classification,124,13,block,0.3,0.23076923076923078,2,random,,xgboost,0.07250761985778809,,0.9444444444444444,0.25018593668937683,0.9799643771865995,,,,
wine,classification,124,13,block,0.3,0.23076923076923078,2,random,,catboost,0.22080445289611816,,0.9259259259259259,0.24541118482573396,0.9892439864662087,,,,
wine,classification,124,13,block,0.5,0.43215211754537597,2,random,,tabicl_impute,0.22142767906188965,,0.9074074074074074,0.26458871364593506,0.9865795726906837,,,,
wine,classification,124,13,block,0.5,0.43215211754537597,2,random,,tabicl_indicator,0.3018481731414795,,0.9259259259259259,0.23120512068271637,0.9871493732604844,,,,
wine,classification,124,13,block,0.5,0.43215211754537597,2,random,,tabicl_iterimpute,0.34430813789367676,,0.8888888888888888,0.307535320520401,0.9784835534835535,,,,
wine,classification,124,13,block,0.5,0.43215211754537597,2,random,,tabicl_knnimpute,0.22635149955749512,,0.9074074074074074,0.23387880623340607,0.985228968562302,,,,
wine,classification,124,13,block,0.5,0.43215211754537597,2,random,,tabicl_aware_zero,0.22219419479370117,,0.9074074074074074,0.24883496761322021,0.9866349699683034,,,,
wine,classification,124,13,block,0.5,0.43215211754537597,2,random,,tabicl_aware,0.2841184139251709,,0.9259259259259259,0.2527782618999481,0.9864907726018837,,,,
wine,classification,124,13,block,0.5,0.43215211754537597,2,random,,xgboost,0.0657963752746582,,0.8518518518518519,0.40451526641845703,0.9744509605620717,,,,
wine,classification,124,13,block,0.5,0.43215211754537597,2,random,,catboost,0.20519185066223145,,0.8703703703703703,0.44001671896224054,0.960416743750077,,,,
wine,classification,124,13,block_shift,0.3,0.27095937770095074,2,random,,tabicl_impute,0.21907401084899902,,0.9629629629629629,0.113980732858181,0.9955373844262733,,,,
wine,classification,124,13,block_shift,0.3,0.27095937770095074,2,random,,tabicl_indicator,0.2338705062866211,,0.9444444444444444,0.110174261033535,0.9950563839452728,,,,
wine,classification,124,13,block_shift,0.3,0.27095937770095074,2,random,,tabicl_iterimpute,0.27039027214050293,,0.9629629629629629,0.13504518568515778,0.9926179787290899,,,,
wine,classification,124,13,block_shift,0.3,0.27095937770095074,2,random,,tabicl_knnimpute,0.22171902656555176,,0.9074074074074074,0.19691123068332672,0.9854619660175216,,,,
wine,classification,124,13,block_shift,0.3,0.27095937770095074,2,random,,tabicl_aware_zero,0.21738433837890625,,0.9629629629629629,0.11541694402694702,0.9955373844262733,,,,
wine,classification,124,13,block_shift,0.3,0.27095937770095074,2,random,,tabicl_aware,0.28239965438842773,,0.9629629629629629,0.10609050840139389,0.9960183849072738,,,,
wine,classification,124,13,block_shift,0.3,0.27095937770095074,2,random,,xgboost,0.07205033302307129,,0.8888888888888888,0.2992047071456909,0.9831273664606998,,,,
wine,classification,124,13,block_shift,0.3,0.27095937770095074,2,random,,catboost,0.2470719814300537,,0.9259259259259259,0.2534809422080039,0.9793233515455738,,,,
wine,classification,124,13,block_shift,0.5,0.43215211754537597,2,random,,tabicl_impute,0.22416901588439941,,0.8518518518518519,0.47866517305374146,0.9463508713508714,,,,
wine,classification,124,13,block_shift,0.5,0.43215211754537597,2,random,,tabicl_indicator,0.2597062587738037,,0.8518518518518519,0.46746590733528137,0.9459032736810515,,,,
wine,classification,124,13,block_shift,0.5,0.43215211754537597,2,random,,tabicl_iterimpute,0.34077024459838867,,0.7592592592592593,0.49383053183555603,0.942577689799912,,,,
wine,classification,124,13,block_shift,0.5,0.43215211754537597,2,random,,tabicl_knnimpute,0.22544145584106445,,0.8333333333333334,0.46169427037239075,0.9379232907010685,,,,
wine,classification,124,13,block_shift,0.5,0.43215211754537597,2,random,,tabicl_aware_zero,0.22500944137573242,,0.8333333333333334,0.4810096025466919,0.9492482825816159,,,,
wine,classification,124,13,block_shift,0.5,0.43215211754537597,2,random,,tabicl_aware,0.3313298225402832,,0.8518518518518519,0.481805682182312,0.9510244899133787,,,,
wine,classification,124,13,block_shift,0.5,0.43215211754537597,2,random,,xgboost,0.08967185020446777,,0.8148148148148148,0.6492851972579956,0.9091005702116813,,,,
wine,classification,124,13,block_shift,0.5,0.43215211754537597,2,random,,catboost,0.24207162857055664,,0.8333333333333334,0.5183726429058083,0.9263926402815291,,,,
wine,classification,124,13,none,0.0,0.0,3,random,,tabicl_impute,0.2271137237548828,,1.0,0.004888887982815504,1.0,,,,
wine,classification,124,13,none,0.0,0.0,3,random,,tabicl_indicator,0.22283458709716797,,1.0,0.004888887982815504,1.0,,,,
wine,classification,124,13,none,0.0,0.0,3,random,,tabicl_iterimpute,0.22995209693908691,,1.0,0.004888887982815504,1.0,,,,
wine,classification,124,13,none,0.0,0.0,3,random,,tabicl_knnimpute,0.2216029167175293,,1.0,0.004888887982815504,1.0,,,,
wine,classification,124,13,none,0.0,0.0,3,random,,tabicl_aware_zero,0.22192025184631348,,1.0,0.004888887982815504,1.0,,,,
wine,classification,124,13,none,0.0,0.0,3,random,,tabicl_aware,0.28525733947753906,,1.0,0.0034648608416318893,1.0,,,,
wine,classification,124,13,none,0.0,0.0,3,random,,xgboost,0.05597996711730957,,0.9814814814814815,0.06762160360813141,1.0,,,,
wine,classification,124,13,none,0.0,0.0,3,random,,catboost,0.21829628944396973,,1.0,0.03354117518816149,1.0,,,,
wine,classification,124,13,block,0.3,0.3076923076923077,3,random,,tabicl_impute,0.22263598442077637,,1.0,0.014101099222898483,1.0,,,,
wine,classification,124,13,block,0.3,0.3076923076923077,3,random,,tabicl_indicator,0.25590085983276367,,1.0,0.012017365545034409,1.0,,,,
wine,classification,124,13,block,0.3,0.3076923076923077,3,random,,tabicl_iterimpute,0.25485849380493164,,0.9814814814814815,0.031766269356012344,1.0,,,,
wine,classification,124,13,block,0.3,0.3076923076923077,3,random,,tabicl_knnimpute,0.22570419311523438,,1.0,0.023687314242124557,1.0,,,,
wine,classification,124,13,block,0.3,0.3076923076923077,3,random,,tabicl_aware_zero,0.22293901443481445,,1.0,0.013595403172075748,1.0,,,,
wine,classification,124,13,block,0.3,0.3076923076923077,3,random,,tabicl_aware,0.2966125011444092,,1.0,0.011036135256290436,1.0,,,,
wine,classification,124,13,block,0.3,0.3076923076923077,3,random,,xgboost,0.06777763366699219,,1.0,0.029443876817822456,1.0,,,,
wine,classification,124,13,block,0.3,0.3076923076923077,3,random,,catboost,0.20023393630981445,,0.9814814814814815,0.05538497014029148,1.0,,,,
wine,classification,124,13,block,0.5,0.46153846153846156,3,random,,tabicl_impute,0.22253775596618652,,0.9629629629629629,0.10218826681375504,1.0,,,,
wine,classification,124,13,block,0.5,0.46153846153846156,3,random,,tabicl_indicator,0.3078188896179199,,0.9629629629629629,0.10678844153881073,0.9980091924536368,,,,
wine,classification,124,13,block,0.5,0.46153846153846156,3,random,,tabicl_iterimpute,0.326052188873291,,0.9814814814814815,0.0907675251364708,1.0,,,,
wine,classification,124,13,block,0.5,0.46153846153846156,3,random,,tabicl_knnimpute,0.2257061004638672,,0.8888888888888888,0.18646246194839478,0.9895983645983645,,,,
wine,classification,124,13,block,0.5,0.46153846153846156,3,random,,tabicl_aware_zero,0.2225329875946045,,0.9629629629629629,0.09624123573303223,1.0,,,,
wine,classification,124,13,block,0.5,0.46153846153846156,3,random,,tabicl_aware,0.28792595863342285,,0.9814814814814815,0.07315035909414291,1.0,,,,
wine,classification,124,13,block,0.5,0.46153846153846156,3,random,,xgboost,0.07841014862060547,,0.9259259259259259,0.19271014630794525,0.987574154240821,,,,
wine,classification,124,13,block,0.5,0.46153846153846156,3,random,,catboost,0.2242894172668457,,0.9444444444444444,0.2132744889023219,0.9841069424402757,,,,
wine,classification,124,13,block_shift,0.3,0.3076923076923077,3,random,,tabicl_impute,0.2252514362335205,,0.9814814814814815,0.049563273787498474,1.0,,,,
wine,classification,124,13,block_shift,0.3,0.3076923076923077,3,random,,tabicl_indicator,0.2574732303619385,,0.9629629629629629,0.0462728887796402,0.9990045962268184,,,,
wine,classification,124,13,block_shift,0.3,0.3076923076923077,3,random,,tabicl_iterimpute,0.26515817642211914,,0.8888888888888888,0.20134632289409637,0.9931657848324514,,,,
wine,classification,124,13,block_shift,0.3,0.3076923076923077,3,random,,tabicl_knnimpute,0.22608423233032227,,0.9629629629629629,0.08797244727611542,1.0,,,,
wine,classification,124,13,block_shift,0.3,0.3076923076923077,3,random,,tabicl_aware_zero,0.2242567539215088,,0.9444444444444444,0.06551423668861389,0.998523595745818,,,,
wine,classification,124,13,block_shift,0.3,0.3076923076923077,3,random,,tabicl_aware,0.2878882884979248,,0.9814814814814815,0.04485224932432175,1.0,,,,
wine,classification,124,13,block_shift,0.3,0.3076923076923077,3,random,,xgboost,0.0835869312286377,,0.9259259259259259,0.17928709089756012,0.9875899820344265,,,,
wine,classification,124,13,block_shift,0.3,0.3076923076923077,3,random,,catboost,0.23107314109802246,,0.9629629629629629,0.20758265171158338,0.9819473736140404,,,,
wine,classification,124,13,block_shift,0.5,0.43604148660328435,3,random,,tabicl_impute,0.22444510459899902,,0.9814814814814815,0.031765956431627274,1.0,,,,
wine,classification,124,13,block_shift,0.5,0.43604148660328435,3,random,,tabicl_indicator,0.25818705558776855,,0.9814814814814815,0.029705427587032318,1.0,,,,
wine,classification,124,13,block_shift,0.5,0.43604148660328435,3,random,,tabicl_iterimpute,0.32403111457824707,,0.9814814814814815,0.03575829043984413,1.0,,,,
wine,classification,124,13,block_shift,0.5,0.43604148660328435,3,random,,tabicl_knnimpute,0.22375273704528809,,0.9814814814814815,0.04857102036476135,0.9990045962268184,,,,
wine,classification,124,13,block_shift,0.5,0.43604148660328435,3,random,,tabicl_aware_zero,0.22503948211669922,,0.9814814814814815,0.03721526637673378,1.0,,,,
wine,classification,124,13,block_shift,0.5,0.43604148660328435,3,random,,tabicl_aware,0.28592801094055176,,0.9814814814814815,0.04381154105067253,1.0,,,,
wine,classification,124,13,block_shift,0.5,0.43604148660328435,3,random,,xgboost,0.06965851783752441,,0.9629629629629629,0.06681694090366364,1.0,,,,
wine,classification,124,13,block_shift,0.5,0.43604148660328435,3,random,,catboost,0.24245357513427734,,0.9814814814814815,0.048922485433452116,1.0,,,,
wine,classification,124,13,none,0.0,0.0,4,random,,tabicl_impute,0.22605347633361816,,0.9814814814814815,0.02555827610194683,1.0,,,,
wine,classification,124,13,none,0.0,0.0,4,random,,tabicl_indicator,0.22413992881774902,,0.9814814814814815,0.02555827610194683,1.0,,,,
wine,classification,124,13,none,0.0,0.0,4,random,,tabicl_iterimpute,0.23120713233947754,,0.9814814814814815,0.02555827610194683,1.0,,,,
wine,classification,124,13,none,0.0,0.0,4,random,,tabicl_knnimpute,0.22201871871948242,,0.9814814814814815,0.02555827610194683,1.0,,,,
wine,classification,124,13,none,0.0,0.0,4,random,,tabicl_aware_zero,0.22136712074279785,,0.9814814814814815,0.02555827610194683,1.0,,,,
wine,classification,124,13,none,0.0,0.0,4,random,,tabicl_aware,0.286820650100708,,0.9814814814814815,0.022670850157737732,1.0,,,,
wine,classification,124,13,none,0.0,0.0,4,random,,xgboost,0.3820185661315918,,0.9629629629629629,0.11110292375087738,0.998523595745818,,,,
wine,classification,124,13,none,0.0,0.0,4,random,,catboost,0.19300174713134766,,0.9629629629629629,0.0961999291686303,1.0,,,,
wine,classification,124,13,block,0.3,0.3076923076923077,4,random,,tabicl_impute,0.2370140552520752,,0.9629629629629629,0.19261902570724487,0.988048988048988,,,,
wine,classification,124,13,block,0.3,0.3076923076923077,4,random,,tabicl_indicator,0.2522695064544678,,0.9444444444444444,0.20154228806495667,0.9895807895807897,,,,
wine,classification,124,13,block,0.3,0.3076923076923077,4,random,,tabicl_iterimpute,0.31412196159362793,,0.9259259259259259,0.20169804990291595,0.9903281903281903,,,,
wine,classification,124,13,block,0.3,0.3076923076923077,4,random,,tabicl_knnimpute,0.27248334884643555,,0.9444444444444444,0.17816172540187836,0.9911125911125911,,,,
wine,classification,124,13,block,0.3,0.3076923076923077,4,random,,tabicl_aware_zero,0.22458481788635254,,0.9629629629629629,0.20476599037647247,0.9896695896695896,,,,
wine,classification,124,13,block,0.3,0.3076923076923077,4,random,,tabicl_aware,0.2887091636657715,,0.9629629629629629,0.18139734864234924,0.9901505901505901,,,,
wine,classification,124,13,block,0.3,0.3076923076923077,4,random,,xgboost,0.062320709228515625,,0.9444444444444444,0.19672797620296478,0.986036186036186,,,,
wine,classification,124,13,block,0.3,0.3076923076923077,4,random,,catboost,0.22956633567810059,,0.9444444444444444,0.2467486178509701,0.9796275740720185,,,,
wine,classification,124,13,block,0.5,0.46153846153846156,4,random,,tabicl_impute,0.22922468185424805,,0.9259259259259259,0.12456664443016052,0.9975061975061975,,,,
wine,classification,124,13,block,0.5,0.46153846153846156,4,random,,tabicl_indicator,0.260298490524292,,0.9259259259259259,0.10824404656887054,1.0,,,,
wine,classification,124,13,block,0.5,0.46153846153846156,4,random,,tabicl_iterimpute,0.2486422061920166,,0.9259259259259259,0.15186519920825958,0.9945199861866528,,,,
wine,classification,124,13,block,0.5,0.46153846153846156,4,random,,tabicl_knnimpute,0.22281932830810547,,0.9629629629629629,0.09523211419582367,0.9984681984681986,,,,
wine,classification,124,13,block,0.5,0.46153846153846156,4,random,,tabicl_aware_zero,0.2174990177154541,,0.9259259259259259,0.11910556256771088,1.0,,,,
wine,classification,124,13,block,0.5,0.46153846153846156,4,random,,tabicl_aware,0.2835860252380371,,0.9259259259259259,0.14634273946285248,0.9974173974173973,,,,
wine,classification,124,13,block,0.5,0.46153846153846156,4,random,,xgboost,0.07937884330749512,,0.9259259259259259,0.14537513256072998,0.9950897867564534,,,,
wine,classification,124,13,block,0.5,0.46153846153846156,4,random,,catboost,0.21450114250183105,,0.8888888888888888,0.238455066619194,0.9888957750068861,,,,
wine,classification,124,13,block_shift,0.3,0.28003457216940364,4,random,,tabicl_impute,0.22295713424682617,,0.9629629629629629,0.10625176131725311,0.9968475968475968,,,,
wine,classification,124,13,block_shift,0.3,0.28003457216940364,4,random,,tabicl_indicator,0.2447493076324463,,0.9814814814814815,0.0899476557970047,0.997898397898398,,,,
wine,classification,124,13,block_shift,0.3,0.28003457216940364,4,random,,tabicl_iterimpute,0.274914026260376,,0.9629629629629629,0.13425302505493164,0.9949235949235948,,,,
wine,classification,124,13,block_shift,0.3,0.28003457216940364,4,random,,tabicl_knnimpute,0.2290661334991455,,0.9629629629629629,0.0814279168844223,0.9968475968475968,,,,
wine,classification,124,13,block_shift,0.3,0.28003457216940364,4,random,,tabicl_aware_zero,0.26819419860839844,,0.9814814814814815,0.09028224647045135,0.997898397898398,,,,
wine,classification,124,13,block_shift,0.3,0.28003457216940364,4,random,,tabicl_aware,0.2864725589752197,,0.9814814814814815,0.10577256232500076,0.9968475968475968,,,,
wine,classification,124,13,block_shift,0.3,0.28003457216940364,4,random,,xgboost,0.06922459602355957,,0.9629629629629629,0.13287757337093353,0.9944645889090333,,,,
wine,classification,124,13,block_shift,0.3,0.28003457216940364,4,random,,catboost,0.25217628479003906,,0.9629629629629629,0.15834100978142973,0.9911125911125911,,,,
wine,classification,124,13,block_shift,0.5,0.46153846153846156,4,random,,tabicl_impute,0.22518253326416016,,0.9259259259259259,0.1540410965681076,0.9990045962268184,,,,
wine,classification,124,13,block_shift,0.5,0.46153846153846156,4,random,,tabicl_indicator,0.26129603385925293,,0.8888888888888888,0.1673755943775177,0.9980091924536368,,,,
wine,classification,124,13,block_shift,0.5,0.46153846153846156,4,random,,tabicl_iterimpute,0.2535123825073242,,0.8703703703703703,0.2907036542892456,0.9897653786542676,,,,
wine,classification,124,13,block_shift,0.5,0.46153846153846156,4,random,,tabicl_knnimpute,0.22344231605529785,,0.9259259259259259,0.17358751595020294,0.9985569985569986,,,,
wine,classification,124,13,block_shift,0.5,0.46153846153846156,4,random,,tabicl_aware_zero,0.21913576126098633,,0.9444444444444444,0.1421133279800415,0.9990045962268184,,,,
wine,classification,124,13,block_shift,0.5,0.46153846153846156,4,random,,tabicl_aware,0.2834000587463379,,0.9074074074074074,0.13356797397136688,0.9990045962268184,,,,
wine,classification,124,13,block_shift,0.5,0.46153846153846156,4,random,,xgboost,0.07429146766662598,,0.9259259259259259,0.2593066394329071,0.9839415728304618,,,,
wine,classification,124,13,block_shift,0.5,0.46153846153846156,4,random,,catboost,0.24794697761535645,,0.9074074074074074,0.2060431586300797,0.991948791948792,,,,
diabetes,regression,309,10,none,0.0,0.0,0,random,,tabicl_impute,0.26452112197875977,,,,,55.49007779364703,0.4997350211678746,0.7669172932330827,1.7310171890189416
diabetes,regression,309,10,none,0.0,0.0,0,random,,tabicl_indicator,0.27788639068603516,,,,,55.49007779364703,0.4997350211678746,0.7669172932330827,1.7310171890189416
diabetes,regression,309,10,none,0.0,0.0,0,random,,tabicl_iterimpute,0.27025341987609863,,,,,55.49007779364703,0.4997350211678746,0.7669172932330827,1.7310171890189416
diabetes,regression,309,10,none,0.0,0.0,0,random,,tabicl_knnimpute,0.2620506286621094,,,,,55.49007779364703,0.4997350211678746,0.7669172932330827,1.7310171890189416
diabetes,regression,309,10,none,0.0,0.0,0,random,,tabicl_aware_zero,0.6656560897827148,,,,,55.49007779364703,0.4997350211678746,0.7669172932330827,1.7310171890189416
diabetes,regression,309,10,none,0.0,0.0,0,random,,tabicl_aware,0.2768094539642334,,,,,55.74772260386966,0.49507869681375727,0.7744360902255639,1.74054716932202
diabetes,regression,309,10,none,0.0,0.0,0,random,,xgboost,0.06582379341125488,,,,,60.83983019953005,0.3986249302163011,,
diabetes,regression,309,10,none,0.0,0.0,0,random,,catboost,0.18442273139953613,,,,,59.82022009416467,0.418612825561116,,
diabetes,regression,309,10,block,0.3,0.3,0,random,,tabicl_impute,0.22699999809265137,,,,,58.87064230726241,0.4369240449468641,0.7819548872180451,1.8226622672619723
diabetes,regression,309,10,block,0.3,0.3,0,random,,tabicl_indicator,0.23780512809753418,,,,,59.00568937859098,0.43433773115208607,0.7819548872180451,1.8290645997915493
diabetes,regression,309,10,block,0.3,0.3,0,random,,tabicl_iterimpute,0.2583036422729492,,,,,59.08691807250939,0.4327792497797205,0.8195488721804511,1.8920407728198885
diabetes,regression,309,10,block,0.3,0.3,0,random,,tabicl_knnimpute,0.2247462272644043,,,,,60.309009709203394,0.40907300740257946,0.7819548872180451,1.8341309574093556
diabetes,regression,309,10,block,0.3,0.3,0,random,,tabicl_aware_zero,0.2196197509765625,,,,,59.03042944140638,0.4338632869403207,0.7669172932330827,1.7913659512039108
diabetes,regression,309,10,block,0.3,0.3,0,random,,tabicl_aware,0.2776062488555908,,,,,58.85591181423207,0.43720579314610664,0.7744360902255639,1.7997569783721328
diabetes,regression,309,10,block,0.3,0.3,0,random,,xgboost,0.06152963638305664,,,,,61.73755395678499,0.38074678332215817,,
diabetes,regression,309,10,block,0.3,0.3,0,random,,catboost,0.16294121742248535,,,,,59.57399228902702,0.4233891058246988,,
diabetes,regression,309,10,block,0.5,0.5,0,random,,tabicl_impute,0.22640371322631836,,,,,65.47045204730601,0.30359783459982936,0.7593984962406015,1.9435869598801196
diabetes,regression,309,10,block,0.5,0.5,0,random,,tabicl_indicator,0.25731825828552246,,,,,65.39346648046188,0.3052346460936094,0.7819548872180451,1.9387501044308808
diabetes,regression,309,10,block,0.5,0.5,0,random,,tabicl_iterimpute,0.25736474990844727,,,,,65.22736842953535,0.3087595430469424,0.7593984962406015,1.988937560855848
diabetes,regression,309,10,block,0.5,0.5,0,random,,tabicl_knnimpute,0.2329270839691162,,,,,65.631952833742,0.3001578639790924,0.8120300751879699,2.084685087608702
diabetes,regression,309,10,block,0.5,0.5,0,random,,tabicl_aware_zero,0.22034478187561035,,,,,65.41689221119873,0.3047367889795415,0.7593984962406015,1.9238810868148
diabetes,regression,309,10,block,0.5,0.5,0,random,,tabicl_aware,0.2788052558898926,,,,,65.34567719556512,0.30624973855320337,0.7593984962406015,1.929721528018113
diabetes,regression,309,10,block,0.5,0.5,0,random,,xgboost,0.0634772777557373,,,,,70.7210048310654,0.18741971894100595,,
diabetes,regression,309,10,block,0.5,0.5,0,random,,catboost,0.175917387008667,,,,,69.38090577265692,0.21792326951955265,,
diabetes,regression,309,10,block_shift,0.3,0.3,0,random,,tabicl_impute,0.22651100158691406,,,,,58.95060026469503,0.435393469565423,0.7894736842105263,1.8539418568907995
diabetes,regression,309,10,block_shift,0.3,0.3,0,random,,tabicl_indicator,0.23877429962158203,,,,,58.806308291684616,0.438154034717131,0.7894736842105263,1.8831139164360704
diabetes,regression,309,10,block_shift,0.3,0.3,0,random,,tabicl_iterimpute,0.28145384788513184,,,,,59.31724970048377,0.42834836965539413,0.7819548872180451,1.9049146775163388
diabetes,regression,309,10,block_shift,0.3,0.3,0,random,,tabicl_knnimpute,0.22613787651062012,,,,,60.32256733366133,0.408807293646146,0.7744360902255639,1.8924050588891483
diabetes,regression,309,10,block_shift,0.3,0.3,0,random,,tabicl_aware_zero,0.21820712089538574,,,,,58.584718310987434,0.4423802776153748,0.7969924812030075,1.8366105532966992
diabetes,regression,309,10,block_shift,0.3,0.3,0,random,,tabicl_aware,0.27733802795410156,,,,,58.61423918654397,0.4418181661853795,0.7819548872180451,1.837535174745317
diabetes,regression,309,10,block_shift,0.3,0.3,0,random,,xgboost,0.08380270004272461,,,,,59.146981770603574,0.4316254684251195,,
diabetes,regression,309,10,block_shift,0.3,0.3,0,random,,catboost,0.21643614768981934,,,,,60.13580985059318,0.412462269011018,,
diabetes,regression,309,10,block_shift,0.5,0.5,0,random,,tabicl_impute,0.221970796585083,,,,,64.86557483208355,0.31640641908785383,0.7819548872180451,1.9550109165539686
diabetes,regression,309,10,block_shift,0.5,0.5,0,random,,tabicl_indicator,0.25800061225891113,,,,,64.70829284745086,0.31971746983165705,0.7593984962406015,1.9590019203666824
diabetes,regression,309,10,block_shift,0.5,0.5,0,random,,tabicl_iterimpute,0.32881617546081543,,,,,64.68809129072673,0.32014216411150065,0.7593984962406015,1.9356675791176399
diabetes,regression,309,10,block_shift,0.5,0.5,0,random,,tabicl_knnimpute,0.22797393798828125,,,,,66.31201970909042,0.2855794388391023,0.7593984962406015,1.9803950233576988
diabetes,regression,309,10,block_shift,0.5,0.5,0,random,,tabicl_aware_zero,0.21893692016601562,,,,,65.45842425186588,0.30385368783191613,0.7443609022556391,1.9254876019947715
diabetes,regression,309,10,block_shift,0.5,0.5,0,random,,tabicl_aware,0.27895021438598633,,,,,65.05143559278022,0.3124833752395706,0.7593984962406015,1.9296283656971438
diabetes,regression,309,10,block_shift,0.5,0.5,0,random,,xgboost,0.07946610450744629,,,,,71.39175437204779,0.1719328761612584,,
diabetes,regression,309,10,block_shift,0.5,0.5,0,random,,catboost,0.19840121269226074,,,,,68.76913984186382,0.2316543829204074,,
diabetes,regression,309,10,none,0.0,0.0,1,random,,tabicl_impute,0.22384023666381836,,,,,57.08002550994608,0.44259418045929977,0.7669172932330827,1.722600177233775
diabetes,regression,309,10,none,0.0,0.0,1,random,,tabicl_indicator,0.22543668746948242,,,,,57.08002550994608,0.44259418045929977,0.7669172932330827,1.722600177233775
diabetes,regression,309,10,none,0.0,0.0,1,random,,tabicl_iterimpute,0.22899532318115234,,,,,57.08002550994608,0.44259418045929977,0.7669172932330827,1.722600177233775
diabetes,regression,309,10,none,0.0,0.0,1,random,,tabicl_knnimpute,0.22800278663635254,,,,,57.08002550994608,0.44259418045929977,0.7669172932330827,1.722600177233775
diabetes,regression,309,10,none,0.0,0.0,1,random,,tabicl_aware_zero,0.2240314483642578,,,,,57.08002550994608,0.44259418045929977,0.7669172932330827,1.722600177233775
diabetes,regression,309,10,none,0.0,0.0,1,random,,tabicl_aware,0.278653621673584,,,,,57.11485882697253,0.4419136545524911,0.7593984962406015,1.731335687620751
diabetes,regression,309,10,none,0.0,0.0,1,random,,xgboost,0.06527519226074219,,,,,62.17950445358273,0.3385489736593107,,
diabetes,regression,309,10,none,0.0,0.0,1,random,,catboost,0.18643641471862793,,,,,58.831645086753454,0.40785895379889814,,
diabetes,regression,309,10,block,0.3,0.266289592760181,1,random,,tabicl_impute,0.22577548027038574,,,,,59.514925624631594,0.39402463082863304,0.7819548872180451,1.8262671288480041
diabetes,regression,309,10,block,0.3,0.266289592760181,1,random,,tabicl_indicator,0.24580979347229004,,,,,59.120287739335744,0.40203431833153214,0.7894736842105263,1.8372529277865386
diabetes,regression,309,10,block,0.3,0.266289592760181,1,random,,tabicl_iterimpute,0.2827425003051758,,,,,59.845351059194144,0.387277230651197,0.7894736842105263,1.8443951740043716
diabetes,regression,309,10,block,0.3,0.266289592760181,1,random,,tabicl_knnimpute,0.22727704048156738,,,,,59.691959704843825,0.3904141802778096,0.7819548872180451,1.8504876182016994
diabetes,regression,309,10,block,0.3,0.266289592760181,1,random,,tabicl_aware_zero,0.22420859336853027,,,,,59.22806946720839,0.39985203790693236,0.7744360902255639,1.8169604143958784
diabetes,regression,309,10,block,0.3,0.266289592760181,1,random,,tabicl_aware,0.278745174407959,,,,,59.09287629597425,0.40258868987232954,0.7669172932330827,1.8169214958799091
diabetes,regression,309,10,block,0.3,0.266289592760181,1,random,,xgboost,0.06734204292297363,,,,,65.22197138236926,0.27223523602488964,,
diabetes,regression,309,10,block,0.3,0.266289592760181,1,random,,catboost,0.1713418960571289,,,,,63.13763244566331,0.31800723621100213,,
diabetes,regression,309,10,block,0.5,0.40226244343891404,1,random,,tabicl_impute,0.22385954856872559,,,,,61.32642454174547,0.3565741990392015,0.7744360902255639,1.833948246825412
diabetes,regression,309,10,block,0.5,0.40226244343891404,1,random,,tabicl_indicator,0.3000764846801758,,,,,61.55803228433886,0.3517050484154035,0.7744360902255639,1.8119127826657266
diabetes,regression,309,10,block,0.5,0.40226244343891404,1,random,,tabicl_iterimpute,0.26979851722717285,,,,,63.650395653406164,0.3068848419747984,0.7368421052631579,1.7920162402272872
diabetes,regression,309,10,block,0.5,0.40226244343891404,1,random,,tabicl_knnimpute,0.2305004596710205,,,,,61.77674918859072,0.3470900548439313,0.7293233082706767,1.797827273616837
diabetes,regression,309,10,block,0.5,0.40226244343891404,1,random,,tabicl_aware_zero,0.21998953819274902,,,,,60.90474924838901,0.36539206148162917,0.7744360902255639,1.7958665787405168
diabetes,regression,309,10,block,0.5,0.40226244343891404,1,random,,tabicl_aware,0.2781236171722412,,,,,60.65700909038409,0.3705443071776481,0.7744360902255639,1.8137231921957653
diabetes,regression,309,10,block,0.5,0.40226244343891404,1,random,,xgboost,0.06476950645446777,,,,,66.81090557050676,0.2363437716745832,,
diabetes,regression,309,10,block,0.5,0.40226244343891404,1,random,,catboost,0.1645345687866211,,,,,63.08071004021756,0.3192363975689638,,
diabetes,regression,309,10,block_shift,0.3,0.26380090497737557,1,random,,tabicl_impute,0.22515559196472168,,,,,58.3841123355088,0.4168335311076753,0.7669172932330827,1.7929251372617703
diabetes,regression,309,10,block_shift,0.3,0.26380090497737557,1,random,,tabicl_indicator,0.24666357040405273,,,,,58.301451632071654,0.4184836658491712,0.7744360902255639,1.7883096008499444
diabetes,regression,309,10,block_shift,0.3,0.26380090497737557,1,random,,tabicl_iterimpute,0.25479769706726074,,,,,58.701946471010906,0.4104669114198569,0.8120300751879699,1.8667030677758423
diabetes,regression,309,10,block_shift,0.3,0.26380090497737557,1,random,,tabicl_knnimpute,0.22712135314941406,,,,,58.75586780640139,0.4093833694555087,0.8120300751879699,1.8690477586763927
diabetes,regression,309,10,block_shift,0.3,0.26380090497737557,1,random,,tabicl_aware_zero,0.2189950942993164,,,,,58.44539050608002,0.41560874147578897,0.7744360902255639,1.7884604849426253
diabetes,regression,309,10,block_shift,0.3,0.26380090497737557,1,random,,tabicl_aware,0.27693700790405273,,,,,58.61966631129196,0.4121184028790674,0.8045112781954887,1.817293716558282
diabetes,regression,309,10,block_shift,0.3,0.26380090497737557,1,random,,xgboost,0.09354066848754883,,,,,67.17769180971537,0.2279359390766904,,
diabetes,regression,309,10,block_shift,0.3,0.26380090497737557,1,random,,catboost,0.21132659912109375,,,,,63.72399841494484,0.3052809340923933,,
diabetes,regression,309,10,block_shift,0.5,0.5,1,random,,tabicl_impute,0.22407197952270508,,,,,64.07247297003299,0.29766201930300873,0.7819548872180451,2.0031527818391464
diabetes,regression,309,10,block_shift,0.5,0.5,1,random,,tabicl_indicator,0.2533998489379883,,,,,63.43399478439346,0.3115897852544306,0.7969924812030075,2.0021622557121943
diabetes,regression,309,10,block_shift,0.5,0.5,1,random,,tabicl_iterimpute,0.2846643924713135,,,,,64.71755151376414,0.2834486184575521,0.8120300751879699,2.1012046897186045
diabetes,regression,309,10,block_shift,0.5,0.5,1,random,,tabicl_knnimpute,0.22953367233276367,,,,,65.51505646226738,0.2656798918337735,0.8120300751879699,2.223996798826548
diabetes,regression,309,10,block_shift,0.5,0.5,1,random,,tabicl_aware_zero,0.22102737426757812,,,,,63.716182938690466,0.3054513322953283,0.7518796992481203,1.9445049732590067
diabetes,regression,309,10,block_shift,0.5,0.5,1,random,,tabicl_aware,0.27954888343811035,,,,,63.18609747857565,0.3169598264086081,0.7669172932330827,1.9554219163615956
diabetes,regression,309,10,block_shift,0.5,0.5,1,random,,xgboost,0.07874917984008789,,,,,67.22635107599635,0.22681706536490187,,
diabetes,regression,309,10,block_shift,0.5,0.5,1,random,,catboost,0.2157762050628662,,,,,66.15066811558823,0.2513623729039173,,
diabetes,regression,309,10,none,0.0,0.0,2,random,,tabicl_impute,0.22377490997314453,,,,,57.14077306295514,0.45915901425195305,0.7518796992481203,1.786914434296781
diabetes,regression,309,10,none,0.0,0.0,2,random,,tabicl_indicator,0.2228410243988037,,,,,57.14077306295514,0.45915901425195305,0.7518796992481203,1.786914434296781
diabetes,regression,309,10,none,0.0,0.0,2,random,,tabicl_iterimpute,0.2286679744720459,,,,,57.14077306295514,0.45915901425195305,0.7518796992481203,1.786914434296781
diabetes,regression,309,10,none,0.0,0.0,2,random,,tabicl_knnimpute,0.22176647186279297,,,,,57.14077306295514,0.45915901425195305,0.7518796992481203,1.786914434296781
diabetes,regression,309,10,none,0.0,0.0,2,random,,tabicl_aware_zero,0.21961283683776855,,,,,57.14077306295514,0.45915901425195305,0.7518796992481203,1.786914434296781
diabetes,regression,309,10,none,0.0,0.0,2,random,,tabicl_aware,0.32326173782348633,,,,,57.094408741543,0.46003634056958254,0.7819548872180451,1.7955536156334195
diabetes,regression,309,10,none,0.0,0.0,2,random,,xgboost,0.0644373893737793,,,,,63.145480915977394,0.3395165760789919,,
diabetes,regression,309,10,none,0.0,0.0,2,random,,catboost,0.184523344039917,,,,,60.57583475342699,0.3921783188675436,,
diabetes,regression,309,10,block,0.3,0.252262443438914,2,random,,tabicl_impute,0.22785568237304688,,,,,59.010718259381306,0.42318150933946175,0.8120300751879699,1.864825156412589
diabetes,regression,309,10,block,0.3,0.252262443438914,2,random,,tabicl_indicator,0.23628973960876465,,,,,58.58938883838476,0.4313889334557648,0.8195488721804511,1.868473404274441
diabetes,regression,309,10,block,0.3,0.252262443438914,2,random,,tabicl_iterimpute,0.24805450439453125,,,,,59.112939698926404,0.421181388419415,0.7894736842105263,1.8828788478557743
diabetes,regression,309,10,block,0.3,0.252262443438914,2,random,,tabicl_knnimpute,0.22728466987609863,,,,,59.07765546561863,0.42187217036296065,0.7969924812030075,1.8766754321557055
diabetes,regression,309,10,block,0.3,0.252262443438914,2,random,,tabicl_aware_zero,0.21978378295898438,,,,,58.774450689308175,0.42779120333070897,0.8120300751879699,1.8598896035642247
diabetes,regression,309,10,block,0.3,0.252262443438914,2,random,,tabicl_aware,0.2806692123413086,,,,,58.47866922232763,0.4335359745538895,0.8270676691729323,1.8680427315306696
diabetes,regression,309,10,block,0.3,0.252262443438914,2,random,,xgboost,0.06430983543395996,,,,,60.56020270515105,0.3924919842733915,,
diabetes,regression,309,10,block,0.3,0.252262443438914,2,random,,catboost,0.18446063995361328,,,,,59.14439634824159,0.4205651937676139,,
diabetes,regression,309,10,block,0.5,0.46289592760181,2,random,,tabicl_impute,0.23244571685791016,,,,,66.83282800177574,0.2601272210406932,0.7518796992481203,2.005671247212245
diabetes,regression,309,10,block,0.5,0.46289592760181,2,random,,tabicl_indicator,0.2662770748138428,,,,,66.79775461976205,0.26090357697982813,0.7593984962406015,1.9682649726125576
diabetes,regression,309,10,block,0.5,0.46289592760181,2,random,,tabicl_iterimpute,0.2586979866027832,,,,,64.18715086896695,0.3175457075766491,0.8120300751879699,2.0536933201873575
diabetes,regression,309,10,block,0.5,0.46289592760181,2,random,,tabicl_knnimpute,0.23330903053283691,,,,,65.6485876179737,0.28611518161552596,0.7894736842105263,2.090428546558378
diabetes,regression,309,10,block,0.5,0.46289592760181,2,random,,tabicl_aware_zero,0.2198188304901123,,,,,66.54521398678939,0.2664815801467818,0.7443609022556391,1.967524993178663
diabetes,regression,309,10,block,0.5,0.46289592760181,2,random,,tabicl_aware,0.2787330150604248,,,,,66.13161836851921,0.2755712559890834,0.7669172932330827,1.9946746579338683
diabetes,regression,309,10,block,0.5,0.46289592760181,2,random,,xgboost,0.12185072898864746,,,,,71.86729118597981,0.14446077921339373,,
diabetes,regression,309,10,block,0.5,0.46289592760181,2,random,,catboost,0.14366793632507324,,,,,70.86690966529729,0.16811295406050453,,
diabetes,regression,309,10,block_shift,0.3,0.2,2,random,,tabicl_impute,0.2251734733581543,,,,,58.19509176588979,0.43901650093552025,0.8270676691729323,1.82952570223934
diabetes,regression,309,10,block_shift,0.3,0.2,2,random,,tabicl_indicator,0.2316274642944336,,,,,57.74236424925557,0.44771086917745995,0.8195488721804511,1.8314055013744883
diabetes,regression,309,10,block_shift,0.3,0.2,2,random,,tabicl_iterimpute,0.24415206909179688,,,,,58.88708479561483,0.4255959643723478,0.8120300751879699,1.8334799182429138
diabetes,regression,309,10,block_shift,0.3,0.2,2,random,,tabicl_knnimpute,0.2755696773529053,,,,,58.50746550134773,0.4329779566451518,0.8270676691729323,1.855478202814869
diabetes,regression,309,10,block_shift,0.3,0.2,2,random,,tabicl_aware_zero,0.21942830085754395,,,,,57.84205557667801,0.44580218510910286,0.8195488721804511,1.8103176585900955
diabetes,regression,309,10,block_shift,0.3,0.2,2,random,,tabicl_aware,0.2780008316040039,,,,,58.07049040531129,0.44141616985995014,0.8195488721804511,1.8169136483051207
diabetes,regression,309,10,block_shift,0.3,0.2,2,random,,xgboost,0.08545947074890137,,,,,64.84501371376453,0.3034848854652038,,
diabetes,regression,309,10,block_shift,0.3,0.2,2,random,,catboost,0.18582534790039062,,,,,61.26666488419239,0.37823560086770436,,
diabetes,regression,309,10,block_shift,0.5,0.43710407239819005,2,random,,tabicl_impute,0.22283077239990234,,,,,64.08944702575486,0.31962175109324753,0.7969924812030075,2.1273073305106553
diabetes,regression,309,10,block_shift,0.5,0.43710407239819005,2,random,,tabicl_indicator,0.25560593605041504,,,,,64.31512151327405,0.3148217613091475,0.7819548872180451,2.116848836680493
diabetes,regression,309,10,block_shift,0.5,0.43710407239819005,2,random,,tabicl_iterimpute,0.26696109771728516,,,,,62.42467240961053,0.3545094089557538,0.7969924812030075,2.221446540020122
diabetes,regression,309,10,block_shift,0.5,0.43710407239819005,2,random,,tabicl_knnimpute,0.2306210994720459,,,,,66.32136262529363,0.2714082431651379,0.7894736842105263,2.1983306272745224
diabetes,regression,309,10,block_shift,0.5,0.43710407239819005,2,random,,tabicl_aware_zero,0.22223186492919922,,,,,64.50724703856973,0.31072204580686846,0.7744360902255639,2.069571456384077
diabetes,regression,309,10,block_shift,0.5,0.43710407239819005,2,random,,tabicl_aware,0.28175902366638184,,,,,64.3570818141524,0.3139274253282336,0.7819548872180451,2.091029092500217
diabetes,regression,309,10,block_shift,0.5,0.43710407239819005,2,random,,xgboost,0.08123040199279785,,,,,76.31562033388295,0.035273407851506566,,
diabetes,regression,309,10,block_shift,0.5,0.43710407239819005,2,random,,catboost,0.21316981315612793,,,,,69.37739803550967,0.20271537728140598,,
diabetes,regression,309,10,none,0.0,0.0,3,random,,tabicl_impute,0.2305302619934082,,,,,50.20083138263681,0.5423193135696505,0.8796992481203008,1.949746612637376
diabetes,regression,309,10,none,0.0,0.0,3,random,,tabicl_indicator,0.22388172149658203,,,,,50.20083138263681,0.5423193135696505,0.8796992481203008,1.949746612637376
diabetes,regression,309,10,none,0.0,0.0,3,random,,tabicl_iterimpute,0.23765254020690918,,,,,50.20083138263681,0.5423193135696505,0.8796992481203008,1.949746612637376
diabetes,regression,309,10,none,0.0,0.0,3,random,,tabicl_knnimpute,0.22839736938476562,,,,,50.20083138263681,0.5423193135696505,0.8796992481203008,1.949746612637376
diabetes,regression,309,10,none,0.0,0.0,3,random,,tabicl_aware_zero,0.22764039039611816,,,,,50.20083138263681,0.5423193135696505,0.8796992481203008,1.949746612637376
diabetes,regression,309,10,none,0.0,0.0,3,random,,tabicl_aware,0.2858424186706543,,,,,50.397264147455154,0.5387305532421092,0.8796992481203008,1.9760123843402277
diabetes,regression,309,10,none,0.0,0.0,3,random,,xgboost,0.06710100173950195,,,,,57.502575576407736,0.39949675058087897,,
diabetes,regression,309,10,none,0.0,0.0,3,random,,catboost,0.18517827987670898,,,,,54.66469048621737,0.45730658265100355,,
diabetes,regression,309,10,block,0.3,0.3,3,random,,tabicl_impute,0.2267615795135498,,,,,55.41733138597447,0.44225975385959204,0.8345864661654135,2.058352736796043
diabetes,regression,309,10,block,0.3,0.3,3,random,,tabicl_indicator,0.25714874267578125,,,,,56.066764406102926,0.4291108954427807,0.8345864661654135,2.0658823594625897
diabetes,regression,309,10,block,0.3,0.3,3,random,,tabicl_iterimpute,0.24944639205932617,,,,,55.18358845972335,0.446954779653015,0.8195488721804511,2.0545695214092246
diabetes,regression,309,10,block,0.3,0.3,3,random,,tabicl_knnimpute,0.2306506633758545,,,,,54.147931413595586,0.4675185202431853,0.849624060150376,2.0390944884083337
diabetes,regression,309,10,block,0.3,0.3,3,random,,tabicl_aware_zero,0.21936964988708496,,,,,55.08658342469865,0.44889742309006797,0.8421052631578947,2.0560165529711902
diabetes,regression,309,10,block,0.3,0.3,3,random,,tabicl_aware,0.3236403465270996,,,,,55.084838784855854,0.4489323303298346,0.8270676691729323,2.0450271738700736
diabetes,regression,309,10,block,0.3,0.3,3,random,,xgboost,0.10439777374267578,,,,,59.518490316294624,0.3566540363754378,,
diabetes,regression,309,10,block,0.3,0.3,3,random,,catboost,0.17000412940979004,,,,,56.05517948368802,0.4293467935820029,,
diabetes,regression,309,10,block,0.5,0.4276018099547511,3,random,,tabicl_impute,0.22774434089660645,,,,,62.5634957827572,0.2891421209952968,0.8345864661654135,2.3184061260240374
diabetes,regression,309,10,block,0.5,0.4276018099547511,3,random,,tabicl_indicator,0.24718618392944336,,,,,62.545285232771,0.28955588396649146,0.8571428571428571,2.299373867075947
diabetes,regression,309,10,block,0.5,0.4276018099547511,3,random,,tabicl_iterimpute,0.28563666343688965,,,,,63.37166889440965,0.2706582819353649,0.8796992481203008,2.4107959142429354
diabetes,regression,309,10,block,0.5,0.4276018099547511,3,random,,tabicl_knnimpute,0.22755146026611328,,,,,63.48514463266301,0.26804396893797366,0.8571428571428571,2.3742586243431623
diabetes,regression,309,10,block,0.5,0.4276018099547511,3,random,,tabicl_aware_zero,0.2208850383758545,,,,,62.437867202233946,0.2919940845284361,0.849624060150376,2.294385443221788
diabetes,regression,309,10,block,0.5,0.4276018099547511,3,random,,tabicl_aware,0.27811145782470703,,,,,61.99086105584965,0.30209532997574395,0.849624060150376,2.307043525054942
diabetes,regression,309,10,block,0.5,0.4276018099547511,3,random,,xgboost,0.06356072425842285,,,,,71.00923504221218,0.08426368910669224,,
diabetes,regression,309,10,block,0.5,0.4276018099547511,3,random,,catboost,0.177398681640625,,,,,66.0603960062293,0.20745649273097744,,
diabetes,regression,309,10,block_shift,0.3,0.3,3,random,,tabicl_impute,0.22829437255859375,,,,,59.46438377531559,0.35782319918615746,0.8345864661654135,2.0443510562381646
diabetes,regression,309,10,block_shift,0.3,0.3,3,random,,tabicl_indicator,0.25312018394470215,,,,,59.71698534713778,0.3523557445834141,0.8195488721804511,2.0538709899020486
diabetes,regression,309,10,block_shift,0.3,0.3,3,random,,tabicl_iterimpute,0.25032806396484375,,,,,58.71242192078983,0.3739619094211133,0.849624060150376,2.0265174255371536
diabetes,regression,309,10,block_shift,0.3,0.3,3,random,,tabicl_knnimpute,0.23798632621765137,,,,,59.82019558538228,0.3501151331022936,0.8270676691729323,2.0666146145986075
diabetes,regression,309,10,block_shift,0.3,0.3,3,random,,tabicl_aware_zero,0.2232511043548584,,,,,59.42531562684191,0.3586667433507037,0.8270676691729323,2.0297224040684587
diabetes,regression,309,10,block_shift,0.3,0.3,3,random,,tabicl_aware,0.2812628746032715,,,,,58.7757658783807,0.37261033437275914,0.8345864661654135,2.0065112939903043
diabetes,regression,309,10,block_shift,0.3,0.3,3,random,,xgboost,0.09170222282409668,,,,,62.3965978476002,0.2929297119654649,,
diabetes,regression,309,10,block_shift,0.3,0.3,3,random,,catboost,0.21413445472717285,,,,,59.455845176607426,0.3580076086082673,,
diabetes,regression,309,10,block_shift,0.5,0.4671945701357466,3,random,,tabicl_impute,0.22359251976013184,,,,,61.57287988364829,0.31147502104723457,0.8646616541353384,2.290387959412692
diabetes,regression,309,10,block_shift,0.5,0.4671945701357466,3,random,,tabicl_indicator,0.2662630081176758,,,,,61.85165871723618,0.3052261426138071,0.8571428571428571,2.3006997814587176
diabetes,regression,309,10,block_shift,0.5,0.4671945701357466,3,random,,tabicl_iterimpute,0.2980947494506836,,,,,63.56161672822826,0.2662795270604732,0.8345864661654135,2.427996815639389
diabetes,regression,309,10,block_shift,0.5,0.4671945701357466,3,random,,tabicl_knnimpute,0.2386033535003662,,,,,62.887982846377206,0.2817492361966585,0.8796992481203008,2.287887475713175
diabetes,regression,309,10,block_shift,0.5,0.4671945701357466,3,random,,tabicl_aware_zero,0.22927618026733398,,,,,63.09165810546767,0.27708930600698567,0.8421052631578947,2.2919513786205394
diabetes,regression,309,10,block_shift,0.5,0.4671945701357466,3,random,,tabicl_aware,0.32688307762145996,,,,,62.53684113992429,0.28974770181803966,0.8571428571428571,2.2821326618303894
diabetes,regression,309,10,block_shift,0.5,0.4671945701357466,3,random,,xgboost,0.07898902893066406,,,,,77.18285453387594,-0.08188833913230331,,
diabetes,regression,309,10,block_shift,0.5,0.4671945701357466,3,random,,catboost,0.23415017127990723,,,,,69.52145637398347,0.12223453545312335,,
diabetes,regression,309,10,none,0.0,0.0,4,random,,tabicl_impute,0.23056650161743164,,,,,59.03447821222729,0.46582549936085926,0.7593984962406015,1.6929645683170675
diabetes,regression,309,10,none,0.0,0.0,4,random,,tabicl_indicator,0.2289576530456543,,,,,59.03447821222729,0.46582549936085926,0.7593984962406015,1.6929645683170675
diabetes,regression,309,10,none,0.0,0.0,4,random,,tabicl_iterimpute,0.23684144020080566,,,,,59.03447821222729,0.46582549936085926,0.7593984962406015,1.6929645683170675
diabetes,regression,309,10,none,0.0,0.0,4,random,,tabicl_knnimpute,0.22715020179748535,,,,,59.03447821222729,0.46582549936085926,0.7593984962406015,1.6929645683170675
diabetes,regression,309,10,none,0.0,0.0,4,random,,tabicl_aware_zero,0.22136926651000977,,,,,59.03447821222729,0.46582549936085926,0.7593984962406015,1.6929645683170675
diabetes,regression,309,10,none,0.0,0.0,4,random,,tabicl_aware,0.2782859802246094,,,,,59.13840206371833,0.4639431304162628,0.7669172932330827,1.7108307714180513
diabetes,regression,309,10,none,0.0,0.0,4,random,,xgboost,0.06386446952819824,,,,,70.94002513307942,0.2286448726632292,,
diabetes,regression,309,10,none,0.0,0.0,4,random,,catboost,0.18590044975280762,,,,,63.84842203406696,0.37515538460242925,,
diabetes,regression,309,10,block,0.3,0.2660633484162896,4,random,,tabicl_impute,0.22583341598510742,,,,,63.81723458188168,0.3757656597369192,0.7593984962406015,1.8814627871467535
diabetes,regression,309,10,block,0.3,0.2660633484162896,4,random,,tabicl_indicator,0.23924946784973145,,,,,63.616273766641726,0.3796909042783131,0.7593984962406015,1.8772818217010123
diabetes,regression,309,10,block,0.3,0.2660633484162896,4,random,,tabicl_iterimpute,0.2520756721496582,,,,,62.063606899219906,0.40960085792637857,0.7593984962406015,1.8896741564324047
diabetes,regression,309,10,block,0.3,0.2660633484162896,4,random,,tabicl_knnimpute,0.22649502754211426,,,,,62.00517103148269,0.41071211284592324,0.7669172932330827,1.8550629335812627
diabetes,regression,309,10,block,0.3,0.2660633484162896,4,random,,tabicl_aware_zero,0.22036027908325195,,,,,63.75898559457386,0.37690467568446673,0.7368421052631579,1.85779457827426
diabetes,regression,309,10,block,0.3,0.2660633484162896,4,random,,tabicl_aware,0.2766273021697998,,,,,63.928703145208445,0.37358307458166695,0.7593984962406015,1.8575214138049603
diabetes,regression,309,10,block,0.3,0.2660633484162896,4,random,,xgboost,0.07281780242919922,,,,,69.51332363087336,0.2593589102610271,,
diabetes,regression,309,10,block,0.3,0.2660633484162896,4,random,,catboost,0.1556243896484375,,,,,65.65592969954608,0.3392767254175474,,
diabetes,regression,309,10,block,0.5,0.4819004524886878,4,random,,tabicl_impute,0.22737741470336914,,,,,70.52825046189272,0.23757361691556045,0.7593984962406015,1.9991131750086955
diabetes,regression,309,10,block,0.5,0.4819004524886878,4,random,,tabicl_indicator,0.25809359550476074,,,,,70.57467840245128,0.2365694933884851,0.7669172932330827,1.9929996559523482
diabetes,regression,309,10,block,0.5,0.4819004524886878,4,random,,tabicl_iterimpute,0.29152512550354004,,,,,68.33057802691606,0.2843480090827524,0.7669172932330827,2.0365729781036626
diabetes,regression,309,10,block,0.5,0.4819004524886878,4,random,,tabicl_knnimpute,0.22850656509399414,,,,,72.89165847079347,0.18561951523499132,0.706766917293233,1.991312119158258
diabetes,regression,309,10,block,0.5,0.4819004524886878,4,random,,tabicl_aware_zero,0.22028851509094238,,,,,70.29258320639885,0.2426603371206093,0.7518796992481203,1.9666296502334337
diabetes,regression,309,10,block,0.5,0.4819004524886878,4,random,,tabicl_aware,0.32352471351623535,,,,,70.21306166117591,0.24437291479324985,0.7593984962406015,1.9481143509246255
diabetes,regression,309,10,block,0.5,0.4819004524886878,4,random,,xgboost,0.06938648223876953,,,,,77.91041966070317,0.06961482412176545,,
diabetes,regression,309,10,block,0.5,0.4819004524886878,4,random,,catboost,0.16792964935302734,,,,,74.38785368282129,0.15184397592975685,,
diabetes,regression,309,10,block_shift,0.3,0.3,4,random,,tabicl_impute,0.22578096389770508,,,,,61.44444259138737,0.4213220793721998,0.7593984962406015,1.8413334908874195
diabetes,regression,309,10,block_shift,0.3,0.3,4,random,,tabicl_indicator,0.24845194816589355,,,,,60.926286452237576,0.43104081772412595,0.7744360902255639,1.8422157025552133
diabetes,regression,309,10,block_shift,0.3,0.3,4,random,,tabicl_iterimpute,0.25458264350891113,,,,,60.019920783234454,0.4478430659201209,0.7518796992481203,1.7921291268959347
diabetes,regression,309,10,block_shift,0.3,0.3,4,random,,tabicl_knnimpute,0.22568368911743164,,,,,58.31302401730324,0.4788019018517248,0.7744360902255639,1.8647132335464824
diabetes,regression,309,10,block_shift,0.3,0.3,4,random,,tabicl_aware_zero,0.21832871437072754,,,,,61.17453538644788,0.42639483410249746,0.7518796992481203,1.8179868075520964
diabetes,regression,309,10,block_shift,0.3,0.3,4,random,,tabicl_aware,0.27733492851257324,,,,,60.831353331455,0.43281249931885857,0.7669172932330827,1.839542997913683
diabetes,regression,309,10,block_shift,0.3,0.3,4,random,,xgboost,0.0899970531463623,,,,,64.21621040858838,0.36793602126669234,,
diabetes,regression,309,10,block_shift,0.3,0.3,4,random,,catboost,0.21081113815307617,,,,,62.44664310196834,0.40229087061392077,,
diabetes,regression,309,10,block_shift,0.5,0.5,4,random,,tabicl_impute,0.2229928970336914,,,,,69.29150323729986,0.2640782118823093,0.6992481203007519,1.8691097457830057
diabetes,regression,309,10,block_shift,0.5,0.5,4,random,,tabicl_indicator,0.25691890716552734,,,,,69.03294217949328,0.2695601451969445,0.706766917293233,1.884523135972933
diabetes,regression,309,10,block_shift,0.5,0.5,4,random,,tabicl_iterimpute,0.28980541229248047,,,,,67.0660174529089,0.31059134722830806,0.7218045112781954,1.8595569235952125
diabetes,regression,309,10,block_shift,0.5,0.5,4,random,,tabicl_knnimpute,0.2273414134979248,,,,,71.89485824672745,0.20774067750791192,0.7142857142857143,1.8881745855075767
diabetes,regression,309,10,block_shift,0.5,0.5,4,random,,tabicl_aware_zero,0.21848845481872559,,,,,68.5408857370129,0.2799359654251147,0.6766917293233082,1.8319329304992498
diabetes,regression,309,10,block_shift,0.5,0.5,4,random,,tabicl_aware,0.2779519557952881,,,,,68.78686232504933,0.27475842180785737,0.6691729323308271,1.8123729565602704
diabetes,regression,309,10,block_shift,0.5,0.5,4,random,,xgboost,0.08268237113952637,,,,,78.54315253142006,0.054441610402215956,,
diabetes,regression,309,10,block_shift,0.5,0.5,4,random,,catboost,0.21763920783996582,,,,,73.22579020712023,0.17813624372447445,,
openml:31,classification,700,20,none,0.0,0.0,0,random,,tabicl_impute,0.288985013961792,,0.78,0.45170801877975464,0.8355555555555556,,,,
openml:31,classification,700,20,none,0.0,0.0,0,random,,tabicl_indicator,0.28588271141052246,,0.78,0.45170801877975464,0.8355555555555556,,,,
openml:31,classification,700,20,none,0.0,0.0,0,random,,tabicl_iterimpute,0.3096003532409668,,0.78,0.45170801877975464,0.8355555555555556,,,,
openml:31,classification,700,20,none,0.0,0.0,0,random,,tabicl_knnimpute,0.28516316413879395,,0.78,0.45170801877975464,0.8355555555555556,,,,
openml:31,classification,700,20,none,0.0,0.0,0,random,,tabicl_aware_zero,0.2857017517089844,,0.78,0.45170801877975464,0.8355555555555556,,,,
openml:31,classification,700,20,none,0.0,0.0,0,random,,tabicl_aware,0.3404722213745117,,0.7766666666666666,0.4486393630504608,0.8404232804232804,,,,
openml:31,classification,700,20,none,0.0,0.0,0,random,,xgboost,0.05697202682495117,,0.7633333333333333,0.534471869468689,0.7864021164021162,,,,
openml:31,classification,700,20,none,0.0,0.0,0,random,,catboost,0.28345608711242676,,0.7666666666666667,0.5321151045006128,0.7991534391534391,,,,
openml:31,classification,700,20,block,0.3,0.27515,0,random,,tabicl_impute,0.28554511070251465,,0.7866666666666666,0.47401031851768494,0.8126455026455027,,,,
openml:31,classification,700,20,block,0.3,0.27515,0,random,,tabicl_indicator,0.3266749382019043,,0.7666666666666667,0.474404513835907,0.8152910052910053,,,,
openml:31,classification,700,20,block,0.3,0.27515,0,random,,tabicl_iterimpute,0.42948365211486816,,0.7733333333333333,0.4704098105430603,0.8182010582010583,,,,
openml:31,classification,700,20,block,0.3,0.27515,0,random,,tabicl_knnimpute,0.3381626605987549,,0.77,0.48110371828079224,0.8043915343915343,,,,
openml:31,classification,700,20,block,0.3,0.27515,0,random,,tabicl_aware_zero,0.2864856719970703,,0.78,0.4719773232936859,0.8128571428571428,,,,
openml:31,classification,700,20,block,0.3,0.27515,0,random,,tabicl_aware,0.3421177864074707,,0.7766666666666666,0.4695180654525757,0.8158201058201058,,,,
openml:31,classification,700,20,block,0.3,0.27515,0,random,,xgboost,0.06057119369506836,,0.7633333333333333,0.5658562183380127,0.7513227513227513,,,,
openml:31,classification,700,20,block,0.3,0.27515,0,random,,catboost,0.2859055995941162,,0.7566666666666667,0.5671543490723818,0.7517989417989418,,,,
openml:31,classification,700,20,block,0.5,0.5,0,random,,tabicl_impute,0.2872581481933594,,0.7033333333333334,0.5511894822120667,0.7066137566137567,,,,
openml:31,classification,700,20,block,0.5,0.5,0,random,,tabicl_indicator,0.3798105716705322,,0.7133333333333334,0.5578463673591614,0.701058201058201,,,,
openml:31,classification,700,20,block,0.5,0.5,0,random,,tabicl_iterimpute,0.38172197341918945,,0.7233333333333334,0.5429297089576721,0.7244973544973545,,,,
openml:31,classification,700,20,block,0.5,0.5,0,random,,tabicl_knnimpute,0.35468220710754395,,0.7,0.5700079202651978,0.6808465608465609,,,,
openml:31,classification,700,20,block,0.5,0.5,0,random,,tabicl_aware_zero,0.2855689525604248,,0.7166666666666667,0.5547441244125366,0.7044973544973545,,,,
openml:31,classification,700,20,block,0.5,0.5,0,random,,tabicl_aware,0.34111547470092773,,0.7166666666666667,0.5573375225067139,0.7017989417989419,,,,
openml:31,classification,700,20,block,0.5,0.5,0,random,,xgboost,0.06232476234436035,,0.6833333333333333,0.6624755263328552,0.6476190476190475,,,,
openml:31,classification,700,20,block,0.5,0.5,0,random,,catboost,0.2432553768157959,,0.7133333333333334,0.6394822343586681,0.6496825396825396,,,,
openml:31,classification,700,20,block_shift,0.3,0.27515,0,random,,tabicl_impute,0.2922980785369873,,0.7566666666666667,0.5152963995933533,0.7633333333333333,,,,
openml:31,classification,700,20,block_shift,0.3,0.27515,0,random,,tabicl_indicator,0.32639360427856445,,0.7633333333333333,0.5209588408470154,0.7573544973544976,,,,
openml:31,classification,700,20,block_shift,0.3,0.27515,0,random,,tabicl_iterimpute,0.6590495109558105,,0.7033333333333334,0.5690933465957642,0.6976984126984127,,,,
openml:31,classification,700,20,block_shift,0.3,0.27515,0,random,,tabicl_knnimpute,0.3383505344390869,,0.7466666666666667,0.5209346413612366,0.7547089947089947,,,,
openml:31,classification,700,20,block_shift,0.3,0.27515,0,random,,tabicl_aware_zero,0.28926634788513184,,0.7666666666666667,0.5139726996421814,0.7646031746031745,,,,
openml:31,classification,700,20,block_shift,0.3,0.27515,0,random,,tabicl_aware,0.34626150131225586,,0.7666666666666667,0.5155897736549377,0.7624867724867725,,,,
openml:31,classification,700,20,block_shift,0.3,0.27515,0,random,,xgboost,0.0711069107055664,,0.72,0.6518378853797913,0.6702645502645502,,,,
openml:31,classification,700,20,block_shift,0.3,0.27515,0,random,,catboost,0.3060894012451172,,0.7333333333333333,0.6128796877143318,0.6932804232804233,,,,
openml:31,classification,700,20,block_shift,0.5,0.48935,0,random,,tabicl_impute,0.28908300399780273,,0.71,0.5569021105766296,0.7068253968253968,,,,
openml:31,classification,700,20,block_shift,0.5,0.48935,0,random,,tabicl_indicator,0.37996935844421387,,0.7133333333333334,0.5519093871116638,0.716984126984127,,,,
openml:31,classification,700,20,block_shift,0.5,0.48935,0,random,,tabicl_iterimpute,0.515472412109375,,0.7066666666666667,0.5636327266693115,0.707037037037037,,,,
openml:31,classification,700,20,block_shift,0.5,0.48935,0,random,,tabicl_knnimpute,0.350233793258667,,0.6966666666666667,0.5758380889892578,0.6632275132275132,,,,
openml:31,classification,700,20,block_shift,0.5,0.48935,0,random,,tabicl_aware_zero,0.2906830310821533,,0.71,0.5628007054328918,0.693968253968254,,,,
openml:31,classification,700,20,block_shift,0.5,0.48935,0,random,,tabicl_aware,0.3458130359649658,,0.7166666666666667,0.558795154094696,0.700952380952381,,,,
openml:31,classification,700,20,block_shift,0.5,0.48935,0,random,,xgboost,0.0716695785522461,,0.66,0.7111089825630188,0.6125132275132275,,,,
openml:31,classification,700,20,block_shift,0.5,0.48935,0,random,,catboost,0.2935302257537842,,0.68,0.6814948168145848,0.6405026455026455,,,,
openml:31,classification,700,20,none,0.0,0.0,1,random,,tabicl_impute,0.2912287712097168,,0.7766666666666666,0.46458709239959717,0.8243386243386245,,,,
openml:31,classification,700,20,none,0.0,0.0,1,random,,tabicl_indicator,0.2838425636291504,,0.7766666666666666,0.46458709239959717,0.8243386243386245,,,,
openml:31,classification,700,20,none,0.0,0.0,1,random,,tabicl_iterimpute,0.3054819107055664,,0.7766666666666666,0.46458709239959717,0.8243386243386245,,,,
openml:31,classification,700,20,none,0.0,0.0,1,random,,tabicl_knnimpute,0.2854933738708496,,0.7766666666666666,0.46458709239959717,0.8243386243386245,,,,
openml:31,classification,700,20,none,0.0,0.0,1,random,,tabicl_aware_zero,0.28404903411865234,,0.7766666666666666,0.46458709239959717,0.8243386243386245,,,,
openml:31,classification,700,20,none,0.0,0.0,1,random,,tabicl_aware,0.33891773223876953,,0.7733333333333333,0.4640609323978424,0.8239153439153438,,,,
openml:31,classification,700,20,none,0.0,0.0,1,random,,xgboost,0.05720996856689453,,0.7733333333333333,0.5411013960838318,0.8013227513227514,,,,
openml:31,classification,700,20,none,0.0,0.0,1,random,,catboost,0.28072357177734375,,0.79,0.5156855488475127,0.80994708994709,,,,
openml:31,classification,700,20,block,0.3,0.2832,1,random,,tabicl_impute,0.28638792037963867,,0.76,0.49773865938186646,0.7852910052910053,,,,
openml:31,classification,700,20,block,0.3,0.2832,1,random,,tabicl_indicator,0.34020352363586426,,0.7566666666666667,0.4977402687072754,0.7837566137566138,,,,
openml:31,classification,700,20,block,0.3,0.2832,1,random,,tabicl_iterimpute,0.5446722507476807,,0.76,0.510136604309082,0.7671428571428571,,,,
openml:31,classification,700,20,block,0.3,0.2832,1,random,,tabicl_knnimpute,0.3380250930786133,,0.78,0.5057393908500671,0.7760846560846562,,,,
openml:31,classification,700,20,block,0.3,0.2832,1,random,,tabicl_aware_zero,0.28832483291625977,,0.7533333333333333,0.497031569480896,0.7848148148148147,,,,
openml:31,classification,700,20,block,0.3,0.2832,1,random,,tabicl_aware,0.34300994873046875,,0.7466666666666667,0.49941202998161316,0.7851322751322751,,,,
openml:31,classification,700,20,block,0.3,0.2832,1,random,,xgboost,0.06529593467712402,,0.72,0.6263037919998169,0.735026455026455,,,,
openml:31,classification,700,20,block,0.3,0.2832,1,random,,catboost,0.2882685661315918,,0.7133333333333334,0.6352622624815237,0.7247619047619047,,,,
openml:31,classification,700,20,block,0.5,0.4316,1,random,,tabicl_impute,0.2862393856048584,,0.7233333333333334,0.5155605673789978,0.7666666666666668,,,,
openml:31,classification,700,20,block,0.5,0.4316,1,random,,tabicl_indicator,0.3642313480377197,,0.7333333333333333,0.5132622122764587,0.770952380952381,,,,
openml:31,classification,700,20,block,0.5,0.4316,1,random,,tabicl_iterimpute,0.3740050792694092,,0.7233333333333334,0.5176885724067688,0.7630158730158729,,,,
openml:31,classification,700,20,block,0.5,0.4316,1,random,,tabicl_knnimpute,0.344494104385376,,0.69,0.5346406102180481,0.7412169312169313,,,,
openml:31,classification,700,20,block,0.5,0.4316,1,random,,tabicl_aware_zero,0.2898075580596924,,0.7233333333333334,0.518079936504364,0.762910052910053,,,,
openml:31,classification,700,20,block,0.5,0.4316,1,random,,tabicl_aware,0.3483161926269531,,0.72,0.5202930569648743,0.760899470899471,,,,
openml:31,classification,700,20,block,0.5,0.4316,1,random,,xgboost,0.061690330505371094,,0.6966666666666667,0.567742645740509,0.7571428571428572,,,,
openml:31,classification,700,20,block,0.5,0.4316,1,random,,catboost,0.28375959396362305,,0.72,0.5610166244995735,0.7668783068783069,,,,
openml:31,classification,700,20,block_shift,0.3,0.3,1,random,,tabicl_impute,0.28373026847839355,,0.73,0.5224763751029968,0.7632804232804232,,,,
openml:31,classification,700,20,block_shift,0.3,0.3,1,random,,tabicl_indicator,0.3476603031158447,,0.7333333333333333,0.520333468914032,0.7646031746031746,,,,
openml:31,classification,700,20,block_shift,0.3,0.3,1,random,,tabicl_iterimpute,0.3018214702606201,,0.7233333333333334,0.5263693332672119,0.762857142857143,,,,
openml:31,classification,700,20,block_shift,0.3,0.3,1,random,,tabicl_knnimpute,0.33597254753112793,,0.7233333333333334,0.533024251461029,0.7504761904761904,,,,
openml:31,classification,700,20,block_shift,0.3,0.3,1,random,,tabicl_aware_zero,0.28427767753601074,,0.73,0.5238447189331055,0.7611111111111112,,,,
openml:31,classification,700,20,block_shift,0.3,0.3,1,random,,tabicl_aware,0.3417980670928955,,0.73,0.5244911909103394,0.7621164021164021,,,,
openml:31,classification,700,20,block_shift,0.3,0.3,1,random,,xgboost,0.06341052055358887,,0.7133333333333334,0.6772394776344299,0.6916931216931217,,,,
openml:31,classification,700,20,block_shift,0.3,0.3,1,random,,catboost,0.28826236724853516,,0.69,0.6984510909202053,0.6703703703703704,,,,
openml:31,classification,700,20,block_shift,0.5,0.434,1,random,,tabicl_impute,0.28272485733032227,,0.7133333333333334,0.5337573289871216,0.754920634920635,,,,
openml:31,classification,700,20,block_shift,0.5,0.434,1,random,,tabicl_indicator,0.40325307846069336,,0.7066666666666667,0.534834623336792,0.7539682539682538,,,,
openml:31,classification,700,20,block_shift,0.5,0.434,1,random,,tabicl_iterimpute,0.5858092308044434,,0.7066666666666667,0.5812827348709106,0.6408994708994711,,,,
openml:31,classification,700,20,block_shift,0.5,0.434,1,random,,tabicl_knnimpute,0.3423299789428711,,0.7166666666666667,0.5370591282844543,0.7355026455026455,,,,
openml:31,classification,700,20,block_shift,0.5,0.434,1,random,,tabicl_aware_zero,0.286395788192749,,0.7166666666666667,0.5305106043815613,0.7583597883597883,,,,
openml:31,classification,700,20,block_shift,0.5,0.434,1,random,,tabicl_aware,0.342496395111084,,0.7233333333333334,0.5302494764328003,0.7592063492063492,,,,
openml:31,classification,700,20,block_shift,0.5,0.434,1,random,,xgboost,0.06877994537353516,,0.7066666666666667,0.6283429861068726,0.6775132275132275,,,,
openml:31,classification,700,20,block_shift,0.5,0.434,1,random,,catboost,0.2716543674468994,,0.7233333333333334,0.5847804764670318,0.725026455026455,,,,
openml:31,classification,700,20,none,0.0,0.0,2,random,,tabicl_impute,0.28807830810546875,,0.7866666666666666,0.4631144106388092,0.822857142857143,,,,
openml:31,classification,700,20,none,0.0,0.0,2,random,,tabicl_indicator,0.2856574058532715,,0.7866666666666666,0.4631144106388092,0.822857142857143,,,,
openml:31,classification,700,20,none,0.0,0.0,2,random,,tabicl_iterimpute,0.3033602237701416,,0.7866666666666666,0.4631144106388092,0.822857142857143,,,,
openml:31,classification,700,20,none,0.0,0.0,2,random,,tabicl_knnimpute,0.2885115146636963,,0.7866666666666666,0.4631144106388092,0.822857142857143,,,,
openml:31,classification,700,20,none,0.0,0.0,2,random,,tabicl_aware_zero,0.28749775886535645,,0.7866666666666666,0.4631144106388092,0.822857142857143,,,,
openml:31,classification,700,20,none,0.0,0.0,2,random,,tabicl_aware,0.34291982650756836,,0.7866666666666666,0.4650875926017761,0.8208994708994709,,,,
openml:31,classification,700,20,none,0.0,0.0,2,random,,xgboost,0.060826778411865234,,0.8,0.47705504298210144,0.8154497354497354,,,,
openml:31,classification,700,20,none,0.0,0.0,2,random,,catboost,0.279674768447876,,0.7766666666666666,0.4908016371688312,0.8126984126984127,,,,
openml:31,classification,700,20,block,0.3,0.2746,2,random,,tabicl_impute,0.2876009941101074,,0.7833333333333333,0.47576406598091125,0.8145502645502645,,,,
openml:31,classification,700,20,block,0.3,0.2746,2,random,,tabicl_indicator,0.32869672775268555,,0.78,0.4785102307796478,0.8137566137566137,,,,
openml:31,classification,700,20,block,0.3,0.2746,2,random,,tabicl_iterimpute,0.33706235885620117,,0.7866666666666666,0.46961939334869385,0.8201587301587302,,,,
openml:31,classification,700,20,block,0.3,0.2746,2,random,,tabicl_knnimpute,0.3407318592071533,,0.7766666666666666,0.48132678866386414,0.8119047619047619,,,,
openml:31,classification,700,20,block,0.3,0.2746,2,random,,tabicl_aware_zero,0.2922384738922119,,0.7833333333333333,0.47497203946113586,0.8165608465608466,,,,
openml:31,classification,700,20,block,0.3,0.2746,2,random,,tabicl_aware,0.39319276809692383,,0.7733333333333333,0.47226959466934204,0.8185714285714285,,,,
openml:31,classification,700,20,block,0.3,0.2746,2,random,,xgboost,0.05720019340515137,,0.7566666666666667,0.5435377955436707,0.776878306878307,,,,
openml:31,classification,700,20,block,0.3,0.2746,2,random,,catboost,0.28516197204589844,,0.74,0.5348329930756214,0.7834920634920636,,,,
openml:31,classification,700,20,block,0.5,0.45015,2,random,,tabicl_impute,0.2886481285095215,,0.7266666666666667,0.5503168106079102,0.7146560846560848,,,,
openml:31,classification,700,20,block,0.5,0.45015,2,random,,tabicl_indicator,0.36811256408691406,,0.7233333333333334,0.5484346747398376,0.7175661375661376,,,,
openml:31,classification,700,20,block,0.5,0.45015,2,random,,tabicl_iterimpute,0.39556193351745605,,0.7133333333333334,0.564725935459137,0.6937037037037038,,,,
openml:31,classification,700,20,block,0.5,0.45015,2,random,,tabicl_knnimpute,0.34003758430480957,,0.72,0.5580045580863953,0.6952380952380953,,,,
openml:31,classification,700,20,block,0.5,0.45015,2,random,,tabicl_aware_zero,0.2890491485595703,,0.7166666666666667,0.5553276538848877,0.7055555555555556,,,,
openml:31,classification,700,20,block,0.5,0.45015,2,random,,tabicl_aware,0.3453085422515869,,0.7266666666666667,0.5490919351577759,0.7167724867724867,,,,
openml:31,classification,700,20,block,0.5,0.45015,2,random,,xgboost,0.058837175369262695,,0.6766666666666666,0.6589248180389404,0.6654497354497354,,,,
openml:31,classification,700,20,block,0.5,0.45015,2,random,,catboost,0.2595102787017822,,0.6733333333333333,0.6759747471790982,0.6424867724867726,,,,
openml:31,classification,700,20,block_shift,0.3,0.3,2,random,,tabicl_impute,0.2882983684539795,,0.7533333333333333,0.5183044672012329,0.7643915343915344,,,,
openml:31,classification,700,20,block_shift,0.3,0.3,2,random,,tabicl_indicator,0.3303983211517334,,0.7633333333333333,0.5137786865234375,0.7711640211640212,,,,
openml:31,classification,700,20,block_shift,0.3,0.3,2,random,,tabicl_iterimpute,0.8462004661560059,,0.7333333333333333,0.5569688081741333,0.6991269841269843,,,,
openml:31,classification,700,20,block_shift,0.3,0.3,2,random,,tabicl_knnimpute,0.34403204917907715,,0.77,0.5169294476509094,0.7634391534391535,,,,
openml:31,classification,700,20,block_shift,0.3,0.3,2,random,,tabicl_aware_zero,0.2866630554199219,,0.75,0.5220855474472046,0.7602645502645504,,,,
openml:31,classification,700,20,block_shift,0.3,0.3,2,random,,tabicl_aware,0.3416895866394043,,0.75,0.5140629410743713,0.7669312169312169,,,,
openml:31,classification,700,20,block_shift,0.3,0.3,2,random,,xgboost,0.07012295722961426,,0.7233333333333334,0.6322526335716248,0.6906878306878307,,,,
openml:31,classification,700,20,block_shift,0.3,0.3,2,random,,catboost,0.37839412689208984,,0.7,0.6372392948380595,0.6856613756613757,,,,
openml:31,classification,700,20,block_shift,0.5,0.48355,2,random,,tabicl_impute,0.2893028259277344,,0.75,0.5358437895774841,0.7374603174603175,,,,
openml:31,classification,700,20,block_shift,0.5,0.48355,2,random,,tabicl_indicator,0.3806328773498535,,0.7566666666666667,0.5379182696342468,0.7351322751322752,,,,
openml:31,classification,700,20,block_shift,0.5,0.48355,2,random,,tabicl_iterimpute,0.5296568870544434,,0.7533333333333333,0.5277647972106934,0.7497883597883598,,,,
openml:31,classification,700,20,block_shift,0.5,0.48355,2,random,,tabicl_knnimpute,0.3920280933380127,,0.7533333333333333,0.5283451080322266,0.7414814814814816,,,,
openml:31,classification,700,20,block_shift,0.5,0.48355,2,random,,tabicl_aware_zero,0.29195594787597656,,0.7433333333333333,0.5356762409210205,0.7385714285714287,,,,
openml:31,classification,700,20,block_shift,0.5,0.48355,2,random,,tabicl_aware,0.3453052043914795,,0.7633333333333333,0.5305605530738831,0.7443915343915345,,,,
openml:31,classification,700,20,block_shift,0.5,0.48355,2,random,,xgboost,0.07415509223937988,,0.72,0.6006702184677124,0.7150793650793651,,,,
openml:31,classification,700,20,block_shift,0.5,0.48355,2,random,,catboost,0.29976749420166016,,0.7233333333333334,0.6075695788572093,0.7025396825396827,,,,
openml:31,classification,700,20,none,0.0,0.0,3,random,,tabicl_impute,0.2865302562713623,,0.7866666666666666,0.5072088837623596,0.7725396825396824,,,,
openml:31,classification,700,20,none,0.0,0.0,3,random,,tabicl_indicator,0.2866346836090088,,0.7866666666666666,0.5072088837623596,0.7725396825396824,,,,
openml:31,classification,700,20,none,0.0,0.0,3,random,,tabicl_iterimpute,0.30260419845581055,,0.7866666666666666,0.5072088837623596,0.7725396825396824,,,,
openml:31,classification,700,20,none,0.0,0.0,3,random,,tabicl_knnimpute,0.28689146041870117,,0.7866666666666666,0.5072088837623596,0.7725396825396824,,,,
openml:31,classification,700,20,none,0.0,0.0,3,random,,tabicl_aware_zero,0.28635525703430176,,0.7866666666666666,0.5072088837623596,0.7725396825396824,,,,
openml:31,classification,700,20,none,0.0,0.0,3,random,,tabicl_aware,0.34195566177368164,,0.79,0.5036540627479553,0.7758201058201057,,,,
openml:31,classification,700,20,none,0.0,0.0,3,random,,xgboost,0.06032609939575195,,0.7766666666666666,0.5844683051109314,0.7734920634920635,,,,
openml:31,classification,700,20,none,0.0,0.0,3,random,,catboost,0.28267669677734375,,0.7766666666666666,0.5714117448387641,0.784973544973545,,,,
openml:31,classification,700,20,block,0.3,0.3,3,random,,tabicl_impute,0.28920769691467285,,0.73,0.5597768425941467,0.7062962962962963,,,,
openml:31,classification,700,20,block,0.3,0.3,3,random,,tabicl_indicator,0.3611114025115967,,0.72,0.5610101222991943,0.7051851851851851,,,,
openml:31,classification,700,20,block,0.3,0.3,3,random,,tabicl_iterimpute,0.33954620361328125,,0.7333333333333333,0.5536405444145203,0.717037037037037,,,,
openml:31,classification,700,20,block,0.3,0.3,3,random,,tabicl_knnimpute,0.3406381607055664,,0.74,0.5457570552825928,0.7272486772486774,,,,
openml:31,classification,700,20,block,0.3,0.3,3,random,,tabicl_aware_zero,0.28948044776916504,,0.73,0.5612347722053528,0.7023809523809526,,,,
openml:31,classification,700,20,block,0.3,0.3,3,random,,tabicl_aware,0.3442056179046631,,0.72,0.5642716288566589,0.7009523809523809,,,,
openml:31,classification,700,20,block,0.3,0.3,3,random,,xgboost,0.0671999454498291,,0.74,0.6637835502624512,0.7015343915343915,,,,
openml:31,classification,700,20,block,0.3,0.3,3,random,,catboost,0.277590274810791,,0.72,0.6499168151845438,0.7112698412698413,,,,
openml:31,classification,700,20,block,0.5,0.467,3,random,,tabicl_impute,0.2862265110015869,,0.74,0.5732846856117249,0.6774603174603174,,,,
openml:31,classification,700,20,block,0.5,0.467,3,random,,tabicl_indicator,0.37228870391845703,,0.74,0.5739095211029053,0.6773544973544974,,,,
openml:31,classification,700,20,block,0.5,0.467,3,random,,tabicl_iterimpute,0.6892991065979004,,0.7433333333333333,0.5647198557853699,0.6815343915343915,,,,
openml:31,classification,700,20,block,0.5,0.467,3,random,,tabicl_knnimpute,0.3879411220550537,,0.69,0.5828813910484314,0.6671957671957671,,,,
openml:31,classification,700,20,block,0.5,0.467,3,random,,tabicl_aware_zero,0.2888932228088379,,0.74,0.5732091665267944,0.6819047619047619,,,,
openml:31,classification,700,20,block,0.5,0.467,3,random,,tabicl_aware,0.3419818878173828,,0.73,0.5700960159301758,0.6861904761904761,,,,
openml:31,classification,700,20,block,0.5,0.467,3,random,,xgboost,0.061243295669555664,,0.71,0.6572839617729187,0.6708465608465609,,,,
openml:31,classification,700,20,block,0.5,0.467,3,random,,catboost,0.24189305305480957,,0.7066666666666667,0.6409616002262001,0.6652910052910053,,,,
openml:31,classification,700,20,block_shift,0.3,0.3,3,random,,tabicl_impute,0.29248809814453125,,0.7366666666666667,0.5402671694755554,0.7307936507936509,,,,
openml:31,classification,700,20,block_shift,0.3,0.3,3,random,,tabicl_indicator,0.36896514892578125,,0.75,0.540825366973877,0.7310582010582011,,,,
openml:31,classification,700,20,block_shift,0.3,0.3,3,random,,tabicl_iterimpute,0.3576815128326416,,0.7433333333333333,0.5326992869377136,0.7416931216931216,,,,
openml:31,classification,700,20,block_shift,0.3,0.3,3,random,,tabicl_knnimpute,0.3466510772705078,,0.7266666666666667,0.5377795696258545,0.7362962962962963,,,,
openml:31,classification,700,20,block_shift,0.3,0.3,3,random,,tabicl_aware_zero,0.29433250427246094,,0.7433333333333333,0.5409748554229736,0.7316931216931217,,,,
openml:31,classification,700,20,block_shift,0.3,0.3,3,random,,tabicl_aware,0.3475766181945801,,0.7366666666666667,0.5402334332466125,0.7341269841269842,,,,
openml:31,classification,700,20,block_shift,0.3,0.3,3,random,,xgboost,0.07557821273803711,,0.7266666666666667,0.6405218243598938,0.7408465608465608,,,,
openml:31,classification,700,20,block_shift,0.3,0.3,3,random,,catboost,0.29236292839050293,,0.76,0.5961297040867829,0.744920634920635,,,,
openml:31,classification,700,20,block_shift,0.5,0.4844,3,random,,tabicl_impute,0.2883882522583008,,0.7233333333333334,0.5657503604888916,0.6887830687830689,,,,
openml:31,classification,700,20,block_shift,0.5,0.4844,3,random,,tabicl_indicator,0.374176025390625,,0.7266666666666667,0.568352222442627,0.6832275132275133,,,,
openml:31,classification,700,20,block_shift,0.5,0.4844,3,random,,tabicl_iterimpute,0.579047679901123,,0.7166666666666667,0.5906009078025818,0.6297089947089947,,,,
openml:31,classification,700,20,block_shift,0.5,0.4844,3,random,,tabicl_knnimpute,0.342832088470459,,0.72,0.5742375254631042,0.6637566137566138,,,,
openml:31,classification,700,20,block_shift,0.5,0.4844,3,random,,tabicl_aware_zero,0.28647494316101074,,0.7266666666666667,0.565030574798584,0.6951851851851852,,,,
openml:31,classification,700,20,block_shift,0.5,0.4844,3,random,,tabicl_aware,0.34413695335388184,,0.73,0.5678835511207581,0.6879365079365078,,,,
openml:31,classification,700,20,block_shift,0.5,0.4844,3,random,,xgboost,0.07326030731201172,,0.7,0.6400055885314941,0.6746560846560846,,,,
openml:31,classification,700,20,block_shift,0.5,0.4844,3,random,,catboost,0.30986523628234863,,0.6766666666666666,0.6330396412223369,0.6817989417989417,,,,
openml:31,classification,700,20,none,0.0,0.0,4,random,,tabicl_impute,0.2838876247406006,,0.7466666666666667,0.4685279428958893,0.8142328042328042,,,,
openml:31,classification,700,20,none,0.0,0.0,4,random,,tabicl_indicator,0.2825148105621338,,0.7466666666666667,0.4685279428958893,0.8142328042328042,,,,
openml:31,classification,700,20,none,0.0,0.0,4,random,,tabicl_iterimpute,0.31081080436706543,,0.7466666666666667,0.4685279428958893,0.8142328042328042,,,,
openml:31,classification,700,20,none,0.0,0.0,4,random,,tabicl_knnimpute,0.28681349754333496,,0.7466666666666667,0.4685279428958893,0.8142328042328042,,,,
openml:31,classification,700,20,none,0.0,0.0,4,random,,tabicl_aware_zero,0.28298521041870117,,0.7466666666666667,0.4685279428958893,0.8142328042328042,,,,
openml:31,classification,700,20,none,0.0,0.0,4,random,,tabicl_aware,0.38196539878845215,,0.75,0.47002819180488586,0.8124867724867726,,,,
openml:31,classification,700,20,none,0.0,0.0,4,random,,xgboost,0.060190439224243164,,0.7533333333333333,0.5175585746765137,0.8112169312169312,,,,
openml:31,classification,700,20,none,0.0,0.0,4,random,,catboost,0.23788022994995117,,0.7533333333333333,0.5289923056391965,0.8036507936507937,,,,
openml:31,classification,700,20,block,0.3,0.3,4,random,,tabicl_impute,0.2884058952331543,,0.7066666666666667,0.5436676144599915,0.7252910052910053,,,,
openml:31,classification,700,20,block,0.3,0.3,4,random,,tabicl_indicator,0.3428804874420166,,0.7133333333333334,0.5437134504318237,0.7238095238095238,,,,
openml:31,classification,700,20,block,0.3,0.3,4,random,,tabicl_iterimpute,0.6541860103607178,,0.71,0.5693488121032715,0.6853174603174603,,,,
openml:31,classification,700,20,block,0.3,0.3,4,random,,tabicl_knnimpute,0.3368802070617676,,0.7133333333333334,0.5481791496276855,0.7188359788359788,,,,
openml:31,classification,700,20,block,0.3,0.3,4,random,,tabicl_aware_zero,0.29077577590942383,,0.71,0.5430947542190552,0.7243915343915345,,,,
openml:31,classification,700,20,block,0.3,0.3,4,random,,tabicl_aware,0.3460557460784912,,0.72,0.5413832068443298,0.7248677248677249,,,,
openml:31,classification,700,20,block,0.3,0.3,4,random,,xgboost,0.06303048133850098,,0.7,0.6602382659912109,0.6813756613756613,,,,
openml:31,classification,700,20,block,0.3,0.3,4,random,,catboost,0.26064538955688477,,0.7233333333333334,0.609606818417619,0.7073544973544973,,,,
openml:31,classification,700,20,block,0.5,0.5,4,random,,tabicl_impute,0.28755736351013184,,0.72,0.5382279753684998,0.7441269841269842,,,,
openml:31,classification,700,20,block,0.5,0.5,4,random,,tabicl_indicator,0.3855271339416504,,0.71,0.5346171855926514,0.7498941798941798,,,,
openml:31,classification,700,20,block,0.5,0.5,4,random,,tabicl_iterimpute,0.339155912399292,,0.7233333333333334,0.5286807417869568,0.741957671957672,,,,
openml:31,classification,700,20,block,0.5,0.5,4,random,,tabicl_knnimpute,0.35283589363098145,,0.7033333333333334,0.5304269194602966,0.7413756613756614,,,,
openml:31,classification,700,20,block,0.5,0.5,4,random,,tabicl_aware_zero,0.286116361618042,,0.74,0.5349293947219849,0.7477777777777778,,,,
openml:31,classification,700,20,block,0.5,0.5,4,random,,tabicl_aware,0.34210681915283203,,0.7266666666666667,0.5348928570747375,0.7482539682539683,,,,
openml:31,classification,700,20,block,0.5,0.5,4,random,,xgboost,0.06023669242858887,,0.71,0.5578139424324036,0.7504232804232804,,,,
openml:31,classification,700,20,block,0.5,0.5,4,random,,catboost,0.28309082984924316,,0.6933333333333334,0.5658988031664679,0.7513756613756615,,,,
openml:31,classification,700,20,block_shift,0.3,0.2841,4,random,,tabicl_impute,0.2874138355255127,,0.77,0.45792028307914734,0.824021164021164,,,,
openml:31,classification,700,20,block_shift,0.3,0.2841,4,random,,tabicl_indicator,0.349196195602417,,0.7766666666666666,0.46166515350341797,0.8201587301587302,,,,
openml:31,classification,700,20,block_shift,0.3,0.2841,4,random,,tabicl_iterimpute,0.4925079345703125,,0.7466666666666667,0.4705868661403656,0.8133862433862433,,,,
openml:31,classification,700,20,block_shift,0.3,0.2841,4,random,,tabicl_knnimpute,0.33664727210998535,,0.7633333333333333,0.4748307764530182,0.8063492063492064,,,,
openml:31,classification,700,20,block_shift,0.3,0.2841,4,random,,tabicl_aware_zero,0.33723902702331543,,0.78,0.4600476026535034,0.8206349206349206,,,,
openml:31,classification,700,20,block_shift,0.3,0.2841,4,random,,tabicl_aware,0.34418559074401855,,0.7633333333333333,0.460451602935791,0.8196825396825397,,,,
openml:31,classification,700,20,block_shift,0.3,0.2841,4,random,,xgboost,0.0792999267578125,,0.7433333333333333,0.5238635540008545,0.7942328042328043,,,,
openml:31,classification,700,20,block_shift,0.3,0.2841,4,random,,catboost,0.2894628047943115,,0.7433333333333333,0.5449399663534461,0.785079365079365,,,,
openml:31,classification,700,20,block_shift,0.5,0.4896,4,random,,tabicl_impute,0.28511834144592285,,0.7266666666666667,0.5325925946235657,0.7458201058201059,,,,
openml:31,classification,700,20,block_shift,0.5,0.4896,4,random,,tabicl_indicator,0.38460230827331543,,0.7333333333333333,0.5297175049781799,0.7458730158730158,,,,
openml:31,classification,700,20,block_shift,0.5,0.4896,4,random,,tabicl_iterimpute,0.3638474941253662,,0.73,0.514937162399292,0.7605820105820106,,,,
openml:31,classification,700,20,block_shift,0.5,0.4896,4,random,,tabicl_knnimpute,0.3500945568084717,,0.7266666666666667,0.528494119644165,0.7430687830687831,,,,
openml:31,classification,700,20,block_shift,0.5,0.4896,4,random,,tabicl_aware_zero,0.2885720729827881,,0.72,0.5311051607131958,0.7425925925925927,,,,
openml:31,classification,700,20,block_shift,0.5,0.4896,4,random,,tabicl_aware,0.34514904022216797,,0.7166666666666667,0.5274375081062317,0.7456613756613757,,,,
openml:31,classification,700,20,block_shift,0.5,0.4896,4,random,,xgboost,0.07213377952575684,,0.69,0.6181273460388184,0.7042328042328042,,,,
openml:31,classification,700,20,block_shift,0.5,0.4896,4,random,,catboost,0.29571032524108887,,0.6966666666666667,0.5902169117394902,0.7243915343915345,,,,
openml:1590,classification,2100,14,none,0.0,0.0,0,random,,tabicl_impute,0.28658318519592285,,0.8611111111111112,0.3040684759616852,0.9066037334392465,,,,
openml:1590,classification,2100,14,none,0.0,0.0,0,random,,tabicl_indicator,0.3089141845703125,,0.8622222222222222,0.3020521104335785,0.9076853244063662,,,,
openml:1590,classification,2100,14,none,0.0,0.0,0,random,,tabicl_iterimpute,0.3053572177886963,,0.86,0.3043381869792938,0.9067065732361201,,,,
openml:1590,classification,2100,14,none,0.0,0.0,0,random,,tabicl_knnimpute,0.3237180709838867,,0.8633333333333333,0.3050658106803894,0.9057171834661977,,,,
openml:1590,classification,2100,14,none,0.0,0.0,0,random,,tabicl_aware_zero,0.2890470027923584,,0.8611111111111112,0.30398330092430115,0.9065824562398934,,,,
openml:1590,classification,2100,14,none,0.0,0.0,0,random,,tabicl_aware,0.3485903739929199,,0.86,0.3048567771911621,0.9073236120173621,,,,
openml:1590,classification,2100,14,none,0.0,0.0,0,random,,xgboost,0.06875324249267578,,0.8433333333333334,0.3360162377357483,0.8914933756986013,,,,
openml:1590,classification,2100,14,none,0.0,0.0,0,random,,catboost,0.3639514446258545,,0.8433333333333334,0.3397449075232371,0.8893656557632841,,,,
openml:1590,classification,2100,14,block,0.3,0.216,0,random,,tabicl_impute,0.29781484603881836,,0.8711111111111111,0.30834683775901794,0.9035965559306647,,,,
openml:1590,classification,2100,14,block,0.3,0.216,0,random,,tabicl_indicator,0.33381199836730957,,0.87,0.31919920444488525,0.897763057108003,,,,
openml:1590,classification,2100,14,block,0.3,0.216,0,random,,tabicl_iterimpute,0.31120872497558594,,0.8655555555555555,0.3132324516773224,0.8994014014581975,,,,
openml:1590,classification,2100,14,block,0.3,0.216,0,random,,tabicl_knnimpute,0.50691819190979,,0.8677777777777778,0.31458157300949097,0.9000397174387926,,,,
openml:1590,classification,2100,14,block,0.3,0.216,0,random,,tabicl_aware_zero,0.3398582935333252,,0.8677777777777778,0.3080308735370636,0.9046639620982156,,,,
openml:1590,classification,2100,14,block,0.3,0.216,0,random,,tabicl_aware,0.35685157775878906,,0.8666666666666667,0.31154319643974304,0.9022951005702289,,,,
openml:1590,classification,2100,14,block,0.3,0.216,0,random,,xgboost,0.07385611534118652,,0.8433333333333334,0.34175974130630493,0.8872202048285057,,,,
openml:1590,classification,2100,14,block,0.3,0.216,0,random,,catboost,0.35973691940307617,,0.8377777777777777,0.3497655875686954,0.8819540979885955,,,,
openml:1590,classification,2100,14,block,0.5,0.5,0,random,,tabicl_impute,0.29194140434265137,,0.8311111111111111,0.3746419847011566,0.8540738744361541,,,,
openml:1590,classification,2100,14,block,0.5,0.5,0,random,,tabicl_indicator,0.37830066680908203,,0.8077777777777778,0.4133993089199066,0.8348889330193765,,,,
openml:1590,classification,2100,14,block,0.5,0.5,0,random,,tabicl_iterimpute,0.3086543083190918,,0.8277777777777777,0.380983829498291,0.8498609889642258,,,,
openml:1590,classification,2100,14,block,0.5,0.5,0,random,,tabicl_knnimpute,0.6159572601318359,,0.8266666666666667,0.38691696524620056,0.845417600499305,,,,
openml:1590,classification,2100,14,block,0.5,0.5,0,random,,tabicl_aware_zero,0.2968003749847412,,0.8233333333333334,0.3779813051223755,0.8547547448154557,,,,
openml:1590,classification,2100,14,block,0.5,0.5,0,random,,tabicl_aware,0.3571290969848633,,0.83,0.37224799394607544,0.8581803739113166,,,,
openml:1590,classification,2100,14,block,0.5,0.5,0,random,,xgboost,0.07648849487304688,,0.8266666666666667,0.3939736485481262,0.8415132344179976,,,,
openml:1590,classification,2100,14,block,0.5,0.5,0,random,,catboost,0.33759284019470215,,0.8311111111111111,0.38375462650753117,0.8462084030752645,,,,
openml:1590,classification,2100,14,block_shift,0.3,0.24914285714285714,0,random,,tabicl_impute,0.29580140113830566,,0.8444444444444444,0.3292032778263092,0.8936742886323017,,,,
openml:1590,classification,2100,14,block_shift,0.3,0.24914285714285714,0,random,,tabicl_indicator,0.32515788078308105,,0.8411111111111111,0.3386252820491791,0.8876953956140601,,,,
openml:1590,classification,2100,14,block_shift,0.3,0.24914285714285714,0,random,,tabicl_iterimpute,0.4812932014465332,,0.8588888888888889,0.324989914894104,0.8946530398025476,,,,
openml:1590,classification,2100,14,block_shift,0.3,0.24914285714285714,0,random,,tabicl_knnimpute,0.4970703125,,0.8477777777777777,0.3295808434486389,0.8918550880876053,,,,
openml:1590,classification,2100,14,block_shift,0.3,0.24914285714285714,0,random,,tabicl_aware_zero,0.29457569122314453,,0.8488888888888889,0.326345294713974,0.894933189594031,,,,
openml:1590,classification,2100,14,block_shift,0.3,0.24914285714285714,0,random,,tabicl_aware,0.35356879234313965,,0.8533333333333334,0.3293525278568268,0.8921848846775794,,,,
openml:1590,classification,2100,14,block_shift,0.3,0.24914285714285714,0,random,,xgboost,0.09135293960571289,,0.8366666666666667,0.37561553716659546,0.8677763908195977,,,,
openml:1590,classification,2100,14,block_shift,0.3,0.24914285714285714,0,random,,catboost,0.439028263092041,,0.8433333333333334,0.35757565347222176,0.8783227892989872,,,,
openml:1590,classification,2100,14,block_shift,0.5,0.5,0,random,,tabicl_impute,0.29088902473449707,,0.8011111111111111,0.4331235885620117,0.811193225339726,,,,
openml:1590,classification,2100,14,block_shift,0.5,0.5,0,random,,tabicl_indicator,0.3632681369781494,,0.8011111111111111,0.4537612795829773,0.7925331215069931,,,,
openml:1590,classification,2100,14,block_shift,0.5,0.5,0,random,,tabicl_iterimpute,0.43359827995300293,,0.8044444444444444,0.4265790581703186,0.8121577917104033,,,,
openml:1590,classification,2100,14,block_shift,0.5,0.5,0,random,,tabicl_knnimpute,0.5939202308654785,,0.8033333333333333,0.4250902533531189,0.8108563363499675,,,,
openml:1590,classification,2100,14,block_shift,0.5,0.5,0,random,,tabicl_aware_zero,0.2909505367279053,,0.8144444444444444,0.4246843755245209,0.809941416777781,,,,
openml:1590,classification,2100,14,block_shift,0.5,0.5,0,random,,tabicl_aware,0.33922696113586426,,0.8011111111111111,0.41822734475135803,0.8165905415756476,,,,
openml:1590,classification,2100,14,block_shift,0.5,0.5,0,random,,xgboost,0.10618424415588379,,0.8033333333333333,0.45242127776145935,0.790501148968765,,,,
openml:1590,classification,2100,14,block_shift,0.5,0.5,0,random,,catboost,0.4598410129547119,,0.7944444444444444,0.4428010332041954,0.7954161820193479,,,,
openml:1590,classification,2100,14,none,0.0,0.0,1,random,,tabicl_impute,0.2930905818939209,,0.8733333333333333,0.2941219210624695,0.9123734006638485,,,,
openml:1590,classification,2100,14,none,0.0,0.0,1,random,,tabicl_indicator,0.30784106254577637,,0.8733333333333333,0.29509270191192627,0.9113946494936026,,,,
openml:1590,classification,2100,14,none,0.0,0.0,1,random,,tabicl_iterimpute,0.30957674980163574,,0.87,0.2949875593185425,0.9119230332775398,,,,
openml:1590,classification,2100,14,none,0.0,0.0,1,random,,tabicl_knnimpute,0.3686974048614502,,0.8733333333333333,0.2954181730747223,0.9114230190927403,,,,
openml:1590,classification,2100,14,none,0.0,0.0,1,random,,tabicl_aware_zero,0.2922549247741699,,0.8744444444444445,0.29390624165534973,0.9125719878578117,,,,
openml:1590,classification,2100,14,none,0.0,0.0,1,random,,tabicl_aware,0.3482677936553955,,0.8722222222222222,0.29626211524009705,0.9115329512893983,,,,
openml:1590,classification,2100,14,none,0.0,0.0,1,random,,xgboost,0.06914591789245605,,0.86,0.31314316391944885,0.9034511617350847,,,,
openml:1590,classification,2100,14,none,0.0,0.0,1,random,,catboost,0.3753829002380371,,0.8611111111111112,0.31220459532277467,0.9028128457544895,,,,
openml:1590,classification,2100,14,block,0.3,0.2857142857142857,1,random,,tabicl_impute,0.29236268997192383,,0.8566666666666667,0.30514654517173767,0.9041710403132004,,,,
openml:1590,classification,2100,14,block,0.3,0.2857142857142857,1,random,,tabicl_indicator,0.3647890090942383,,0.8644444444444445,0.30779027938842773,0.9028731311526568,,,,
openml:1590,classification,2100,14,block,0.3,0.2857142857142857,1,random,,tabicl_iterimpute,0.30868029594421387,,0.8566666666666667,0.30625420808792114,0.9036710261284009,,,,
openml:1590,classification,2100,14,block,0.3,0.2857142857142857,1,random,,tabicl_knnimpute,0.5418601036071777,,0.8655555555555555,0.30945780873298645,0.8997524752475248,,,,
openml:1590,classification,2100,14,block,0.3,0.2857142857142857,1,random,,tabicl_aware_zero,0.3083038330078125,,0.8555555555555555,0.3048122525215149,0.9045823995006951,,,,
openml:1590,classification,2100,14,block,0.3,0.2857142857142857,1,random,,tabicl_aware,0.3620474338531494,,0.86,0.30572983622550964,0.9039263525206389,,,,
openml:1590,classification,2100,14,block,0.3,0.2857142857142857,1,random,,xgboost,0.0775914192199707,,0.8611111111111112,0.32058247923851013,0.8970041703310732,,,,
openml:1590,classification,2100,14,block,0.3,0.2857142857142857,1,random,,catboost,0.37780141830444336,,0.8488888888888889,0.3185157310099228,0.8968587761354931,,,,
openml:1590,classification,2100,14,block,0.5,0.4756190476190476,1,random,,tabicl_impute,0.29318952560424805,,0.84,0.3453291952610016,0.875890096172941,,,,
openml:1590,classification,2100,14,block,0.5,0.4756190476190476,1,random,,tabicl_indicator,0.3736698627471924,,0.8411111111111111,0.35079440474510193,0.8700672359499562,,,,
openml:1590,classification,2100,14,block,0.5,0.4756190476190476,1,random,,tabicl_iterimpute,0.30913233757019043,,0.84,0.3481898009777069,0.8741630968254419,,,,
openml:1590,classification,2100,14,block,0.5,0.4756190476190476,1,random,,tabicl_knnimpute,0.580618143081665,,0.8288888888888889,0.36894118785858154,0.8577831995233907,,,,
openml:1590,classification,2100,14,block,0.5,0.4756190476190476,1,random,,tabicl_aware_zero,0.30095458030700684,,0.8411111111111111,0.34293776750564575,0.8767163607478227,,,,
openml:1590,classification,2100,14,block,0.5,0.4756190476190476,1,random,,tabicl_aware,0.36032891273498535,,0.8444444444444444,0.34162095189094543,0.8786951402876677,,,,
openml:1590,classification,2100,14,block,0.5,0.4756190476190476,1,random,,xgboost,0.07951545715332031,,0.8311111111111111,0.3644832372665405,0.8592477800788675,,,,
openml:1590,classification,2100,14,block,0.5,0.4756190476190476,1,random,,catboost,0.37845325469970703,,0.8377777777777777,0.36027797576871823,0.8619109761979062,,,,
openml:1590,classification,2100,14,block_shift,0.3,0.2618333333333333,1,random,,tabicl_impute,0.29380106925964355,,0.8533333333333334,0.3293604254722595,0.8900358875429091,,,,
openml:1590,classification,2100,14,block_shift,0.3,0.2618333333333333,1,random,,tabicl_indicator,0.34863734245300293,,0.85,0.33408939838409424,0.8867095520440296,,,,
openml:1590,classification,2100,14,block_shift,0.3,0.2618333333333333,1,random,,tabicl_iterimpute,0.30751585960388184,,0.8566666666666667,0.32626524567604065,0.8915217452977389,,,,
openml:1590,classification,2100,14,block_shift,0.3,0.2618333333333333,1,random,,tabicl_knnimpute,0.528801441192627,,0.85,0.3368754982948303,0.8855605832789583,,,,
openml:1590,classification,2100,14,block_shift,0.3,0.2618333333333333,1,random,,tabicl_aware_zero,0.3077094554901123,,0.8533333333333334,0.3296702802181244,0.8895997049561689,,,,
openml:1590,classification,2100,14,block_shift,0.3,0.2618333333333333,1,random,,tabicl_aware,0.40228939056396484,,0.8566666666666667,0.32898029685020447,0.8905536327271696,,,,
openml:1590,classification,2100,14,block_shift,0.3,0.2618333333333333,1,random,,xgboost,0.09285545349121094,,0.8322222222222222,0.3644392788410187,0.872244602683764,,,,
openml:1590,classification,2100,14,block_shift,0.3,0.2618333333333333,1,random,,catboost,0.3912067413330078,,0.8455555555555555,0.35148773202173783,0.8761950693636699,,,,
openml:1590,classification,2100,14,block_shift,0.5,0.4756190476190476,1,random,,tabicl_impute,0.28896093368530273,,0.8422222222222222,0.342280775308609,0.8799398564498284,,,,
openml:1590,classification,2100,14,block_shift,0.5,0.4756190476190476,1,random,,tabicl_indicator,0.3601858615875244,,0.8055555555555556,0.4044329822063446,0.8317150841158614,,,,
openml:1590,classification,2100,14,block_shift,0.5,0.4756190476190476,1,random,,tabicl_iterimpute,0.6346344947814941,,0.7822222222222223,0.4428849518299103,0.7795504837016654,,,,
openml:1590,classification,2100,14,block_shift,0.5,0.4756190476190476,1,random,,tabicl_knnimpute,0.5843198299407959,,0.8322222222222222,0.35231298208236694,0.8704431331385287,,,,
openml:1590,classification,2100,14,block_shift,0.5,0.4756190476190476,1,random,,tabicl_aware_zero,0.2947263717651367,,0.8455555555555555,0.3417445123195648,0.8795816902607166,,,,
openml:1590,classification,2100,14,block_shift,0.5,0.4756190476190476,1,random,,tabicl_aware,0.3574209213256836,,0.84,0.34281542897224426,0.8793582796675083,,,,
openml:1590,classification,2100,14,block_shift,0.5,0.4756190476190476,1,random,,xgboost,0.0921015739440918,,0.8355555555555556,0.36650583148002625,0.8589250758886777,,,,
openml:1590,classification,2100,14,block_shift,0.5,0.4756190476190476,1,random,,catboost,0.4214212894439697,,0.8288888888888889,0.3682817434847934,0.8598683650600017,,,,
openml:1590,classification,2100,14,none,0.0,0.0,2,random,,tabicl_impute,0.2913856506347656,,0.8722222222222222,0.28855180740356445,0.9164373457403048,,,,
openml:1590,classification,2100,14,none,0.0,0.0,2,random,,tabicl_indicator,0.31795334815979004,,0.8666666666666667,0.2903169095516205,0.9150649663820251,,,,
openml:1590,classification,2100,14,none,0.0,0.0,2,random,,tabicl_iterimpute,0.31921815872192383,,0.87,0.2885599434375763,0.9165650089364238,,,,
openml:1590,classification,2100,14,none,0.0,0.0,2,random,,tabicl_knnimpute,0.3328671455383301,,0.8711111111111111,0.2892591655254364,0.9156359045646685,,,,
openml:1590,classification,2100,14,none,0.0,0.0,2,random,,tabicl_aware_zero,0.2919168472290039,,0.87,0.28888145089149475,0.9159869783539959,,,,
openml:1590,classification,2100,14,none,0.0,0.0,2,random,,tabicl_aware,0.3488283157348633,,0.8677777777777778,0.28762322664260864,0.9168877131266134,,,,
openml:1590,classification,2100,14,none,0.0,0.0,2,random,,xgboost,0.06524062156677246,,0.8544444444444445,0.33078110218048096,0.89611052795824,,,,
openml:1590,classification,2100,14,none,0.0,0.0,2,random,,catboost,0.3744235038757324,,0.8477777777777777,0.3265286929967714,0.8960821583591023,,,,
openml:1590,classification,2100,14,block,0.3,0.21428571428571427,2,random,,tabicl_impute,0.29247212409973145,,0.8744444444444445,0.2917707562446594,0.9136039320264404,,,,
openml:1590,classification,2100,14,block,0.3,0.21428571428571427,2,random,,tabicl_indicator,0.3384664058685303,,0.87,0.2907499074935913,0.9144479276007831,,,,
openml:1590,classification,2100,14,block,0.3,0.21428571428571427,2,random,,tabicl_iterimpute,0.31012845039367676,,0.88,0.2898639738559723,0.9161855655479588,,,,
openml:1590,classification,2100,14,block,0.3,0.21428571428571427,2,random,,tabicl_knnimpute,0.5137097835540771,,0.87,0.2998811900615692,0.9080860449941841,,,,
openml:1590,classification,2100,14,block,0.3,0.21428571428571427,2,random,,tabicl_aware_zero,0.34816837310791016,,0.8711111111111111,0.2919010519981384,0.913777695821158,,,,
openml:1590,classification,2100,14,block,0.3,0.21428571428571427,2,random,,tabicl_aware,0.3582932949066162,,0.8744444444444445,0.28981706500053406,0.9156465431643452,,,,
openml:1590,classification,2100,14,block,0.3,0.21428571428571427,2,random,,xgboost,0.07609105110168457,,0.8511111111111112,0.3240715265274048,0.8951175919884251,,,,
openml:1590,classification,2100,14,block,0.3,0.21428571428571427,2,random,,catboost,0.38373303413391113,,0.8622222222222222,0.32168425709603077,0.8961247127578087,,,,
openml:1590,classification,2100,14,block,0.5,0.5,2,random,,tabicl_impute,0.2962758541107178,,0.8288888888888889,0.3578272759914398,0.8678331300178729,,,,
openml:1590,classification,2100,14,block,0.5,0.5,2,random,,tabicl_indicator,0.3783891201019287,,0.8288888888888889,0.3623086214065552,0.8644145933217963,,,,
openml:1590,classification,2100,14,block,0.5,0.5,2,random,,tabicl_iterimpute,0.6117210388183594,,0.82,0.39781856536865234,0.8215020284263382,,,,
openml:1590,classification,2100,14,block,0.5,0.5,2,random,,tabicl_knnimpute,0.5842273235321045,,0.8177777777777778,0.36792728304862976,0.8659430054753328,,,,
openml:1590,classification,2100,14,block,0.5,0.5,2,random,,tabicl_aware_zero,0.30025506019592285,,0.8288888888888889,0.3605484664440155,0.8650706403018524,,,,
openml:1590,classification,2100,14,block,0.5,0.5,2,random,,tabicl_aware,0.3581836223602295,,0.83,0.3550911545753479,0.8724573746772959,,,,
openml:1590,classification,2100,14,block,0.5,0.5,2,random,,xgboost,0.07634115219116211,,0.8233333333333334,0.38227444887161255,0.8457332122897103,,,,
openml:1590,classification,2100,14,block,0.5,0.5,2,random,,catboost,0.3586087226867676,,0.8188888888888889,0.3727923449180292,0.8537405316462878,,,,
openml:1590,classification,2100,14,block_shift,0.3,0.2507857142857143,2,random,,tabicl_impute,0.2939326763153076,,0.8488888888888889,0.31667158007621765,0.9000503560384692,,,,
openml:1590,classification,2100,14,block_shift,0.3,0.2507857142857143,2,random,,tabicl_indicator,0.326019287109375,,0.8488888888888889,0.31520333886146545,0.9010291072087151,,,,
openml:1590,classification,2100,14,block_shift,0.3,0.2507857142857143,2,random,,tabicl_iterimpute,0.30366945266723633,,0.8477777777777777,0.31986817717552185,0.8979261823030442,,,,
openml:1590,classification,2100,14,block_shift,0.3,0.2507857142857143,2,random,,tabicl_knnimpute,0.4986250400543213,,0.8477777777777777,0.31981775164604187,0.8977843343073563,,,,
openml:1590,classification,2100,14,block_shift,0.3,0.2507857142857143,2,random,,tabicl_aware_zero,0.29337286949157715,,0.8433333333333334,0.31682848930358887,0.8990184118698403,,,,
openml:1590,classification,2100,14,block_shift,0.3,0.2507857142857143,2,random,,tabicl_aware,0.3522152900695801,,0.8455555555555555,0.31453797221183777,0.9006886720190643,,,,
openml:1590,classification,2100,14,block_shift,0.3,0.2507857142857143,2,random,,xgboost,0.09279036521911621,,0.84,0.36537137627601624,0.8765355045533205,,,,
openml:1590,classification,2100,14,block_shift,0.3,0.2507857142857143,2,random,,catboost,0.3873171806335449,,0.85,0.34166154889463396,0.8873726914238702,,,,
openml:1590,classification,2100,14,block_shift,0.5,0.4522857142857143,2,random,,tabicl_impute,0.30147290229797363,,0.8433333333333334,0.350929319858551,0.8751241169962267,,,,
openml:1590,classification,2100,14,block_shift,0.5,0.4522857142857143,2,random,,tabicl_indicator,0.4113895893096924,,0.8255555555555556,0.3622108995914459,0.8717197650997192,,,,
openml:1590,classification,2100,14,block_shift,0.5,0.4522857142857143,2,random,,tabicl_iterimpute,0.30347299575805664,,0.85,0.3517545163631439,0.8766596215495475,,,,
openml:1590,classification,2100,14,block_shift,0.5,0.4522857142857143,2,random,,tabicl_knnimpute,0.5671486854553223,,0.8366666666666667,0.3656065762042999,0.8628258957700929,,,,
openml:1590,classification,2100,14,block_shift,0.5,0.4522857142857143,2,random,,tabicl_aware_zero,0.29219627380371094,,0.8466666666666667,0.3503539264202118,0.8751702175948254,,,,
openml:1590,classification,2100,14,block_shift,0.5,0.4522857142857143,2,random,,tabicl_aware,0.3486056327819824,,0.8455555555555555,0.346030056476593,0.8791951544724673,,,,
openml:1590,classification,2100,14,block_shift,0.5,0.4522857142857143,2,random,,xgboost,0.09789466857910156,,0.8311111111111111,0.387485533952713,0.8503716417487021,,,,
openml:1590,classification,2100,14,block_shift,0.5,0.4522857142857143,2,random,,catboost,0.4359323978424072,,0.8466666666666667,0.369550606072623,0.86215921019036,,,,
openml:1590,classification,2100,14,none,0.0,0.0,3,random,,tabicl_impute,0.2996184825897217,,0.86,0.29703959822654724,0.9116677068853016,,,,
openml:1590,classification,2100,14,none,0.0,0.0,3,random,,tabicl_indicator,0.3119196891784668,,0.8588888888888889,0.29783934354782104,0.9114655734914465,,,,
openml:1590,classification,2100,14,none,0.0,0.0,3,random,,tabicl_iterimpute,0.30565929412841797,,0.8588888888888889,0.2978530824184418,0.911327271695651,,,,
openml:1590,classification,2100,14,none,0.0,0.0,3,random,,tabicl_knnimpute,0.32187962532043457,,0.86,0.2973613142967224,0.9119088484779709,,,,
openml:1590,classification,2100,14,none,0.0,0.0,3,random,,tabicl_aware_zero,0.3025965690612793,,0.86,0.29700765013694763,0.9119265794774319,,,,
openml:1590,classification,2100,14,none,0.0,0.0,3,random,,tabicl_aware,0.3581364154815674,,0.8633333333333333,0.29731377959251404,0.9115790518879969,,,,
openml:1590,classification,2100,14,none,0.0,0.0,3,random,,xgboost,0.06962347030639648,,0.8422222222222222,0.33106961846351624,0.8963303923515561,,,,
openml:1590,classification,2100,14,none,0.0,0.0,3,random,,catboost,0.37298059463500977,,0.8466666666666667,0.3332169923162539,0.8932522908451302,,,,
openml:1590,classification,2100,14,block,0.3,0.2857142857142857,3,random,,tabicl_impute,0.29698991775512695,,0.8588888888888889,0.3123505711555481,0.9004723538256405,,,,
openml:1590,classification,2100,14,block,0.3,0.2857142857142857,3,random,,tabicl_indicator,0.36699700355529785,,0.8622222222222222,0.3175428807735443,0.8955750517745183,,,,
openml:1590,classification,2100,14,block,0.3,0.2857142857142857,3,random,,tabicl_iterimpute,0.3197004795074463,,0.8611111111111112,0.3128906786441803,0.8997702062469858,,,,
openml:1590,classification,2100,14,block,0.3,0.2857142857142857,3,random,,tabicl_knnimpute,0.5695364475250244,,0.8477777777777777,0.324767529964447,0.8918586342874975,,,,
openml:1590,classification,2100,14,block,0.3,0.2857142857142857,3,random,,tabicl_aware_zero,0.3441751003265381,,0.8577777777777778,0.30899858474731445,0.9028270305540582,,,,
openml:1590,classification,2100,14,block,0.3,0.2857142857142857,3,random,,tabicl_aware,0.3619396686553955,,0.8577777777777778,0.3136720359325409,0.9000858180373911,,,,
openml:1590,classification,2100,14,block,0.3,0.2857142857142857,3,random,,xgboost,0.08333635330200195,,0.8333333333333334,0.3464420437812805,0.8798653862520922,,,,
openml:1590,classification,2100,14,block,0.3,0.2857142857142857,3,random,,catboost,0.38136816024780273,,0.8411111111111111,0.3457411151111748,0.8797838236545718,,,,
openml:1590,classification,2100,14,block,0.5,0.4276190476190476,3,random,,tabicl_impute,0.2978053092956543,,0.8266666666666667,0.37391436100006104,0.8560242843768617,,,,
openml:1590,classification,2100,14,block,0.5,0.4276190476190476,3,random,,tabicl_indicator,0.37250423431396484,,0.8088888888888889,0.3921070694923401,0.8437473403500808,,,,
openml:1590,classification,2100,14,block,0.5,0.4276190476190476,3,random,,tabicl_iterimpute,0.5408134460449219,,0.7733333333333333,0.4376979470252991,0.7971183579676019,,,,
openml:1590,classification,2100,14,block,0.5,0.4276190476190476,3,random,,tabicl_knnimpute,0.5651497840881348,,0.8133333333333334,0.39821818470954895,0.8331867570711226,,,,
openml:1590,classification,2100,14,block,0.5,0.4276190476190476,3,random,,tabicl_aware_zero,0.2972545623779297,,0.8266666666666667,0.37206345796585083,0.8568044483531447,,,,
openml:1590,classification,2100,14,block,0.5,0.4276190476190476,3,random,,tabicl_aware,0.35661864280700684,,0.8188888888888889,0.3741008937358856,0.8561484013730886,,,,
openml:1590,classification,2100,14,block,0.5,0.4276190476190476,3,random,,xgboost,0.07414436340332031,,0.8166666666666667,0.38162755966186523,0.8531518624641832,,,,
openml:1590,classification,2100,14,block,0.5,0.4276190476190476,3,random,,catboost,0.37397027015686035,,0.8177777777777778,0.3841717410822821,0.8522582200913501,,,,
openml:1590,classification,2100,14,block_shift,0.3,0.2857142857142857,3,random,,tabicl_impute,0.28687596321105957,,0.8577777777777778,0.32503804564476013,0.8913692587023745,,,,
openml:1590,classification,2100,14,block_shift,0.3,0.2857142857142857,3,random,,tabicl_indicator,0.3472912311553955,,0.8544444444444445,0.3325613737106323,0.8871457346307696,,,,
openml:1590,classification,2100,14,block_shift,0.3,0.2857142857142857,3,random,,tabicl_iterimpute,0.32994771003723145,,0.8544444444444445,0.3318256437778473,0.8867024596442452,,,,
openml:1590,classification,2100,14,block_shift,0.3,0.2857142857142857,3,random,,tabicl_knnimpute,0.5386574268341064,,0.8566666666666667,0.3384278118610382,0.8813654288064909,,,,
openml:1590,classification,2100,14,block_shift,0.3,0.2857142857142857,3,random,,tabicl_aware_zero,0.2954268455505371,,0.8566666666666667,0.3236366808414459,0.8922061618769326,,,,
openml:1590,classification,2100,14,block_shift,0.3,0.2857142857142857,3,random,,tabicl_aware,0.355499267578125,,0.8588888888888889,0.32522156834602356,0.8920820448807059,,,,
openml:1590,classification,2100,14,block_shift,0.3,0.2857142857142857,3,random,,xgboost,0.09156417846679688,,0.8422222222222222,0.3601383864879608,0.8731240602570285,,,,
openml:1590,classification,2100,14,block_shift,0.3,0.2857142857142857,3,random,,catboost,0.4602031707763672,,0.8511111111111112,0.3452045913506803,0.8775497177224886,,,,
openml:1590,classification,2100,14,block_shift,0.5,0.45280952380952383,3,random,,tabicl_impute,0.2886691093444824,,0.8411111111111111,0.36288654804229736,0.8645741723169451,,,,
openml:1590,classification,2100,14,block_shift,0.5,0.45280952380952383,3,random,,tabicl_indicator,0.3671133518218994,,0.83,0.376555860042572,0.8534568356549121,,,,
openml:1590,classification,2100,14,block_shift,0.5,0.45280952380952383,3,random,,tabicl_iterimpute,0.30431056022644043,,0.8411111111111111,0.3679782748222351,0.855176742602627,,,,
openml:1590,classification,2100,14,block_shift,0.5,0.45280952380952383,3,random,,tabicl_knnimpute,0.5791008472442627,,0.8344444444444444,0.3800344169139862,0.8495453771738206,,,,
openml:1590,classification,2100,14,block_shift,0.5,0.45280952380952383,3,random,,tabicl_aware_zero,0.2946751117706299,,0.8444444444444444,0.361282616853714,0.8649819853045476,,,,
openml:1590,classification,2100,14,block_shift,0.5,0.45280952380952383,3,random,,tabicl_aware,0.3510909080505371,,0.8477777777777777,0.3624560832977295,0.8644606939203948,,,,
openml:1590,classification,2100,14,block_shift,0.5,0.45280952380952383,3,random,,xgboost,0.0980062484741211,,0.82,0.39890289306640625,0.8405167522482907,,,,
openml:1590,classification,2100,14,block_shift,0.5,0.45280952380952383,3,random,,catboost,0.3963749408721924,,0.8177777777777778,0.3937669263706276,0.8457473970892793,,,,
openml:1590,classification,2100,14,none,0.0,0.0,4,random,,tabicl_impute,0.29063987731933594,,0.86,0.2925741374492645,0.9145826831966865,,,,
openml:1590,classification,2100,14,none,0.0,0.0,4,random,,tabicl_indicator,0.30942583084106445,,0.8644444444444445,0.2939823865890503,0.9135862010269795,,,,
openml:1590,classification,2100,14,none,0.0,0.0,4,random,,tabicl_iterimpute,0.34832024574279785,,0.8611111111111112,0.29282593727111816,0.914430196601322,,,,
openml:1590,classification,2100,14,none,0.0,0.0,4,random,,tabicl_knnimpute,0.32547783851623535,,0.8633333333333333,0.29320842027664185,0.9143663650032625,,,,
openml:1590,classification,2100,14,none,0.0,0.0,4,random,,tabicl_aware_zero,0.2918736934661865,,0.8622222222222222,0.291875958442688,0.9150968821810549,,,,
openml:1590,classification,2100,14,none,0.0,0.0,4,random,,tabicl_aware,0.35093235969543457,,0.8622222222222222,0.29269304871559143,0.9150153195835343,,,,
openml:1590,classification,2100,14,none,0.0,0.0,4,random,,xgboost,0.06975817680358887,,0.8533333333333334,0.3264119029045105,0.8980041987006723,,,,
openml:1590,classification,2100,14,none,0.0,0.0,4,random,,catboost,0.3718564510345459,,0.8477777777777777,0.3176025918905408,0.9009120826122726,,,,
openml:1590,classification,2100,14,block,0.3,0.2857142857142857,4,random,,tabicl_impute,0.2946600914001465,,0.8511111111111112,0.34956803917884827,0.877719935317314,,,,
openml:1590,classification,2100,14,block,0.3,0.2857142857142857,4,random,,tabicl_indicator,0.3589653968811035,,0.8388888888888889,0.3547302782535553,0.8753617123890037,,,,
openml:1590,classification,2100,14,block,0.3,0.2857142857142857,4,random,,tabicl_iterimpute,0.30744194984436035,,0.8511111111111112,0.3508125841617584,0.8756383159805953,,,,
openml:1590,classification,2100,14,block,0.3,0.2857142857142857,4,random,,tabicl_knnimpute,0.5344946384429932,,0.8411111111111111,0.3643910586833954,0.863067037362762,,,,
openml:1590,classification,2100,14,block,0.3,0.2857142857142857,4,random,,tabicl_aware_zero,0.2971789836883545,,0.8522222222222222,0.3482034504413605,0.8788157110840022,,,,
openml:1590,classification,2100,14,block,0.3,0.2857142857142857,4,random,,tabicl_aware,0.3571782112121582,,0.85,0.3498777747154236,0.8766915373485772,,,,
openml:1590,classification,2100,14,block,0.3,0.2857142857142857,4,random,,xgboost,0.0722951889038086,,0.8366666666666667,0.36453986167907715,0.8679749780135606,,,,
openml:1590,classification,2100,14,block,0.3,0.2857142857142857,4,random,,catboost,0.36918210983276367,,0.8333333333333334,0.36162593636632706,0.867889869216148,,,,
openml:1590,classification,2100,14,block,0.5,0.48595238095238097,4,random,,tabicl_impute,0.29561352729797363,,0.8355555555555556,0.3548579514026642,0.8700601435501715,,,,
openml:1590,classification,2100,14,block,0.5,0.48595238095238097,4,random,,tabicl_indicator,0.37455248832702637,,0.8255555555555556,0.38694658875465393,0.8398642514681267,,,,
openml:1590,classification,2100,14,block,0.5,0.48595238095238097,4,random,,tabicl_iterimpute,0.6286873817443848,,0.8144444444444444,0.38045430183410645,0.8512333683225057,,,,
openml:1590,classification,2100,14,block,0.5,0.48595238095238097,4,random,,tabicl_knnimpute,0.6255443096160889,,0.8355555555555556,0.3618115484714508,0.8628507191693381,,,,
openml:1590,classification,2100,14,block,0.5,0.48595238095238097,4,random,,tabicl_aware_zero,0.29608941078186035,,0.8455555555555555,0.35068732500076294,0.8741772816250105,,,,
openml:1590,classification,2100,14,block,0.5,0.48595238095238097,4,random,,tabicl_aware,0.34769463539123535,,0.8344444444444444,0.34963279962539673,0.8742872138216687,,,,
openml:1590,classification,2100,14,block,0.5,0.48595238095238097,4,random,,xgboost,0.07769107818603516,,0.8222222222222222,0.3828441798686981,0.8524071604868224,,,,
openml:1590,classification,2100,14,block,0.5,0.48595238095238097,4,random,,catboost,0.3792893886566162,,0.8233333333333334,0.38572485197795714,0.8494141677778093,,,,
openml:1590,classification,2100,14,block_shift,0.3,0.2857142857142857,4,random,,tabicl_impute,0.2902965545654297,,0.8477777777777777,0.32699286937713623,0.8931281738489035,,,,
openml:1590,classification,2100,14,block_shift,0.3,0.2857142857142857,4,random,,tabicl_indicator,0.3473055362701416,,0.8477777777777777,0.32860293984413147,0.8924189338704644,,,,
openml:1590,classification,2100,14,block_shift,0.3,0.2857142857142857,4,random,,tabicl_iterimpute,0.31772613525390625,,0.8455555555555555,0.3277340233325958,0.8926104286646429,,,,
openml:1590,classification,2100,14,block_shift,0.3,0.2857142857142857,4,random,,tabicl_knnimpute,0.5187017917633057,,0.84,0.33440449833869934,0.8903231297341767,,,,
openml:1590,classification,2100,14,block_shift,0.3,0.2857142857142857,4,random,,tabicl_aware_zero,0.33519744873046875,,0.85,0.32556137442588806,0.8942133110159153,,,,
openml:1590,classification,2100,14,block_shift,0.3,0.2857142857142857,4,random,,tabicl_aware,0.35598015785217285,,0.8477777777777777,0.32576510310173035,0.8952523475843286,,,,
openml:1590,classification,2100,14,block_shift,0.3,0.2857142857142857,4,random,,xgboost,0.09575676918029785,,0.8377777777777777,0.37651780247688293,0.8686487559930778,,,,
openml:1590,classification,2100,14,block_shift,0.3,0.2857142857142857,4,random,,catboost,0.38588404655456543,,0.8344444444444444,0.3653607644588032,0.8721382166869982,,,,
openml:1590,classification,2100,14,block_shift,0.5,0.5,4,random,,tabicl_impute,0.2875854969024658,,0.8422222222222222,0.36246439814567566,0.8640386961332236,,,,
openml:1590,classification,2100,14,block_shift,0.5,0.5,4,random,,tabicl_indicator,0.3709988594055176,,0.8277777777777777,0.3902330994606018,0.8428253283781101,,,,
openml:1590,classification,2100,14,block_shift,0.5,0.5,4,random,,tabicl_iterimpute,0.49673891067504883,,0.8344444444444444,0.38082611560821533,0.8483857698090727,,,,
openml:1590,classification,2100,14,block_shift,0.5,0.5,4,random,,tabicl_knnimpute,0.5726971626281738,,0.8277777777777777,0.376364141702652,0.8537759936452097,,,,
openml:1590,classification,2100,14,block_shift,0.5,0.5,4,random,,tabicl_aware_zero,0.2944467067718506,,0.8377777777777777,0.3614276051521301,0.8661735084683253,,,,
openml:1590,classification,2100,14,block_shift,0.5,0.5,4,random,,tabicl_aware,0.34423017501831055,,0.8377777777777777,0.36328813433647156,0.8641202587307442,,,,
openml:1590,classification,2100,14,block_shift,0.5,0.5,4,random,,xgboost,0.09733033180236816,,0.8166666666666667,0.39194703102111816,0.8396514794745951,,,,
openml:1590,classification,2100,14,block_shift,0.5,0.5,4,random,,catboost,0.42481470108032227,,0.8288888888888889,0.37710727942541983,0.8517050129081677,,,,
openml:531,regression,354,13,none,0.0,0.0,0,random,,tabicl_impute,0.24192070960998535,,,,,3.4073684493191743,0.8683432484899678,0.8421052631578947,0.5755900535027526
openml:531,regression,354,13,none,0.0,0.0,0,random,,tabicl_indicator,0.23696160316467285,,,,,3.4073684493191743,0.8683432484899678,0.8421052631578947,0.5755900535027526
openml:531,regression,354,13,none,0.0,0.0,0,random,,tabicl_iterimpute,0.24734997749328613,,,,,3.4073684493191743,0.8683432484899678,0.8421052631578947,0.5755900535027526
openml:531,regression,354,13,none,0.0,0.0,0,random,,tabicl_knnimpute,0.23809289932250977,,,,,3.4073684493191743,0.8683432484899678,0.8421052631578947,0.5755900535027526
openml:531,regression,354,13,none,0.0,0.0,0,random,,tabicl_aware_zero,0.23753809928894043,,,,,3.4073684493191743,0.8683432484899678,0.8421052631578947,0.5755900535027526
openml:531,regression,354,13,none,0.0,0.0,0,random,,tabicl_aware,0.30026888847351074,,,,,3.299690607811654,0.8765328620862434,0.8289473684210527,0.5707800902370705
openml:531,regression,354,13,none,0.0,0.0,0,random,,xgboost,0.07357573509216309,,,,,3.489663258351712,0.8619068992067158,,
openml:531,regression,354,13,none,0.0,0.0,0,random,,catboost,0.21103644371032715,,,,,3.24099931317918,0.8808859976284427,,
openml:531,regression,354,13,block,0.3,0.3076923076923077,0,random,,tabicl_impute,0.2396247386932373,,,,,4.063908665888162,0.8127193890671939,0.8026315789473685,0.8707023674975412
openml:531,regression,354,13,block,0.3,0.3076923076923077,0,random,,tabicl_indicator,0.2652130126953125,,,,,4.072923763095674,0.8118875664476659,0.7960526315789473,0.8891734470045144
openml:531,regression,354,13,block,0.3,0.3076923076923077,0,random,,tabicl_iterimpute,0.4158146381378174,,,,,4.243744777682295,0.7957775631311708,0.7763157894736842,0.9797437056274844
openml:531,regression,354,13,block,0.3,0.3076923076923077,0,random,,tabicl_knnimpute,0.25917506217956543,,,,,4.404379757323765,0.7800244280437946,0.7763157894736842,0.9139646169600064
openml:531,regression,354,13,block,0.3,0.3076923076923077,0,random,,tabicl_aware_zero,0.23805451393127441,,,,,4.038131115794919,0.8150877121643021,0.8026315789473685,0.8526497973463493
openml:531,regression,354,13,block,0.3,0.3076923076923077,0,random,,tabicl_aware,0.3019843101501465,,,,,3.962427491109965,0.8219558962138693,0.7960526315789473,0.8454723263503459
openml:531,regression,354,13,block,0.3,0.3076923076923077,0,random,,xgboost,0.09361743927001953,,,,,4.081889233016718,0.8110584949138058,,
openml:531,regression,354,13,block,0.3,0.3076923076923077,0,random,,catboost,0.2140059471130371,,,,,3.742739245316628,0.8411511474987784,,
openml:531,regression,354,13,block,0.5,0.46153846153846156,0,random,,tabicl_impute,0.24413490295410156,,,,,4.696515321188777,0.7498753887791355,0.7960526315789473,0.9741265809059055
openml:531,regression,354,13,block,0.5,0.46153846153846156,0,random,,tabicl_indicator,0.2874164581298828,,,,,4.681042241393887,0.751520788592025,0.7894736842105263,0.9809419565104897
openml:531,regression,354,13,block,0.5,0.46153846153846156,0,random,,tabicl_iterimpute,0.32283759117126465,,,,,4.757416769366037,0.7433464132941987,0.8355263157894737,1.0423375125807948
openml:531,regression,354,13,block,0.5,0.46153846153846156,0,random,,tabicl_knnimpute,0.24999690055847168,,,,,4.905201683296612,0.7271533179268999,0.8223684210526315,0.9917128091590754
openml:531,regression,354,13,block,0.5,0.46153846153846156,0,random,,tabicl_aware_zero,0.24272608757019043,,,,,4.665627291324281,0.7531546076204152,0.7763157894736842,0.9480437291993377
openml:531,regression,354,13,block,0.5,0.46153846153846156,0,random,,tabicl_aware,0.3050270080566406,,,,,4.592510069528684,0.7608308422547906,0.7894736842105263,0.9492453314069585
openml:531,regression,354,13,block,0.5,0.46153846153846156,0,random,,xgboost,0.07498550415039062,,,,,4.783937608800175,0.7404769397019717,,
openml:531,regression,354,13,block,0.5,0.46153846153846156,0,random,,catboost,0.20738434791564941,,,,,4.434484856701129,0.7770069682873402,,
openml:531,regression,354,13,block_shift,0.3,0.23076923076923078,0,random,,tabicl_impute,0.24488306045532227,,,,,4.504663831205101,0.7698930623486543,0.8092105263157895,0.9787862423403435
openml:531,regression,354,13,block_shift,0.3,0.23076923076923078,0,random,,tabicl_indicator,0.26016950607299805,,,,,4.585375512874591,0.7615733732207217,0.8092105263157895,0.9852483070862129
openml:531,regression,354,13,block_shift,0.3,0.23076923076923078,0,random,,tabicl_iterimpute,0.2723851203918457,,,,,4.341403392720548,0.7862701296469022,0.8092105263157895,0.9874393624977597
openml:531,regression,354,13,block_shift,0.3,0.23076923076923078,0,random,,tabicl_knnimpute,0.2450239658355713,,,,,4.422074081483769,0.7782534010804802,0.8421052631578947,1.0196210156729268
openml:531,regression,354,13,block_shift,0.3,0.23076923076923078,0,random,,tabicl_aware_zero,0.27490973472595215,,,,,4.541788882113779,0.7660845943123602,0.8092105263157895,0.9654684845392116
openml:531,regression,354,13,block_shift,0.3,0.23076923076923078,0,random,,tabicl_aware,0.2964589595794678,,,,,4.49567823609155,0.7708101499053813,0.8289473684210527,0.9770980887317159
openml:531,regression,354,13,block_shift,0.3,0.23076923076923078,0,random,,xgboost,0.0917823314666748,,,,,5.36221480934414,0.673943129994512,,
openml:531,regression,354,13,block_shift,0.3,0.23076923076923078,0,random,,catboost,0.23939037322998047,,,,,4.572991989362656,0.7628594510143525,,
openml:531,regression,354,13,block_shift,0.5,0.46153846153846156,0,random,,tabicl_impute,0.23946142196655273,,,,,3.776922125315075,0.8382363266062927,0.8289473684210527,1.0640846642324302
openml:531,regression,354,13,block_shift,0.5,0.46153846153846156,0,random,,tabicl_indicator,0.29137468338012695,,,,,3.7245865855980322,0.8426882764704526,0.8092105263157895,1.0556862447457978
openml:531,regression,354,13,block_shift,0.5,0.46153846153846156,0,random,,tabicl_iterimpute,0.2690083980560303,,,,,4.437194580209166,0.7767343620680578,0.7105263157894737,1.0456696432462993
openml:531,regression,354,13,block_shift,0.5,0.46153846153846156,0,random,,tabicl_knnimpute,0.2517204284667969,,,,,4.136129231864209,0.8060038375228857,0.8486842105263158,1.1205511326802633
openml:531,regression,354,13,block_shift,0.5,0.46153846153846156,0,random,,tabicl_aware_zero,0.2387535572052002,,,,,3.811738194875276,0.835240271516499,0.8026315789473685,1.0365372836688558
openml:531,regression,354,13,block_shift,0.5,0.46153846153846156,0,random,,tabicl_aware,0.3009359836578369,,,,,3.8181928435411345,0.8346818036872463,0.8157894736842105,1.0257447997432059
openml:531,regression,354,13,block_shift,0.5,0.46153846153846156,0,random,,xgboost,0.09330129623413086,,,,,4.293831569056873,0.7909284451461147,,
openml:531,regression,354,13,block_shift,0.5,0.46153846153846156,0,random,,catboost,0.22763776779174805,,,,,4.578884352634171,0.7622479395591777,,
openml:531,regression,354,13,none,0.0,0.0,1,random,,tabicl_impute,0.24306583404541016,,,,,2.768077812469247,0.9054523728841319,0.8223684210526315,0.6498066019510961
openml:531,regression,354,13,none,0.0,0.0,1,random,,tabicl_indicator,0.24064922332763672,,,,,2.768077812469247,0.9054523728841319,0.8223684210526315,0.6498066019510961
openml:531,regression,354,13,none,0.0,0.0,1,random,,tabicl_iterimpute,0.2502918243408203,,,,,2.768077812469247,0.9054523728841319,0.8223684210526315,0.6498066019510961
openml:531,regression,354,13,none,0.0,0.0,1,random,,tabicl_knnimpute,0.24010229110717773,,,,,2.768077812469247,0.9054523728841319,0.8223684210526315,0.6498066019510961
openml:531,regression,354,13,none,0.0,0.0,1,random,,tabicl_aware_zero,0.2398357391357422,,,,,2.768077812469247,0.9054523728841319,0.8223684210526315,0.6498066019510961
openml:531,regression,354,13,none,0.0,0.0,1,random,,tabicl_aware,0.30222606658935547,,,,,2.890065359281575,0.8969354350876735,0.8223684210526315,0.6445765519829192
openml:531,regression,354,13,none,0.0,0.0,1,random,,xgboost,0.07756543159484863,,,,,2.893635924146873,0.8966806131423519,,
openml:531,regression,354,13,none,0.0,0.0,1,random,,catboost,0.20578789710998535,,,,,2.9217150626739516,0.8946657119380619,,
openml:531,regression,354,13,block,0.3,0.3076923076923077,1,random,,tabicl_impute,0.2420060634613037,,,,,4.3254131487167395,0.7691397097011687,0.7697368421052632,0.8824622806345096
openml:531,regression,354,13,block,0.3,0.3076923076923077,1,random,,tabicl_indicator,0.28313541412353516,,,,,4.404644328237039,0.7606046361190355,0.7828947368421053,0.8900244247093605
openml:531,regression,354,13,block,0.3,0.3076923076923077,1,random,,tabicl_iterimpute,0.2890746593475342,,,,,4.043916073991266,0.7982106167995484,0.8157894736842105,0.957819250004018
openml:531,regression,354,13,block,0.3,0.3076923076923077,1,random,,tabicl_knnimpute,0.2579667568206787,,,,,4.272484748756529,0.7747550372466995,0.7828947368421053,0.9516830690763864
openml:531,regression,354,13,block,0.3,0.3076923076923077,1,random,,tabicl_aware_zero,0.2430281639099121,,,,,4.209453457122108,0.7813520201126583,0.75,0.887301370609015
openml:531,regression,354,13,block,0.3,0.3076923076923077,1,random,,tabicl_aware,0.306088924407959,,,,,4.071012026325793,0.7954974084734852,0.756578947368421,0.880281517336929
openml:531,regression,354,13,block,0.3,0.3076923076923077,1,random,,xgboost,0.0860896110534668,,,,,4.716483023692229,0.7255074281043554,,
openml:531,regression,354,13,block,0.3,0.3076923076923077,1,random,,catboost,0.21969127655029297,,,,,4.192242202335863,0.7831363433224591,,
openml:531,regression,354,13,block,0.5,0.4350866524779568,1,random,,tabicl_impute,0.23864483833312988,,,,,5.774955831997385,0.5884795903521208,0.6907894736842105,0.8954624817084473
openml:531,regression,354,13,block,0.5,0.4350866524779568,1,random,,tabicl_indicator,0.33253002166748047,,,,,5.804039610011307,0.5843241624712416,0.6842105263157895,0.8893292670129856
openml:531,regression,354,13,block,0.5,0.4350866524779568,1,random,,tabicl_iterimpute,0.2972249984741211,,,,,5.875566261189339,0.574015789461972,0.7039473684210527,0.939598957027045
openml:531,regression,354,13,block,0.5,0.4350866524779568,1,random,,tabicl_knnimpute,0.25119686126708984,,,,,5.980443429073978,0.558672674400995,0.75,1.0133505062030588
openml:531,regression,354,13,block,0.5,0.4350866524779568,1,random,,tabicl_aware_zero,0.23844647407531738,,,,,5.823414103874253,0.581544391403283,0.6776315789473685,0.8653677787028543
openml:531,regression,354,13,block,0.5,0.4350866524779568,1,random,,tabicl_aware,0.301760196685791,,,,,5.8629921500175035,0.5758371088316931,0.6842105263157895,0.8635612903429898
openml:531,regression,354,13,block,0.5,0.4350866524779568,1,random,,xgboost,0.08038020133972168,,,,,5.957343173639762,0.5620754604115219,,
openml:531,regression,354,13,block,0.5,0.4350866524779568,1,random,,catboost,0.203873872756958,,,,,5.91780579169344,0.5678689605227307,,
openml:531,regression,354,13,block_shift,0.3,0.28412891456369715,1,random,,tabicl_impute,0.23985695838928223,,,,,4.241487942193651,0.7780114785244782,0.8026315789473685,1.0172656148566588
openml:531,regression,354,13,block_shift,0.3,0.28412891456369715,1,random,,tabicl_indicator,0.27291250228881836,,,,,4.171580634333579,0.7852687112763417,0.7960526315789473,1.0283529669600706
openml:531,regression,354,13,block_shift,0.3,0.28412891456369715,1,random,,tabicl_iterimpute,0.27840542793273926,,,,,4.547603534164953,0.74481259484186,0.756578947368421,1.0455395280258541
openml:531,regression,354,13,block_shift,0.3,0.28412891456369715,1,random,,tabicl_knnimpute,0.24416303634643555,,,,,4.8808115430561445,0.7060468466572056,0.7631578947368421,1.0130806850124665
openml:531,regression,354,13,block_shift,0.3,0.28412891456369715,1,random,,tabicl_aware_zero,0.23714971542358398,,,,,4.226702434615516,0.7795564515328027,0.8026315789473685,1.0107388447143772
openml:531,regression,354,13,block_shift,0.3,0.28412891456369715,1,random,,tabicl_aware,0.3001387119293213,,,,,4.274921451316357,0.7744980385574948,0.8026315789473685,1.0177218849264982
openml:531,regression,354,13,block_shift,0.3,0.28412891456369715,1,random,,xgboost,0.10401558876037598,,,,,5.351368498240978,0.6466348134089648,,
openml:531,regression,354,13,block_shift,0.3,0.28412891456369715,1,random,,catboost,0.2343297004699707,,,,,4.752008431914055,0.7213567991254202,,
openml:531,regression,354,13,block_shift,0.5,0.4350866524779568,1,random,,tabicl_impute,0.24089670181274414,,,,,5.09613664224585,0.6795382694868959,0.6644736842105263,0.8888041379820606
openml:531,regression,354,13,block_shift,0.5,0.4350866524779568,1,random,,tabicl_indicator,0.2756187915802002,,,,,4.947868055119018,0.6979142322224905,0.6644736842105263,0.8801244659372223
openml:531,regression,354,13,block_shift,0.5,0.4350866524779568,1,random,,tabicl_iterimpute,0.33966660499572754,,,,,5.341947678172426,0.6478778821983104,0.6447368421052632,0.9225288205739277
openml:531,regression,354,13,block_shift,0.5,0.4350866524779568,1,random,,tabicl_knnimpute,0.25119781494140625,,,,,5.4209679643215285,0.6373833621966694,0.7236842105263158,1.0769852968163778
openml:531,regression,354,13,block_shift,0.5,0.4350866524779568,1,random,,tabicl_aware_zero,0.237626314163208,,,,,5.03123508237357,0.6876487377870016,0.6381578947368421,0.8935226718062347
openml:531,regression,354,13,block_shift,0.5,0.4350866524779568,1,random,,tabicl_aware,0.34356164932250977,,,,,4.993601608911385,0.6923040161633638,0.6710526315789473,0.8965491820512411
openml:531,regression,354,13,block_shift,0.5,0.4350866524779568,1,random,,xgboost,0.09506940841674805,,,,,5.9134826207143485,0.5685001045817266,,
openml:531,regression,354,13,block_shift,0.5,0.4350866524779568,1,random,,catboost,0.22681331634521484,,,,,5.50203629756453,0.6264567031317255,,
openml:531,regression,354,13,none,0.0,0.0,2,random,,tabicl_impute,0.24303197860717773,,,,,2.856142181357254,0.8725107878214942,0.75,0.6574282416187254
openml:531,regression,354,13,none,0.0,0.0,2,random,,tabicl_indicator,0.23962855339050293,,,,,2.856142181357254,0.8725107878214942,0.75,0.6574282416187254
openml:531,regression,354,13,none,0.0,0.0,2,random,,tabicl_iterimpute,0.24939990043640137,,,,,2.856142181357254,0.8725107878214942,0.75,0.6574282416187254
openml:531,regression,354,13,none,0.0,0.0,2,random,,tabicl_knnimpute,0.24071788787841797,,,,,2.856142181357254,0.8725107878214942,0.75,0.6574282416187254
openml:531,regression,354,13,none,0.0,0.0,2,random,,tabicl_aware_zero,0.23829340934753418,,,,,2.856142181357254,0.8725107878214942,0.75,0.6574282416187254
openml:531,regression,354,13,none,0.0,0.0,2,random,,tabicl_aware,0.3038778305053711,,,,,2.872798489761982,0.8710194814641394,0.756578947368421,0.6520993687781614
openml:531,regression,354,13,none,0.0,0.0,2,random,,xgboost,0.07728457450866699,,,,,3.6279249269501377,0.7943018555175491,,
openml:531,regression,354,13,none,0.0,0.0,2,random,,catboost,0.20807957649230957,,,,,2.8126887840158967,0.8763605245905307,,
openml:531,regression,354,13,block,0.3,0.233201581027668,2,random,,tabicl_impute,0.24339795112609863,,,,,3.2391532911546923,0.8360253194650629,0.8421052631578947,0.8686039481798197
openml:531,regression,354,13,block,0.3,0.233201581027668,2,random,,tabicl_indicator,0.257763147354126,,,,,3.2649063921971724,0.8334075714400578,0.8421052631578947,0.8628814037702569
openml:531,regression,354,13,block,0.3,0.233201581027668,2,random,,tabicl_iterimpute,0.3011035919189453,,,,,3.643627722424188,0.7925173499057032,0.8223684210526315,0.9195530609373568
openml:531,regression,354,13,block,0.3,0.233201581027668,2,random,,tabicl_knnimpute,0.2563951015472412,,,,,3.321675092921403,0.8275639400332608,0.8355263157894737,0.9162411885826568
openml:531,regression,354,13,block,0.3,0.233201581027668,2,random,,tabicl_aware_zero,0.2415790557861328,,,,,3.1115270979803955,0.8486923221565787,0.8223684210526315,0.8534433007756398
openml:531,regression,354,13,block,0.3,0.233201581027668,2,random,,tabicl_aware,0.30289721488952637,,,,,3.227824249181522,0.8371703269599394,0.8289473684210527,0.8450336081245067
openml:531,regression,354,13,block,0.3,0.233201581027668,2,random,,xgboost,0.0811307430267334,,,,,3.8399178413699366,0.7695601119188831,,
openml:531,regression,354,13,block,0.3,0.233201581027668,2,random,,catboost,0.21535277366638184,,,,,3.644056751257555,0.7924684858137525,,
openml:531,regression,354,13,block,0.5,0.43402249923989056,2,random,,tabicl_impute,0.24496674537658691,,,,,4.7758757472648785,0.6435325908393714,0.7828947368421053,1.2840860785561599
openml:531,regression,354,13,block,0.5,0.43402249923989056,2,random,,tabicl_indicator,0.2810544967651367,,,,,4.827577576778566,0.6357728515145925,0.7697368421052632,1.2926029519282287
openml:531,regression,354,13,block,0.5,0.43402249923989056,2,random,,tabicl_iterimpute,0.3831651210784912,,,,,5.64603094112268,0.5018039285033279,0.7631578947368421,1.3640405119310786
openml:531,regression,354,13,block,0.5,0.43402249923989056,2,random,,tabicl_knnimpute,0.25159335136413574,,,,,5.252932250616294,0.5687616357082852,0.7828947368421053,1.3983489534026816
openml:531,regression,354,13,block,0.5,0.43402249923989056,2,random,,tabicl_aware_zero,0.24005985260009766,,,,,4.778381433446908,0.6431584480356618,0.7763157894736842,1.2764606292668905
openml:531,regression,354,13,block,0.5,0.43402249923989056,2,random,,tabicl_aware,0.3051459789276123,,,,,4.770968817542107,0.6442647128786616,0.7763157894736842,1.260698625292744
openml:531,regression,354,13,block,0.5,0.43402249923989056,2,random,,xgboost,0.08113789558410645,,,,,5.1432113477332795,0.586588519494249,,
openml:531,regression,354,13,block,0.5,0.43402249923989056,2,random,,catboost,0.18741106986999512,,,,,5.1433400013563215,0.5865678368715086,,
openml:531,regression,354,13,block_shift,0.3,0.3076923076923077,2,random,,tabicl_impute,0.28104591369628906,,,,,5.340105704683731,0.5543298997754293,0.8092105263157895,1.3413078267648588
openml:531,regression,354,13,block_shift,0.3,0.3076923076923077,2,random,,tabicl_indicator,0.2614469528198242,,,,,5.292551834583518,0.5622319809059275,0.8026315789473685,1.357575809581777
openml:531,regression,354,13,block_shift,0.3,0.3076923076923077,2,random,,tabicl_iterimpute,0.30324220657348633,,,,,5.5134035853573184,0.5249346452565828,0.8355263157894737,1.4331320182892406
openml:531,regression,354,13,block_shift,0.3,0.3076923076923077,2,random,,tabicl_knnimpute,0.254533052444458,,,,,5.329378556482729,0.5561186162160818,0.8157894736842105,1.5478707087723085
openml:531,regression,354,13,block_shift,0.3,0.3076923076923077,2,random,,tabicl_aware_zero,0.2403700351715088,,,,,5.301557654204508,0.5607408990274941,0.8421052631578947,1.3664700210870626
openml:531,regression,354,13,block_shift,0.3,0.3076923076923077,2,random,,tabicl_aware,0.30199766159057617,,,,,5.230711072172892,0.5724024046252443,0.8157894736842105,1.3563850186577429
openml:531,regression,354,13,block_shift,0.3,0.3076923076923077,2,random,,xgboost,0.0923011302947998,,,,,5.144304597863656,0.5864127498595438,,
openml:531,regression,354,13,block_shift,0.3,0.3076923076923077,2,random,,catboost,0.23982763290405273,,,,,5.422927748094699,0.5403985106656077,,
openml:531,regression,354,13,block_shift,0.5,0.4378230465186987,2,random,,tabicl_impute,0.2422323226928711,,,,,5.823201747325708,0.4700468665569223,0.8157894736842105,1.428414755124317
openml:531,regression,354,13,block_shift,0.5,0.4378230465186987,2,random,,tabicl_indicator,0.28175878524780273,,,,,5.84534133442884,0.4660094836302793,0.8355263157894737,1.4553928221501613
openml:531,regression,354,13,block_shift,0.5,0.4378230465186987,2,random,,tabicl_iterimpute,0.3649306297302246,,,,,6.21710029871586,0.3959268416666666,0.8092105263157895,1.4301218972189549
openml:531,regression,354,13,block_shift,0.5,0.4378230465186987,2,random,,tabicl_knnimpute,0.24770808219909668,,,,,5.629444408952192,0.5047267631465268,0.8421052631578947,1.5937844736447253
openml:531,regression,354,13,block_shift,0.5,0.4378230465186987,2,random,,tabicl_aware_zero,0.23663616180419922,,,,,5.790333021433348,0.4760125620933511,0.8157894736842105,1.368723319892053
openml:531,regression,354,13,block_shift,0.5,0.4378230465186987,2,random,,tabicl_aware,0.3043019771575928,,,,,5.806260223964087,0.473125981297601,0.8157894736842105,1.3994832330233526
openml:531,regression,354,13,block_shift,0.5,0.4378230465186987,2,random,,xgboost,0.0908498764038086,,,,,6.296914611386773,0.3803172609754133,,
openml:531,regression,354,13,block_shift,0.5,0.4378230465186987,2,random,,catboost,0.23962783813476562,,,,,5.873886703038531,0.4607813286693152,,
openml:531,regression,354,13,none,0.0,0.0,3,random,,tabicl_impute,0.24273324012756348,,,,,2.467289155044798,0.9220558089790388,0.7763157894736842,0.6000731445888681
openml:531,regression,354,13,none,0.0,0.0,3,random,,tabicl_indicator,0.23962044715881348,,,,,2.467289155044798,0.9220558089790388,0.7763157894736842,0.6000731445888681
openml:531,regression,354,13,none,0.0,0.0,3,random,,tabicl_iterimpute,0.2491464614868164,,,,,2.467289155044798,0.9220558089790388,0.7763157894736842,0.6000731445888681
openml:531,regression,354,13,none,0.0,0.0,3,random,,tabicl_knnimpute,0.23983359336853027,,,,,2.467289155044798,0.9220558089790388,0.7763157894736842,0.6000731445888681
openml:531,regression,354,13,none,0.0,0.0,3,random,,tabicl_aware_zero,0.2403101921081543,,,,,2.467289155044798,0.9220558089790388,0.7763157894736842,0.6000731445888681
openml:531,regression,354,13,none,0.0,0.0,3,random,,tabicl_aware,0.3031177520751953,,,,,2.454697518193826,0.922849344327994,0.7697368421052632,0.5968592933303034
openml:531,regression,354,13,none,0.0,0.0,3,random,,xgboost,0.08784079551696777,,,,,3.1730550909753275,0.87108635766782,,
openml:531,regression,354,13,none,0.0,0.0,3,random,,catboost,0.20634698867797852,,,,,2.7856270557759846,0.9006450296357418,,
openml:531,regression,354,13,block,0.3,0.3076923076923077,3,random,,tabicl_impute,0.24558281898498535,,,,,3.9395280192624202,0.801284363735367,0.7763157894736842,0.9479366624090259
openml:531,regression,354,13,block,0.3,0.3076923076923077,3,random,,tabicl_indicator,0.29581546783447266,,,,,3.875902811154069,0.8076512309711955,0.8092105263157895,0.9590912579044274
openml:531,regression,354,13,block,0.3,0.3076923076923077,3,random,,tabicl_iterimpute,0.2727386951446533,,,,,4.359097337599333,0.7567029809193465,0.8289473684210527,1.0604217801964073
openml:531,regression,354,13,block,0.3,0.3076923076923077,3,random,,tabicl_knnimpute,0.2489149570465088,,,,,4.019406932572724,0.7931442446669282,0.7828947368421053,1.0495978287227719
openml:531,regression,354,13,block,0.3,0.3076923076923077,3,random,,tabicl_aware_zero,0.23956084251403809,,,,,3.8478141193898154,0.8104290344366395,0.7960526315789473,0.9301431795562219
openml:531,regression,354,13,block,0.3,0.3076923076923077,3,random,,tabicl_aware,0.3484339714050293,,,,,3.8303162145536267,0.8121492591570707,0.7894736842105263,0.9397158851315611
openml:531,regression,354,13,block,0.3,0.3076923076923077,3,random,,xgboost,0.0871880054473877,,,,,4.4137586990576185,0.7505630271462878,,
openml:531,regression,354,13,block,0.3,0.3076923076923077,3,random,,catboost,0.19553589820861816,,,,,3.8573813509280193,0.8094851613574997,,
openml:531,regression,354,13,block,0.5,0.46153846153846156,3,random,,tabicl_impute,0.24790406227111816,,,,,4.291806594154747,0.7641564845954925,0.756578947368421,1.017314173771174
openml:531,regression,354,13,block,0.5,0.46153846153846156,3,random,,tabicl_indicator,0.2904536724090576,,,,,4.343135668018739,0.7584814760403316,0.75,1.018679267398897
openml:531,regression,354,13,block,0.5,0.46153846153846156,3,random,,tabicl_iterimpute,0.37979555130004883,,,,,4.5018177779762505,0.7405106859153143,0.7302631578947368,1.0794174087419253
openml:531,regression,354,13,block,0.5,0.46153846153846156,3,random,,tabicl_knnimpute,0.26467108726501465,,,,,5.248354161485726,0.6473126184221671,0.7697368421052632,1.2466537880800475
openml:531,regression,354,13,block,0.5,0.46153846153846156,3,random,,tabicl_aware_zero,0.24622297286987305,,,,,4.320311256773393,0.761013302633121,0.756578947368421,0.9969621925136521
openml:531,regression,354,13,block,0.5,0.46153846153846156,3,random,,tabicl_aware,0.3039984703063965,,,,,4.341245538264766,0.7586916476990669,0.7368421052631579,0.9727918339499371
openml:531,regression,354,13,block,0.5,0.46153846153846156,3,random,,xgboost,0.07337474822998047,,,,,4.891145978263503,0.693687370335256,,
openml:531,regression,354,13,block,0.5,0.46153846153846156,3,random,,catboost,0.20168757438659668,,,,,4.721767156596916,0.7145350526003527,,
openml:531,regression,354,13,block_shift,0.3,0.3076923076923077,3,random,,tabicl_impute,0.2471911907196045,,,,,3.971839340025715,0.798011334261943,0.8421052631578947,1.1232182453224542
openml:531,regression,354,13,block_shift,0.3,0.3076923076923077,3,random,,tabicl_indicator,0.2895040512084961,,,,,4.0010800112589315,0.7950263065784018,0.8289473684210527,1.1369543245935385
openml:531,regression,354,13,block_shift,0.3,0.3076923076923077,3,random,,tabicl_iterimpute,0.31738758087158203,,,,,4.534636828950358,0.7367134485648055,0.8092105263157895,1.2376682346334387
openml:531,regression,354,13,block_shift,0.3,0.3076923076923077,3,random,,tabicl_knnimpute,0.2595365047454834,,,,,4.242946944831939,0.7694957927212234,0.7960526315789473,1.1611281363585255
openml:531,regression,354,13,block_shift,0.3,0.3076923076923077,3,random,,tabicl_aware_zero,0.2391810417175293,,,,,3.8818116040688713,0.8070643146162362,0.8223684210526315,1.0992801145442617
openml:531,regression,354,13,block_shift,0.3,0.3076923076923077,3,random,,tabicl_aware,0.29947376251220703,,,,,3.9882539417602274,0.7963383488217677,0.8223684210526315,1.1074965753201367
openml:531,regression,354,13,block_shift,0.3,0.3076923076923077,3,random,,xgboost,0.11306476593017578,,,,,4.966883510889806,0.684127655889823,,
openml:531,regression,354,13,block_shift,0.3,0.3076923076923077,3,random,,catboost,0.21205782890319824,,,,,4.222740319927389,0.7716860728090884,,
openml:531,regression,354,13,block_shift,0.5,0.43645484949832775,3,random,,tabicl_impute,0.24075651168823242,,,,,4.999470029594792,0.6799693358661408,0.7631578947368421,1.4153227063832305
openml:531,regression,354,13,block_shift,0.5,0.43645484949832775,3,random,,tabicl_indicator,0.27543115615844727,,,,,5.057151098036586,0.6725420688150512,0.7631578947368421,1.4079889701824364
openml:531,regression,354,13,block_shift,0.5,0.43645484949832775,3,random,,tabicl_iterimpute,0.418748140335083,,,,,5.796803450172038,0.5697500736815357,0.7763157894736842,1.513328443325792
openml:531,regression,354,13,block_shift,0.5,0.43645484949832775,3,random,,tabicl_knnimpute,0.2580099105834961,,,,,5.131904874757959,0.6627896859819054,0.8026315789473685,1.479175851098421
openml:531,regression,354,13,block_shift,0.5,0.43645484949832775,3,random,,tabicl_aware_zero,0.23816418647766113,,,,,4.850675212966421,0.6987354386688038,0.7894736842105263,1.3772051916206978
openml:531,regression,354,13,block_shift,0.5,0.43645484949832775,3,random,,tabicl_aware,0.30268311500549316,,,,,4.938772045206711,0.6876930731802674,0.7763157894736842,1.4156298254713333
openml:531,regression,354,13,block_shift,0.5,0.43645484949832775,3,random,,xgboost,0.08525967597961426,,,,,6.431759880124789,0.4703325327409018,,
openml:531,regression,354,13,block_shift,0.5,0.43645484949832775,3,random,,catboost,0.2348339557647705,,,,,5.506009274218074,0.6118339649963717,,
openml:531,regression,354,13,none,0.0,0.0,4,random,,tabicl_impute,0.24222159385681152,,,,,2.06292708078425,0.9398761084420985,0.8223684210526315,0.6236958975916647
openml:531,regression,354,13,none,0.0,0.0,4,random,,tabicl_indicator,0.23975348472595215,,,,,2.06292708078425,0.9398761084420985,0.8223684210526315,0.6236958975916647
openml:531,regression,354,13,none,0.0,0.0,4,random,,tabicl_iterimpute,0.24894213676452637,,,,,2.06292708078425,0.9398761084420985,0.8223684210526315,0.6236958975916647
openml:531,regression,354,13,none,0.0,0.0,4,random,,tabicl_knnimpute,0.23981070518493652,,,,,2.06292708078425,0.9398761084420985,0.8223684210526315,0.6236958975916647
openml:531,regression,354,13,none,0.0,0.0,4,random,,tabicl_aware_zero,0.24082016944885254,,,,,2.06292708078425,0.9398761084420985,0.8223684210526315,0.6236958975916647
openml:531,regression,354,13,none,0.0,0.0,4,random,,tabicl_aware,0.3029487133026123,,,,,2.093788253214964,0.9380637586038116,0.7894736842105263,0.6208501830892139
openml:531,regression,354,13,none,0.0,0.0,4,random,,xgboost,0.08475255966186523,,,,,2.9439559957244135,0.8775547458242212,,
openml:531,regression,354,13,none,0.0,0.0,4,random,,catboost,0.19826531410217285,,,,,2.3248571103702416,0.9236389555607809,,
openml:531,regression,354,13,block,0.3,0.2818485861964123,4,random,,tabicl_impute,0.24233365058898926,,,,,3.0763384071616837,0.8662950321711756,0.8092105263157895,0.9120809419336532
openml:531,regression,354,13,block,0.3,0.2818485861964123,4,random,,tabicl_indicator,0.27195239067077637,,,,,3.0613568018851027,0.8675941334109603,0.8092105263157895,0.9214601979323399
openml:531,regression,354,13,block,0.3,0.2818485861964123,4,random,,tabicl_iterimpute,0.2893388271331787,,,,,3.3635462859262404,0.8401641681797294,0.8157894736842105,0.9438326862991745
openml:531,regression,354,13,block,0.3,0.2818485861964123,4,random,,tabicl_knnimpute,0.2605557441711426,,,,,3.035951424236259,0.8697826161895689,0.7894736842105263,0.944724334819411
openml:531,regression,354,13,block,0.3,0.2818485861964123,4,random,,tabicl_aware_zero,0.24996256828308105,,,,,3.0242099565382676,0.8707878935588734,0.8157894736842105,0.8964993670393064
openml:531,regression,354,13,block,0.3,0.2818485861964123,4,random,,tabicl_aware,0.30561232566833496,,,,,3.0513436974196133,0.8684588647392464,0.8026315789473685,0.8915872519902435
openml:531,regression,354,13,block,0.3,0.2818485861964123,4,random,,xgboost,0.08817481994628906,,,,,4.036126534698684,0.7698511151054785,,
openml:531,regression,354,13,block,0.3,0.2818485861964123,4,random,,catboost,0.19995522499084473,,,,,3.6868116421053045,0.8079646288249388,,
openml:531,regression,354,13,block,0.5,0.46153846153846156,4,random,,tabicl_impute,0.28793883323669434,,,,,4.6691474383971405,0.6919973134835644,0.7894736842105263,1.216011457679816
openml:531,regression,354,13,block,0.5,0.46153846153846156,4,random,,tabicl_indicator,0.2950870990753174,,,,,4.6460191041389205,0.6950411008344848,0.7763157894736842,1.2222960721292127
openml:531,regression,354,13,block,0.5,0.46153846153846156,4,random,,tabicl_iterimpute,0.2889533042907715,,,,,4.559002495361948,0.706357448838283,0.8355263157894737,1.3349445158498996
openml:531,regression,354,13,block,0.5,0.46153846153846156,4,random,,tabicl_knnimpute,0.2504415512084961,,,,,4.6406246216812015,0.6957488639050602,0.8092105263157895,1.3000470069395849
openml:531,regression,354,13,block,0.5,0.46153846153846156,4,random,,tabicl_aware_zero,0.23903656005859375,,,,,4.539640324650292,0.7088463634087527,0.7894736842105263,1.1902363995657226
openml:531,regression,354,13,block,0.5,0.46153846153846156,4,random,,tabicl_aware,0.30158066749572754,,,,,4.51276354303985,0.7122836877433862,0.7828947368421053,1.2014267811977781
openml:531,regression,354,13,block,0.5,0.46153846153846156,4,random,,xgboost,0.07917380332946777,,,,,5.151566718605637,0.6250632708994621,,
openml:531,regression,354,13,block,0.5,0.46153846153846156,4,random,,catboost,0.19777536392211914,,,,,4.689995968277306,0.68924060484608,,
openml:531,regression,354,13,block_shift,0.3,0.3076923076923077,4,random,,tabicl_impute,0.24303436279296875,,,,,3.8434350840289255,0.7913019317730432,0.8026315789473685,0.9893808381650755
openml:531,regression,354,13,block_shift,0.3,0.3076923076923077,4,random,,tabicl_indicator,0.27344536781311035,,,,,3.7969377024067055,0.7963209916314106,0.8157894736842105,1.0116099327640358
openml:531,regression,354,13,block_shift,0.3,0.3076923076923077,4,random,,tabicl_iterimpute,0.3793325424194336,,,,,3.8524220376647413,0.7903248096955007,0.8026315789473685,1.0568385942467322
openml:531,regression,354,13,block_shift,0.3,0.3076923076923077,4,random,,tabicl_knnimpute,0.25003695487976074,,,,,4.284899230199683,0.7406056247626409,0.8552631578947368,1.1351956369439218
openml:531,regression,354,13,block_shift,0.3,0.3076923076923077,4,random,,tabicl_aware_zero,0.24142837524414062,,,,,3.8272835110538703,0.793052303151942,0.8223684210526315,0.9895878239517462
openml:531,regression,354,13,block_shift,0.3,0.3076923076923077,4,random,,tabicl_aware,0.30449366569519043,,,,,3.7788484873928216,0.798257087056885,0.8223684210526315,0.9987927970112181
openml:531,regression,354,13,block_shift,0.3,0.3076923076923077,4,random,,xgboost,0.10569190979003906,,,,,4.229266418422231,0.7472975708676136,,
openml:531,regression,354,13,block_shift,0.3,0.3076923076923077,4,random,,catboost,0.24313831329345703,,,,,4.160121530525452,0.7554929619613338,,
openml:531,regression,354,13,block_shift,0.5,0.46153846153846156,4,random,,tabicl_impute,0.24019503593444824,,,,,3.804633787265714,0.795494473166038,0.8092105263157895,1.0254201695447953
openml:531,regression,354,13,block_shift,0.5,0.46153846153846156,4,random,,tabicl_indicator,0.28321242332458496,,,,,3.7419002480080206,0.8021829411687522,0.8223684210526315,1.0461892548708538
openml:531,regression,354,13,block_shift,0.5,0.46153846153846156,4,random,,tabicl_iterimpute,0.3295259475708008,,,,,3.8589197719077366,0.7896169108119608,0.7828947368421053,1.066797943215456
openml:531,regression,354,13,block_shift,0.5,0.46153846153846156,4,random,,tabicl_knnimpute,0.25101542472839355,,,,,4.000438133252904,0.7739031844399854,0.8355263157894737,1.2176926220840403
openml:531,regression,354,13,block_shift,0.5,0.46153846153846156,4,random,,tabicl_aware_zero,0.2355184555053711,,,,,3.8771586612332873,0.7876234918687022,0.8092105263157895,1.0014099316457492
openml:531,regression,354,13,block_shift,0.5,0.46153846153846156,4,random,,tabicl_aware,0.29601526260375977,,,,,3.8575162731797654,0.7897699166891796,0.8157894736842105,1.0171374507900075
openml:531,regression,354,13,block_shift,0.5,0.46153846153846156,4,random,,xgboost,0.09201931953430176,,,,,4.137229798812921,0.7581764363560048,,
openml:531,regression,354,13,block_shift,0.5,0.46153846153846156,4,random,,catboost,0.23233771324157715,,,,,3.9255100843228363,0.7822934360231399,,
